# Bio-Authoring Studio Procedural Mesh with Vertex Color
mtllib ProceduralAsset_LOD2.mtl

v 0.049967 0.001824 0.000000 0.0000 0.0000 0.0000
v 0.044322 0.101618 -0.003646 0.0000 0.0069 0.0000
v 0.000067 -0.001822 -0.049967 0.0000 0.0000 0.0000
v -0.003582 0.098118 -0.051614 0.0000 0.0069 0.0000
v -0.049967 -0.001824 0.000000 0.0000 0.0000 0.0000
v -0.051614 0.098116 -0.003646 0.0000 0.0069 0.0000
v -0.000067 0.001822 0.049967 0.0000 0.0000 0.0000
v -0.003710 0.101616 0.044322 0.0000 0.0069 0.0000
v 0.049967 0.001824 -0.000000 0.0000 0.0000 0.0000
v 0.044322 0.101618 -0.003646 0.0000 0.0069 0.0000
v 0.044235 0.103249 -0.003706 0.0000 0.0069 0.0000
v 0.035283 0.202584 -0.011205 0.0000 0.0278 0.0000
v -0.003452 0.096271 -0.051511 0.0000 0.0069 0.0000
v -0.010495 0.195884 -0.057098 0.0000 0.0278 0.0000
v -0.051527 0.096485 -0.003587 0.0000 0.0069 0.0000
v -0.056648 0.196090 -0.011091 0.0000 0.0278 0.0000
v -0.003841 0.103463 0.044219 0.0000 0.0069 0.0000
v -0.010869 0.202789 0.034802 0.0000 0.0278 0.0000
v 0.044235 0.103249 -0.003706 0.0000 0.0069 0.0000
v 0.035283 0.202584 -0.011205 0.0000 0.0278 0.0000
v 0.035214 0.203446 -0.011271 0.0000 0.0278 0.0000
v 0.024491 0.302173 -0.023168 0.0000 0.0625 0.0000
v -0.010314 0.193863 -0.056901 0.0000 0.0278 0.0000
v -0.019215 0.292973 -0.066973 0.0000 0.0625 0.0000
v -0.056578 0.195227 -0.011026 0.0000 0.0278 0.0000
v -0.063629 0.294282 -0.022933 0.0000 0.0625 0.0000
v -0.011050 0.204810 0.034604 0.0000 0.0278 0.0000
v -0.019922 0.303482 0.020872 0.0000 0.0625 0.0000
v 0.035214 0.203446 -0.011271 0.0000 0.0278 0.0000
v 0.024491 0.302173 -0.023168 0.0000 0.0625 0.0000
v 0.024505 0.302024 -0.023150 0.0000 0.0625 0.0000
v 0.014245 0.400050 -0.040146 0.0000 0.1111 0.0000
v -0.019021 0.290727 -0.066643 0.0000 0.0625 0.0000
v -0.027539 0.389204 -0.081899 0.0000 0.1111 0.0000
v -0.063642 0.294430 -0.022951 0.0000 0.0625 0.0000
v -0.070376 0.392760 -0.039954 0.0000 0.1111 0.0000
v -0.020117 0.305728 0.020542 0.0000 0.0625 0.0000
v -0.028591 0.403606 0.001799 0.0000 0.1111 0.0000
v 0.024505 0.302024 -0.023150 0.0000 0.0625 0.0000
v 0.014245 0.400050 -0.040146 0.0000 0.1111 0.0000
v 0.007920 0.418700 -0.043434 0.0000 0.1111 0.0000
v -0.046451 0.500114 -0.063892 0.0000 0.1736 0.0000
v -0.026259 0.387203 -0.081469 0.0000 0.1111 0.0000
v -0.079263 0.469876 -0.100406 0.0000 0.1736 0.0000
v -0.064050 0.374109 -0.036666 0.0000 0.1111 0.0000
v -0.115542 0.457306 -0.057395 0.0000 0.1736 0.0000
v -0.029871 0.405607 0.001369 0.0000 0.1111 0.0000
v -0.082731 0.487544 -0.020881 0.0000 0.1736 0.0000
v 0.007920 0.418700 -0.043434 0.0000 0.1111 0.0000
v -0.046451 0.500114 -0.063892 0.0000 0.1736 0.0000
v -0.046201 0.499720 -0.063794 0.0000 0.1736 0.0000
v -0.099191 0.580380 -0.090037 0.0000 0.2500 0.0000
v -0.078024 0.467909 -0.099843 0.0000 0.1736 0.0000
v -0.129741 0.549841 -0.124644 0.0000 0.2500 0.0000
v -0.115792 0.457700 -0.057493 0.0000 0.1736 0.0000
v -0.165999 0.540040 -0.083989 0.0000 0.2500 0.0000
v -0.083969 0.489511 -0.021444 0.0000 0.1736 0.0000
v -0.135449 0.570579 -0.049382 0.0000 0.2500 0.0000
v -0.046201 0.499720 -0.063794 0.0000 0.1736 0.0000
v -0.099191 0.580380 -0.090037 0.0000 0.2500 0.0000
v -0.112876 0.593156 -0.094596 0.0000 0.2500 0.0000
v -0.199176 0.637271 -0.119267 0.0000 0.3403 0.0000
v -0.127812 0.548801 -0.124144 0.0000 0.2500 0.0000
v -0.213515 0.594690 -0.147634 0.0000 0.3403 0.0000
v -0.152314 0.527264 -0.079430 0.0000 0.2500 0.0000
v -0.237037 0.574014 -0.104708 0.0000 0.3403 0.0000
v -0.137378 0.571619 -0.049882 0.0000 0.2500 0.0000
v -0.222698 0.616595 -0.076342 0.0000 0.3403 0.0000
v -0.112876 0.593156 -0.094596 0.0000 0.2500 0.0000
v -0.199176 0.637271 -0.119267 0.0000 0.3403 0.0000
v -0.217919 0.553401 -0.120846 0.0000 1.0000 0.0000
v -0.229070 0.599081 -0.074790 0.0000 1.0000 0.0000
v -0.233066 0.645240 -0.121539 0.0000 1.0000 0.0000
v -0.221914 0.599560 -0.167595 0.0000 1.0000 0.0000
v -0.229070 0.599081 -0.074790 0.0000 1.0000 0.0000
v -0.233066 0.645240 -0.121539 0.0000 1.0000 0.0000
v -0.221914 0.599560 -0.167595 0.0000 1.0000 0.0000
v -0.217919 0.553401 -0.120846 0.0000 1.0000 0.0000
v -0.213394 0.560026 -0.054931 0.0000 1.0000 0.0000
v -0.229278 0.660272 -0.064028 0.0000 1.0000 0.0000
v -0.220110 0.652542 -0.165222 0.0000 1.0000 0.0000
v -0.204226 0.552296 -0.156126 0.0000 1.0000 0.0000
v -0.229278 0.660272 -0.064028 0.0000 1.0000 0.0000
v -0.220110 0.652542 -0.165222 0.0000 1.0000 0.0000
v -0.204226 0.552296 -0.156126 0.0000 1.0000 0.0000
v -0.213394 0.560026 -0.054931 0.0000 1.0000 0.0000
v -0.227512 0.670119 -0.123031 0.0000 1.0000 0.0000
v -0.210980 0.590169 -0.165330 0.0000 1.0000 0.0000
v -0.210224 0.547293 -0.083995 0.0000 1.0000 0.0000
v -0.226756 0.627243 -0.041696 0.0000 1.0000 0.0000
v -0.210980 0.590169 -0.165330 0.0000 1.0000 0.0000
v -0.210224 0.547293 -0.083995 0.0000 1.0000 0.0000
v -0.226756 0.627243 -0.041696 0.0000 1.0000 0.0000
v -0.227512 0.670119 -0.123031 0.0000 1.0000 0.0000
v -0.211534 0.552832 -0.054460 0.0000 1.0000 0.0000
v -0.227116 0.650188 -0.061303 0.0000 1.0000 0.0000
v -0.218536 0.644652 -0.159606 0.0000 1.0000 0.0000
v -0.202954 0.547296 -0.152764 0.0000 1.0000 0.0000
v -0.227116 0.650188 -0.061303 0.0000 1.0000 0.0000
v -0.218536 0.644652 -0.159606 0.0000 1.0000 0.0000
v -0.202954 0.547296 -0.152764 0.0000 1.0000 0.0000
v -0.211534 0.552832 -0.054460 0.0000 1.0000 0.0000
v -0.215534 0.651726 -0.107871 0.0000 1.0000 0.0000
v -0.214172 0.610140 -0.170439 0.0000 1.0000 0.0000
v -0.240344 0.551219 -0.131847 0.0000 1.0000 0.0000
v -0.241706 0.592805 -0.069279 0.0000 1.0000 0.0000
v -0.214172 0.610140 -0.170439 0.0000 1.0000 0.0000
v -0.240344 0.551219 -0.131847 0.0000 1.0000 0.0000
v -0.241706 0.592805 -0.069279 0.0000 1.0000 0.0000
v -0.215534 0.651726 -0.107871 0.0000 1.0000 0.0000
v -0.235092 0.552750 -0.080689 0.0000 1.0000 0.0000
v -0.215483 0.640509 -0.050450 0.0000 1.0000 0.0000
v -0.188830 0.664791 -0.138202 0.0000 1.0000 0.0000
v -0.208438 0.577032 -0.168442 0.0000 1.0000 0.0000
v -0.215483 0.640509 -0.050450 0.0000 1.0000 0.0000
v -0.188830 0.664791 -0.138202 0.0000 1.0000 0.0000
v -0.208438 0.577032 -0.168442 0.0000 1.0000 0.0000
v -0.235092 0.552750 -0.080689 0.0000 1.0000 0.0000
v -0.216817 0.554424 -0.145827 0.0000 1.0000 0.0000
v -0.233606 0.567621 -0.051908 0.0000 1.0000 0.0000
v -0.204509 0.659117 -0.059563 0.0000 1.0000 0.0000
v -0.187720 0.645920 -0.153482 0.0000 1.0000 0.0000
v -0.233606 0.567621 -0.051908 0.0000 1.0000 0.0000
v -0.204509 0.659117 -0.059563 0.0000 1.0000 0.0000
v -0.187720 0.645920 -0.153482 0.0000 1.0000 0.0000
v -0.216817 0.554424 -0.145827 0.0000 1.0000 0.0000
v -0.249400 0.559977 -0.070673 0.0000 1.0000 0.0000
v -0.227260 0.646089 -0.054134 0.0000 1.0000 0.0000
v -0.204793 0.657007 -0.141053 0.0000 1.0000 0.0000
v -0.226934 0.570895 -0.157592 0.0000 1.0000 0.0000
v -0.227260 0.646089 -0.054134 0.0000 1.0000 0.0000
v -0.204793 0.657007 -0.141053 0.0000 1.0000 0.0000
v -0.226934 0.570895 -0.157592 0.0000 1.0000 0.0000
v -0.249400 0.559977 -0.070673 0.0000 1.0000 0.0000
v -0.204886 0.631877 -0.118345 0.0000 0.3403 0.0000
v -0.293528 0.668216 -0.147041 0.0000 0.4444 0.0000
v -0.212889 0.596213 -0.140047 0.0000 0.3403 0.0000
v -0.301211 0.633979 -0.167875 0.0000 0.4444 0.0000
v -0.231327 0.579408 -0.105630 0.0000 0.3403 0.0000
v -0.318912 0.617845 -0.134834 0.0000 0.4444 0.0000
v -0.223324 0.615072 -0.083928 0.0000 0.3403 0.0000
v -0.311229 0.652083 -0.114000 0.0000 0.4444 0.0000
v -0.204886 0.631877 -0.118345 0.0000 0.3403 0.0000
v -0.293528 0.668216 -0.147041 0.0000 0.4444 0.0000
v -0.316309 0.656067 -0.093352 0.0000 1.0000 0.0000
v -0.287400 0.681195 -0.148890 0.0000 1.0000 0.0000
v -0.300890 0.623890 -0.181839 0.0000 1.0000 0.0000
v -0.329799 0.598762 -0.126302 0.0000 1.0000 0.0000
v -0.287400 0.681195 -0.148890 0.0000 1.0000 0.0000
v -0.300890 0.623890 -0.181839 0.0000 1.0000 0.0000
v -0.329799 0.598762 -0.126302 0.0000 1.0000 0.0000
v -0.316309 0.656067 -0.093352 0.0000 1.0000 0.0000
v -0.301159 0.623420 -0.168309 0.0000 1.0000 0.0000
v -0.323029 0.616816 -0.110272 0.0000 1.0000 0.0000
v -0.303242 0.674285 -0.096276 0.0000 1.0000 0.0000
v -0.281372 0.680890 -0.154312 0.0000 1.0000 0.0000
v -0.323029 0.616816 -0.110272 0.0000 1.0000 0.0000
v -0.303242 0.674285 -0.096276 0.0000 1.0000 0.0000
v -0.281372 0.680890 -0.154312 0.0000 1.0000 0.0000
v -0.301159 0.623420 -0.168309 0.0000 1.0000 0.0000
v -0.285130 0.683588 -0.144996 0.0000 1.0000 0.0000
v -0.293952 0.638148 -0.176830 0.0000 1.0000 0.0000
v -0.319009 0.612652 -0.133492 0.0000 1.0000 0.0000
v -0.310186 0.658092 -0.101659 0.0000 1.0000 0.0000
v -0.293952 0.638148 -0.176830 0.0000 1.0000 0.0000
v -0.319009 0.612652 -0.133492 0.0000 1.0000 0.0000
v -0.310186 0.658092 -0.101659 0.0000 1.0000 0.0000
v -0.285130 0.683588 -0.144996 0.0000 1.0000 0.0000
v -0.340194 0.603750 -0.114874 0.0000 1.0000 0.0000
v -0.319587 0.673965 -0.086914 0.0000 1.0000 0.0000
v -0.288806 0.692635 -0.156488 0.0000 1.0000 0.0000
v -0.309414 0.622420 -0.184448 0.0000 1.0000 0.0000
v -0.319587 0.673965 -0.086914 0.0000 1.0000 0.0000
v -0.288806 0.692635 -0.156488 0.0000 1.0000 0.0000
v -0.309414 0.622420 -0.184448 0.0000 1.0000 0.0000
v -0.340194 0.603750 -0.114874 0.0000 1.0000 0.0000
v -0.322703 0.685693 -0.198986 0.0000 1.0000 0.0000
v -0.357382 0.603028 -0.164830 0.0000 1.0000 0.0000
v -0.308750 0.616347 -0.083219 0.0000 1.0000 0.0000
v -0.274071 0.699012 -0.117375 0.0000 1.0000 0.0000
v -0.357382 0.603028 -0.164830 0.0000 1.0000 0.0000
v -0.308750 0.616347 -0.083219 0.0000 1.0000 0.0000
v -0.274071 0.699012 -0.117375 0.0000 1.0000 0.0000
v -0.322703 0.685693 -0.198986 0.0000 1.0000 0.0000
v -0.319436 0.638129 -0.166160 0.0000 1.0000 0.0000
v -0.312325 0.609509 -0.115644 0.0000 1.0000 0.0000
v -0.276606 0.651787 -0.096718 0.0000 1.0000 0.0000
v -0.283716 0.680407 -0.147234 0.0000 1.0000 0.0000
v -0.312325 0.609509 -0.115644 0.0000 1.0000 0.0000
v -0.276606 0.651787 -0.096718 0.0000 1.0000 0.0000
v -0.283716 0.680407 -0.147234 0.0000 1.0000 0.0000
v -0.319436 0.638129 -0.166160 0.0000 1.0000 0.0000
v -0.322698 0.614091 -0.141308 0.0000 1.0000 0.0000
v -0.287125 0.635982 -0.096945 0.0000 1.0000 0.0000
v -0.273939 0.684450 -0.131437 0.0000 1.0000 0.0000
v -0.309512 0.662559 -0.175799 0.0000 1.0000 0.0000
v -0.287125 0.635982 -0.096945 0.0000 1.0000 0.0000
v -0.273939 0.684450 -0.131437 0.0000 1.0000 0.0000
v -0.309512 0.662559 -0.175799 0.0000 1.0000 0.0000
v -0.322698 0.614091 -0.141308 0.0000 1.0000 0.0000
v -0.351152 0.616972 -0.190764 0.0000 1.0000 0.0000
v -0.324531 0.590591 -0.103589 0.0000 1.0000 0.0000
v -0.271787 0.669098 -0.095938 0.0000 1.0000 0.0000
v -0.298408 0.695479 -0.183112 0.0000 1.0000 0.0000
v -0.324531 0.590591 -0.103589 0.0000 1.0000 0.0000
v -0.271787 0.669098 -0.095938 0.0000 1.0000 0.0000
v -0.298408 0.695479 -0.183112 0.0000 1.0000 0.0000
v -0.351152 0.616972 -0.190764 0.0000 1.0000 0.0000
v -0.105150 0.575141 -0.089046 0.0000 0.2500 0.0000
v -0.153324 0.656699 -0.121126 0.0000 0.3403 0.0000
v -0.129463 0.550426 -0.116590 0.0000 0.2500 0.0000
v -0.176665 0.632972 -0.147569 0.0000 0.3403 0.0000
v -0.160041 0.545279 -0.084980 0.0000 0.2500 0.0000
v -0.206020 0.628031 -0.117223 0.0000 0.3403 0.0000
v -0.135727 0.569994 -0.057436 0.0000 0.2500 0.0000
v -0.182679 0.651758 -0.090781 0.0000 0.3403 0.0000
v -0.105150 0.575141 -0.089046 0.0000 0.2500 0.0000
v -0.153324 0.656699 -0.121126 0.0000 0.3403 0.0000
v -0.157207 0.683972 -0.164760 0.0000 1.0000 0.0000
v -0.192913 0.598701 -0.165044 0.0000 1.0000 0.0000
v -0.211789 0.606304 -0.074866 0.0000 1.0000 0.0000
v -0.176082 0.691575 -0.074581 0.0000 1.0000 0.0000
v -0.192913 0.598701 -0.165044 0.0000 1.0000 0.0000
v -0.211789 0.606304 -0.074866 0.0000 1.0000 0.0000
v -0.176082 0.691575 -0.074581 0.0000 1.0000 0.0000
v -0.157207 0.683972 -0.164760 0.0000 1.0000 0.0000
v -0.198461 0.611308 -0.094254 0.0000 1.0000 0.0000
v -0.178335 0.669880 -0.076075 0.0000 1.0000 0.0000
v -0.158582 0.681803 -0.136357 0.0000 1.0000 0.0000
v -0.178708 0.623231 -0.154536 0.0000 1.0000 0.0000
v -0.178335 0.669880 -0.076075 0.0000 1.0000 0.0000
v -0.158582 0.681803 -0.136357 0.0000 1.0000 0.0000
v -0.178708 0.623231 -0.154536 0.0000 1.0000 0.0000
v -0.198461 0.611308 -0.094254 0.0000 1.0000 0.0000
v -0.197557 0.573125 -0.152577 0.0000 1.0000 0.0000
v -0.202288 0.612864 -0.065102 0.0000 1.0000 0.0000
v -0.160529 0.692589 -0.099063 0.0000 1.0000 0.0000
v -0.155798 0.652851 -0.186537 0.0000 1.0000 0.0000
v -0.202288 0.612864 -0.065102 0.0000 1.0000 0.0000
v -0.160529 0.692589 -0.099063 0.0000 1.0000 0.0000
v -0.155798 0.652851 -0.186537 0.0000 1.0000 0.0000
v -0.197557 0.573125 -0.152577 0.0000 1.0000 0.0000
v -0.203835 0.629104 -0.071416 0.0000 1.0000 0.0000
v -0.167268 0.702313 -0.095330 0.0000 1.0000 0.0000
v -0.160181 0.672753 -0.174983 0.0000 1.0000 0.0000
v -0.196747 0.599544 -0.151068 0.0000 1.0000 0.0000
v -0.167268 0.702313 -0.095330 0.0000 1.0000 0.0000
v -0.160181 0.672753 -0.174983 0.0000 1.0000 0.0000
v -0.196747 0.599544 -0.151068 0.0000 1.0000 0.0000
v -0.203835 0.629104 -0.071416 0.0000 1.0000 0.0000
v -0.104460 0.573852 -0.088638 0.0000 0.2500 0.0000
v -0.148367 0.657671 -0.121014 0.0000 0.3403 0.0000
v -0.129541 0.550388 -0.116585 0.0000 0.2500 0.0000
v -0.172444 0.635145 -0.147843 0.0000 0.3403 0.0000
v -0.160730 0.546568 -0.085388 0.0000 0.2500 0.0000
v -0.202386 0.631478 -0.117893 0.0000 0.3403 0.0000
v -0.135650 0.570033 -0.057441 0.0000 0.2500 0.0000
v -0.178308 0.654004 -0.091064 0.0000 0.3403 0.0000
v -0.104460 0.573852 -0.088638 0.0000 0.2500 0.0000
v -0.148367 0.657671 -0.121014 0.0000 0.3403 0.0000
v -0.148219 0.657377 -0.120901 0.0000 0.3403 0.0000
v -0.190589 0.740311 -0.157346 0.0000 0.4444 0.0000
v -0.171911 0.634064 -0.147400 0.0000 0.3403 0.0000
v -0.213332 0.717930 -0.182785 0.0000 0.4444 0.0000
v -0.202533 0.631773 -0.118006 0.0000 0.3403 0.0000
v -0.242730 0.715731 -0.154567 0.0000 0.4444 0.0000
v -0.178842 0.655085 -0.091507 0.0000 0.3403 0.0000
v -0.219986 0.738111 -0.129128 0.0000 0.4444 0.0000
v -0.148219 0.657377 -0.120901 0.0000 0.3403 0.0000
v -0.190589 0.740311 -0.157346 0.0000 0.4444 0.0000
v -0.178702 0.742133 -0.152260 0.0000 1.0000 0.0000
v -0.208283 0.714830 -0.181220 0.0000 1.0000 0.0000
v -0.242415 0.713672 -0.145265 0.0000 1.0000 0.0000
v -0.212835 0.740975 -0.116305 0.0000 1.0000 0.0000
v -0.208283 0.714830 -0.181220 0.0000 1.0000 0.0000
v -0.242415 0.713672 -0.145265 0.0000 1.0000 0.0000
v -0.212835 0.740975 -0.116305 0.0000 1.0000 0.0000
v -0.178702 0.742133 -0.152260 0.0000 1.0000 0.0000
v -0.259269 0.696936 -0.179079 0.0000 1.0000 0.0000
v -0.248275 0.730304 -0.115235 0.0000 1.0000 0.0000
v -0.182819 0.752648 -0.138185 0.0000 1.0000 0.0000
v -0.193814 0.719280 -0.202029 0.0000 1.0000 0.0000
v -0.248275 0.730304 -0.115235 0.0000 1.0000 0.0000
v -0.182819 0.752648 -0.138185 0.0000 1.0000 0.0000
v -0.193814 0.719280 -0.202029 0.0000 1.0000 0.0000
v -0.259270 0.696936 -0.179079 0.0000 1.0000 0.0000
v -0.231146 0.717395 -0.194128 0.0000 1.0000 0.0000
v -0.255190 0.725931 -0.147421 0.0000 1.0000 0.0000
v -0.213099 0.753990 -0.130881 0.0000 1.0000 0.0000
v -0.189054 0.745454 -0.177588 0.0000 1.0000 0.0000
v -0.255190 0.725931 -0.147421 0.0000 1.0000 0.0000
v -0.213099 0.753990 -0.130881 0.0000 1.0000 0.0000
v -0.189054 0.745454 -0.177588 0.0000 1.0000 0.0000
v -0.231146 0.717395 -0.194128 0.0000 1.0000 0.0000
v -0.230056 0.706765 -0.188386 0.0000 1.0000 0.0000
v -0.256231 0.722828 -0.122063 0.0000 1.0000 0.0000
v -0.195023 0.759763 -0.106853 0.0000 1.0000 0.0000
v -0.168848 0.743699 -0.173176 0.0000 1.0000 0.0000
v -0.256231 0.722828 -0.122063 0.0000 1.0000 0.0000
v -0.195023 0.759763 -0.106853 0.0000 1.0000 0.0000
v -0.168849 0.743699 -0.173176 0.0000 1.0000 0.0000
v -0.230056 0.706765 -0.188386 0.0000 1.0000 0.0000
v -0.190484 0.740074 -0.157449 0.0000 0.4444 0.0000
v -0.228899 0.825167 -0.121603 0.0000 0.5625 0.0000
v -0.222250 0.736830 -0.182860 0.0000 0.4444 0.0000
v -0.259394 0.822052 -0.145998 0.0000 0.5625 0.0000
v -0.242834 0.715967 -0.154465 0.0000 0.4444 0.0000
v -0.279155 0.802024 -0.118738 0.0000 0.5625 0.0000
v -0.211069 0.719211 -0.129054 0.0000 0.4444 0.0000
v -0.248660 0.805138 -0.094344 0.0000 0.5625 0.0000
v -0.190484 0.740074 -0.157449 0.0000 0.4444 0.0000
v -0.228899 0.825167 -0.121603 0.0000 0.5625 0.0000
v -0.194676 0.844889 -0.128187 0.0000 1.0000 0.0000
v -0.269748 0.828558 -0.167525 0.0000 1.0000 0.0000
v -0.297567 0.786993 -0.097180 0.0000 1.0000 0.0000
v -0.222495 0.803324 -0.057842 0.0000 1.0000 0.0000
v -0.269748 0.828558 -0.167525 0.0000 1.0000 0.0000
v -0.297567 0.786993 -0.097180 0.0000 1.0000 0.0000
v -0.222495 0.803324 -0.057842 0.0000 1.0000 0.0000
v -0.194676 0.844889 -0.128187 0.0000 1.0000 0.0000
v -0.291270 0.812856 -0.166581 0.0000 1.0000 0.0000
v -0.292350 0.781091 -0.091749 0.0000 1.0000 0.0000
v -0.216945 0.808667 -0.078954 0.0000 1.0000 0.0000
v -0.215864 0.840433 -0.153786 0.0000 1.0000 0.0000
v -0.292350 0.781091 -0.091749 0.0000 1.0000 0.0000
v -0.216945 0.808667 -0.078954 0.0000 1.0000 0.0000
v -0.215864 0.840433 -0.153786 0.0000 1.0000 0.0000
v -0.291270 0.812856 -0.166581 0.0000 1.0000 0.0000
v -0.292837 0.794718 -0.119673 0.0000 1.0000 0.0000
v -0.243466 0.803726 -0.089659 0.0000 1.0000 0.0000
v -0.221004 0.832610 -0.135274 0.0000 1.0000 0.0000
v -0.270376 0.823602 -0.165289 0.0000 1.0000 0.0000
v -0.243466 0.803726 -0.089659 0.0000 1.0000 0.0000
v -0.221004 0.832610 -0.135274 0.0000 1.0000 0.0000
v -0.270376 0.823602 -0.165289 0.0000 1.0000 0.0000
v -0.292837 0.794718 -0.119673 0.0000 1.0000 0.0000
v -0.228957 0.847353 -0.152908 0.0000 1.0000 0.0000
v -0.301171 0.815045 -0.151055 0.0000 1.0000 0.0000
v -0.288024 0.789894 -0.077186 0.0000 1.0000 0.0000
v -0.215810 0.822203 -0.079038 0.0000 1.0000 0.0000
v -0.301171 0.815045 -0.151055 0.0000 1.0000 0.0000
v -0.288024 0.789894 -0.077186 0.0000 1.0000 0.0000
v -0.215810 0.822203 -0.079038 0.0000 1.0000 0.0000
v -0.228957 0.847353 -0.152908 0.0000 1.0000 0.0000
v -0.238404 0.862844 -0.153984 0.0000 1.0000 0.0000
v -0.278990 0.785277 -0.151478 0.0000 1.0000 0.0000
v -0.253046 0.774382 -0.068542 0.0000 1.0000 0.0000
v -0.212460 0.851949 -0.071049 0.0000 1.0000 0.0000
v -0.278990 0.785277 -0.151478 0.0000 1.0000 0.0000
v -0.253046 0.774382 -0.068542 0.0000 1.0000 0.0000
v -0.212460 0.851949 -0.071049 0.0000 1.0000 0.0000
v -0.238404 0.862844 -0.153984 0.0000 1.0000 0.0000
v -0.274160 0.819668 -0.183283 0.0000 1.0000 0.0000
v -0.287484 0.752418 -0.124050 0.0000 1.0000 0.0000
v -0.239466 0.797622 -0.061926 0.0000 1.0000 0.0000
v -0.226143 0.864872 -0.121158 0.0000 1.0000 0.0000
v -0.287484 0.752418 -0.124050 0.0000 1.0000 0.0000
v -0.239466 0.797622 -0.061926 0.0000 1.0000 0.0000
v -0.226143 0.864872 -0.121158 0.0000 1.0000 0.0000
v -0.274160 0.819668 -0.183283 0.0000 1.0000 0.0000
v -0.237145 0.815509 -0.084320 0.0000 1.0000 0.0000
v -0.244086 0.840922 -0.137956 0.0000 1.0000 0.0000
v -0.276211 0.793907 -0.156075 0.0000 1.0000 0.0000
v -0.269271 0.768493 -0.102439 0.0000 1.0000 0.0000
v -0.244086 0.840922 -0.137956 0.0000 1.0000 0.0000
v -0.276211 0.793907 -0.156075 0.0000 1.0000 0.0000
v -0.269271 0.768493 -0.102439 0.0000 1.0000 0.0000
v -0.237145 0.815509 -0.084320 0.0000 1.0000 0.0000
v -0.262701 0.774145 -0.064355 0.0000 1.0000 0.0000
v -0.228264 0.852021 -0.083339 0.0000 1.0000 0.0000
v -0.261677 0.847188 -0.163782 0.0000 1.0000 0.0000
v -0.296115 0.769312 -0.144799 0.0000 1.0000 0.0000
v -0.228264 0.852021 -0.083339 0.0000 1.0000 0.0000
v -0.261677 0.847188 -0.163782 0.0000 1.0000 0.0000
v -0.296115 0.769312 -0.144799 0.0000 1.0000 0.0000
v -0.262701 0.774145 -0.064355 0.0000 1.0000 0.0000
v 0.005504 0.391337 -0.038756 0.0000 0.1111 0.0000
v 0.019550 0.487851 -0.060886 0.0000 0.1736 0.0000
v -0.027938 0.388794 -0.073160 0.0000 0.1111 0.0000
v -0.012554 0.485409 -0.093914 0.0000 0.1736 0.0000
v -0.061634 0.401472 -0.041344 0.0000 0.1111 0.0000
v -0.044902 0.497580 -0.063370 0.0000 0.1736 0.0000
v -0.028192 0.404015 -0.006940 0.0000 0.1111 0.0000
v -0.012798 0.500021 -0.030343 0.0000 0.1736 0.0000
v 0.005504 0.391337 -0.038756 0.0000 0.1111 0.0000
v 0.019550 0.487851 -0.060886 0.0000 0.1736 0.0000
v 0.019399 0.486986 -0.060688 0.0000 0.1736 0.0000
v 0.036217 0.581673 -0.088133 0.0000 0.2500 0.0000
v -0.012885 0.483670 -0.093463 0.0000 0.1736 0.0000
v 0.005224 0.578490 -0.119597 0.0000 0.2500 0.0000
v -0.044752 0.498444 -0.063568 0.0000 0.1736 0.0000
v -0.025368 0.592673 -0.090898 0.0000 0.2500 0.0000
v -0.012467 0.501761 -0.030794 0.0000 0.1736 0.0000
v 0.005625 0.595857 -0.059434 0.0000 0.2500 0.0000
v 0.019399 0.486986 -0.060688 0.0000 0.1736 0.0000
v 0.036217 0.581673 -0.088133 0.0000 0.2500 0.0000
v 0.034131 0.599133 -0.093159 0.0000 0.2500 0.0000
v -0.006927 0.685348 -0.122872 0.0000 0.3403 0.0000
v 0.005837 0.577148 -0.119175 0.0000 0.2500 0.0000
v -0.034089 0.664242 -0.147847 0.0000 0.3403 0.0000
v -0.023281 0.575213 -0.085872 0.0000 0.2500 0.0000
v -0.062042 0.662385 -0.115876 0.0000 0.3403 0.0000
v 0.005013 0.597198 -0.059857 0.0000 0.2500 0.0000
v -0.034881 0.683491 -0.090901 0.0000 0.3403 0.0000
v 0.034131 0.599133 -0.093159 0.0000 0.2500 0.0000
v -0.006927 0.685348 -0.122872 0.0000 0.3403 0.0000
v -0.033150 0.647416 -0.150040 0.0000 1.0000 0.0000
v -0.051982 0.633451 -0.095487 0.0000 1.0000 0.0000
v -0.028246 0.683646 -0.074443 0.0000 1.0000 0.0000
v -0.009414 0.697611 -0.128997 0.0000 1.0000 0.0000
v -0.051982 0.633451 -0.095487 0.0000 1.0000 0.0000
v -0.028246 0.683646 -0.074443 0.0000 1.0000 0.0000
v -0.009414 0.697611 -0.128997 0.0000 1.0000 0.0000
v -0.033150 0.647416 -0.150040 0.0000 1.0000 0.0000
v -0.069326 0.620124 -0.122808 0.0000 1.0000 0.0000
v -0.046223 0.683314 -0.062830 0.0000 1.0000 0.0000
v -0.006454 0.730874 -0.128256 0.0000 1.0000 0.0000
v -0.029556 0.667683 -0.188234 0.0000 1.0000 0.0000
v -0.046223 0.683314 -0.062830 0.0000 1.0000 0.0000
v -0.006454 0.730874 -0.128256 0.0000 1.0000 0.0000
v -0.029556 0.667683 -0.188234 0.0000 1.0000 0.0000
v -0.069326 0.620124 -0.122808 0.0000 1.0000 0.0000
v -0.011950 0.700941 -0.148405 0.0000 1.0000 0.0000
v -0.050961 0.628465 -0.155379 0.0000 1.0000 0.0000
v -0.066923 0.629259 -0.074336 0.0000 1.0000 0.0000
v -0.027912 0.701735 -0.067363 0.0000 1.0000 0.0000
v -0.050961 0.628465 -0.155379 0.0000 1.0000 0.0000
v -0.066923 0.629259 -0.074336 0.0000 1.0000 0.0000
v -0.027912 0.701735 -0.067363 0.0000 1.0000 0.0000
v -0.011950 0.700941 -0.148405 0.0000 1.0000 0.0000
v -0.066422 0.621887 -0.072179 0.0000 1.0000 0.0000
v -0.017451 0.711322 -0.067680 0.0000 1.0000 0.0000
v 0.000277 0.706666 -0.168085 0.0000 1.0000 0.0000
v -0.048694 0.617231 -0.172584 0.0000 1.0000 0.0000
v -0.017451 0.711322 -0.067680 0.0000 1.0000 0.0000
v 0.000277 0.706666 -0.168085 0.0000 1.0000 0.0000
v -0.048694 0.617231 -0.172584 0.0000 1.0000 0.0000
v -0.066422 0.621887 -0.072179 0.0000 1.0000 0.0000
v 0.005884 0.397692 -0.039845 0.0000 0.1111 0.0000
v 0.000971 0.495006 -0.062375 0.0000 0.1736 0.0000
v -0.027576 0.388766 -0.073150 0.0000 0.1111 0.0000
v -0.031150 0.486438 -0.094348 0.0000 0.1736 0.0000
v -0.062014 0.395118 -0.040255 0.0000 0.1111 0.0000
v -0.064211 0.492535 -0.062769 0.0000 0.1736 0.0000
v -0.028555 0.404043 -0.006950 0.0000 0.1111 0.0000
v -0.032090 0.501104 -0.030796 0.0000 0.1736 0.0000
v 0.005884 0.397692 -0.039845 0.0000 0.1111 0.0000
v 0.000971 0.495006 -0.062375 0.0000 0.1736 0.0000
v 0.000989 0.494230 -0.062196 0.0000 0.1736 0.0000
v -0.001345 0.590214 -0.090185 0.0000 0.2500 0.0000
v -0.031131 0.484652 -0.093883 0.0000 0.1736 0.0000
v -0.032180 0.581019 -0.120605 0.0000 0.2500 0.0000
v -0.064230 0.493311 -0.062948 0.0000 0.1736 0.0000
v -0.063955 0.589332 -0.090908 0.0000 0.2500 0.0000
v -0.032110 0.502889 -0.031262 0.0000 0.1736 0.0000
v -0.033120 0.598526 -0.060489 0.0000 0.2500 0.0000
v 0.000989 0.494230 -0.062196 0.0000 0.1736 0.0000
v -0.001345 0.590214 -0.090185 0.0000 0.2500 0.0000
v -0.001344 0.589651 -0.090022 0.0000 0.2500 0.0000
v -0.001683 0.684194 -0.122627 0.0000 0.3403 0.0000
v -0.032193 0.579567 -0.120144 0.0000 0.2500 0.0000
v -0.031298 0.674513 -0.151544 0.0000 0.3403 0.0000
v -0.063956 0.589894 -0.091072 0.0000 0.2500 0.0000
v -0.061790 0.684427 -0.123635 0.0000 0.3403 0.0000
v -0.033107 0.599978 -0.060950 0.0000 0.2500 0.0000
v -0.032175 0.694108 -0.094718 0.0000 0.3403 0.0000
v -0.001344 0.589651 -0.090022 0.0000 0.2500 0.0000
v -0.001683 0.684194 -0.122627 0.0000 0.3403 0.0000
v -0.001682 0.684460 -0.122718 0.0000 0.3403 0.0000
v -0.002874 0.778271 -0.157352 0.0000 0.4444 0.0000
v -0.031298 0.673906 -0.151327 0.0000 0.3403 0.0000
v -0.031306 0.768139 -0.184817 0.0000 0.4444 0.0000
v -0.061791 0.684162 -0.123543 0.0000 0.3403 0.0000
v -0.060579 0.777984 -0.158144 0.0000 0.4444 0.0000
v -0.032175 0.694715 -0.094934 0.0000 0.3403 0.0000
v -0.032148 0.788116 -0.130680 0.0000 0.4444 0.0000
v -0.001682 0.684460 -0.122718 0.0000 0.3403 0.0000
v -0.002874 0.778271 -0.157352 0.0000 0.4444 0.0000
v -0.090595 0.775091 -0.164471 0.0000 1.0000 0.0000
v -0.037127 0.793125 -0.115583 0.0000 1.0000 0.0000
v 0.014981 0.774611 -0.165743 0.0000 1.0000 0.0000
v -0.038487 0.756577 -0.214631 0.0000 1.0000 0.0000
v -0.037127 0.793125 -0.115583 0.0000 1.0000 0.0000
v 0.014981 0.774611 -0.165743 0.0000 1.0000 0.0000
v -0.038487 0.756577 -0.214631 0.0000 1.0000 0.0000
v -0.090595 0.775091 -0.164471 0.0000 1.0000 0.0000
v -0.014928 0.792634 -0.108393 0.0000 1.0000 0.0000
v 0.024925 0.765562 -0.181751 0.0000 1.0000 0.0000
v -0.053269 0.751773 -0.219142 0.0000 1.0000 0.0000
v -0.093122 0.778845 -0.145785 0.0000 1.0000 0.0000
v 0.024925 0.765562 -0.181751 0.0000 1.0000 0.0000
v -0.053269 0.751773 -0.219142 0.0000 1.0000 0.0000
v -0.093122 0.778845 -0.145785 0.0000 1.0000 0.0000
v -0.014928 0.792634 -0.108393 0.0000 1.0000 0.0000
v -0.001718 0.791260 -0.134300 0.0000 1.0000 0.0000
v -0.021067 0.771168 -0.188756 0.0000 1.0000 0.0000
v -0.079111 0.777872 -0.170605 0.0000 1.0000 0.0000
v -0.059762 0.797963 -0.116150 0.0000 1.0000 0.0000
v -0.021067 0.771168 -0.188756 0.0000 1.0000 0.0000
v -0.079111 0.777872 -0.170605 0.0000 1.0000 0.0000
v -0.059762 0.797963 -0.116150 0.0000 1.0000 0.0000
v -0.001718 0.791260 -0.134300 0.0000 1.0000 0.0000
v 0.025932 0.769456 -0.169933 0.0000 1.0000 0.0000
v -0.042368 0.754218 -0.211249 0.0000 1.0000 0.0000
v -0.086404 0.777866 -0.147174 0.0000 1.0000 0.0000
v -0.018105 0.793104 -0.105858 0.0000 1.0000 0.0000
v -0.042368 0.754218 -0.211249 0.0000 1.0000 0.0000
v -0.086404 0.777866 -0.147174 0.0000 1.0000 0.0000
v -0.018104 0.793104 -0.105858 0.0000 1.0000 0.0000
v 0.025932 0.769456 -0.169933 0.0000 1.0000 0.0000
v -0.002920 0.779582 -0.156921 0.0000 0.4444 0.0000
v -0.009765 0.874150 -0.125117 0.0000 0.5625 0.0000
v -0.031407 0.787346 -0.185090 0.0000 0.4444 0.0000
v -0.037112 0.881603 -0.152160 0.0000 0.5625 0.0000
v -0.060534 0.776673 -0.158576 0.0000 0.4444 0.0000
v -0.065074 0.871357 -0.126707 0.0000 0.5625 0.0000
v -0.032047 0.768909 -0.130407 0.0000 0.4444 0.0000
v -0.037727 0.863904 -0.099664 0.0000 0.5625 0.0000
v -0.002920 0.779582 -0.156921 0.0000 0.4444 0.0000
v -0.009765 0.874150 -0.125117 0.0000 0.5625 0.0000
v 0.019730 0.870913 -0.087961 0.0000 1.0000 0.0000
v 0.004734 0.897542 -0.169793 0.0000 1.0000 0.0000
v -0.081177 0.888110 -0.157118 0.0000 1.0000 0.0000
v -0.066181 0.861480 -0.075287 0.0000 1.0000 0.0000
v 0.004734 0.897542 -0.169793 0.0000 1.0000 0.0000
v -0.081177 0.888110 -0.157118 0.0000 1.0000 0.0000
v -0.066181 0.861480 -0.075287 0.0000 1.0000 0.0000
v 0.019730 0.870913 -0.087961 0.0000 1.0000 0.0000
v -0.032383 0.853122 -0.089830 0.0000 1.0000 0.0000
v -0.002960 0.870397 -0.135917 0.0000 1.0000 0.0000
v -0.052070 0.877141 -0.164742 0.0000 1.0000 0.0000
v -0.081493 0.859865 -0.118655 0.0000 1.0000 0.0000
v -0.002960 0.870397 -0.135917 0.0000 1.0000 0.0000
v -0.052070 0.877141 -0.164742 0.0000 1.0000 0.0000
v -0.081493 0.859865 -0.118655 0.0000 1.0000 0.0000
v -0.032383 0.853122 -0.089830 0.0000 1.0000 0.0000
v -0.082363 0.855915 -0.094089 0.0000 1.0000 0.0000
v -0.001872 0.852438 -0.069363 0.0000 1.0000 0.0000
v 0.022633 0.879471 -0.145330 0.0000 1.0000 0.0000
v -0.057858 0.882948 -0.170057 0.0000 1.0000 0.0000
v -0.001872 0.852438 -0.069363 0.0000 1.0000 0.0000
v 0.022633 0.879471 -0.145330 0.0000 1.0000 0.0000
v -0.057858 0.882948 -0.170057 0.0000 1.0000 0.0000
v -0.082363 0.855915 -0.094089 0.0000 1.0000 0.0000
v 0.020550 0.871010 -0.131776 0.0000 1.0000 0.0000
v -0.040644 0.880544 -0.171055 0.0000 1.0000 0.0000
v -0.080848 0.858826 -0.113693 0.0000 1.0000 0.0000
v -0.019654 0.849292 -0.074413 0.0000 1.0000 0.0000
v -0.040644 0.880544 -0.171055 0.0000 1.0000 0.0000
v -0.080848 0.858826 -0.113693 0.0000 1.0000 0.0000
v -0.019654 0.849292 -0.074413 0.0000 1.0000 0.0000
v 0.020550 0.871010 -0.131776 0.0000 1.0000 0.0000
v -0.009984 0.876274 -0.124404 0.0000 0.5625 0.0000
v -0.024881 0.969519 -0.091469 0.0000 0.6944 0.0000
v -0.037173 0.882014 -0.152019 0.0000 0.5625 0.0000
v -0.050981 0.975029 -0.117979 0.0000 0.6944 0.0000
v -0.064855 0.869232 -0.127421 0.0000 0.5625 0.0000
v -0.077556 0.962759 -0.094365 0.0000 0.6944 0.0000
v -0.037666 0.863493 -0.099806 0.0000 0.5625 0.0000
v -0.051455 0.957249 -0.067854 0.0000 0.6944 0.0000
v -0.009984 0.876274 -0.124404 0.0000 0.5625 0.0000
v -0.024881 0.969519 -0.091469 0.0000 0.6944 0.0000

vt 0.0000 0.0000
vt 0.0000 1.0000
vt 0.1250 0.0000
vt 0.1250 1.0000
vt 0.2500 0.0000
vt 0.2500 1.0000
vt 0.3750 0.0000
vt 0.3750 1.0000
vt 0.5000 0.0000
vt 0.5000 1.0000
vt 0.0000 0.0000
vt 0.0000 1.0000
vt 0.1250 0.0000
vt 0.1250 1.0000
vt 0.2500 0.0000
vt 0.2500 1.0000
vt 0.3750 0.0000
vt 0.3750 1.0000
vt 0.5000 0.0000
vt 0.5000 1.0000
vt 0.0000 0.0000
vt 0.0000 1.0000
vt 0.1250 0.0000
vt 0.1250 1.0000
vt 0.2500 0.0000
vt 0.2500 1.0000
vt 0.3750 0.0000
vt 0.3750 1.0000
vt 0.5000 0.0000
vt 0.5000 1.0000
vt 0.0000 0.0000
vt 0.0000 1.0000
vt 0.1250 0.0000
vt 0.1250 1.0000
vt 0.2500 0.0000
vt 0.2500 1.0000
vt 0.3750 0.0000
vt 0.3750 1.0000
vt 0.5000 0.0000
vt 0.5000 1.0000
vt 0.0000 0.0000
vt 0.0000 1.0000
vt 0.1250 0.0000
vt 0.1250 1.0000
vt 0.2500 0.0000
vt 0.2500 1.0000
vt 0.3750 0.0000
vt 0.3750 1.0000
vt 0.5000 0.0000
vt 0.5000 1.0000
vt 0.0000 0.0000
vt 0.0000 1.0000
vt 0.1250 0.0000
vt 0.1250 1.0000
vt 0.2500 0.0000
vt 0.2500 1.0000
vt 0.3750 0.0000
vt 0.3750 1.0000
vt 0.5000 0.0000
vt 0.5000 1.0000
vt 0.0000 0.0000
vt 0.0000 1.0000
vt 0.1250 0.0000
vt 0.1250 1.0000
vt 0.2500 0.0000
vt 0.2500 1.0000
vt 0.3750 0.0000
vt 0.3750 1.0000
vt 0.5000 0.0000
vt 0.5000 1.0000
vt 0.5000 0.0000
vt 0.5500 0.0000
vt 0.5500 0.1000
vt 0.5000 0.1000
vt 0.5000 0.0000
vt 0.5500 0.0000
vt 0.5500 0.1000
vt 0.5000 0.1000
vt 0.5000 0.0000
vt 0.5500 0.0000
vt 0.5500 0.1000
vt 0.5000 0.1000
vt 0.5000 0.0000
vt 0.5500 0.0000
vt 0.5500 0.1000
vt 0.5000 0.1000
vt 0.5000 0.0000
vt 0.5500 0.0000
vt 0.5500 0.1000
vt 0.5000 0.1000
vt 0.5000 0.0000
vt 0.5500 0.0000
vt 0.5500 0.1000
vt 0.5000 0.1000
vt 0.5000 0.0000
vt 0.5500 0.0000
vt 0.5500 0.1000
vt 0.5000 0.1000
vt 0.5000 0.0000
vt 0.5500 0.0000
vt 0.5500 0.1000
vt 0.5000 0.1000
vt 0.5000 0.0000
vt 0.5500 0.0000
vt 0.5500 0.1000
vt 0.5000 0.1000
vt 0.5000 0.0000
vt 0.5500 0.0000
vt 0.5500 0.1000
vt 0.5000 0.1000
vt 0.5000 0.0000
vt 0.5500 0.0000
vt 0.5500 0.1000
vt 0.5000 0.1000
vt 0.5000 0.0000
vt 0.5500 0.0000
vt 0.5500 0.1000
vt 0.5000 0.1000
vt 0.5000 0.0000
vt 0.5500 0.0000
vt 0.5500 0.1000
vt 0.5000 0.1000
vt 0.5000 0.0000
vt 0.5500 0.0000
vt 0.5500 0.1000
vt 0.5000 0.1000
vt 0.5000 0.0000
vt 0.5500 0.0000
vt 0.5500 0.1000
vt 0.5000 0.1000
vt 0.5000 0.0000
vt 0.5500 0.0000
vt 0.5500 0.1000
vt 0.5000 0.1000
vt 0.0000 0.0000
vt 0.0000 1.0000
vt 0.1250 0.0000
vt 0.1250 1.0000
vt 0.2500 0.0000
vt 0.2500 1.0000
vt 0.3750 0.0000
vt 0.3750 1.0000
vt 0.5000 0.0000
vt 0.5000 1.0000
vt 0.5000 0.0000
vt 0.5500 0.0000
vt 0.5500 0.1000
vt 0.5000 0.1000
vt 0.5000 0.0000
vt 0.5500 0.0000
vt 0.5500 0.1000
vt 0.5000 0.1000
vt 0.5000 0.0000
vt 0.5500 0.0000
vt 0.5500 0.1000
vt 0.5000 0.1000
vt 0.5000 0.0000
vt 0.5500 0.0000
vt 0.5500 0.1000
vt 0.5000 0.1000
vt 0.5000 0.0000
vt 0.5500 0.0000
vt 0.5500 0.1000
vt 0.5000 0.1000
vt 0.5000 0.0000
vt 0.5500 0.0000
vt 0.5500 0.1000
vt 0.5000 0.1000
vt 0.5000 0.0000
vt 0.5500 0.0000
vt 0.5500 0.1000
vt 0.5000 0.1000
vt 0.5000 0.0000
vt 0.5500 0.0000
vt 0.5500 0.1000
vt 0.5000 0.1000
vt 0.5000 0.0000
vt 0.5500 0.0000
vt 0.5500 0.1000
vt 0.5000 0.1000
vt 0.5000 0.0000
vt 0.5500 0.0000
vt 0.5500 0.1000
vt 0.5000 0.1000
vt 0.5000 0.0000
vt 0.5500 0.0000
vt 0.5500 0.1000
vt 0.5000 0.1000
vt 0.5000 0.0000
vt 0.5500 0.0000
vt 0.5500 0.1000
vt 0.5000 0.1000
vt 0.5000 0.0000
vt 0.5500 0.0000
vt 0.5500 0.1000
vt 0.5000 0.1000
vt 0.5000 0.0000
vt 0.5500 0.0000
vt 0.5500 0.1000
vt 0.5000 0.1000
vt 0.5000 0.0000
vt 0.5500 0.0000
vt 0.5500 0.1000
vt 0.5000 0.1000
vt 0.5000 0.0000
vt 0.5500 0.0000
vt 0.5500 0.1000
vt 0.5000 0.1000
vt 0.0000 0.0000
vt 0.0000 1.0000
vt 0.1250 0.0000
vt 0.1250 1.0000
vt 0.2500 0.0000
vt 0.2500 1.0000
vt 0.3750 0.0000
vt 0.3750 1.0000
vt 0.5000 0.0000
vt 0.5000 1.0000
vt 0.5000 0.0000
vt 0.5500 0.0000
vt 0.5500 0.1000
vt 0.5000 0.1000
vt 0.5000 0.0000
vt 0.5500 0.0000
vt 0.5500 0.1000
vt 0.5000 0.1000
vt 0.5000 0.0000
vt 0.5500 0.0000
vt 0.5500 0.1000
vt 0.5000 0.1000
vt 0.5000 0.0000
vt 0.5500 0.0000
vt 0.5500 0.1000
vt 0.5000 0.1000
vt 0.5000 0.0000
vt 0.5500 0.0000
vt 0.5500 0.1000
vt 0.5000 0.1000
vt 0.5000 0.0000
vt 0.5500 0.0000
vt 0.5500 0.1000
vt 0.5000 0.1000
vt 0.5000 0.0000
vt 0.5500 0.0000
vt 0.5500 0.1000
vt 0.5000 0.1000
vt 0.5000 0.0000
vt 0.5500 0.0000
vt 0.5500 0.1000
vt 0.5000 0.1000
vt 0.0000 0.0000
vt 0.0000 1.0000
vt 0.1250 0.0000
vt 0.1250 1.0000
vt 0.2500 0.0000
vt 0.2500 1.0000
vt 0.3750 0.0000
vt 0.3750 1.0000
vt 0.5000 0.0000
vt 0.5000 1.0000
vt 0.0000 0.0000
vt 0.0000 1.0000
vt 0.1250 0.0000
vt 0.1250 1.0000
vt 0.2500 0.0000
vt 0.2500 1.0000
vt 0.3750 0.0000
vt 0.3750 1.0000
vt 0.5000 0.0000
vt 0.5000 1.0000
vt 0.5000 0.0000
vt 0.5500 0.0000
vt 0.5500 0.1000
vt 0.5000 0.1000
vt 0.5000 0.0000
vt 0.5500 0.0000
vt 0.5500 0.1000
vt 0.5000 0.1000
vt 0.5000 0.0000
vt 0.5500 0.0000
vt 0.5500 0.1000
vt 0.5000 0.1000
vt 0.5000 0.0000
vt 0.5500 0.0000
vt 0.5500 0.1000
vt 0.5000 0.1000
vt 0.5000 0.0000
vt 0.5500 0.0000
vt 0.5500 0.1000
vt 0.5000 0.1000
vt 0.5000 0.0000
vt 0.5500 0.0000
vt 0.5500 0.1000
vt 0.5000 0.1000
vt 0.5000 0.0000
vt 0.5500 0.0000
vt 0.5500 0.1000
vt 0.5000 0.1000
vt 0.5000 0.0000
vt 0.5500 0.0000
vt 0.5500 0.1000
vt 0.5000 0.1000
vt 0.0000 0.0000
vt 0.5000 1.0000
vt 0.1250 0.0000
vt 0.6250 1.0000
vt 0.2500 0.0000
vt 0.7500 1.0000
vt 0.3750 0.0000
vt 0.8750 1.0000
vt 0.5000 0.0000
vt 1.0000 1.0000
vt 0.5000 0.0000
vt 0.5500 0.0000
vt 0.5500 0.1000
vt 0.5000 0.1000
vt 0.5000 0.0000
vt 0.5500 0.0000
vt 0.5500 0.1000
vt 0.5000 0.1000
vt 0.5000 0.0000
vt 0.5500 0.0000
vt 0.5500 0.1000
vt 0.5000 0.1000
vt 0.5000 0.0000
vt 0.5500 0.0000
vt 0.5500 0.1000
vt 0.5000 0.1000
vt 0.5000 0.0000
vt 0.5500 0.0000
vt 0.5500 0.1000
vt 0.5000 0.1000
vt 0.5000 0.0000
vt 0.5500 0.0000
vt 0.5500 0.1000
vt 0.5000 0.1000
vt 0.5000 0.0000
vt 0.5500 0.0000
vt 0.5500 0.1000
vt 0.5000 0.1000
vt 0.5000 0.0000
vt 0.5500 0.0000
vt 0.5500 0.1000
vt 0.5000 0.1000
vt 0.5000 0.0000
vt 0.5500 0.0000
vt 0.5500 0.1000
vt 0.5000 0.1000
vt 0.5000 0.0000
vt 0.5500 0.0000
vt 0.5500 0.1000
vt 0.5000 0.1000
vt 0.5000 0.0000
vt 0.5500 0.0000
vt 0.5500 0.1000
vt 0.5000 0.1000
vt 0.5000 0.0000
vt 0.5500 0.0000
vt 0.5500 0.1000
vt 0.5000 0.1000
vt 0.5000 0.0000
vt 0.5500 0.0000
vt 0.5500 0.1000
vt 0.5000 0.1000
vt 0.5000 0.0000
vt 0.5500 0.0000
vt 0.5500 0.1000
vt 0.5000 0.1000
vt 0.5000 0.0000
vt 0.5500 0.0000
vt 0.5500 0.1000
vt 0.5000 0.1000
vt 0.5000 0.0000
vt 0.5500 0.0000
vt 0.5500 0.1000
vt 0.5000 0.1000
vt 0.0000 0.0000
vt 0.0000 1.0000
vt 0.1250 0.0000
vt 0.1250 1.0000
vt 0.2500 0.0000
vt 0.2500 1.0000
vt 0.3750 0.0000
vt 0.3750 1.0000
vt 0.5000 0.0000
vt 0.5000 1.0000
vt 0.0000 0.0000
vt 0.0000 1.0000
vt 0.1250 0.0000
vt 0.1250 1.0000
vt 0.2500 0.0000
vt 0.2500 1.0000
vt 0.3750 0.0000
vt 0.3750 1.0000
vt 0.5000 0.0000
vt 0.5000 1.0000
vt 0.0000 0.0000
vt 0.0000 1.0000
vt 0.1250 0.0000
vt 0.1250 1.0000
vt 0.2500 0.0000
vt 0.2500 1.0000
vt 0.3750 0.0000
vt 0.3750 1.0000
vt 0.5000 0.0000
vt 0.5000 1.0000
vt 0.5000 0.0000
vt 0.5500 0.0000
vt 0.5500 0.1000
vt 0.5000 0.1000
vt 0.5000 0.0000
vt 0.5500 0.0000
vt 0.5500 0.1000
vt 0.5000 0.1000
vt 0.5000 0.0000
vt 0.5500 0.0000
vt 0.5500 0.1000
vt 0.5000 0.1000
vt 0.5000 0.0000
vt 0.5500 0.0000
vt 0.5500 0.1000
vt 0.5000 0.1000
vt 0.5000 0.0000
vt 0.5500 0.0000
vt 0.5500 0.1000
vt 0.5000 0.1000
vt 0.5000 0.0000
vt 0.5500 0.0000
vt 0.5500 0.1000
vt 0.5000 0.1000
vt 0.5000 0.0000
vt 0.5500 0.0000
vt 0.5500 0.1000
vt 0.5000 0.1000
vt 0.5000 0.0000
vt 0.5500 0.0000
vt 0.5500 0.1000
vt 0.5000 0.1000
vt 0.0000 0.0000
vt 0.0000 1.0000
vt 0.1250 0.0000
vt 0.1250 1.0000
vt 0.2500 0.0000
vt 0.2500 1.0000
vt 0.3750 0.0000
vt 0.3750 1.0000
vt 0.5000 0.0000
vt 0.5000 1.0000
vt 0.0000 0.0000
vt 0.0000 1.0000
vt 0.1250 0.0000
vt 0.1250 1.0000
vt 0.2500 0.0000
vt 0.2500 1.0000
vt 0.3750 0.0000
vt 0.3750 1.0000
vt 0.5000 0.0000
vt 0.5000 1.0000
vt 0.0000 0.0000
vt 0.0000 1.0000
vt 0.1250 0.0000
vt 0.1250 1.0000
vt 0.2500 0.0000
vt 0.2500 1.0000
vt 0.3750 0.0000
vt 0.3750 1.0000
vt 0.5000 0.0000
vt 0.5000 1.0000
vt 0.0000 0.0000
vt 0.0000 1.0000
vt 0.1250 0.0000
vt 0.1250 1.0000
vt 0.2500 0.0000
vt 0.2500 1.0000
vt 0.3750 0.0000
vt 0.3750 1.0000
vt 0.5000 0.0000
vt 0.5000 1.0000
vt 0.5000 0.0000
vt 0.5500 0.0000
vt 0.5500 0.1000
vt 0.5000 0.1000
vt 0.5000 0.0000
vt 0.5500 0.0000
vt 0.5500 0.1000
vt 0.5000 0.1000
vt 0.5000 0.0000
vt 0.5500 0.0000
vt 0.5500 0.1000
vt 0.5000 0.1000
vt 0.5000 0.0000
vt 0.5500 0.0000
vt 0.5500 0.1000
vt 0.5000 0.1000
vt 0.5000 0.0000
vt 0.5500 0.0000
vt 0.5500 0.1000
vt 0.5000 0.1000
vt 0.5000 0.0000
vt 0.5500 0.0000
vt 0.5500 0.1000
vt 0.5000 0.1000
vt 0.5000 0.0000
vt 0.5500 0.0000
vt 0.5500 0.1000
vt 0.5000 0.1000
vt 0.5000 0.0000
vt 0.5500 0.0000
vt 0.5500 0.1000
vt 0.5000 0.1000
vt 0.0000 0.0000
vt 0.5000 1.0000
vt 0.1250 0.0000
vt 0.6250 1.0000
vt 0.2500 0.0000
vt 0.7500 1.0000
vt 0.3750 0.0000
vt 0.8750 1.0000
vt 0.5000 0.0000
vt 1.0000 1.0000
vt 0.5000 0.0000
vt 0.5500 0.0000
vt 0.5500 0.1000
vt 0.5000 0.1000
vt 0.5000 0.0000
vt 0.5500 0.0000
vt 0.5500 0.1000
vt 0.5000 0.1000
vt 0.5000 0.0000
vt 0.5500 0.0000
vt 0.5500 0.1000
vt 0.5000 0.1000
vt 0.5000 0.0000
vt 0.5500 0.0000
vt 0.5500 0.1000
vt 0.5000 0.1000
vt 0.5000 0.0000
vt 0.5500 0.0000
vt 0.5500 0.1000
vt 0.5000 0.1000
vt 0.5000 0.0000
vt 0.5500 0.0000
vt 0.5500 0.1000
vt 0.5000 0.1000
vt 0.5000 0.0000
vt 0.5500 0.0000
vt 0.5500 0.1000
vt 0.5000 0.1000
vt 0.5000 0.0000
vt 0.5500 0.0000
vt 0.5500 0.1000
vt 0.5000 0.1000
vt 0.5000 0.0000
vt 0.5000 1.0000
vt 0.6250 0.0000
vt 0.6250 1.0000
vt 0.7500 0.0000
vt 0.7500 1.0000
vt 0.8750 0.0000
vt 0.8750 1.0000
vt 1.0000 0.0000
vt 1.0000 1.0000

vn 0.9993 0.0365 0.0000
vn 0.9993 0.0365 0.0000
vn 0.0013 -0.0364 -0.9993
vn 0.0013 -0.0364 -0.9993
vn -0.9993 -0.0365 0.0000
vn -0.9993 -0.0365 0.0000
vn -0.0013 0.0364 0.9993
vn -0.0013 0.0364 0.9993
vn 0.9993 0.0365 -0.0000
vn 0.9993 0.0365 -0.0000
vn 0.9975 0.0705 -0.0012
vn 0.9975 0.0705 -0.0012
vn 0.0041 -0.0749 -0.9972
vn 0.0041 -0.0749 -0.9972
vn -0.9975 -0.0705 0.0012
vn -0.9975 -0.0705 0.0012
vn -0.0041 0.0749 0.9972
vn -0.0041 0.0749 0.9972
vn 0.9975 0.0705 -0.0012
vn 0.9975 0.0705 -0.0012
vn 0.9960 0.0892 -0.0027
vn 0.9960 0.0892 -0.0027
vn 0.0080 -0.1188 -0.9929
vn 0.0080 -0.1188 -0.9929
vn -0.9960 -0.0892 0.0027
vn -0.9960 -0.0892 0.0027
vn -0.0080 0.1188 0.9929
vn -0.0080 0.1188 0.9929
vn 0.9960 0.0892 -0.0027
vn 0.9960 0.0892 -0.0027
vn 0.9963 0.0858 -0.0023
vn 0.9963 0.0858 -0.0023
vn 0.0124 -0.1696 -0.9854
vn 0.0124 -0.1696 -0.9854
vn -0.9963 -0.0858 0.0023
vn -0.9963 -0.0858 0.0023
vn -0.0124 0.1696 0.9854
vn -0.0124 0.1696 0.9854
vn 0.9963 0.0858 -0.0023
vn 0.9963 0.0858 -0.0023
vn 0.8474 0.5250 -0.0797
vn 0.8474 0.5250 -0.0797
vn 0.0425 -0.2167 -0.9753
vn 0.0425 -0.2167 -0.9753
vn -0.8474 -0.5250 0.0797
vn -0.8474 -0.5250 0.0797
vn -0.0425 0.2167 0.9753
vn -0.0425 0.2167 0.9753
vn 0.8474 0.5250 -0.0797
vn 0.8474 0.5250 -0.0797
vn 0.8535 0.5153 -0.0773
vn 0.8535 0.5153 -0.0773
vn 0.0729 -0.2649 -0.9615
vn 0.0729 -0.2649 -0.9615
vn -0.8535 -0.5153 0.0773
vn -0.8535 -0.5153 0.0773
vn -0.0729 0.2649 0.9615
vn -0.0729 0.2649 0.9615
vn 0.8535 0.5153 -0.0773
vn 0.8535 0.5153 -0.0773
vn 0.5038 0.8418 -0.1937
vn 0.5038 0.8418 -0.1937
vn 0.1222 -0.2915 -0.9487
vn 0.1222 -0.2915 -0.9487
vn -0.5038 -0.8418 0.1937
vn -0.5038 -0.8418 0.1937
vn -0.1222 0.2915 0.9487
vn -0.1222 0.2915 0.9487
vn 0.5038 0.8418 -0.1937
vn 0.5038 0.8418 -0.1937
vn -0.9837 -0.1628 -0.0767
vn -0.9837 -0.1628 -0.0767
vn -0.9837 -0.1628 -0.0767
vn -0.9837 -0.1628 -0.0767
vn -0.9837 -0.1628 -0.0767
vn -0.9837 -0.1628 -0.0767
vn -0.9837 -0.1628 -0.0767
vn -0.9837 -0.1628 -0.0767
vn -0.9837 -0.1628 -0.0767
vn -0.9837 -0.1628 -0.0767
vn -0.9837 -0.1628 -0.0767
vn -0.9837 -0.1628 -0.0767
vn -0.9837 -0.1628 -0.0767
vn -0.9837 -0.1628 -0.0767
vn -0.9837 -0.1628 -0.0767
vn -0.9837 -0.1628 -0.0767
vn -0.9837 -0.1628 -0.0767
vn -0.9837 -0.1628 -0.0767
vn -0.9837 -0.1628 -0.0767
vn -0.9837 -0.1628 -0.0767
vn -0.9837 -0.1628 -0.0767
vn -0.9837 -0.1628 -0.0767
vn -0.9837 -0.1628 -0.0767
vn -0.9837 -0.1628 -0.0767
vn -0.9837 -0.1628 -0.0767
vn -0.9837 -0.1628 -0.0767
vn -0.9837 -0.1628 -0.0767
vn -0.9837 -0.1628 -0.0767
vn -0.9837 -0.1628 -0.0767
vn -0.9837 -0.1628 -0.0767
vn -0.9837 -0.1628 -0.0767
vn -0.9837 -0.1628 -0.0767
vn -0.9372 0.2807 -0.2070
vn -0.9372 0.2807 -0.2070
vn -0.9372 0.2807 -0.2070
vn -0.9372 0.2807 -0.2070
vn -0.9372 0.2807 -0.2070
vn -0.9372 0.2807 -0.2070
vn -0.9372 0.2807 -0.2070
vn -0.9372 0.2807 -0.2070
vn -0.9372 0.2807 -0.2070
vn -0.9372 0.2807 -0.2070
vn -0.9372 0.2807 -0.2070
vn -0.9372 0.2807 -0.2070
vn -0.9372 0.2807 -0.2070
vn -0.9372 0.2807 -0.2070
vn -0.9372 0.2807 -0.2070
vn -0.9372 0.2807 -0.2070
vn -0.9372 0.2807 -0.2070
vn -0.9372 0.2807 -0.2070
vn -0.9372 0.2807 -0.2070
vn -0.9372 0.2807 -0.2070
vn -0.9372 0.2807 -0.2070
vn -0.9372 0.2807 -0.2070
vn -0.9372 0.2807 -0.2070
vn -0.9372 0.2807 -0.2070
vn -0.9372 0.2807 -0.2070
vn -0.9372 0.2807 -0.2070
vn -0.9372 0.2807 -0.2070
vn -0.9372 0.2807 -0.2070
vn -0.9372 0.2807 -0.2070
vn -0.9372 0.2807 -0.2070
vn -0.9372 0.2807 -0.2070
vn -0.9372 0.2807 -0.2070
vn 0.4398 0.8728 -0.2115
vn 0.4398 0.8728 -0.2115
vn 0.1736 -0.3137 -0.9335
vn 0.1736 -0.3137 -0.9335
vn -0.4398 -0.8728 0.2115
vn -0.4398 -0.8728 0.2115
vn -0.1736 0.3137 0.9335
vn -0.1736 0.3137 0.9335
vn 0.4398 0.8728 -0.2115
vn 0.4398 0.8728 -0.2115
vn -0.8811 0.3739 -0.2895
vn -0.8811 0.3739 -0.2895
vn -0.8811 0.3739 -0.2895
vn -0.8811 0.3739 -0.2895
vn -0.8811 0.3739 -0.2895
vn -0.8811 0.3739 -0.2895
vn -0.8811 0.3739 -0.2895
vn -0.8811 0.3739 -0.2895
vn -0.8811 0.3739 -0.2895
vn -0.8811 0.3739 -0.2895
vn -0.8811 0.3739 -0.2895
vn -0.8811 0.3739 -0.2895
vn -0.8811 0.3739 -0.2895
vn -0.8811 0.3739 -0.2895
vn -0.8811 0.3739 -0.2895
vn -0.8811 0.3739 -0.2895
vn -0.8811 0.3739 -0.2895
vn -0.8811 0.3739 -0.2895
vn -0.8811 0.3739 -0.2895
vn -0.8811 0.3739 -0.2895
vn -0.8811 0.3739 -0.2895
vn -0.8811 0.3739 -0.2895
vn -0.8811 0.3739 -0.2895
vn -0.8811 0.3739 -0.2895
vn -0.8811 0.3739 -0.2895
vn -0.8811 0.3739 -0.2895
vn -0.8811 0.3739 -0.2895
vn -0.8811 0.3739 -0.2895
vn -0.8811 0.3739 -0.2895
vn -0.8811 0.3739 -0.2895
vn -0.8811 0.3739 -0.2895
vn -0.8811 0.3739 -0.2895
vn -0.7825 0.4880 0.3866
vn -0.7825 0.4880 0.3866
vn -0.7825 0.4880 0.3866
vn -0.7825 0.4880 0.3866
vn -0.7825 0.4880 0.3866
vn -0.7825 0.4880 0.3866
vn -0.7825 0.4880 0.3866
vn -0.7825 0.4880 0.3866
vn -0.7825 0.4880 0.3866
vn -0.7825 0.4880 0.3866
vn -0.7825 0.4880 0.3866
vn -0.7825 0.4880 0.3866
vn -0.7825 0.4880 0.3866
vn -0.7825 0.4880 0.3866
vn -0.7825 0.4880 0.3866
vn -0.7825 0.4880 0.3866
vn -0.7825 0.4880 0.3866
vn -0.7825 0.4880 0.3866
vn -0.7825 0.4880 0.3866
vn -0.7825 0.4880 0.3866
vn -0.7825 0.4880 0.3866
vn -0.7825 0.4880 0.3866
vn -0.7825 0.4880 0.3866
vn -0.7825 0.4880 0.3866
vn -0.7825 0.4880 0.3866
vn -0.7825 0.4880 0.3866
vn -0.7825 0.4880 0.3866
vn -0.7825 0.4880 0.3866
vn -0.7825 0.4880 0.3866
vn -0.7825 0.4880 0.3866
vn -0.7825 0.4880 0.3866
vn -0.7825 0.4880 0.3866
vn 0.8766 0.4769 -0.0649
vn 0.8766 0.4769 -0.0649
vn 0.1000 -0.3125 -0.9446
vn 0.1000 -0.3125 -0.9446
vn -0.8766 -0.4769 0.0649
vn -0.8766 -0.4769 0.0649
vn -0.1000 0.3125 0.9446
vn -0.1000 0.3125 0.9446
vn 0.8766 0.4769 -0.0649
vn 0.8766 0.4769 -0.0649
vn -0.8995 0.3774 -0.2201
vn -0.8995 0.3774 -0.2201
vn -0.8995 0.3774 -0.2201
vn -0.8995 0.3774 -0.2201
vn -0.8995 0.3774 -0.2201
vn -0.8995 0.3774 -0.2201
vn -0.8995 0.3774 -0.2201
vn -0.8995 0.3774 -0.2201
vn -0.8995 0.3774 -0.2201
vn -0.8995 0.3774 -0.2201
vn -0.8995 0.3774 -0.2201
vn -0.8995 0.3774 -0.2201
vn -0.8995 0.3774 -0.2201
vn -0.8995 0.3774 -0.2201
vn -0.8995 0.3774 -0.2201
vn -0.8995 0.3774 -0.2201
vn -0.8995 0.3774 -0.2201
vn -0.8995 0.3774 -0.2201
vn -0.8995 0.3774 -0.2201
vn -0.8995 0.3774 -0.2201
vn -0.8995 0.3774 -0.2201
vn -0.8995 0.3774 -0.2201
vn -0.8995 0.3774 -0.2201
vn -0.8995 0.3774 -0.2201
vn -0.8995 0.3774 -0.2201
vn -0.8995 0.3774 -0.2201
vn -0.8995 0.3774 -0.2201
vn -0.8995 0.3774 -0.2201
vn -0.8995 0.3774 -0.2201
vn -0.8995 0.3774 -0.2201
vn -0.8995 0.3774 -0.2201
vn -0.8995 0.3774 -0.2201
vn 0.8986 0.4357 -0.0519
vn 0.8986 0.4357 -0.0519
vn 0.0976 -0.3137 -0.9445
vn 0.0976 -0.3137 -0.9445
vn -0.8986 -0.4357 0.0519
vn -0.8986 -0.4357 0.0519
vn -0.0976 0.3137 0.9445
vn -0.0976 0.3137 0.9445
vn 0.8986 0.4357 -0.0519
vn 0.8986 0.4357 -0.0519
vn 0.9035 0.4259 -0.0482
vn 0.9035 0.4259 -0.0482
vn 0.1153 -0.3497 -0.9297
vn 0.1153 -0.3497 -0.9297
vn -0.9035 -0.4259 0.0482
vn -0.9035 -0.4259 0.0482
vn -0.1153 0.3497 0.9297
vn -0.1153 0.3497 0.9297
vn 0.9035 0.4259 -0.0482
vn 0.9035 0.4259 -0.0482
vn -0.4128 0.8345 -0.3650
vn -0.4128 0.8345 -0.3650
vn -0.4128 0.8345 -0.3650
vn -0.4128 0.8345 -0.3650
vn -0.4128 0.8345 -0.3650
vn -0.4128 0.8345 -0.3650
vn -0.4128 0.8345 -0.3650
vn -0.4128 0.8345 -0.3650
vn -0.4128 0.8345 -0.3650
vn -0.4128 0.8345 -0.3650
vn -0.4128 0.8345 -0.3650
vn -0.4128 0.8345 -0.3650
vn -0.4128 0.8345 -0.3650
vn -0.4128 0.8345 -0.3650
vn -0.4128 0.8345 -0.3650
vn -0.4128 0.8345 -0.3650
vn -0.4128 0.8345 -0.3650
vn -0.4128 0.8345 -0.3650
vn -0.4128 0.8345 -0.3650
vn -0.4128 0.8345 -0.3650
vn -0.4128 0.8345 -0.3650
vn -0.4128 0.8345 -0.3650
vn -0.4128 0.8345 -0.3650
vn -0.4128 0.8345 -0.3650
vn -0.4128 0.8345 -0.3650
vn -0.4128 0.8345 -0.3650
vn -0.4128 0.8345 -0.3650
vn -0.4128 0.8345 -0.3650
vn -0.4128 0.8345 -0.3650
vn -0.4128 0.8345 -0.3650
vn -0.4128 0.8345 -0.3650
vn -0.4128 0.8345 -0.3650
vn 0.9071 0.4177 -0.0517
vn 0.9071 0.4177 -0.0517
vn -0.1937 0.3053 -0.9323
vn -0.1937 0.3053 -0.9323
vn -0.9071 -0.4177 0.0517
vn -0.9071 -0.4177 0.0517
vn 0.1937 -0.3053 0.9323
vn 0.1937 -0.3053 0.9323
vn 0.9071 0.4177 -0.0517
vn 0.9071 0.4177 -0.0517
vn -0.3737 0.8557 0.3579
vn -0.3737 0.8557 0.3579
vn -0.3737 0.8557 0.3579
vn -0.3737 0.8557 0.3579
vn -0.3737 0.8557 0.3579
vn -0.3737 0.8557 0.3579
vn -0.3737 0.8557 0.3579
vn -0.3737 0.8557 0.3579
vn -0.3737 0.8557 0.3579
vn -0.3737 0.8557 0.3579
vn -0.3737 0.8557 0.3579
vn -0.3737 0.8557 0.3579
vn -0.3737 0.8557 0.3579
vn -0.3737 0.8557 0.3579
vn -0.3737 0.8557 0.3579
vn -0.3737 0.8557 0.3579
vn -0.3737 0.8557 0.3579
vn -0.3737 0.8557 0.3579
vn -0.3737 0.8557 0.3579
vn -0.3737 0.8557 0.3579
vn -0.3737 0.8557 0.3579
vn -0.3737 0.8557 0.3579
vn -0.3737 0.8557 0.3579
vn -0.3737 0.8557 0.3579
vn -0.3737 0.8557 0.3579
vn -0.3737 0.8557 0.3579
vn -0.3737 0.8557 0.3579
vn -0.3737 0.8557 0.3579
vn -0.3737 0.8557 0.3579
vn -0.3737 0.8557 0.3579
vn -0.3737 0.8557 0.3579
vn -0.3737 0.8557 0.3579
vn -0.8352 0.4473 0.3200
vn -0.8352 0.4473 0.3200
vn -0.8352 0.4473 0.3200
vn -0.8352 0.4473 0.3200
vn -0.8352 0.4473 0.3200
vn -0.8352 0.4473 0.3200
vn -0.8352 0.4473 0.3200
vn -0.8352 0.4473 0.3200
vn -0.8352 0.4473 0.3200
vn -0.8352 0.4473 0.3200
vn -0.8352 0.4473 0.3200
vn -0.8352 0.4473 0.3200
vn -0.8352 0.4473 0.3200
vn -0.8352 0.4473 0.3200
vn -0.8352 0.4473 0.3200
vn -0.8352 0.4473 0.3200
vn -0.8352 0.4473 0.3200
vn -0.8352 0.4473 0.3200
vn -0.8352 0.4473 0.3200
vn -0.8352 0.4473 0.3200
vn -0.8352 0.4473 0.3200
vn -0.8352 0.4473 0.3200
vn -0.8352 0.4473 0.3200
vn -0.8352 0.4473 0.3200
vn -0.8352 0.4473 0.3200
vn -0.8352 0.4473 0.3200
vn -0.8352 0.4473 0.3200
vn -0.8352 0.4473 0.3200
vn -0.8352 0.4473 0.3200
vn -0.8352 0.4473 0.3200
vn -0.8352 0.4473 0.3200
vn -0.8352 0.4473 0.3200
vn 0.9881 -0.1492 0.0381
vn 0.9881 -0.1492 0.0381
vn 0.0037 -0.2240 -0.9746
vn 0.0037 -0.2240 -0.9746
vn -0.9881 0.1492 -0.0381
vn -0.9881 0.1492 -0.0381
vn -0.0037 0.2240 0.9746
vn -0.0037 0.2240 0.9746
vn 0.9881 -0.1492 0.0381
vn 0.9881 -0.1492 0.0381
vn 0.9835 -0.1757 0.0442
vn 0.9835 -0.1757 0.0442
vn -0.0064 -0.2773 -0.9608
vn -0.0064 -0.2773 -0.9608
vn -0.9835 0.1757 -0.0442
vn -0.9835 0.1757 -0.0442
vn 0.0064 0.2773 0.9608
vn 0.0064 0.2773 0.9608
vn 0.9835 -0.1757 0.0442
vn 0.9835 -0.1757 0.0442
vn 0.9168 0.3820 -0.1164
vn 0.9168 0.3820 -0.1164
vn 0.0132 -0.3202 -0.9473
vn 0.0132 -0.3202 -0.9473
vn -0.9168 -0.3820 0.1164
vn -0.9168 -0.3820 0.1164
vn -0.0132 0.3202 0.9473
vn -0.0132 0.3202 0.9473
vn 0.9168 0.3820 -0.1164
vn 0.9168 0.3820 -0.1164
vn -0.8600 0.4797 -0.1741
vn -0.8600 0.4797 -0.1741
vn -0.8600 0.4797 -0.1741
vn -0.8600 0.4797 -0.1741
vn -0.8600 0.4797 -0.1741
vn -0.8600 0.4797 -0.1741
vn -0.8600 0.4797 -0.1741
vn -0.8600 0.4797 -0.1741
vn -0.8600 0.4797 -0.1741
vn -0.8600 0.4797 -0.1741
vn -0.8600 0.4797 -0.1741
vn -0.8600 0.4797 -0.1741
vn -0.8600 0.4797 -0.1741
vn -0.8600 0.4797 -0.1741
vn -0.8600 0.4797 -0.1741
vn -0.8600 0.4797 -0.1741
vn -0.8600 0.4797 -0.1741
vn -0.8600 0.4797 -0.1741
vn -0.8600 0.4797 -0.1741
vn -0.8600 0.4797 -0.1741
vn -0.8600 0.4797 -0.1741
vn -0.8600 0.4797 -0.1741
vn -0.8600 0.4797 -0.1741
vn -0.8600 0.4797 -0.1741
vn -0.8600 0.4797 -0.1741
vn -0.8600 0.4797 -0.1741
vn -0.8600 0.4797 -0.1741
vn -0.8600 0.4797 -0.1741
vn -0.8600 0.4797 -0.1741
vn -0.8600 0.4797 -0.1741
vn -0.8600 0.4797 -0.1741
vn -0.8600 0.4797 -0.1741
vn 0.9993 0.0379 0.0060
vn 0.9993 0.0379 0.0060
vn 0.0144 -0.2248 -0.9743
vn 0.0144 -0.2248 -0.9743
vn -0.9993 -0.0379 -0.0060
vn -0.9993 -0.0379 -0.0060
vn -0.0144 0.2248 0.9743
vn -0.0144 0.2248 0.9743
vn 0.9993 0.0379 0.0060
vn 0.9993 0.0379 0.0060
vn 0.9998 0.0141 0.0115
vn 0.9998 0.0141 0.0115
vn 0.0150 -0.2796 -0.9600
vn 0.0150 -0.2796 -0.9600
vn -0.9998 -0.0141 -0.0115
vn -0.9998 -0.0141 -0.0115
vn -0.0150 0.2796 0.9600
vn -0.0150 0.2796 0.9600
vn 0.9998 0.0141 0.0115
vn 0.9998 0.0141 0.0115
vn 0.9999 -0.0039 0.0168
vn 0.9999 -0.0039 0.0168
vn 0.0146 -0.3259 -0.9453
vn 0.0146 -0.3259 -0.9453
vn -0.9999 0.0039 -0.0168
vn -0.9999 0.0039 -0.0168
vn -0.0146 0.3259 0.9453
vn -0.0146 0.3259 0.9453
vn 0.9999 -0.0039 0.0168
vn 0.9999 -0.0039 0.0168
vn 0.9999 0.0050 0.0137
vn 0.9999 0.0050 0.0137
vn 0.0146 -0.3461 -0.9381
vn 0.0146 -0.3461 -0.9381
vn -0.9999 -0.0050 -0.0137
vn -0.9999 -0.0050 -0.0137
vn -0.0146 0.3461 0.9381
vn -0.0146 0.3461 0.9381
vn 0.9999 0.0050 0.0137
vn 0.9999 0.0050 0.0137
vn 0.0001 0.9382 -0.3462
vn 0.0001 0.9382 -0.3462
vn 0.0001 0.9382 -0.3462
vn 0.0001 0.9382 -0.3462
vn 0.0001 0.9382 -0.3462
vn 0.0001 0.9382 -0.3462
vn 0.0001 0.9382 -0.3462
vn 0.0001 0.9382 -0.3462
vn 0.0001 0.9382 -0.3462
vn 0.0001 0.9382 -0.3462
vn 0.0001 0.9382 -0.3462
vn 0.0001 0.9382 -0.3462
vn 0.0001 0.9382 -0.3462
vn 0.0001 0.9382 -0.3462
vn 0.0001 0.9382 -0.3462
vn 0.0001 0.9382 -0.3462
vn 0.0001 0.9382 -0.3462
vn 0.0001 0.9382 -0.3462
vn 0.0001 0.9382 -0.3462
vn 0.0001 0.9382 -0.3462
vn 0.0001 0.9382 -0.3462
vn 0.0001 0.9382 -0.3462
vn 0.0001 0.9382 -0.3462
vn 0.0001 0.9382 -0.3462
vn 0.0001 0.9382 -0.3462
vn 0.0001 0.9382 -0.3462
vn 0.0001 0.9382 -0.3462
vn 0.0001 0.9382 -0.3462
vn 0.0001 0.9382 -0.3462
vn 0.0001 0.9382 -0.3462
vn 0.0001 0.9382 -0.3462
vn 0.0001 0.9382 -0.3462
vn 0.9983 0.0504 0.0287
vn 0.9983 0.0504 0.0287
vn 0.0111 0.3195 -0.9475
vn 0.0111 0.3195 -0.9475
vn -0.9983 -0.0504 -0.0287
vn -0.9983 -0.0504 -0.0287
vn -0.0111 -0.3195 0.9475
vn -0.0111 -0.3195 0.9475
vn 0.9983 0.0504 0.0287
vn 0.9983 0.0504 0.0287
vn -0.0569 0.9463 0.3184
vn -0.0569 0.9463 0.3184
vn -0.0569 0.9463 0.3184
vn -0.0569 0.9463 0.3184
vn -0.0569 0.9463 0.3184
vn -0.0569 0.9463 0.3184
vn -0.0569 0.9463 0.3184
vn -0.0569 0.9463 0.3184
vn -0.0569 0.9463 0.3184
vn -0.0569 0.9463 0.3184
vn -0.0569 0.9463 0.3184
vn -0.0569 0.9463 0.3184
vn -0.0569 0.9463 0.3184
vn -0.0569 0.9463 0.3184
vn -0.0569 0.9463 0.3184
vn -0.0569 0.9463 0.3184
vn -0.0569 0.9463 0.3184
vn -0.0569 0.9463 0.3184
vn -0.0569 0.9463 0.3184
vn -0.0569 0.9463 0.3184
vn -0.0569 0.9463 0.3184
vn -0.0569 0.9463 0.3184
vn -0.0569 0.9463 0.3184
vn -0.0569 0.9463 0.3184
vn -0.0569 0.9463 0.3184
vn -0.0569 0.9463 0.3184
vn -0.0569 0.9463 0.3184
vn -0.0569 0.9463 0.3184
vn -0.0569 0.9463 0.3184
vn -0.0569 0.9463 0.3184
vn -0.0569 0.9463 0.3184
vn -0.0569 0.9463 0.3184
vn 0.9904 0.1271 0.0545
vn 0.9904 0.1271 0.0545
vn 0.0089 0.3343 -0.9424
vn 0.0089 0.3343 -0.9424
vn -0.9904 -0.1271 -0.0545
vn -0.9904 -0.1271 -0.0545
vn -0.0089 -0.3343 0.9424
vn -0.0089 -0.3343 0.9424
vn 0.9904 0.1271 0.0545
vn 0.9904 0.1271 0.0545

usemtl ProceduralMaterial
f v -0.024881 0.969519 -0.091469 0.0000 0.6944 0.0000
  ูฏ0้Cm'พมI๐๖t/p•นI/฿ำคฌญฮq{=3fýtบ‘ฏ:	ขฅQ Tฎjuญ;ญÜ    HAํ@,ธ  ธธ  ไbฃ‘PPช-}'แุ4wาÞÛvษ&`       j]87๔aA ธ  ~%"–                         `         ส         @       €฿M   ภา60  ภา60  า60  4       €฿M   ภา60  ภา60  า60    €?  €?1.0000 1.0000
          ,๔M                   T         ส  þึM   €฿M   ภา60  ภา60  า60  ”ำ๗นปช0.9904 0.1271 0.0545
4

                ,๔M                   D         ส  ๐ฺM   bชgไ๚  uืM                    ภDึ1/1/1 2/2/2 3/3/3
f v -0.024881 0.969519 -0.091469 0.0000 0.6944 0.0000
  ูฏ0้Cm'พมI๐๖t/p•นI/฿ำคฌญฮq{=3fýtบ‘ฏ:	ขฅQ Tฎjuญ;ญÜ    HAํ@,ธ  ธธ  ไbฃ‘PPช-}'แุ4wาÞÛvษ&`       j]87๔aA ธ  ~%"–                         `         ส         @       €฿M   ภา60  ภา60  า60  4       €฿M   ภา60  ภา60  า60    €?  €?1.0000 1.0000
          ,๔M                   T         ส  þึM   €฿M   ภา60  ภา60  า60  ”ำ๗นปช0.9904 0.1271 0.0545
4

                ,๔M                   D         ส  ๐ฺM   bชgไ๚  uืM                   ภDึ3/3/3 2/2/2 4/4/4
f v -0.024881 0.969519 -0.091469 0.0000 0.6944 0.0000
  ูฏ0้Cm'พมI๐๖t/p•นI/฿ำคฌญฮq{=3fýtบ‘ฏ:	ขฅQ Tฎjuญ;ญÜ    HAํ@,ธ  ธธ  ไbฃ‘PPช-}'แุ4wาÞÛvษ&`       j]87๔aA ธ  ~%"–                         `         ส         @       €฿M   ภา60  ภา60  า60  4       €฿M   ภา60  ภา60  า60    €?  €?1.0000 1.0000
          ,๔M                   T         ส  þึM   €฿M   ภา60  ภา60  า60  ”ำ๗นปช0.9904 0.1271 0.0545
4

                ,๔M                   D         ส  ๐ฺM   bชgไ๚  uืM                   ภDึ3/3/3 4/4/4 5/5/5
f v -0.024881 0.969519 -0.091469 0.0000 0.6944 0.0000
  ูฏ0้Cm'พมI๐๖t/p•นI/฿ำคฌญฮq{=3fýtบ‘ฏ:	ขฅQ Tฎjuญ;ญÜ    HAํ@,ธ  ธธ  ไbฃ‘PPช-}'แุ4wาÞÛvษ&`       j]87๔aA ธ  ~%"–                         `         ส         @       €฿M   ภา60  ภา60  า60  4       €฿M   ภา60  ภา60  า60    €?  €?1.0000 1.0000
          ,๔M                   T         ส  þึM   €฿M   ภา60  ภา60  า60  ”ำ๗นปช0.9904 0.1271 0.0545
4

                ,๔M                   D         ส  ๐ฺM   bชgไ๚  uืM   	                ภDึ5/5/5 4/4/4 6/6/6
f v -0.024881 0.969519 -0.091469 0.0000 0.6944 0.0000
  ูฏ0้Cm'พมI๐๖t/p•นI/฿ำคฌญฮq{=3fýtบ‘ฏ:	ขฅQ Tฎjuญ;ญÜ    HAํ@,ธ  ธธ  ไbฃ‘PPช-}'แุ4wาÞÛvษ&`       j]87๔aA ธ  ~%"–                         `         ส         @       €฿M   ภา60  ภา60  า60  4       €฿M   ภา60  ภา60  า60    €?  €?1.0000 1.0000
          ,๔M                   T         ส  þึM   €฿M   ภา60  ภา60  า60  ”ำ๗นปช0.9904 0.1271 0.0545
4

                ,๔M                   D         ส  ๐ฺM   bชgไ๚  uืM                   ภDึ5/5/5 6/6/6 7/7/7
f v -0.024881 0.969519 -0.091469 0.0000 0.6944 0.0000
  ูฏ0้Cm'พมI๐๖t/p•นI/฿ำคฌญฮq{=3fýtบ‘ฏ:	ขฅQ Tฎjuญ;ญÜ    HAํ@,ธ  ธธ  ไbฃ‘PPช-}'แุ4wาÞÛvษ&`       j]87๔aA ธ  ~%"–                         `         ส         @       €฿M   ภา60  ภา60  า60  4       €฿M   ภา60  ภา60  า60    €?  €?1.0000 1.0000
          ,๔M                   T         ส  þึM   €฿M   ภา60  ภา60  า60  ”ำ๗นปช0.9904 0.1271 0.0545
4

                ,๔M                   D         ส  ๐ฺM   bชgไ๚  uืM                   ภDึ7/7/7 6/6/6 8/8/8
f v -0.024881 0.969519 -0.091469 0.0000 0.6944 0.0000
  ูฏ0้Cm'พมI๐๖t/p•นI/฿ำคฌญฮq{=3fýtบ‘ฏ:	ขฅQ Tฎjuญ;ญÜ    HAํ@,ธ  ธธ  ไbฃ‘PPช-}'แุ4wาÞÛvษ&`       j]87๔aA ธ  ~%"–                         `         ส         @       €฿M   ภา60  ภา60  า60  4       €฿M   ภา60  ภา60  า60    €?  €?1.0000 1.0000
          ,๔M                   T         ส  þึM   €฿M   ภา60  ภา60  า60  ”ำ๗นปช0.9904 0.1271 0.0545
4

                ,๔M                   D         ส  ๐ฺM   bชgไ๚  uืM                	   ภDึ7/7/7 8/8/8 9/9/9
f v -0.024881 0.969519 -0.091469 0.0000 0.6944 0.0000
  ูฏ0้Cm'พมI๐๖t/p•นI/฿ำคฌญฮq{=3fýtบ‘ฏ:	ขฅQ Tฎjuญ;ญÜ    HAํ@,ธ  ธธ  ไbฃ‘PPช-}'แุ4wาÞÛvษ&`       j]87๔aA ธ  ~%"–                         `         ส         @       €฿M   ภา60  ภา60  า60  4       €฿M   ภา60  ภา60  า60    €?  €?1.0000 1.0000
          ,๔M                   T         ส  þึM   €฿M   ภา60  ภา60  า60  ”ำ๗นปช0.9904 0.1271 0.0545
4

                ,๔M                   D         ส  ๐ฺM   bชgไ๚  uืM          	      
   ภDึ9/9/9 8/8/8 10/10/10
f v -0.024881 0.969519 -0.091469 0.0000 0.6944 0.0000
  ูฏ0้Cm'พมI๐๖t/p•นI/฿ำคฌญฮq{=3fýtบ‘ฏ:	ขฅQ Tฎjuญ;ญÜ    HAํ@,ธ  ธธ  ไbฃ‘PPช-}'แุ4wาÞÛvษ&`       j]87๔aA ธ  ~%"–                         `         ส         @       €฿M   ภา60  ภา60  า60  4       €฿M   ภา60  ภา60  า60    €?  €?1.0000 1.0000
          ,๔M                   T         ส  þึM   €฿M   ภา60  ภา60  า60  ”ำ๗นปช0.9904 0.1271 0.0545
4

                ,๔M                   D         ส  ๐ฺM   bชgไ๚  uืM                   ภDึ11/11/11 12/12/12 13/13/13
f v -0.024881 0.969519 -0.091469 0.0000 0.6944 0.0000
  ูฏ0้Cm'พมI๐๖t/p•นI/฿ำคฌญฮq{=3fýtบ‘ฏ:	ขฅQ Tฎjuญ;ญÜ    HAํ@,ธ  ธธ  ไbฃ‘PPช-}'แุ4wาÞÛvษ&`       j]87๔aA ธ  ~%"–                         `         ส         @       €฿M   ภา60  ภา60  า60  4       €฿M   ภา60  ภา60  า60    €?  €?1.0000 1.0000
          ,๔M                   T         ส  þึM   €฿M   ภา60  ภา60  า60  ”ำ๗นปช0.9904 0.1271 0.0545
4

                ,๔M                   D         ส  ๐ฺM   bชgไ๚  uืM                   ภDึ13/13/13 12/12/12 14/14/14
f v -0.024881 0.969519 -0.091469 0.0000 0.6944 0.0000
  ูฏ0้Cm'พมI๐๖t/p•นI/฿ำคฌญฮq{=3fýtบ‘ฏ:	ขฅQ Tฎjuญ;ญÜ    HAํ@,ธ  ธธ  ไbฃ‘PPช-}'แุ4wาÞÛvษ&`       j]87๔aA ธ  ~%"–                         `         ส         @       €฿M   ภา60  ภา60  า60  4       €฿M   ภา60  ภา60  า60    €?  €?1.0000 1.0000
          ,๔M                   T         ส  þึM   €฿M   ภา60  ภา60  า60  ”ำ๗นปช0.9904 0.1271 0.0545
4

                ,๔M                   D         ส  ๐ฺM   bชgไ๚  uืM                   ภDึ13/13/13 14/14/14 15/15/15
f v -0.024881 0.969519 -0.091469 0.0000 0.6944 0.0000
  ูฏ0้Cm'พมI๐๖t/p•นI/฿ำคฌญฮq{=3fýtบ‘ฏ:	ขฅQ Tฎjuญ;ญÜ    HAํ@,ธ  ธธ  ไbฃ‘PPช-}'แุ4wาÞÛvษ&`       j]87๔aA ธ  ~%"–                         `         ส         @       €฿M   ภา60  ภา60  า60  4       €฿M   ภา60  ภา60  า60    €?  €?1.0000 1.0000
          ,๔M                   T         ส  þึM   €฿M   ภา60  ภา60  า60  ”ำ๗นปช0.9904 0.1271 0.0545
4

                ,๔M                   D         ส  ๐ฺM   bชgไ๚  uืM   !                ภDึ15/15/15 14/14/14 16/16/16
f v -0.024881 0.969519 -0.091469 0.0000 0.6944 0.0000
  ูฏ0้Cm'พมI๐๖t/p•นI/฿ำคฌญฮq{=3fýtบ‘ฏ:	ขฅQ Tฎjuญ;ญÜ    HAํ@,ธ  ธธ  ไbฃ‘PPช-}'แุ4wาÞÛvษ&`       j]87๔aA ธ  ~%"–                         `         ส         @       €฿M   ภา60  ภา60  า60  4       €฿M   ภา60  ภา60  า60    €?  €?1.0000 1.0000
          ,๔M                   T         ส  þึM   €฿M   ภา60  ภา60  า60  ”ำ๗นปช0.9904 0.1271 0.0545
4

                ,๔M                   D         ส  ๐ฺM   bชgไ๚  uืM   $                ภDึ15/15/15 16/16/16 17/17/17
f v -0.024881 0.969519 -0.091469 0.0000 0.6944 0.0000
  ูฏ0้Cm'พมI๐๖t/p•นI/฿ำคฌญฮq{=3fýtบ‘ฏ:	ขฅQ Tฎjuญ;ญÜ    HAํ@,ธ  ธธ  ไbฃ‘PPช-}'แุ4wาÞÛvษ&`       j]87๔aA ธ  ~%"–                         `         ส         @       €฿M   ภา60  ภา60  า60  4       €฿M   ภา60  ภา60  า60    €?  €?1.0000 1.0000
          ,๔M                   T         ส  þึM   €฿M   ภา60  ภา60  า60  ”ำ๗นปช0.9904 0.1271 0.0545
4

                ,๔M                   D         ส  ๐ฺM   bชgไ๚  uืM   '                ภDึ17/17/17 16/16/16 18/18/18
f v -0.024881 0.969519 -0.091469 0.0000 0.6944 0.0000
  ูฏ0้Cm'พมI๐๖t/p•นI/฿ำคฌญฮq{=3fýtบ‘ฏ:	ขฅQ Tฎjuญ;ญÜ    HAํ@,ธ  ธธ  ไbฃ‘PPช-}'แุ4wาÞÛvษ&`       j]87๔aA ธ  ~%"–                         `         ส         @       €฿M   ภา60  ภา60  า60  4       €฿M   ภา60  ภา60  า60    €?  €?1.0000 1.0000
          ,๔M                   T         ส  þึM   €฿M   ภา60  ภา60  า60  ”ำ๗นปช0.9904 0.1271 0.0545
4

                ,๔M                   D         ส  ๐ฺM   bชgไ๚  uืM   *                ภDึ17/17/17 18/18/18 19/19/19
f v -0.024881 0.969519 -0.091469 0.0000 0.6944 0.0000
  ูฏ0้Cm'พมI๐๖t/p•นI/฿ำคฌญฮq{=3fýtบ‘ฏ:	ขฅQ Tฎjuญ;ญÜ    HAํ@,ธ  ธธ  ไbฃ‘PPช-}'แุ4wาÞÛvษ&`       j]87๔aA ธ  ~%"–                         `         ส         @       €฿M   ภา60  ภา60  า60  4       €฿M   ภา60  ภา60  า60    €?  €?1.0000 1.0000
          ,๔M                   T         ส  þึM   €฿M   ภา60  ภา60  า60  ”ำ๗นปช0.9904 0.1271 0.0545
4

                ,๔M                   D         ส  ๐ฺM   bชgไ๚  uืM   -                ภDึ19/19/19 18/18/18 20/20/20
f v -0.024881 0.969519 -0.091469 0.0000 0.6944 0.0000
  ูฏ0้Cm'พมI๐๖t/p•นI/฿ำคฌญฮq{=3fýtบ‘ฏ:	ขฅQ Tฎjuญ;ญÜ    HAํ@,ธ  ธธ  ไbฃ‘PPช-}'แุ4wาÞÛvษ&`       j]87๔aA ธ  ~%"–                         `         ส         @       €฿M   ภา60  ภา60  า60  4       €฿M   ภา60  ภา60  า60    €?  €?1.0000 1.0000
          ,๔M                   T         ส  þึM   €฿M   ภา60  ภา60  า60  ”ำ๗นปช0.9904 0.1271 0.0545
4

                ,๔M                   D         ส  ๐ฺM   bชgไ๚  uืM   0                ภDึ21/21/21 22/22/22 23/23/23
f v -0.024881 0.969519 -0.091469 0.0000 0.6944 0.0000
  ูฏ0้Cm'พมI๐๖t/p•นI/฿ำคฌญฮq{=3fýtบ‘ฏ:	ขฅQ Tฎjuญ;ญÜ    HAํ@,ธ  ธธ  ไbฃ‘PPช-}'แุ4wาÞÛvษ&`       j]87๔aA ธ  ~%"–                         `         ส         @       €฿M   ภา60  ภา60  า60  4       €฿M   ภา60  ภา60  า60    €?  €?1.0000 1.0000
          ,๔M                   T         ส  þึM   €฿M   ภา60  ภา60  า60  ”ำ๗นปช0.9904 0.1271 0.0545
4

                ,๔M                   D         ส  ๐ฺM   bชgไ๚  uืM   3                ภDึ23/23/23 22/22/22 24/24/24
f v -0.024881 0.969519 -0.091469 0.0000 0.6944 0.0000
  ูฏ0้Cm'พมI๐๖t/p•นI/฿ำคฌญฮq{=3fýtบ‘ฏ:	ขฅQ Tฎjuญ;ญÜ    HAํ@,ธ  ธธ  ไbฃ‘PPช-}'แุ4wาÞÛvษ&`       j]87๔aA ธ  ~%"–                         `         ส         @       €฿M   ภา60  ภา60  า60  4       €฿M   ภา60  ภา60  า60    €?  €?1.0000 1.0000
          ,๔M                   T         ส  þึM   €฿M   ภา60  ภา60  า60  ”ำ๗นปช0.9904 0.1271 0.0545
4

                ,๔M                   D         ส  ๐ฺM   bชgไ๚  uืM   6                ภDึ23/23/23 24/24/24 25/25/25
f v -0.024881 0.969519 -0.091469 0.0000 0.6944 0.0000
  ูฏ0้Cm'พมI๐๖t/p•นI/฿ำคฌญฮq{=3fýtบ‘ฏ:	ขฅQ Tฎjuญ;ญÜ    HAํ@,ธ  ธธ  ไbฃ‘PPช-}'แุ4wาÞÛvษ&`       j]87๔aA ธ  ~%"–                         `         ส         @       €฿M   ภา60  ภา60  า60  4       €฿M   ภา60  ภา60  า60    €?  €?1.0000 1.0000
          ,๔M                   T         ส  þึM   €฿M   ภา60  ภา60  า60  ”ำ๗นปช0.9904 0.1271 0.0545
4

                ,๔M                   D         ส  ๐ฺM   bชgไ๚  uืM   9                ภDึ25/25/25 24/24/24 26/26/26
f v -0.024881 0.969519 -0.091469 0.0000 0.6944 0.0000
  ูฏ0้Cm'พมI๐๖t/p•นI/฿ำคฌญฮq{=3fýtบ‘ฏ:	ขฅQ Tฎjuญ;ญÜ    HAํ@,ธ  ธธ  ไbฃ‘PPช-}'แุ4wาÞÛvษ&`       j]87๔aA ธ  ~%"–                         `         ส         @       €฿M   ภา60  ภา60  า60  4       €฿M   ภา60  ภา60  า60    €?  €?1.0000 1.0000
          ,๔M                   T         ส  þึM   €฿M   ภา60  ภา60  า60  ”ำ๗นปช0.9904 0.1271 0.0545
4

                ,๔M                   D         ส  ๐ฺM   bชgไ๚  uืM   <                ภDึ25/25/25 26/26/26 27/27/27
f v -0.024881 0.969519 -0.091469 0.0000 0.6944 0.0000
  ูฏ0้Cm'พมI๐๖t/p•นI/฿ำคฌญฮq{=3fýtบ‘ฏ:	ขฅQ Tฎjuญ;ญÜ    HAํ@,ธ  ธธ  ไbฃ‘PPช-}'แุ4wาÞÛvษ&`       j]87๔aA ธ  ~%"–                         `         ส         @       €฿M   ภา60  ภา60  า60  4       €฿M   ภา60  ภา60  า60    €?  €?1.0000 1.0000
          ,๔M                   T         ส  þึM   €฿M   ภา60  ภา60  า60  ”ำ๗นปช0.9904 0.1271 0.0545
4

                ,๔M                   D         ส  ๐ฺM   bชgไ๚  uืM   ?                ภDึ27/27/27 26/26/26 28/28/28
f v -0.024881 0.969519 -0.091469 0.0000 0.6944 0.0000
  ูฏ0้Cm'พมI๐๖t/p•นI/฿ำคฌญฮq{=3fýtบ‘ฏ:	ขฅQ Tฎjuญ;ญÜ    HAํ@,ธ  ธธ  ไbฃ‘PPช-}'แุ4wาÞÛvษ&`       j]87๔aA ธ  ~%"–                         `         ส         @       €฿M   ภา60  ภา60  า60  4       €฿M   ภา60  ภา60  า60    €?  €?1.0000 1.0000
          ,๔M                   T         ส  þึM   €฿M   ภา60  ภา60  า60  ”ำ๗นปช0.9904 0.1271 0.0545
4

                ,๔M                   D         ส  ๐ฺM   bชgไ๚  uืM   B                ภDึ27/27/27 28/28/28 29/29/29
f v -0.024881 0.969519 -0.091469 0.0000 0.6944 0.0000
  ูฏ0้Cm'พมI๐๖t/p•นI/฿ำคฌญฮq{=3fýtบ‘ฏ:	ขฅQ Tฎjuญ;ญÜ    HAํ@,ธ  ธธ  ไbฃ‘PPช-}'แุ4wาÞÛvษ&`       j]87๔aA ธ  ~%"–                         `         ส         @       €฿M   ภา60  ภา60  า60  4       €฿M   ภา60  ภา60  า60    €?  €?1.0000 1.0000
          ,๔M                   T         ส  þึM   €฿M   ภา60  ภา60  า60  ”ำ๗นปช0.9904 0.1271 0.0545
4

                ,๔M                   D         ส  ๐ฺM   bชgไ๚  uืM   E                ภDึ29/29/29 28/28/28 30/30/30
f v -0.024881 0.969519 -0.091469 0.0000 0.6944 0.0000
  ูฏ0้Cm'พมI๐๖t/p•นI/฿ำคฌญฮq{=3fýtบ‘ฏ:	ขฅQ Tฎjuญ;ญÜ    HAํ@,ธ  ธธ  ไbฃ‘PPช-}'แุ4wาÞÛvษ&`       j]87๔aA ธ  ~%"–                         `         ส         @       €฿M   ภา60  ภา60  า60  4       €฿M   ภา60  ภา60  า60    €?  €?1.0000 1.0000
          ,๔M                   T         ส  þึM   €฿M   ภา60  ภา60  า60  ”ำ๗นปช0.9904 0.1271 0.0545
4

                ,๔M                   D         ส  ๐ฺM   bชgไ๚  uืM   H              !   ภDึ31/31/31 32/32/32 33/33/33
f v -0.024881 0.969519 -0.091469 0.0000 0.6944 0.0000
  ูฏ0้Cm'พมI๐๖t/p•นI/฿ำคฌญฮq{=3fýtบ‘ฏ:	ขฅQ Tฎjuญ;ญÜ    HAํ@,ธ  ธธ  ไbฃ‘PPช-}'แุ4wาÞÛvษ&`       j]87๔aA ธ  ~%"–                         `         ส         @       €฿M   ภา60  ภา60  า60  4       €฿M   ภา60  ภา60  า60    €?  €?1.0000 1.0000
          ,๔M                   T         ส  þึM   €฿M   ภา60  ภา60  า60  ”ำ๗นปช0.9904 0.1271 0.0545
4

                ,๔M                   D         ส  ๐ฺM   bชgไ๚  uืM   K       !       "   ภDึ33/33/33 32/32/32 34/34/34
f v -0.024881 0.969519 -0.091469 0.0000 0.6944 0.0000
  ูฏ0้Cm'พมI๐๖t/p•นI/฿ำคฌญฮq{=3fýtบ‘ฏ:	ขฅQ Tฎjuญ;ญÜ    HAํ@,ธ  ธธ  ไbฃ‘PPช-}'แุ4wาÞÛvษ&`       j]87๔aA ธ  ~%"–                         `         ส         @       €฿M   ภา60  ภา60  า60  4       €฿M   ภา60  ภา60  า60    €?  €?1.0000 1.0000
          ,๔M                   T         ส  þึM   €฿M   ภา60  ภา60  า60  ”ำ๗นปช0.9904 0.1271 0.0545
4

                ,๔M                   D         ส  ๐ฺM   bชgไ๚  uืM   N       !   "   #   ภDึ33/33/33 34/34/34 35/35/35
f v -0.024881 0.969519 -0.091469 0.0000 0.6944 0.0000
  ูฏ0้Cm'พมI๐๖t/p•นI/฿ำคฌญฮq{=3fýtบ‘ฏ:	ขฅQ Tฎjuญ;ญÜ    HAํ@,ธ  ธธ  ไbฃ‘PPช-}'แุ4wาÞÛvษ&`       j]87๔aA ธ  ~%"–                         `         ส         @       €฿M   ภา60  ภา60  า60  4       €฿M   ภา60  ภา60  า60    €?  €?1.0000 1.0000
          ,๔M                   T         ส  þึM   €฿M   ภา60  ภา60  า60  ”ำ๗นปช0.9904 0.1271 0.0545
4

                ,๔M                   D         ส  ๐ฺM   bชgไ๚  uืM   Q       #   "   $   ภDึ35/35/35 34/34/34 36/36/36
f v -0.024881 0.969519 -0.091469 0.0000 0.6944 0.0000
  ูฏ0้Cm'พมI๐๖t/p•นI/฿ำคฌญฮq{=3fýtบ‘ฏ:	ขฅQ Tฎjuญ;ญÜ    HAํ@,ธ  ธธ  ไbฃ‘PPช-}'แุ4wาÞÛvษ&`       j]87๔aA ธ  ~%"–                         `         ส         @       €฿M   ภา60  ภา60  า60  4       €฿M   ภา60  ภา60  า60    €?  €?1.0000 1.0000
          ,๔M                   T         ส  þึM   €฿M   ภา60  ภา60  า60  ”ำ๗นปช0.9904 0.1271 0.0545
4

                ,๔M                   D         ส  ๐ฺM   bชgไ๚  uืM   T       #   $   %   ภDึ35/35/35 36/36/36 37/37/37
f v -0.024881 0.969519 -0.091469 0.0000 0.6944 0.0000
  ูฏ0้Cm'พมI๐๖t/p•นI/฿ำคฌญฮq{=3fýtบ‘ฏ:	ขฅQ Tฎjuญ;ญÜ    HAํ@,ธ  ธธ  ไbฃ‘PPช-}'แุ4wาÞÛvษ&`       j]87๔aA ธ  ~%"–                         `         ส         @       €฿M   ภา60  ภา60  า60  4       €฿M   ภา60  ภา60  า60    €?  €?1.0000 1.0000
          ,๔M                   T         ส  þึM   €฿M   ภา60  ภา60  า60  ”ำ๗นปช0.9904 0.1271 0.0545
4

                ,๔M                   D         ส  ๐ฺM   bชgไ๚  uืM   W       %   $   &   ภDึ37/37/37 36/36/36 38/38/38
f v -0.024881 0.969519 -0.091469 0.0000 0.6944 0.0000
  ูฏ0้Cm'พมI๐๖t/p•นI/฿ำคฌญฮq{=3fýtบ‘ฏ:	ขฅQ Tฎjuญ;ญÜ    HAํ@,ธ  ธธ  ไbฃ‘PPช-}'แุ4wาÞÛvษ&`       j]87๔aA ธ  ~%"–                         `         ส         @       €฿M   ภา60  ภา60  า60  4       €฿M   ภา60  ภา60  า60    €?  €?1.0000 1.0000
          ,๔M                   T         ส  þึM   €฿M   ภา60  ภา60  า60  ”ำ๗นปช0.9904 0.1271 0.0545
4

                ,๔M                   D         ส  ๐ฺM   bชgไ๚  uืM   Z       %   &   '   ภDึ37/37/37 38/38/38 39/39/39
f v -0.024881 0.969519 -0.091469 0.0000 0.6944 0.0000
  ูฏ0้Cm'พมI๐๖t/p•นI/฿ำคฌญฮq{=3fýtบ‘ฏ:	ขฅQ Tฎjuญ;ญÜ    HAํ@,ธ  ธธ  ไbฃ‘PPช-}'แุ4wาÞÛvษ&`       j]87๔aA ธ  ~%"–                         `         ส         @       €฿M   ภา60  ภา60  า60  4       €฿M   ภา60  ภา60  า60    €?  €?1.0000 1.0000
          ,๔M                   T         ส  þึM   €฿M   ภา60  ภา60  า60  ”ำ๗นปช0.9904 0.1271 0.0545
4

                ,๔M                   D         ส  ๐ฺM   bชgไ๚  uืM   ]       '   &   (   ภDึ39/39/39 38/38/38 40/40/40
f v -0.024881 0.969519 -0.091469 0.0000 0.6944 0.0000
  ูฏ0้Cm'พมI๐๖t/p•นI/฿ำคฌญฮq{=3fýtบ‘ฏ:	ขฅQ Tฎjuญ;ญÜ    HAํ@,ธ  ธธ  ไbฃ‘PPช-}'แุ4wาÞÛvษ&`       j]87๔aA ธ  ~%"–                         `         ส         @       €฿M   ภา60  ภา60  า60  4       €฿M   ภา60  ภา60  า60    €?  €?1.0000 1.0000
          ,๔M                   T         ส  þึM   €฿M   ภา60  ภา60  า60  ”ำ๗นปช0.9904 0.1271 0.0545
4

                ,๔M                   D         ส  ๐ฺM   bชgไ๚  uืM   `       )   *   +   ภDึ41/41/41 42/42/42 43/43/43
f v -0.024881 0.969519 -0.091469 0.0000 0.6944 0.0000
  ูฏ0้Cm'พมI๐๖t/p•นI/฿ำคฌญฮq{=3fýtบ‘ฏ:	ขฅQ Tฎjuญ;ญÜ    HAํ@,ธ  ธธ  ไbฃ‘PPช-}'แุ4wาÞÛvษ&`       j]87๔aA ธ  ~%"–                         `         ส         @       €฿M   ภา60  ภา60  า60  4       €฿M   ภา60  ภา60  า60    €?  €?1.0000 1.0000
          ,๔M                   T         ส  þึM   €฿M   ภา60  ภา60  า60  ”ำ๗นปช0.9904 0.1271 0.0545
4

                ,๔M                   D         ส  ๐ฺM   bชgไ๚  uืM   c       +   *   ,   ภDึ43/43/43 42/42/42 44/44/44
f v -0.024881 0.969519 -0.091469 0.0000 0.6944 0.0000
  ูฏ0้Cm'พมI๐๖t/p•นI/฿ำคฌญฮq{=3fýtบ‘ฏ:	ขฅQ Tฎjuญ;ญÜ    HAํ@,ธ  ธธ  ไbฃ‘PPช-}'แุ4wาÞÛvษ&`       j]87๔aA ธ  ~%"–                         `         ส         @       €฿M   ภา60  ภา60  า60  4       €฿M   ภา60  ภา60  า60    €?  €?1.0000 1.0000
          ,๔M                   T         ส  þึM   €฿M   ภา60  ภา60  า60  ”ำ๗นปช0.9904 0.1271 0.0545
4

                ,๔M                   D         ส  ๐ฺM   bชgไ๚  uืM   f       +   ,   -   ภDึ43/43/43 44/44/44 45/45/45
f v -0.024881 0.969519 -0.091469 0.0000 0.6944 0.0000
  ูฏ0้Cm'พมI๐๖t/p•นI/฿ำคฌญฮq{=3fýtบ‘ฏ:	ขฅQ Tฎjuญ;ญÜ    HAํ@,ธ  ธธ  ไbฃ‘PPช-}'แุ4wาÞÛvษ&`       j]87๔aA ธ  ~%"–                         `         ส         @       €฿M   ภา60  ภา60  า60  4       €฿M   ภา60  ภา60  า60    €?  €?1.0000 1.0000
          ,๔M                   T         ส  þึM   €฿M   ภา60  ภา60  า60  ”ำ๗นปช0.9904 0.1271 0.0545
4

                ,๔M                   D         ส  ๐ฺM   bชgไ๚  uืM   i       -   ,   .   ภDึ45/45/45 44/44/44 46/46/46
f v -0.024881 0.969519 -0.091469 0.0000 0.6944 0.0000
  ูฏ0้Cm'พมI๐๖t/p•นI/฿ำคฌญฮq{=3fýtบ‘ฏ:	ขฅQ Tฎjuญ;ญÜ    HAํ@,ธ  ธธ  ไbฃ‘PPช-}'แุ4wาÞÛvษ&`       j]87๔aA ธ  ~%"–                         `         ส         @       €฿M   ภา60  ภา60  า60  4       €฿M   ภา60  ภา60  า60    €?  €?1.0000 1.0000
          ,๔M                   T         ส  þึM   €฿M   ภา60  ภา60  า60  ”ำ๗นปช0.9904 0.1271 0.0545
4

                ,๔M                   D         ส  ๐ฺM   bชgไ๚  uืM   l       -   .   /   ภDึ45/45/45 46/46/46 47/47/47
f v -0.024881 0.969519 -0.091469 0.0000 0.6944 0.0000
  ูฏ0้Cm'พมI๐๖t/p•นI/฿ำคฌญฮq{=3fýtบ‘ฏ:	ขฅQ Tฎjuญ;ญÜ    HAํ@,ธ  ธธ  ไbฃ‘PPช-}'แุ4wาÞÛvษ&`       j]87๔aA ธ  ~%"–                         `         ส         @       €฿M   ภา60  ภา60  า60  4       €฿M   ภา60  ภา60  า60    €?  €?1.0000 1.0000
          ,๔M                   T         ส  þึM   €฿M   ภา60  ภา60  า60  ”ำ๗นปช0.9904 0.1271 0.0545
4

                ,๔M                   D         ส  ๐ฺM   bชgไ๚  uืM   o       /   .   0   ภDึ47/47/47 46/46/46 48/48/48
f v -0.024881 0.969519 -0.091469 0.0000 0.6944 0.0000
  ูฏ0้Cm'พมI๐๖t/p•นI/฿ำคฌญฮq{=3fýtบ‘ฏ:	ขฅQ Tฎjuญ;ญÜ    HAํ@,ธ  ธธ  ไbฃ‘PPช-}'แุ4wาÞÛvษ&`       j]87๔aA ธ  ~%"–                         `         ส         @       €฿M   ภา60  ภา60  า60  4       €฿M   ภา60  ภา60  า60    €?  €?1.0000 1.0000
          ,๔M                   T         ส  þึM   €฿M   ภา60  ภา60  า60  ”ำ๗นปช0.9904 0.1271 0.0545
4

                ,๔M                   D         ส  ๐ฺM   bชgไ๚  uืM   r       /   0   1   ภDึ47/47/47 48/48/48 49/49/49
f v -0.024881 0.969519 -0.091469 0.0000 0.6944 0.0000
  ูฏ0้Cm'พมI๐๖t/p•นI/฿ำคฌญฮq{=3fýtบ‘ฏ:	ขฅQ Tฎjuญ;ญÜ    HAํ@,ธ  ธธ  ไbฃ‘PPช-}'แุ4wาÞÛvษ&`       j]87๔aA ธ  ~%"–                         `         ส         @       €฿M   ภา60  ภา60  า60  4       €฿M   ภา60  ภา60  า60    €?  €?1.0000 1.0000
          ,๔M                   T         ส  þึM   €฿M   ภา60  ภา60  า60  ”ำ๗นปช0.9904 0.1271 0.0545
4

                ,๔M                   D         ส  ๐ฺM   bชgไ๚  uืM   u       1   0   2   ภDึ49/49/49 48/48/48 50/50/50
f v -0.024881 0.969519 -0.091469 0.0000 0.6944 0.0000
  ูฏ0้Cm'พมI๐๖t/p•นI/฿ำคฌญฮq{=3fýtบ‘ฏ:	ขฅQ Tฎjuญ;ญÜ    HAํ@,ธ  ธธ  ไbฃ‘PPช-}'แุ4wาÞÛvษ&`       j]87๔aA ธ  ~%"–                         `         ส         @       €฿M   ภา60  ภา60  า60  4       €฿M   ภา60  ภา60  า60    €?  €?1.0000 1.0000
          ,๔M                   T         ส  þึM   €฿M   ภา60  ภา60  า60  ”ำ๗นปช0.9904 0.1271 0.0545
4

                ,๔M                   D         ส  ๐ฺM   bชgไ๚  uืM   x       3   4   5   ภDึ51/51/51 52/52/52 53/53/53
f v -0.024881 0.969519 -0.091469 0.0000 0.6944 0.0000
  ูฏ0้Cm'พมI๐๖t/p•นI/฿ำคฌญฮq{=3fýtบ‘ฏ:	ขฅQ Tฎjuญ;ญÜ    HAํ@,ธ  ธธ  ไbฃ‘PPช-}'แุ4wาÞÛvษ&`       j]87๔aA ธ  ~%"–                         `         ส         @       €฿M   ภา60  ภา60  า60  4       €฿M   ภา60  ภา60  า60    €?  €?1.0000 1.0000
          ,๔M                   T         ส  þึM   €฿M   ภา60  ภา60  า60  ”ำ๗นปช0.9904 0.1271 0.0545
4

                ,๔M                   D         ส  ๐ฺM   bชgไ๚  uืM   {       5   4   6   ภDึ53/53/53 52/52/52 54/54/54
f v -0.024881 0.969519 -0.091469 0.0000 0.6944 0.0000
  ูฏ0้Cm'พมI๐๖t/p•นI/฿ำคฌญฮq{=3fýtบ‘ฏ:	ขฅQ Tฎjuญ;ญÜ    HAํ@,ธ  ธธ  ไbฃ‘PPช-}'แุ4wาÞÛvษ&`       j]87๔aA ธ  ~%"–                         `         ส         @       €฿M   ภา60  ภา60  า60  4       €฿M   ภา60  ภา60  า60    €?  €?1.0000 1.0000
          ,๔M                   T         ส  þึM   €฿M   ภา60  ภา60  า60  ”ำ๗นปช0.9904 0.1271 0.0545
4

                ,๔M                   D         ส  ๐ฺM   bชgไ๚  uืM   ~       5   6   7   ภDึ53/53/53 54/54/54 55/55/55
f v -0.024881 0.969519 -0.091469 0.0000 0.6944 0.0000
  ูฏ0้Cm'พมI๐๖t/p•นI/฿ำคฌญฮq{=3fýtบ‘ฏ:	ขฅQ Tฎjuญ;ญÜ    HAํ@,ธ  ธธ  ไbฃ‘PPช-}'แุ4wาÞÛvษ&`       j]87๔aA ธ  ~%"–                         `         ส         @       €฿M   ภา60  ภา60  า60  4       €฿M   ภา60  ภา60  า60    €?  €?1.0000 1.0000
          ,๔M                   T         ส  þึM   €฿M   ภา60  ภา60  า60  ”ำ๗นปช0.9904 0.1271 0.0545
4

                ,๔M                   D         ส  ๐ฺM   bชgไ๚  uืM          7   6   8   ภDึ55/55/55 54/54/54 56/56/56
f v -0.024881 0.969519 -0.091469 0.0000 0.6944 0.0000
  ูฏ0้Cm'พมI๐๖t/p•นI/฿ำคฌญฮq{=3fýtบ‘ฏ:	ขฅQ Tฎjuญ;ญÜ    HAํ@,ธ  ธธ  ไbฃ‘PPช-}'แุ4wาÞÛvษ&`       j]87๔aA ธ  ~%"–                         `         ส         @       €฿M   ภา60  ภา60  า60  4       €฿M   ภา60  ภา60  า60    €?  €?1.0000 1.0000
          ,๔M                   T         ส  þึM   €฿M   ภา60  ภา60  า60  ”ำ๗นปช0.9904 0.1271 0.0545
4

                ,๔M                   D         ส  ๐ฺM   bชgไ๚  uืM          7   8   9   ภDึ55/55/55 56/56/56 57/57/57
f v -0.024881 0.969519 -0.091469 0.0000 0.6944 0.0000
  ูฏ0้Cm'พมI๐๖t/p•นI/฿ำคฌญฮq{=3fýtบ‘ฏ:	ขฅQ Tฎjuญ;ญÜ    HAํ@,ธ  ธธ  ไbฃ‘PPช-}'แุ4wาÞÛvษ&`       j]87๔aA ธ  ~%"–                         `         ส         @       €฿M   ภา60  ภา60  า60  4       €฿M   ภา60  ภา60  า60    €?  €?1.0000 1.0000
          ,๔M                   T         ส  þึM   €฿M   ภา60  ภา60  า60  ”ำ๗นปช0.9904 0.1271 0.0545
4

                ,๔M                   D         ส  ๐ฺM   bชgไ๚  uืM          9   8   :   ภDึ57/57/57 56/56/56 58/58/58
f v -0.024881 0.969519 -0.091469 0.0000 0.6944 0.0000
  ูฏ0้Cm'พมI๐๖t/p•นI/฿ำคฌญฮq{=3fýtบ‘ฏ:	ขฅQ Tฎjuญ;ญÜ    HAํ@,ธ  ธธ  ไbฃ‘PPช-}'แุ4wาÞÛvษ&`       j]87๔aA ธ  ~%"–                         `         ส         @       €฿M   ภา60  ภา60  า60  4       €฿M   ภา60  ภา60  า60    €?  €?1.0000 1.0000
          ,๔M                   T         ส  þึM   €฿M   ภา60  ภา60  า60  ”ำ๗นปช0.9904 0.1271 0.0545
4

                ,๔M                   D         ส  ๐ฺM   bชgไ๚  uืM          9   :   ;   ภDึ57/57/57 58/58/58 59/59/59
f v -0.024881 0.969519 -0.091469 0.0000 0.6944 0.0000
  ูฏ0้Cm'พมI๐๖t/p•นI/฿ำคฌญฮq{=3fýtบ‘ฏ:	ขฅQ Tฎjuญ;ญÜ    HAํ@,ธ  ธธ  ไbฃ‘PPช-}'แุ4wาÞÛvษ&`       j]87๔aA ธ  ~%"–                         `         ส         @       €฿M   ภา60  ภา60  า60  4       €฿M   ภา60  ภา60  า60    €?  €?1.0000 1.0000
          ,๔M                   T         ส  þึM   €฿M   ภา60  ภา60  า60  ”ำ๗นปช0.9904 0.1271 0.0545
4

                ,๔M                   D         ส  ๐ฺM   bชgไ๚  uืM          ;   :   <   ภDึ59/59/59 58/58/58 60/60/60
f v -0.024881 0.969519 -0.091469 0.0000 0.6944 0.0000
  ูฏ0้Cm'พมI๐๖t/p•นI/฿ำคฌญฮq{=3fýtบ‘ฏ:	ขฅQ Tฎjuญ;ญÜ    HAํ@,ธ  ธธ  ไbฃ‘PPช-}'แุ4wาÞÛvษ&`       j]87๔aA ธ  ~%"–                         `         ส         @       €฿M   ภา60  ภา60  า60  4       €฿M   ภา60  ภา60  า60    €?  €?1.0000 1.0000
          ,๔M                   T         ส  þึM   €฿M   ภา60  ภา60  า60  ”ำ๗นปช0.9904 0.1271 0.0545
4

                ,๔M                   D         ส  ๐ฺM   bชgไ๚  uืM          =   >   ?   ภDึ61/61/61 62/62/62 63/63/63
f v -0.024881 0.969519 -0.091469 0.0000 0.6944 0.0000
  ูฏ0้Cm'พมI๐๖t/p•นI/฿ำคฌญฮq{=3fýtบ‘ฏ:	ขฅQ Tฎjuญ;ญÜ    HAํ@,ธ  ธธ  ไbฃ‘PPช-}'แุ4wาÞÛvษ&`       j]87๔aA ธ  ~%"–                         `         ส         @       €฿M   ภา60  ภา60  า60  4       €฿M   ภา60  ภา60  า60    €?  €?1.0000 1.0000
          ,๔M                   T         ส  þึM   €฿M   ภา60  ภา60  า60  ”ำ๗นปช0.9904 0.1271 0.0545
4

                ,๔M                   D         ส  ๐ฺM   bชgไ๚  uืM   “       ?   >   @   ภDึ63/63/63 62/62/62 64/64/64
f v -0.024881 0.969519 -0.091469 0.0000 0.6944 0.0000
  ูฏ0้Cm'พมI๐๖t/p•นI/฿ำคฌญฮq{=3fýtบ‘ฏ:	ขฅQ Tฎjuญ;ญÜ    HAํ@,ธ  ธธ  ไbฃ‘PPช-}'แุ4wาÞÛvษ&`       j]87๔aA ธ  ~%"–                         `         ส         @       €฿M   ภา60  ภา60  า60  4       €฿M   ภา60  ภา60  า60    €?  €?1.0000 1.0000
          ,๔M                   T         ส  þึM   €฿M   ภา60  ภา60  า60  ”ำ๗นปช0.9904 0.1271 0.0545
4

                ,๔M                   D         ส  ๐ฺM   bชgไ๚  uืM   –       ?   @   A   ภDึ63/63/63 64/64/64 65/65/65
f v -0.024881 0.969519 -0.091469 0.0000 0.6944 0.0000
  ูฏ0้Cm'พมI๐๖t/p•นI/฿ำคฌญฮq{=3fýtบ‘ฏ:	ขฅQ Tฎjuญ;ญÜ    HAํ@,ธ  ธธ  ไbฃ‘PPช-}'แุ4wาÞÛvษ&`       j]87๔aA ธ  ~%"–                         `         ส         @       €฿M   ภา60  ภา60  า60  4       €฿M   ภา60  ภา60  า60    €?  €?1.0000 1.0000
          ,๔M                   T         ส  þึM   €฿M   ภา60  ภา60  า60  ”ำ๗นปช0.9904 0.1271 0.0545
4

                ,๔M                   D         ส  ๐ฺM   bชgไ๚  uืM          A   @   B   ภDึ65/65/65 64/64/64 66/66/66
f v -0.024881 0.969519 -0.091469 0.0000 0.6944 0.0000
  ูฏ0้Cm'พมI๐๖t/p•นI/฿ำคฌญฮq{=3fýtบ‘ฏ:	ขฅQ Tฎjuญ;ญÜ    HAํ@,ธ  ธธ  ไbฃ‘PPช-}'แุ4wาÞÛvษ&`       j]87๔aA ธ  ~%"–                         `         ส         @       €฿M   ภา60  ภา60  า60  4       €฿M   ภา60  ภา60  า60    €?  €?1.0000 1.0000
          ,๔M                   T         ส  þึM   €฿M   ภา60  ภา60  า60  ”ำ๗นปช0.9904 0.1271 0.0545
4

                ,๔M                   D         ส  ๐ฺM   bชgไ๚  uืM          A   B   C   ภDึ65/65/65 66/66/66 67/67/67
f v -0.024881 0.969519 -0.091469 0.0000 0.6944 0.0000
  ูฏ0้Cm'พมI๐๖t/p•นI/฿ำคฌญฮq{=3fýtบ‘ฏ:	ขฅQ Tฎjuญ;ญÜ    HAํ@,ธ  ธธ  ไbฃ‘PPช-}'แุ4wาÞÛvษ&`       j]87๔aA ธ  ~%"–                         `         ส         @       €฿M   ภา60  ภา60  า60  4       €฿M   ภา60  ภา60  า60    €?  €?1.0000 1.0000
          ,๔M                   T         ส  þึM   €฿M   ภา60  ภา60  า60  ”ำ๗นปช0.9904 0.1271 0.0545
4

                ,๔M                   D         ส  ๐ฺM   bชgไ๚  uืM          C   B   D   ภDึ67/67/67 66/66/66 68/68/68
f v -0.024881 0.969519 -0.091469 0.0000 0.6944 0.0000
  ูฏ0้Cm'พมI๐๖t/p•นI/฿ำคฌญฮq{=3fýtบ‘ฏ:	ขฅQ Tฎjuญ;ญÜ    HAํ@,ธ  ธธ  ไbฃ‘PPช-}'แุ4wาÞÛvษ&`       j]87๔aA ธ  ~%"–                         `         ส         @       €฿M   ภา60  ภา60  า60  4       €฿M   ภา60  ภา60  า60    €?  €?1.0000 1.0000
          ,๔M                   T         ส  þึM   €฿M   ภา60  ภา60  า60  ”ำ๗นปช0.9904 0.1271 0.0545
4

                ,๔M                   D         ส  ๐ฺM   bชgไ๚  uืM   ข       C   D   E   ภDึ67/67/67 68/68/68 69/69/69
f v -0.024881 0.969519 -0.091469 0.0000 0.6944 0.0000
  ูฏ0้Cm'พมI๐๖t/p•นI/฿ำคฌญฮq{=3fýtบ‘ฏ:	ขฅQ Tฎjuญ;ญÜ    HAํ@,ธ  ธธ  ไbฃ‘PPช-}'แุ4wาÞÛvษ&`       j]87๔aA ธ  ~%"–                         `         ส         @       €฿M   ภา60  ภา60  า60  4       €฿M   ภา60  ภา60  า60    €?  €?1.0000 1.0000
          ,๔M                   T         ส  þึM   €฿M   ภา60  ภา60  า60  ”ำ๗นปช0.9904 0.1271 0.0545
4

                ,๔M                   D         ส  ๐ฺM   bชgไ๚  uืM   ฅ       E   D   F   ภDึ69/69/69 68/68/68 70/70/70
f v -0.024881 0.969519 -0.091469 0.0000 0.6944 0.0000
  ูฏ0้Cm'พมI๐๖t/p•นI/฿ำคฌญฮq{=3fýtบ‘ฏ:	ขฅQ Tฎjuญ;ญÜ    HAํ@,ธ  ธธ  ไbฃ‘PPช-}'แุ4wาÞÛvษ&`       j]87๔aA ธ  ~%"–                         `         ส         @       €฿M   ภา60  ภา60  า60  4       €฿M   ภา60  ภา60  า60    €?  €?1.0000 1.0000
          ,๔M                   T         ส  þึM   €฿M   ภา60  ภา60  า60  ”ำ๗นปช0.9904 0.1271 0.0545
4

                ,๔M                   D         ส  ๐ฺM   bชgไ๚  uืM   จ       G   H   I   ภDึ71/71/71 72/72/72 73/73/73
f v -0.024881 0.969519 -0.091469 0.0000 0.6944 0.0000
  ูฏ0้Cm'พมI๐๖t/p•นI/฿ำคฌญฮq{=3fýtบ‘ฏ:	ขฅQ Tฎjuญ;ญÜ    HAํ@,ธ  ธธ  ไbฃ‘PPช-}'แุ4wาÞÛvษ&`       j]87๔aA ธ  ~%"–                         `         ส         @       €฿M   ภา60  ภา60  า60  4       €฿M   ภา60  ภา60  า60    €?  €?1.0000 1.0000
          ,๔M                   T         ส  þึM   €฿M   ภา60  ภา60  า60  ”ำ๗นปช0.9904 0.1271 0.0545
4

                ,๔M                   D         ส  ๐ฺM   bชgไ๚  uืM   ซ       G   I   J   ภDึ71/71/71 73/73/73 74/74/74
f v -0.024881 0.969519 -0.091469 0.0000 0.6944 0.0000
  ูฏ0้Cm'พมI๐๖t/p•นI/฿ำคฌญฮq{=3fýtบ‘ฏ:	ขฅQ Tฎjuญ;ญÜ    HAํ@,ธ  ธธ  ไbฃ‘PPช-}'แุ4wาÞÛvษ&`       j]87๔aA ธ  ~%"–                         `         ส         @       €฿M   ภา60  ภา60  า60  4       €฿M   ภา60  ภา60  า60    €?  €?1.0000 1.0000
          ,๔M                   T         ส  þึM   €฿M   ภา60  ภา60  า60  ”ำ๗นปช0.9904 0.1271 0.0545
4

                ,๔M                   D         ส  ๐ฺM   bชgไ๚  uืM   ฎ       G   I   H   ภDึ71/71/71 73/73/73 72/72/72
f v -0.024881 0.969519 -0.091469 0.0000 0.6944 0.0000
  ูฏ0้Cm'พมI๐๖t/p•นI/฿ำคฌญฮq{=3fýtบ‘ฏ:	ขฅQ Tฎjuญ;ญÜ    HAํ@,ธ  ธธ  ไbฃ‘PPช-}'แุ4wาÞÛvษ&`       j]87๔aA ธ  ~%"–                         `         ส         @       €฿M   ภา60  ภา60  า60  4       €฿M   ภา60  ภา60  า60    €?  €?1.0000 1.0000
          ,๔M                   T         ส  þึM   €฿M   ภา60  ภา60  า60  ”ำ๗นปช0.9904 0.1271 0.0545
4

                ,๔M                   D         ส  ๐ฺM   bชgไ๚  uืM   ฑ       G   J   I   ภDึ71/71/71 74/74/74 73/73/73
f v -0.024881 0.969519 -0.091469 0.0000 0.6944 0.0000
  ูฏ0้Cm'พมI๐๖t/p•นI/฿ำคฌญฮq{=3fýtบ‘ฏ:	ขฅQ Tฎjuญ;ญÜ    HAํ@,ธ  ธธ  ไbฃ‘PPช-}'แุ4wาÞÛvษ&`       j]87๔aA ธ  ~%"–                         `         ส         @       €฿M   ภา60  ภา60  า60  4       €฿M   ภา60  ภา60  า60    €?  €?1.0000 1.0000
          ,๔M                   T         ส  þึM   €฿M   ภา60  ภา60  า60  ”ำ๗นปช0.9904 0.1271 0.0545
4

                ,๔M                   D         ส  ๐ฺM   bชgไ๚  uืM   ด       K   L   M   ภDึ75/75/75 76/76/76 77/77/77
f v -0.024881 0.969519 -0.091469 0.0000 0.6944 0.0000
  ูฏ0้Cm'พมI๐๖t/p•นI/฿ำคฌญฮq{=3fýtบ‘ฏ:	ขฅQ Tฎjuญ;ญÜ    HAํ@,ธ  ธธ  ไbฃ‘PPช-}'แุ4wาÞÛvษ&`       j]87๔aA ธ  ~%"–                         `         ส         @       €฿M   ภา60  ภา60  า60  4       €฿M   ภา60  ภา60  า60    €?  €?1.0000 1.0000
          ,๔M                   T         ส  þึM   €฿M   ภา60  ภา60  า60  ”ำ๗นปช0.9904 0.1271 0.0545
4

                ,๔M                   D         ส  ๐ฺM   bชgไ๚  uืM   ท       K   M   N   ภDึ75/75/75 77/77/77 78/78/78
f v -0.024881 0.969519 -0.091469 0.0000 0.6944 0.0000
  ูฏ0้Cm'พมI๐๖t/p•นI/฿ำคฌญฮq{=3fýtบ‘ฏ:	ขฅQ Tฎjuญ;ญÜ    HAํ@,ธ  ธธ  ไbฃ‘PPช-}'แุ4wาÞÛvษ&`       j]87๔aA ธ  ~%"–                         `         ส         @       €฿M   ภา60  ภา60  า60  4       €฿M   ภา60  ภา60  า60    €?  €?1.0000 1.0000
          ,๔M                   T         ส  þึM   €฿M   ภา60  ภา60  า60  ”ำ๗นปช0.9904 0.1271 0.0545
4

                ,๔M                   D         ส  ๐ฺM   bชgไ๚  uืM   บ       K   M   L   ภDึ75/75/75 77/77/77 76/76/76
f v -0.024881 0.969519 -0.091469 0.0000 0.6944 0.0000
  ูฏ0้Cm'พมI๐๖t/p•นI/฿ำคฌญฮq{=3fýtบ‘ฏ:	ขฅQ Tฎjuญ;ญÜ    HAํ@,ธ  ธธ  ไbฃ‘PPช-}'แุ4wาÞÛvษ&`       j]87๔aA ธ  ~%"–                         `         ส         @       €฿M   ภา60  ภา60  า60  4       €฿M   ภา60  ภา60  า60    €?  €?1.0000 1.0000
          ,๔M                   T         ส  þึM   €฿M   ภา60  ภา60  า60  ”ำ๗นปช0.9904 0.1271 0.0545
4

                ,๔M                   D         ส  ๐ฺM   bชgไ๚  uืM   ฝ       K   N   M   ภDึ75/75/75 78/78/78 77/77/77
f v -0.024881 0.969519 -0.091469 0.0000 0.6944 0.0000
  ูฏ0้Cm'พมI๐๖t/p•นI/฿ำคฌญฮq{=3fýtบ‘ฏ:	ขฅQ Tฎjuญ;ญÜ    HAํ@,ธ  ธธ  ไbฃ‘PPช-}'แุ4wาÞÛvษ&`       j]87๔aA ธ  ~%"–                         `         ส         @       €฿M   ภา60  ภา60  า60  4       €฿M   ภา60  ภา60  า60    €?  €?1.0000 1.0000
          ,๔M                   T         ส  þึM   €฿M   ภา60  ภา60  า60  ”ำ๗นปช0.9904 0.1271 0.0545
4

                ,๔M                   D         ส  ๐ฺM   bชgไ๚  uืM   ภ       O   P   Q   ภDึ79/79/79 80/80/80 81/81/81
f v -0.024881 0.969519 -0.091469 0.0000 0.6944 0.0000
  ูฏ0้Cm'พมI๐๖t/p•นI/฿ำคฌญฮq{=3fýtบ‘ฏ:	ขฅQ Tฎjuญ;ญÜ    HAํ@,ธ  ธธ  ไbฃ‘PPช-}'แุ4wาÞÛvษ&`       j]87๔aA ธ  ~%"–                         `         ส         @       €฿M   ภา60  ภา60  า60  4       €฿M   ภา60  ภา60  า60    €?  €?1.0000 1.0000
          ,๔M                   T         ส  þึM   €฿M   ภา60  ภา60  า60  ”ำ๗นปช0.9904 0.1271 0.0545
4

                ,๔M                   D         ส  ๐ฺM   bชgไ๚  uืM   ร       O   Q   R   ภDึ79/79/79 81/81/81 82/82/82
f v -0.024881 0.969519 -0.091469 0.0000 0.6944 0.0000
  ูฏ0้Cm'พมI๐๖t/p•นI/฿ำคฌญฮq{=3fýtบ‘ฏ:	ขฅQ Tฎjuญ;ญÜ    HAํ@,ธ  ธธ  ไbฃ‘PPช-}'แุ4wาÞÛvษ&`       j]87๔aA ธ  ~%"–                         `         ส         @       €฿M   ภา60  ภา60  า60  4       €฿M   ภา60  ภา60  า60    €?  €?1.0000 1.0000
          ,๔M                   T         ส  þึM   €฿M   ภา60  ภา60  า60  ”ำ๗นปช0.9904 0.1271 0.0545
4

                ,๔M                   D         ส  ๐ฺM   bชgไ๚  uืM   ฦ       O   Q   P   ภDึ79/79/79 81/81/81 80/80/80
f v -0.024881 0.969519 -0.091469 0.0000 0.6944 0.0000
  ูฏ0้Cm'พมI๐๖t/p•นI/฿ำคฌญฮq{=3fýtบ‘ฏ:	ขฅQ Tฎjuญ;ญÜ    HAํ@,ธ  ธธ  ไbฃ‘PPช-}'แุ4wาÞÛvษ&`       j]87๔aA ธ  ~%"–                         `         ส         @       €฿M   ภา60  ภา60  า60  4       €฿M   ภา60  ภา60  า60    €?  €?1.0000 1.0000
          ,๔M                   T         ส  þึM   €฿M   ภา60  ภา60  า60  ”ำ๗นปช0.9904 0.1271 0.0545
4

                ,๔M                   D         ส  ๐ฺM   bชgไ๚  uืM   ษ       O   R   Q   ภDึ79/79/79 82/82/82 81/81/81
f v -0.024881 0.969519 -0.091469 0.0000 0.6944 0.0000
  ูฏ0้Cm'พมI๐๖t/p•นI/฿ำคฌญฮq{=3fýtบ‘ฏ:	ขฅQ Tฎjuญ;ญÜ    HAํ@,ธ  ธธ  ไbฃ‘PPช-}'แุ4wาÞÛvษ&`       j]87๔aA ธ  ~%"–                         `         ส         @       €฿M   ภา60  ภา60  า60  4       €฿M   ภา60  ภา60  า60    €?  €?1.0000 1.0000
          ,๔M                   T         ส  þึM   €฿M   ภา60  ภา60  า60  ”ำ๗นปช0.9904 0.1271 0.0545
4

                ,๔M                   D         ส  ๐ฺM   bชgไ๚  uืM   ฬ       S   T   U   ภDึ83/83/83 84/84/84 85/85/85
f v -0.024881 0.969519 -0.091469 0.0000 0.6944 0.0000
  ูฏ0้Cm'พมI๐๖t/p•นI/฿ำคฌญฮq{=3fýtบ‘ฏ:	ขฅQ Tฎjuญ;ญÜ    HAํ@,ธ  ธธ  ไbฃ‘PPช-}'แุ4wาÞÛvษ&`       j]87๔aA ธ  ~%"–                         `         ส         @       €฿M   ภา60  ภา60  า60  4       €฿M   ภา60  ภา60  า60    €?  €?1.0000 1.0000
          ,๔M                   T         ส  þึM   €฿M   ภา60  ภา60  า60  ”ำ๗นปช0.9904 0.1271 0.0545
4

                ,๔M                   D         ส  ๐ฺM   bชgไ๚  uืM   ฯ       S   U   V   ภDึ83/83/83 85/85/85 86/86/86
f v -0.024881 0.969519 -0.091469 0.0000 0.6944 0.0000
  ูฏ0้Cm'พมI๐๖t/p•นI/฿ำคฌญฮq{=3fýtบ‘ฏ:	ขฅQ Tฎjuญ;ญÜ    HAํ@,ธ  ธธ  ไbฃ‘PPช-}'แุ4wาÞÛvษ&`       j]87๔aA ธ  ~%"–                         `         ส         @       €฿M   ภา60  ภา60  า60  4       €฿M   ภา60  ภา60  า60    €?  €?1.0000 1.0000
          ,๔M                   T         ส  þึM   €฿M   ภา60  ภา60  า60  ”ำ๗นปช0.9904 0.1271 0.0545
4

                ,๔M                   D         ส  ๐ฺM   bชgไ๚  uืM   า       S   U   T   ภDึ83/83/83 85/85/85 84/84/84
f v -0.024881 0.969519 -0.091469 0.0000 0.6944 0.0000
  ูฏ0้Cm'พมI๐๖t/p•นI/฿ำคฌญฮq{=3fýtบ‘ฏ:	ขฅQ Tฎjuญ;ญÜ    HAํ@,ธ  ธธ  ไbฃ‘PPช-}'แุ4wาÞÛvษ&`       j]87๔aA ธ  ~%"–                         `         ส         @       €฿M   ภา60  ภา60  า60  4       €฿M   ภา60  ภา60  า60    €?  €?1.0000 1.0000
          ,๔M                   T         ส  þึM   €฿M   ภา60  ภา60  า60  ”ำ๗นปช0.9904 0.1271 0.0545
4

                ,๔M                   D         ส  ๐ฺM   bชgไ๚  uืM   ี       S   V   U   ภDึ83/83/83 86/86/86 85/85/85
f v -0.024881 0.969519 -0.091469 0.0000 0.6944 0.0000
  ูฏ0้Cm'พมI๐๖t/p•นI/฿ำคฌญฮq{=3fýtบ‘ฏ:	ขฅQ Tฎjuญ;ญÜ    HAํ@,ธ  ธธ  ไbฃ‘PPช-}'แุ4wาÞÛvษ&`       j]87๔aA ธ  ~%"–                         `         ส         @       €฿M   ภา60  ภา60  า60  4       €฿M   ภา60  ภา60  า60    €?  €?1.0000 1.0000
          ,๔M                   T         ส  þึM   €฿M   ภา60  ภา60  า60  ”ำ๗นปช0.9904 0.1271 0.0545
4

                ,๔M                   D         ส  ๐ฺM   bชgไ๚  uืM   ุ       W   X   Y   ภDึ87/87/87 88/88/88 89/89/89
f v -0.024881 0.969519 -0.091469 0.0000 0.6944 0.0000
  ูฏ0้Cm'พมI๐๖t/p•นI/฿ำคฌญฮq{=3fýtบ‘ฏ:	ขฅQ Tฎjuญ;ญÜ    HAํ@,ธ  ธธ  ไbฃ‘PPช-}'แุ4wาÞÛvษ&`       j]87๔aA ธ  ~%"–                         `         ส         @       €฿M   ภา60  ภา60  า60  4       €฿M   ภา60  ภา60  า60    €?  €?1.0000 1.0000
          ,๔M                   T         ส  þึM   €฿M   ภา60  ภา60  า60  ”ำ๗นปช0.9904 0.1271 0.0545
4

                ,๔M                   D         ส  ๐ฺM   bชgไ๚  uืM   Û       W   Y   Z   ภDึ87/87/87 89/89/89 90/90/90
f v -0.024881 0.969519 -0.091469 0.0000 0.6944 0.0000
  ูฏ0้Cm'พมI๐๖t/p•นI/฿ำคฌญฮq{=3fýtบ‘ฏ:	ขฅQ Tฎjuญ;ญÜ    HAํ@,ธ  ธธ  ไbฃ‘PPช-}'แุ4wาÞÛvษ&`       j]87๔aA ธ  ~%"–                         `         ส         @       €฿M   ภา60  ภา60  า60  4       €฿M   ภา60  ภา60  า60    €?  €?1.0000 1.0000
          ,๔M                   T         ส  þึM   €฿M   ภา60  ภา60  า60  ”ำ๗นปช0.9904 0.1271 0.0545
4

                ,๔M                   D         ส  ๐ฺM   bชgไ๚  uืM   Þ       W   Y   X   ภDึ87/87/87 89/89/89 88/88/88
f v -0.024881 0.969519 -0.091469 0.0000 0.6944 0.0000
  ูฏ0้Cm'พมI๐๖t/p•นI/฿ำคฌญฮq{=3fýtบ‘ฏ:	ขฅQ Tฎjuญ;ญÜ    HAํ@,ธ  ธธ  ไbฃ‘PPช-}'แุ4wาÞÛvษ&`       j]87๔aA ธ  ~%"–                         `         ส         @       €฿M   ภา60  ภา60  า60  4       €฿M   ภา60  ภา60  า60    €?  €?1.0000 1.0000
          ,๔M                   T         ส  þึM   €฿M   ภา60  ภา60  า60  ”ำ๗นปช0.9904 0.1271 0.0545
4

                ,๔M                   D         ส  ๐ฺM   bชgไ๚  uืM   แ       W   Z   Y   ภDึ87/87/87 90/90/90 89/89/89
f v -0.024881 0.969519 -0.091469 0.0000 0.6944 0.0000
  ูฏ0้Cm'พมI๐๖t/p•นI/฿ำคฌญฮq{=3fýtบ‘ฏ:	ขฅQ Tฎjuญ;ญÜ    HAํ@,ธ  ธธ  ไbฃ‘PPช-}'แุ4wาÞÛvษ&`       j]87๔aA ธ  ~%"–                         `         ส         @       €฿M   ภา60  ภา60  า60  4       €฿M   ภา60  ภา60  า60    €?  €?1.0000 1.0000
          ,๔M                   T         ส  þึM   €฿M   ภา60  ภา60  า60  ”ำ๗นปช0.9904 0.1271 0.0545
4

                ,๔M                   D         ส  ๐ฺM   bชgไ๚  uืM   ไ       [   \   ]   ภDึ91/91/91 92/92/92 93/93/93
f v -0.024881 0.969519 -0.091469 0.0000 0.6944 0.0000
  ูฏ0้Cm'พมI๐๖t/p•นI/฿ำคฌญฮq{=3fýtบ‘ฏ:	ขฅQ Tฎjuญ;ญÜ    HAํ@,ธ  ธธ  ไbฃ‘PPช-}'แุ4wาÞÛvษ&`       j]87๔aA ธ  ~%"–                         `         ส         @       €฿M   ภา60  ภา60  า60  4       €฿M   ภา60  ภา60  า60    €?  €?1.0000 1.0000
          ,๔M                   T         ส  þึM   €฿M   ภา60  ภา60  า60  ”ำ๗นปช0.9904 0.1271 0.0545
4

                ,๔M                   D         ส  ๐ฺM   bชgไ๚  uืM   ็       [   ]   ^   ภDึ91/91/91 93/93/93 94/94/94
f v -0.024881 0.969519 -0.091469 0.0000 0.6944 0.0000
  ูฏ0้Cm'พมI๐๖t/p•นI/฿ำคฌญฮq{=3fýtบ‘ฏ:	ขฅQ Tฎjuญ;ญÜ    HAํ@,ธ  ธธ  ไbฃ‘PPช-}'แุ4wาÞÛvษ&`       j]87๔aA ธ  ~%"–                         `         ส         @       €฿M   ภา60  ภา60  า60  4       €฿M   ภา60  ภา60  า60    €?  €?1.0000 1.0000
          ,๔M                   T         ส  þึM   €฿M   ภา60  ภา60  า60  ”ำ๗นปช0.9904 0.1271 0.0545
4

                ,๔M                   D         ส  ๐ฺM   bชgไ๚  uืM   ๊       [   ]   \   ภDึ91/91/91 93/93/93 92/92/92
f v -0.024881 0.969519 -0.091469 0.0000 0.6944 0.0000
  ูฏ0้Cm'พมI๐๖t/p•นI/฿ำคฌญฮq{=3fýtบ‘ฏ:	ขฅQ Tฎjuญ;ญÜ    HAํ@,ธ  ธธ  ไbฃ‘PPช-}'แุ4wาÞÛvษ&`       j]87๔aA ธ  ~%"–                         `         ส         @       €฿M   ภา60  ภา60  า60  4       €฿M   ภา60  ภา60  า60    €?  €?1.0000 1.0000
          ,๔M                   T         ส  þึM   €฿M   ภา60  ภา60  า60  ”ำ๗นปช0.9904 0.1271 0.0545
4

                ,๔M                   D         ส  ๐ฺM   bชgไ๚  uืM   ํ       [   ^   ]   ภDึ91/91/91 94/94/94 93/93/93
f v -0.024881 0.969519 -0.091469 0.0000 0.6944 0.0000
  ูฏ0้Cm'พมI๐๖t/p•นI/฿ำคฌญฮq{=3fýtบ‘ฏ:	ขฅQ Tฎjuญ;ญÜ    HAํ@,ธ  ธธ  ไbฃ‘PPช-}'แุ4wาÞÛvษ&`       j]87๔aA ธ  ~%"–                         `         ส         @       €฿M   ภา60  ภา60  า60  4       €฿M   ภา60  ภา60  า60    €?  €?1.0000 1.0000
          ,๔M                   T         ส  þึM   €฿M   ภา60  ภา60  า60  ”ำ๗นปช0.9904 0.1271 0.0545
4

                ,๔M                   D         ส  ๐ฺM   bชgไ๚  uืM   ๐       _   `   a   ภDึ95/95/95 96/96/96 97/97/97
f v -0.024881 0.969519 -0.091469 0.0000 0.6944 0.0000
  ูฏ0้Cm'พมI๐๖t/p•นI/฿ำคฌญฮq{=3fýtบ‘ฏ:	ขฅQ Tฎjuญ;ญÜ    HAํ@,ธ  ธธ  ไbฃ‘PPช-}'แุ4wาÞÛvษ&`       j]87๔aA ธ  ~%"–                         `         ส         @       €฿M   ภา60  ภา60  า60  4       €฿M   ภา60  ภา60  า60    €?  €?1.0000 1.0000
          ,๔M                   T         ส  þึM   €฿M   ภา60  ภา60  า60  ”ำ๗นปช0.9904 0.1271 0.0545
4

                ,๔M                   D         ส  ๐ฺM   bชgไ๚  uืM   ๓       _   a   b   ภDึ95/95/95 97/97/97 98/98/98
f v -0.024881 0.969519 -0.091469 0.0000 0.6944 0.0000
  ูฏ0้Cm'พมI๐๖t/p•นI/฿ำคฌญฮq{=3fýtบ‘ฏ:	ขฅQ Tฎjuญ;ญÜ    HAํ@,ธ  ธธ  ไbฃ‘PPช-}'แุ4wาÞÛvษ&`       j]87๔aA ธ  ~%"–                         `         ส         @       €฿M   ภา60  ภา60  า60  4       €฿M   ภา60  ภา60  า60    €?  €?1.0000 1.0000
          ,๔M                   T         ส  þึM   €฿M   ภา60  ภา60  า60  ”ำ๗นปช0.9904 0.1271 0.0545
4

                ,๔M                   D         ส  ๐ฺM   bชgไ๚  uืM   ๖       _   a   `   ภDึ95/95/95 97/97/97 96/96/96
f v -0.024881 0.969519 -0.091469 0.0000 0.6944 0.0000
  ูฏ0้Cm'พมI๐๖t/p•นI/฿ำคฌญฮq{=3fýtบ‘ฏ:	ขฅQ Tฎjuญ;ญÜ    HAํ@,ธ  ธธ  ไbฃ‘PPช-}'แุ4wาÞÛvษ&`       j]87๔aA ธ  ~%"–                         `         ส         @       €฿M   ภา60  ภา60  า60  4       €฿M   ภา60  ภา60  า60    €?  €?1.0000 1.0000
          ,๔M                   T         ส  þึM   €฿M   ภา60  ภา60  า60  ”ำ๗นปช0.9904 0.1271 0.0545
4

                ,๔M                   D         ส  ๐ฺM   bชgไ๚  uืM   ๙       _   b   a   ภDึ95/95/95 98/98/98 97/97/97
f v -0.024881 0.969519 -0.091469 0.0000 0.6944 0.0000
  ูฏ0้Cm'พมI๐๖t/p•นI/฿ำคฌญฮq{=3fýtบ‘ฏ:	ขฅQ Tฎjuญ;ญÜ    HAํ@,ธ  ธธ  ไbฃ‘PPช-}'แุ4wาÞÛvษ&`       j]87๔aA ธ  ~%"–                         `         ส         @       €฿M   ภา60  ภา60  า60  4       €฿M   ภา60  ภา60  า60    €?  €?1.0000 1.0000
          ,๔M                   T         ส  þึM   €฿M   ภา60  ภา60  า60  ”ำ๗นปช0.9904 0.1271 0.0545
4

                ,๔M                   D         ส  ๐ฺM   bชgไ๚  uืM   ü       c   d   e   ภDึ99/99/99 100/100/100 101/101/101
f v -0.024881 0.969519 -0.091469 0.0000 0.6944 0.0000
  ูฏ0้Cm'พมI๐๖t/p•นI/฿ำคฌญฮq{=3fýtบ‘ฏ:	ขฅQ Tฎjuญ;ญÜ    HAํ@,ธ  ธธ  ไbฃ‘PPช-}'แุ4wาÞÛvษ&`       j]87๔aA ธ  ~%"–                         `         ส         @       €฿M   ภา60  ภา60  า60  4       €฿M   ภา60  ภา60  า60    €?  €?1.0000 1.0000
          ,๔M                   T         ส  þึM   €฿M   ภา60  ภา60  า60  ”ำ๗นปช0.9904 0.1271 0.0545
4

                ,๔M                   D         ส  ๐ฺM   bชgไ๚  uืM   ÿ       c   e   f   ภDึ99/99/99 101/101/101 102/102/102
f v -0.024881 0.969519 -0.091469 0.0000 0.6944 0.0000
  ูฏ0้Cm'พมI๐๖t/p•นI/฿ำคฌญฮq{=3fýtบ‘ฏ:	ขฅQ Tฎjuญ;ญÜ    HAํ@,ธ  ธธ  ไbฃ‘PPช-}'แุ4wาÞÛvษ&`       j]87๔aA ธ  ~%"–                         `         ส         @       €฿M   ภา60  ภา60  า60  4       €฿M   ภา60  ภา60  า60    €?  €?1.0000 1.0000
          ,๔M                   T         ส  þึM   €฿M   ภา60  ภา60  า60  ”ำ๗นปช0.9904 0.1271 0.0545
4

                ,๔M                   D         ส  ๐ฺM   bชgไ๚  uืM         c   e   d   ภDึ99/99/99 101/101/101 100/100/100
f v -0.024881 0.969519 -0.091469 0.0000 0.6944 0.0000
  ูฏ0้Cm'พมI๐๖t/p•นI/฿ำคฌญฮq{=3fýtบ‘ฏ:	ขฅQ Tฎjuญ;ญÜ    HAํ@,ธ  ธธ  ไbฃ‘PPช-}'แุ4wาÞÛvษ&`       j]87๔aA ธ  ~%"–                         `         ส         @       €฿M   ภา60  ภา60  า60  4       €฿M   ภา60  ภา60  า60    €?  €?1.0000 1.0000
          ,๔M                   T         ส  þึM   €฿M   ภา60  ภา60  า60  ”ำ๗นปช0.9904 0.1271 0.0545
4

                ,๔M                   D         ส  ๐ฺM   bชgไ๚  uืM         c   f   e   ภDึ99/99/99 102/102/102 101/101/101
f v -0.024881 0.969519 -0.091469 0.0000 0.6944 0.0000
  ูฏ0้Cm'พมI๐๖t/p•นI/฿ำคฌญฮq{=3fýtบ‘ฏ:	ขฅQ Tฎjuญ;ญÜ    HAํ@,ธ  ธธ  ไbฃ‘PPช-}'แุ4wาÞÛvษ&`       j]87๔aA ธ  ~%"–                         `         ส         @       €฿M   ภา60  ภา60  า60  4       €฿M   ภา60  ภา60  า60    €?  €?1.0000 1.0000
          ,๔M                   T         ส  þึM   €฿M   ภา60  ภา60  า60  ”ำ๗นปช0.9904 0.1271 0.0545
4

                ,๔M                   D         ส  ๐ฺM   bชgไ๚  uืM         g   h   i   ภDึ103/103/103 104/104/104 105/105/105
f v -0.024881 0.969519 -0.091469 0.0000 0.6944 0.0000
  ูฏ0้Cm'พมI๐๖t/p•นI/฿ำคฌญฮq{=3fýtบ‘ฏ:	ขฅQ Tฎjuญ;ญÜ    HAํ@,ธ  ธธ  ไbฃ‘PPช-}'แุ4wาÞÛvษ&`       j]87๔aA ธ  ~%"–                         `         ส         @       €฿M   ภา60  ภา60  า60  4       €฿M   ภา60  ภา60  า60    €?  €?1.0000 1.0000
          ,๔M                   T         ส  þึM   €฿M   ภา60  ภา60  า60  ”ำ๗นปช0.9904 0.1271 0.0545
4

                ,๔M                   D         ส  ๐ฺM   bชgไ๚  uืM         g   i   j   ภDึ103/103/103 105/105/105 106/106/106
f v -0.024881 0.969519 -0.091469 0.0000 0.6944 0.0000
  ูฏ0้Cm'พมI๐๖t/p•นI/฿ำคฌญฮq{=3fýtบ‘ฏ:	ขฅQ Tฎjuญ;ญÜ    HAํ@,ธ  ธธ  ไbฃ‘PPช-}'แุ4wาÞÛvษ&`       j]87๔aA ธ  ~%"–                         `         ส         @       €฿M   ภา60  ภา60  า60  4       €฿M   ภา60  ภา60  า60    €?  €?1.0000 1.0000
          ,๔M                   T         ส  þึM   €฿M   ภา60  ภา60  า60  ”ำ๗นปช0.9904 0.1271 0.0545
4

                ,๔M                   D         ส  ๐ฺM   bชgไ๚  uืM         g   i   h   ภDึ103/103/103 105/105/105 104/104/104
f v -0.024881 0.969519 -0.091469 0.0000 0.6944 0.0000
  ูฏ0้Cm'พมI๐๖t/p•นI/฿ำคฌญฮq{=3fýtบ‘ฏ:	ขฅQ Tฎjuญ;ญÜ    HAํ@,ธ  ธธ  ไbฃ‘PPช-}'แุ4wาÞÛvษ&`       j]87๔aA ธ  ~%"–                         `         ส         @       €฿M   ภา60  ภา60  า60  4       €฿M   ภา60  ภา60  า60    €?  €?1.0000 1.0000
          ,๔M                   T         ส  þึM   €฿M   ภา60  ภา60  า60  ”ำ๗นปช0.9904 0.1271 0.0545
4

                ,๔M                   D         ส  ๐ฺM   bชgไ๚  uืM         g   j   i   ภDึ103/103/103 106/106/106 105/105/105
f v -0.024881 0.969519 -0.091469 0.0000 0.6944 0.0000
  ูฏ0้Cm'พมI๐๖t/p•นI/฿ำคฌญฮq{=3fýtบ‘ฏ:	ขฅQ Tฎjuญ;ญÜ    HAํ@,ธ  ธธ  ไbฃ‘PPช-}'แุ4wาÞÛvษ&`       j]87๔aA ธ  ~%"–                         `         ส         @       €฿M   ภา60  ภา60  า60  4       €฿M   ภา60  ภา60  า60    €?  €?1.0000 1.0000
          ,๔M                   T         ส  þึM   €฿M   ภา60  ภา60  า60  ”ำ๗นปช0.9904 0.1271 0.0545
4

                ,๔M                   D         ส  ๐ฺM   bชgไ๚  uืM         k   l   m   ภDึ107/107/107 108/108/108 109/109/109
f v -0.024881 0.969519 -0.091469 0.0000 0.6944 0.0000
  ูฏ0้Cm'พมI๐๖t/p•นI/฿ำคฌญฮq{=3fýtบ‘ฏ:	ขฅQ Tฎjuญ;ญÜ    HAํ@,ธ  ธธ  ไbฃ‘PPช-}'แุ4wาÞÛvษ&`       j]87๔aA ธ  ~%"–                         `         ส         @       €฿M   ภา60  ภา60  า60  4       €฿M   ภา60  ภา60  า60    €?  €?1.0000 1.0000
          ,๔M                   T         ส  þึM   €฿M   ภา60  ภา60  า60  ”ำ๗นปช0.9904 0.1271 0.0545
4

                ,๔M                   D         ส  ๐ฺM   bชgไ๚  uืM         k   m   n   ภDึ107/107/107 109/109/109 110/110/110
f v -0.024881 0.969519 -0.091469 0.0000 0.6944 0.0000
  ูฏ0้Cm'พมI๐๖t/p•นI/฿ำคฌญฮq{=3fýtบ‘ฏ:	ขฅQ Tฎjuญ;ญÜ    HAํ@,ธ  ธธ  ไbฃ‘PPช-}'แุ4wาÞÛvษ&`       j]87๔aA ธ  ~%"–                         `         ส         @       €฿M   ภา60  ภา60  า60  4       €฿M   ภา60  ภา60  า60    €?  €?1.0000 1.0000
          ,๔M                   T         ส  þึM   €฿M   ภา60  ภา60  า60  ”ำ๗นปช0.9904 0.1271 0.0545
4

                ,๔M                   D         ส  ๐ฺM   bชgไ๚  uืM         k   m   l   ภDึ107/107/107 109/109/109 108/108/108
f v -0.024881 0.969519 -0.091469 0.0000 0.6944 0.0000
  ูฏ0้Cm'พมI๐๖t/p•นI/฿ำคฌญฮq{=3fýtบ‘ฏ:	ขฅQ Tฎjuญ;ญÜ    HAํ@,ธ  ธธ  ไbฃ‘PPช-}'แุ4wาÞÛvษ&`       j]87๔aA ธ  ~%"–                         `         ส         @       €฿M   ภา60  ภา60  า60  4       €฿M   ภา60  ภา60  า60    €?  €?1.0000 1.0000
          ,๔M                   T         ส  þึM   €฿M   ภา60  ภา60  า60  ”ำ๗นปช0.9904 0.1271 0.0545
4

                ,๔M                   D         ส  ๐ฺM   bชgไ๚  uืM         k   n   m   ภDึ107/107/107 110/110/110 109/109/109
f v -0.024881 0.969519 -0.091469 0.0000 0.6944 0.0000
  ูฏ0้Cm'พมI๐๖t/p•นI/฿ำคฌญฮq{=3fýtบ‘ฏ:	ขฅQ Tฎjuญ;ญÜ    HAํ@,ธ  ธธ  ไbฃ‘PPช-}'แุ4wาÞÛvษ&`       j]87๔aA ธ  ~%"–                         `         ส         @       €฿M   ภา60  ภา60  า60  4       €฿M   ภา60  ภา60  า60    €?  €?1.0000 1.0000
          ,๔M                   T         ส  þึM   €฿M   ภา60  ภา60  า60  ”ำ๗นปช0.9904 0.1271 0.0545
4

                ,๔M                   D         ส  ๐ฺM   bชgไ๚  uืM          o   p   q   ภDึ111/111/111 112/112/112 113/113/113
f v -0.024881 0.969519 -0.091469 0.0000 0.6944 0.0000
  ูฏ0้Cm'พมI๐๖t/p•นI/฿ำคฌญฮq{=3fýtบ‘ฏ:	ขฅQ Tฎjuญ;ญÜ    HAํ@,ธ  ธธ  ไbฃ‘PPช-}'แุ4wาÞÛvษ&`       j]87๔aA ธ  ~%"–                         `         ส         @       €฿M   ภา60  ภา60  า60  4       €฿M   ภา60  ภา60  า60    €?  €?1.0000 1.0000
          ,๔M                   T         ส  þึM   €฿M   ภา60  ภา60  า60  ”ำ๗นปช0.9904 0.1271 0.0545
4

                ,๔M                   D         ส  ๐ฺM   bชgไ๚  uืM   #      o   q   r   ภDึ111/111/111 113/113/113 114/114/114
f v -0.024881 0.969519 -0.091469 0.0000 0.6944 0.0000
  ูฏ0้Cm'พมI๐๖t/p•นI/฿ำคฌญฮq{=3fýtบ‘ฏ:	ขฅQ Tฎjuญ;ญÜ    HAํ@,ธ  ธธ  ไbฃ‘PPช-}'แุ4wาÞÛvษ&`       j]87๔aA ธ  ~%"–                         `         ส         @       €฿M   ภา60  ภา60  า60  4       €฿M   ภา60  ภา60  า60    €?  €?1.0000 1.0000
          ,๔M                   T         ส  þึM   €฿M   ภา60  ภา60  า60  ”ำ๗นปช0.9904 0.1271 0.0545
4

                ,๔M                   D         ส  ๐ฺM   bชgไ๚  uืM   &      o   q   p   ภDึ111/111/111 113/113/113 112/112/112
f v -0.024881 0.969519 -0.091469 0.0000 0.6944 0.0000
  ูฏ0้Cm'พมI๐๖t/p•นI/฿ำคฌญฮq{=3fýtบ‘ฏ:	ขฅQ Tฎjuญ;ญÜ    HAํ@,ธ  ธธ  ไbฃ‘PPช-}'แุ4wาÞÛvษ&`       j]87๔aA ธ  ~%"–                         `         ส         @       €฿M   ภา60  ภา60  า60  4       €฿M   ภา60  ภา60  า60    €?  €?1.0000 1.0000
          ,๔M                   T         ส  þึM   €฿M   ภา60  ภา60  า60  ”ำ๗นปช0.9904 0.1271 0.0545
4

                ,๔M                   D         ส  ๐ฺM   bชgไ๚  uืM   )      o   r   q   ภDึ111/111/111 114/114/114 113/113/113
f v -0.024881 0.969519 -0.091469 0.0000 0.6944 0.0000
  ูฏ0้Cm'พมI๐๖t/p•นI/฿ำคฌญฮq{=3fýtบ‘ฏ:	ขฅQ Tฎjuญ;ญÜ    HAํ@,ธ  ธธ  ไbฃ‘PPช-}'แุ4wาÞÛvษ&`       j]87๔aA ธ  ~%"–                         `         ส         @       €฿M   ภา60  ภา60  า60  4       €฿M   ภา60  ภา60  า60    €?  €?1.0000 1.0000
          ,๔M                   T         ส  þึM   €฿M   ภา60  ภา60  า60  ”ำ๗นปช0.9904 0.1271 0.0545
4

                ,๔M                   D         ส  ๐ฺM   bชgไ๚  uืM   ,      s   t   u   ภDึ115/115/115 116/116/116 117/117/117
f v -0.024881 0.969519 -0.091469 0.0000 0.6944 0.0000
  ูฏ0้Cm'พมI๐๖t/p•นI/฿ำคฌญฮq{=3fýtบ‘ฏ:	ขฅQ Tฎjuญ;ญÜ    HAํ@,ธ  ธธ  ไbฃ‘PPช-}'แุ4wาÞÛvษ&`       j]87๔aA ธ  ~%"–                         `         ส         @       €฿M   ภา60  ภา60  า60  4       €฿M   ภา60  ภา60  า60    €?  €?1.0000 1.0000
          ,๔M                   T         ส  þึM   €฿M   ภา60  ภา60  า60  ”ำ๗นปช0.9904 0.1271 0.0545
4

                ,๔M                   D         ส  ๐ฺM   bชgไ๚  uืM   /      s   u   v   ภDึ115/115/115 117/117/117 118/118/118
f v -0.024881 0.969519 -0.091469 0.0000 0.6944 0.0000
  ูฏ0้Cm'พมI๐๖t/p•นI/฿ำคฌญฮq{=3fýtบ‘ฏ:	ขฅQ Tฎjuญ;ญÜ    HAํ@,ธ  ธธ  ไbฃ‘PPช-}'แุ4wาÞÛvษ&`       j]87๔aA ธ  ~%"–                         `         ส         @       €฿M   ภา60  ภา60  า60  4       €฿M   ภา60  ภา60  า60    €?  €?1.0000 1.0000
          ,๔M                   T         ส  þึM   €฿M   ภา60  ภา60  า60  ”ำ๗นปช0.9904 0.1271 0.0545
4

                ,๔M                   D         ส  ๐ฺM   bชgไ๚  uืM   2      s   u   t   ภDึ115/115/115 117/117/117 116/116/116
f v -0.024881 0.969519 -0.091469 0.0000 0.6944 0.0000
  ูฏ0้Cm'พมI๐๖t/p•นI/฿ำคฌญฮq{=3fýtบ‘ฏ:	ขฅQ Tฎjuญ;ญÜ    HAํ@,ธ  ธธ  ไbฃ‘PPช-}'แุ4wาÞÛvษ&`       j]87๔aA ธ  ~%"–                         `         ส         @       €฿M   ภา60  ภา60  า60  4       €฿M   ภา60  ภา60  า60    €?  €?1.0000 1.0000
          ,๔M                   T         ส  þึM   €฿M   ภา60  ภา60  า60  ”ำ๗นปช0.9904 0.1271 0.0545
4

                ,๔M                   D         ส  ๐ฺM   bชgไ๚  uืM   5      s   v   u   ภDึ115/115/115 118/118/118 117/117/117
f v -0.024881 0.969519 -0.091469 0.0000 0.6944 0.0000
  ูฏ0้Cm'พมI๐๖t/p•นI/฿ำคฌญฮq{=3fýtบ‘ฏ:	ขฅQ Tฎjuญ;ญÜ    HAํ@,ธ  ธธ  ไbฃ‘PPช-}'แุ4wาÞÛvษ&`       j]87๔aA ธ  ~%"–                         `         ส         @       €฿M   ภา60  ภา60  า60  4       €฿M   ภา60  ภา60  า60    €?  €?1.0000 1.0000
          ,๔M                   T         ส  þึM   €฿M   ภา60  ภา60  า60  ”ำ๗นปช0.9904 0.1271 0.0545
4

                ,๔M                   D         ส  ๐ฺM   bชgไ๚  uืM   8      w   x   y   ภDึ119/119/119 120/120/120 121/121/121
f v -0.024881 0.969519 -0.091469 0.0000 0.6944 0.0000
  ูฏ0้Cm'พมI๐๖t/p•นI/฿ำคฌญฮq{=3fýtบ‘ฏ:	ขฅQ Tฎjuญ;ญÜ    HAํ@,ธ  ธธ  ไbฃ‘PPช-}'แุ4wาÞÛvษ&`       j]87๔aA ธ  ~%"–                         `         ส         @       €฿M   ภา60  ภา60  า60  4       €฿M   ภา60  ภา60  า60    €?  €?1.0000 1.0000
          ,๔M                   T         ส  þึM   €฿M   ภา60  ภา60  า60  ”ำ๗นปช0.9904 0.1271 0.0545
4

                ,๔M                   D         ส  ๐ฺM   bชgไ๚  uืM   ;      w   y   z   ภDึ119/119/119 121/121/121 122/122/122
f v -0.024881 0.969519 -0.091469 0.0000 0.6944 0.0000
  ูฏ0้Cm'พมI๐๖t/p•นI/฿ำคฌญฮq{=3fýtบ‘ฏ:	ขฅQ Tฎjuญ;ญÜ    HAํ@,ธ  ธธ  ไbฃ‘PPช-}'แุ4wาÞÛvษ&`       j]87๔aA ธ  ~%"–                         `         ส         @       €฿M   ภา60  ภา60  า60  4       €฿M   ภา60  ภา60  า60    €?  €?1.0000 1.0000
          ,๔M                   T         ส  þึM   €฿M   ภา60  ภา60  า60  ”ำ๗นปช0.9904 0.1271 0.0545
4

                ,๔M                   D         ส  ๐ฺM   bชgไ๚  uืM   >      w   y   x   ภDึ119/119/119 121/121/121 120/120/120
f v -0.024881 0.969519 -0.091469 0.0000 0.6944 0.0000
  ูฏ0้Cm'พมI๐๖t/p•นI/฿ำคฌญฮq{=3fýtบ‘ฏ:	ขฅQ Tฎjuญ;ญÜ    HAํ@,ธ  ธธ  ไbฃ‘PPช-}'แุ4wาÞÛvษ&`       j]87๔aA ธ  ~%"–                         `         ส         @       €฿M   ภา60  ภา60  า60  4       €฿M   ภา60  ภา60  า60    €?  €?1.0000 1.0000
          ,๔M                   T         ส  þึM   €฿M   ภา60  ภา60  า60  ”ำ๗นปช0.9904 0.1271 0.0545
4

                ,๔M                   D         ส  ๐ฺM   bชgไ๚  uืM   A      w   z   y   ภDึ119/119/119 122/122/122 121/121/121
f v -0.024881 0.969519 -0.091469 0.0000 0.6944 0.0000
  ูฏ0้Cm'พมI๐๖t/p•นI/฿ำคฌญฮq{=3fýtบ‘ฏ:	ขฅQ Tฎjuญ;ญÜ    HAํ@,ธ  ธธ  ไbฃ‘PPช-}'แุ4wาÞÛvษ&`       j]87๔aA ธ  ~%"–                         `         ส         @       €฿M   ภา60  ภา60  า60  4       €฿M   ภา60  ภา60  า60    €?  €?1.0000 1.0000
          ,๔M                   T         ส  þึM   €฿M   ภา60  ภา60  า60  ”ำ๗นปช0.9904 0.1271 0.0545
4

                ,๔M                   D         ส  ๐ฺM   bชgไ๚  uืM   D      {   |   }   ภDึ123/123/123 124/124/124 125/125/125
f v -0.024881 0.969519 -0.091469 0.0000 0.6944 0.0000
  ูฏ0้Cm'พมI๐๖t/p•นI/฿ำคฌญฮq{=3fýtบ‘ฏ:	ขฅQ Tฎjuญ;ญÜ    HAํ@,ธ  ธธ  ไbฃ‘PPช-}'แุ4wาÞÛvษ&`       j]87๔aA ธ  ~%"–                         `         ส         @       €฿M   ภา60  ภา60  า60  4       €฿M   ภา60  ภา60  า60    €?  €?1.0000 1.0000
          ,๔M                   T         ส  þึM   €฿M   ภา60  ภา60  า60  ”ำ๗นปช0.9904 0.1271 0.0545
4

                ,๔M                   D         ส  ๐ฺM   bชgไ๚  uืM   G      {   }   ~   ภDึ123/123/123 125/125/125 126/126/126
f v -0.024881 0.969519 -0.091469 0.0000 0.6944 0.0000
  ูฏ0้Cm'พมI๐๖t/p•นI/฿ำคฌญฮq{=3fýtบ‘ฏ:	ขฅQ Tฎjuญ;ญÜ    HAํ@,ธ  ธธ  ไbฃ‘PPช-}'แุ4wาÞÛvษ&`       j]87๔aA ธ  ~%"–                         `         ส         @       €฿M   ภา60  ภา60  า60  4       €฿M   ภา60  ภา60  า60    €?  €?1.0000 1.0000
          ,๔M                   T         ส  þึM   €฿M   ภา60  ภา60  า60  ”ำ๗นปช0.9904 0.1271 0.0545
4

                ,๔M                   D         ส  ๐ฺM   bชgไ๚  uืM   J      {   }   |   ภDึ123/123/123 125/125/125 124/124/124
f v -0.024881 0.969519 -0.091469 0.0000 0.6944 0.0000
  ูฏ0้Cm'พมI๐๖t/p•นI/฿ำคฌญฮq{=3fýtบ‘ฏ:	ขฅQ Tฎjuญ;ญÜ    HAํ@,ธ  ธธ  ไbฃ‘PPช-}'แุ4wาÞÛvษ&`       j]87๔aA ธ  ~%"–                         `         ส         @       €฿M   ภา60  ภา60  า60  4       €฿M   ภา60  ภา60  า60    €?  €?1.0000 1.0000
          ,๔M                   T         ส  þึM   €฿M   ภา60  ภา60  า60  ”ำ๗นปช0.9904 0.1271 0.0545
4

                ,๔M                   D         ส  ๐ฺM   bชgไ๚  uืM   M      {   ~   }   ภDึ123/123/123 126/126/126 125/125/125
f v -0.024881 0.969519 -0.091469 0.0000 0.6944 0.0000
  ูฏ0้Cm'พมI๐๖t/p•นI/฿ำคฌญฮq{=3fýtบ‘ฏ:	ขฅQ Tฎjuญ;ญÜ    HAํ@,ธ  ธธ  ไbฃ‘PPช-}'แุ4wาÞÛvษ&`       j]87๔aA ธ  ~%"–                         `         ส         @       €฿M   ภา60  ภา60  า60  4       €฿M   ภา60  ภา60  า60    €?  €?1.0000 1.0000
          ,๔M                   T         ส  þึM   €฿M   ภา60  ภา60  า60  ”ำ๗นปช0.9904 0.1271 0.0545
4

                ,๔M                   D         ส  ๐ฺM   bชgไ๚  uืM   P         €      ภDึ127/127/127 128/128/128 129/129/129
f v -0.024881 0.969519 -0.091469 0.0000 0.6944 0.0000
  ูฏ0้Cm'พมI๐๖t/p•นI/฿ำคฌญฮq{=3fýtบ‘ฏ:	ขฅQ Tฎjuญ;ญÜ    HAํ@,ธ  ธธ  ไbฃ‘PPช-}'แุ4wาÞÛvษ&`       j]87๔aA ธ  ~%"–                         `         ส         @       €฿M   ภา60  ภา60  า60  4       €฿M   ภา60  ภา60  า60    €?  €?1.0000 1.0000
          ,๔M                   T         ส  þึM   €฿M   ภา60  ภา60  า60  ”ำ๗นปช0.9904 0.1271 0.0545
4

                ,๔M                   D         ส  ๐ฺM   bชgไ๚  uืM   S               ภDึ127/127/127 129/129/129 130/130/130
f v -0.024881 0.969519 -0.091469 0.0000 0.6944 0.0000
  ูฏ0้Cm'พมI๐๖t/p•นI/฿ำคฌญฮq{=3fýtบ‘ฏ:	ขฅQ Tฎjuญ;ญÜ    HAํ@,ธ  ธธ  ไbฃ‘PPช-}'แุ4wาÞÛvษ&`       j]87๔aA ธ  ~%"–                         `         ส         @       €฿M   ภา60  ภา60  า60  4       €฿M   ภา60  ภา60  า60    €?  €?1.0000 1.0000
          ,๔M                   T         ส  þึM   €฿M   ภา60  ภา60  า60  ”ำ๗นปช0.9904 0.1271 0.0545
4

                ,๔M                   D         ส  ๐ฺM   bชgไ๚  uืM   V            €   ภDึ127/127/127 129/129/129 128/128/128
f v -0.024881 0.969519 -0.091469 0.0000 0.6944 0.0000
  ูฏ0้Cm'พมI๐๖t/p•นI/฿ำคฌญฮq{=3fýtบ‘ฏ:	ขฅQ Tฎjuญ;ญÜ    HAํ@,ธ  ธธ  ไbฃ‘PPช-}'แุ4wาÞÛvษ&`       j]87๔aA ธ  ~%"–                         `         ส         @       €฿M   ภา60  ภา60  า60  4       €฿M   ภา60  ภา60  า60    €?  €?1.0000 1.0000
          ,๔M                   T         ส  þึM   €฿M   ภา60  ภา60  า60  ”ำ๗นปช0.9904 0.1271 0.0545
4

                ,๔M                   D         ส  ๐ฺM   bชgไ๚  uืM   Y               ภDึ127/127/127 130/130/130 129/129/129
f v -0.024881 0.969519 -0.091469 0.0000 0.6944 0.0000
  ูฏ0้Cm'พมI๐๖t/p•นI/฿ำคฌญฮq{=3fýtบ‘ฏ:	ขฅQ Tฎjuญ;ญÜ    HAํ@,ธ  ธธ  ไbฃ‘PPช-}'แุ4wาÞÛvษ&`       j]87๔aA ธ  ~%"–                         `         ส         @       €฿M   ภา60  ภา60  า60  4       €฿M   ภา60  ภา60  า60    €?  €?1.0000 1.0000
          ,๔M                   T         ส  þึM   €฿M   ภา60  ภา60  า60  ”ำ๗นปช0.9904 0.1271 0.0545
4

                ,๔M                   D         ส  ๐ฺM   bชgไ๚  uืM   \            …   ภDึ131/131/131 132/132/132 133/133/133
f v -0.024881 0.969519 -0.091469 0.0000 0.6944 0.0000
  ูฏ0้Cm'พมI๐๖t/p•นI/฿ำคฌญฮq{=3fýtบ‘ฏ:	ขฅQ Tฎjuญ;ญÜ    HAํ@,ธ  ธธ  ไbฃ‘PPช-}'แุ4wาÞÛvษ&`       j]87๔aA ธ  ~%"–                         `         ส         @       €฿M   ภา60  ภา60  า60  4       €฿M   ภา60  ภา60  า60    €?  €?1.0000 1.0000
          ,๔M                   T         ส  þึM   €฿M   ภา60  ภา60  า60  ”ำ๗นปช0.9904 0.1271 0.0545
4

                ,๔M                   D         ส  ๐ฺM   bชgไ๚  uืM   _         …      ภDึ131/131/131 133/133/133 134/134/134
f v -0.024881 0.969519 -0.091469 0.0000 0.6944 0.0000
  ูฏ0้Cm'พมI๐๖t/p•นI/฿ำคฌญฮq{=3fýtบ‘ฏ:	ขฅQ Tฎjuญ;ญÜ    HAํ@,ธ  ธธ  ไbฃ‘PPช-}'แุ4wาÞÛvษ&`       j]87๔aA ธ  ~%"–                         `         ส         @       €฿M   ภา60  ภา60  า60  4       €฿M   ภา60  ภา60  า60    €?  €?1.0000 1.0000
          ,๔M                   T         ส  þึM   €฿M   ภา60  ภา60  า60  ”ำ๗นปช0.9904 0.1271 0.0545
4

                ,๔M                   D         ส  ๐ฺM   bชgไ๚  uืM   b         …      ภDึ131/131/131 133/133/133 132/132/132
f v -0.024881 0.969519 -0.091469 0.0000 0.6944 0.0000
  ูฏ0้Cm'พมI๐๖t/p•นI/฿ำคฌญฮq{=3fýtบ‘ฏ:	ขฅQ Tฎjuญ;ญÜ    HAํ@,ธ  ธธ  ไbฃ‘PPช-}'แุ4wาÞÛvษ&`       j]87๔aA ธ  ~%"–                         `         ส         @       €฿M   ภา60  ภา60  า60  4       €฿M   ภา60  ภา60  า60    €?  €?1.0000 1.0000
          ,๔M                   T         ส  þึM   €฿M   ภา60  ภา60  า60  ”ำ๗นปช0.9904 0.1271 0.0545
4

                ,๔M                   D         ส  ๐ฺM   bชgไ๚  uืM   e            …   ภDึ131/131/131 134/134/134 133/133/133
f v -0.024881 0.969519 -0.091469 0.0000 0.6944 0.0000
  ูฏ0้Cm'พมI๐๖t/p•นI/฿ำคฌญฮq{=3fýtบ‘ฏ:	ขฅQ Tฎjuญ;ญÜ    HAํ@,ธ  ธธ  ไbฃ‘PPช-}'แุ4wาÞÛvษ&`       j]87๔aA ธ  ~%"–                         `         ส         @       €฿M   ภา60  ภา60  า60  4       €฿M   ภา60  ภา60  า60    €?  €?1.0000 1.0000
          ,๔M                   T         ส  þึM   €฿M   ภา60  ภา60  า60  ”ำ๗นปช0.9904 0.1271 0.0545
4

                ,๔M                   D         ส  ๐ฺM   bชgไ๚  uืM   h               ภDึ135/135/135 136/136/136 137/137/137
f v -0.024881 0.969519 -0.091469 0.0000 0.6944 0.0000
  ูฏ0้Cm'พมI๐๖t/p•นI/฿ำคฌญฮq{=3fýtบ‘ฏ:	ขฅQ Tฎjuญ;ญÜ    HAํ@,ธ  ธธ  ไbฃ‘PPช-}'แุ4wาÞÛvษ&`       j]87๔aA ธ  ~%"–                         `         ส         @       €฿M   ภา60  ภา60  า60  4       €฿M   ภา60  ภา60  า60    €?  €?1.0000 1.0000
          ,๔M                   T         ส  þึM   €฿M   ภา60  ภา60  า60  ”ำ๗นปช0.9904 0.1271 0.0545
4

                ,๔M                   D         ส  ๐ฺM   bชgไ๚  uืM   k               ภDึ137/137/137 136/136/136 138/138/138
f v -0.024881 0.969519 -0.091469 0.0000 0.6944 0.0000
  ูฏ0้Cm'พมI๐๖t/p•นI/฿ำคฌญฮq{=3fýtบ‘ฏ:	ขฅQ Tฎjuญ;ญÜ    HAํ@,ธ  ธธ  ไbฃ‘PPช-}'แุ4wาÞÛvษ&`       j]87๔aA ธ  ~%"–                         `         ส         @       €฿M   ภา60  ภา60  า60  4       €฿M   ภา60  ภา60  า60    €?  €?1.0000 1.0000
          ,๔M                   T         ส  þึM   €฿M   ภา60  ภา60  า60  ”ำ๗นปช0.9904 0.1271 0.0545
4

                ,๔M                   D         ส  ๐ฺM   bชgไ๚  uืM   n               ภDึ137/137/137 138/138/138 139/139/139
f v -0.024881 0.969519 -0.091469 0.0000 0.6944 0.0000
  ูฏ0้Cm'พมI๐๖t/p•นI/฿ำคฌญฮq{=3fýtบ‘ฏ:	ขฅQ Tฎjuญ;ญÜ    HAํ@,ธ  ธธ  ไbฃ‘PPช-}'แุ4wาÞÛvษ&`       j]87๔aA ธ  ~%"–                         `         ส         @       €฿M   ภา60  ภา60  า60  4       €฿M   ภา60  ภา60  า60    €?  €?1.0000 1.0000
          ,๔M                   T         ส  þึM   €฿M   ภา60  ภา60  า60  ”ำ๗นปช0.9904 0.1271 0.0545
4

                ,๔M                   D         ส  ๐ฺM   bชgไ๚  uืM   q               ภDึ139/139/139 138/138/138 140/140/140
f v -0.024881 0.969519 -0.091469 0.0000 0.6944 0.0000
  ูฏ0้Cm'พมI๐๖t/p•นI/฿ำคฌญฮq{=3fýtบ‘ฏ:	ขฅQ Tฎjuญ;ญÜ    HAํ@,ธ  ธธ  ไbฃ‘PPช-}'แุ4wาÞÛvษ&`       j]87๔aA ธ  ~%"–                         `         ส         @       €฿M   ภา60  ภา60  า60  4       €฿M   ภา60  ภา60  า60    €?  €?1.0000 1.0000
          ,๔M                   T         ส  þึM   €฿M   ภา60  ภา60  า60  ”ำ๗นปช0.9904 0.1271 0.0545
4

                ,๔M                   D         ส  ๐ฺM   bชgไ๚  uืM   t               ภDึ139/139/139 140/140/140 141/141/141
f v -0.024881 0.969519 -0.091469 0.0000 0.6944 0.0000
  ูฏ0้Cm'พมI๐๖t/p•นI/฿ำคฌญฮq{=3fýtบ‘ฏ:	ขฅQ Tฎjuญ;ญÜ    HAํ@,ธ  ธธ  ไbฃ‘PPช-}'แุ4wาÞÛvษ&`       j]87๔aA ธ  ~%"–                         `         ส         @       €฿M   ภา60  ภา60  า60  4       €฿M   ภา60  ภา60  า60    €?  €?1.0000 1.0000
          ,๔M                   T         ส  þึM   €฿M   ภา60  ภา60  า60  ”ำ๗นปช0.9904 0.1271 0.0545
4

                ,๔M                   D         ส  ๐ฺM   bชgไ๚  uืM   w               ภDึ141/141/141 140/140/140 142/142/142
f v -0.024881 0.969519 -0.091469 0.0000 0.6944 0.0000
  ูฏ0้Cm'พมI๐๖t/p•นI/฿ำคฌญฮq{=3fýtบ‘ฏ:	ขฅQ Tฎjuญ;ญÜ    HAํ@,ธ  ธธ  ไbฃ‘PPช-}'แุ4wาÞÛvษ&`       j]87๔aA ธ  ~%"–                         `         ส         @       €฿M   ภา60  ภา60  า60  4       €฿M   ภา60  ภา60  า60    €?  €?1.0000 1.0000
          ,๔M                   T         ส  þึM   €฿M   ภา60  ภา60  า60  ”ำ๗นปช0.9904 0.1271 0.0545
4

                ,๔M                   D         ส  ๐ฺM   bชgไ๚  uืM   z               ภDึ141/141/141 142/142/142 143/143/143
f v -0.024881 0.969519 -0.091469 0.0000 0.6944 0.0000
  ูฏ0้Cm'พมI๐๖t/p•นI/฿ำคฌญฮq{=3fýtบ‘ฏ:	ขฅQ Tฎjuญ;ญÜ    HAํ@,ธ  ธธ  ไbฃ‘PPช-}'แุ4wาÞÛvษ&`       j]87๔aA ธ  ~%"–                         `         ส         @       €฿M   ภา60  ภา60  า60  4       €฿M   ภา60  ภา60  า60    €?  €?1.0000 1.0000
          ,๔M                   T         ส  þึM   €฿M   ภา60  ภา60  า60  ”ำ๗นปช0.9904 0.1271 0.0545
4

                ,๔M                   D         ส  ๐ฺM   bชgไ๚  uืM   }               ภDึ143/143/143 142/142/142 144/144/144
f v -0.024881 0.969519 -0.091469 0.0000 0.6944 0.0000
  ูฏ0้Cm'พมI๐๖t/p•นI/฿ำคฌญฮq{=3fýtบ‘ฏ:	ขฅQ Tฎjuญ;ญÜ    HAํ@,ธ  ธธ  ไbฃ‘PPช-}'แุ4wาÞÛvษ&`       j]87๔aA ธ  ~%"–                         `         ส         @       €฿M   ภา60  ภา60  า60  4       €฿M   ภา60  ภา60  า60    €?  €?1.0000 1.0000
          ,๔M                   T         ส  þึM   €฿M   ภา60  ภา60  า60  ”ำ๗นปช0.9904 0.1271 0.0545
4

                ,๔M                   D         ส  ๐ฺM   bชgไ๚  uืM   €      ‘   ’   “   ภDึ145/145/145 146/146/146 147/147/147
f v -0.024881 0.969519 -0.091469 0.0000 0.6944 0.0000
  ูฏ0้Cm'พมI๐๖t/p•นI/฿ำคฌญฮq{=3fýtบ‘ฏ:	ขฅQ Tฎjuญ;ญÜ    HAํ@,ธ  ธธ  ไbฃ‘PPช-}'แุ4wาÞÛvษ&`       j]87๔aA ธ  ~%"–                         `         ส         @       €฿M   ภา60  ภา60  า60  4       €฿M   ภา60  ภา60  า60    €?  €?1.0000 1.0000
          ,๔M                   T         ส  þึM   €฿M   ภา60  ภา60  า60  ”ำ๗นปช0.9904 0.1271 0.0545
4

                ,๔M                   D         ส  ๐ฺM   bชgไ๚  uืM         ‘   “   ”   ภDึ145/145/145 147/147/147 148/148/148
f v -0.024881 0.969519 -0.091469 0.0000 0.6944 0.0000
  ูฏ0้Cm'พมI๐๖t/p•นI/฿ำคฌญฮq{=3fýtบ‘ฏ:	ขฅQ Tฎjuญ;ญÜ    HAํ@,ธ  ธธ  ไbฃ‘PPช-}'แุ4wาÞÛvษ&`       j]87๔aA ธ  ~%"–                         `         ส         @       €฿M   ภา60  ภา60  า60  4       €฿M   ภา60  ภา60  า60    €?  €?1.0000 1.0000
          ,๔M                   T         ส  þึM   €฿M   ภา60  ภา60  า60  ”ำ๗นปช0.9904 0.1271 0.0545
4

                ,๔M                   D         ส  ๐ฺM   bชgไ๚  uืM         ‘   “   ’   ภDึ145/145/145 147/147/147 146/146/146
f v -0.024881 0.969519 -0.091469 0.0000 0.6944 0.0000
  ูฏ0้Cm'พมI๐๖t/p•นI/฿ำคฌญฮq{=3fýtบ‘ฏ:	ขฅQ Tฎjuญ;ญÜ    HAํ@,ธ  ธธ  ไbฃ‘PPช-}'แุ4wาÞÛvษ&`       j]87๔aA ธ  ~%"–                         `         ส         @       €฿M   ภา60  ภา60  า60  4       €฿M   ภา60  ภา60  า60    €?  €?1.0000 1.0000
          ,๔M                   T         ส  þึM   €฿M   ภา60  ภา60  า60  ”ำ๗นปช0.9904 0.1271 0.0545
4

                ,๔M                   D         ส  ๐ฺM   bชgไ๚  uืM         ‘   ”   “   ภDึ145/145/145 148/148/148 147/147/147
f v -0.024881 0.969519 -0.091469 0.0000 0.6944 0.0000
  ูฏ0้Cm'พมI๐๖t/p•นI/฿ำคฌญฮq{=3fýtบ‘ฏ:	ขฅQ Tฎjuญ;ญÜ    HAํ@,ธ  ธธ  ไbฃ‘PPช-}'แุ4wาÞÛvษ&`       j]87๔aA ธ  ~%"–                         `         ส         @       €฿M   ภา60  ภา60  า60  4       €฿M   ภา60  ภา60  า60    €?  €?1.0000 1.0000
          ,๔M                   T         ส  þึM   €฿M   ภา60  ภา60  า60  ”ำ๗นปช0.9904 0.1271 0.0545
4

                ,๔M                   D         ส  ๐ฺM   bชgไ๚  uืM         •   –   —   ภDึ149/149/149 150/150/150 151/151/151
f v -0.024881 0.969519 -0.091469 0.0000 0.6944 0.0000
  ูฏ0้Cm'พมI๐๖t/p•นI/฿ำคฌญฮq{=3fýtบ‘ฏ:	ขฅQ Tฎjuญ;ญÜ    HAํ@,ธ  ธธ  ไbฃ‘PPช-}'แุ4wาÞÛvษ&`       j]87๔aA ธ  ~%"–                         `         ส         @       €฿M   ภา60  ภา60  า60  4       €฿M   ภา60  ภา60  า60    €?  €?1.0000 1.0000
          ,๔M                   T         ส  þึM   €฿M   ภา60  ภา60  า60  ”ำ๗นปช0.9904 0.1271 0.0545
4

                ,๔M                   D         ส  ๐ฺM   bชgไ๚  uืM         •   —      ภDึ149/149/149 151/151/151 152/152/152
f v -0.024881 0.969519 -0.091469 0.0000 0.6944 0.0000
  ูฏ0้Cm'พมI๐๖t/p•นI/฿ำคฌญฮq{=3fýtบ‘ฏ:	ขฅQ Tฎjuญ;ญÜ    HAํ@,ธ  ธธ  ไbฃ‘PPช-}'แุ4wาÞÛvษ&`       j]87๔aA ธ  ~%"–                         `         ส         @       €฿M   ภา60  ภา60  า60  4       €฿M   ภา60  ภา60  า60    €?  €?1.0000 1.0000
          ,๔M                   T         ส  þึM   €฿M   ภา60  ภา60  า60  ”ำ๗นปช0.9904 0.1271 0.0545
4

                ,๔M                   D         ส  ๐ฺM   bชgไ๚  uืM   ’      •   —   –   ภDึ149/149/149 151/151/151 150/150/150
f v -0.024881 0.969519 -0.091469 0.0000 0.6944 0.0000
  ูฏ0้Cm'พมI๐๖t/p•นI/฿ำคฌญฮq{=3fýtบ‘ฏ:	ขฅQ Tฎjuญ;ญÜ    HAํ@,ธ  ธธ  ไbฃ‘PPช-}'แุ4wาÞÛvษ&`       j]87๔aA ธ  ~%"–                         `         ส         @       €฿M   ภา60  ภา60  า60  4       €฿M   ภา60  ภา60  า60    €?  €?1.0000 1.0000
          ,๔M                   T         ส  þึM   €฿M   ภา60  ภา60  า60  ”ำ๗นปช0.9904 0.1271 0.0545
4

                ,๔M                   D         ส  ๐ฺM   bชgไ๚  uืM   •      •      —   ภDึ149/149/149 152/152/152 151/151/151
f v -0.024881 0.969519 -0.091469 0.0000 0.6944 0.0000
  ูฏ0้Cm'พมI๐๖t/p•นI/฿ำคฌญฮq{=3fýtบ‘ฏ:	ขฅQ Tฎjuญ;ญÜ    HAํ@,ธ  ธธ  ไbฃ‘PPช-}'แุ4wาÞÛvษ&`       j]87๔aA ธ  ~%"–                         `         ส         @       €฿M   ภา60  ภา60  า60  4       €฿M   ภา60  ภา60  า60    €?  €?1.0000 1.0000
          ,๔M                   T         ส  þึM   €฿M   ภา60  ภา60  า60  ”ำ๗นปช0.9904 0.1271 0.0545
4

                ,๔M                   D         ส  ๐ฺM   bชgไ๚  uืM                  ภDึ153/153/153 154/154/154 155/155/155
f v -0.024881 0.969519 -0.091469 0.0000 0.6944 0.0000
  ูฏ0้Cm'พมI๐๖t/p•นI/฿ำคฌญฮq{=3fýtบ‘ฏ:	ขฅQ Tฎjuญ;ญÜ    HAํ@,ธ  ธธ  ไbฃ‘PPช-}'แุ4wาÞÛvษ&`       j]87๔aA ธ  ~%"–                         `         ส         @       €฿M   ภา60  ภา60  า60  4       €฿M   ภา60  ภา60  า60    €?  €?1.0000 1.0000
          ,๔M                   T         ส  þึM   €฿M   ภา60  ภา60  า60  ”ำ๗นปช0.9904 0.1271 0.0545
4

                ,๔M                   D         ส  ๐ฺM   bชgไ๚  uืM                  ภDึ153/153/153 155/155/155 156/156/156
f v -0.024881 0.969519 -0.091469 0.0000 0.6944 0.0000
  ูฏ0้Cm'พมI๐๖t/p•นI/฿ำคฌญฮq{=3fýtบ‘ฏ:	ขฅQ Tฎjuญ;ญÜ    HAํ@,ธ  ธธ  ไbฃ‘PPช-}'แุ4wาÞÛvษ&`       j]87๔aA ธ  ~%"–                         `         ส         @       €฿M   ภา60  ภา60  า60  4       €฿M   ภา60  ภา60  า60    €?  €?1.0000 1.0000
          ,๔M                   T         ส  þึM   €฿M   ภา60  ภา60  า60  ”ำ๗นปช0.9904 0.1271 0.0545
4

                ,๔M                   D         ส  ๐ฺM   bชgไ๚  uืM                  ภDึ153/153/153 155/155/155 154/154/154
f v -0.024881 0.969519 -0.091469 0.0000 0.6944 0.0000
  ูฏ0้Cm'พมI๐๖t/p•นI/฿ำคฌญฮq{=3fýtบ‘ฏ:	ขฅQ Tฎjuญ;ญÜ    HAํ@,ธ  ธธ  ไbฃ‘PPช-}'แุ4wาÞÛvษ&`       j]87๔aA ธ  ~%"–                         `         ส         @       €฿M   ภา60  ภา60  า60  4       €฿M   ภา60  ภา60  า60    €?  €?1.0000 1.0000
          ,๔M                   T         ส  þึM   €฿M   ภา60  ภา60  า60  ”ำ๗นปช0.9904 0.1271 0.0545
4

                ,๔M                   D         ส  ๐ฺM   bชgไ๚  uืM   ก               ภDึ153/153/153 156/156/156 155/155/155
f v -0.024881 0.969519 -0.091469 0.0000 0.6944 0.0000
  ูฏ0้Cm'พมI๐๖t/p•นI/฿ำคฌญฮq{=3fýtบ‘ฏ:	ขฅQ Tฎjuญ;ญÜ    HAํ@,ธ  ธธ  ไbฃ‘PPช-}'แุ4wาÞÛvษ&`       j]87๔aA ธ  ~%"–                         `         ส         @       €฿M   ภา60  ภา60  า60  4       €฿M   ภา60  ภา60  า60    €?  €?1.0000 1.0000
          ,๔M                   T         ส  þึM   €฿M   ภา60  ภา60  า60  ”ำ๗นปช0.9904 0.1271 0.0545
4

                ,๔M                   D         ส  ๐ฺM   bชgไ๚  uืM   ค               ภDึ157/157/157 158/158/158 159/159/159
f v -0.024881 0.969519 -0.091469 0.0000 0.6944 0.0000
  ูฏ0้Cm'พมI๐๖t/p•นI/฿ำคฌญฮq{=3fýtบ‘ฏ:	ขฅQ Tฎjuญ;ญÜ    HAํ@,ธ  ธธ  ไbฃ‘PPช-}'แุ4wาÞÛvษ&`       j]87๔aA ธ  ~%"–                         `         ส         @       €฿M   ภา60  ภา60  า60  4       €฿M   ภา60  ภา60  า60    €?  €?1.0000 1.0000
          ,๔M                   T         ส  þึM   €฿M   ภา60  ภา60  า60  ”ำ๗นปช0.9904 0.1271 0.0545
4

                ,๔M                   D         ส  ๐ฺM   bชgไ๚  uืM   ง                ภDึ157/157/157 159/159/159 160/160/160
f v -0.024881 0.969519 -0.091469 0.0000 0.6944 0.0000
  ูฏ0้Cm'พมI๐๖t/p•นI/฿ำคฌญฮq{=3fýtบ‘ฏ:	ขฅQ Tฎjuญ;ญÜ    HAํ@,ธ  ธธ  ไbฃ‘PPช-}'แุ4wาÞÛvษ&`       j]87๔aA ธ  ~%"–                         `         ส         @       €฿M   ภา60  ภา60  า60  4       €฿M   ภา60  ภา60  า60    €?  €?1.0000 1.0000
          ,๔M                   T         ส  þึM   €฿M   ภา60  ภา60  า60  ”ำ๗นปช0.9904 0.1271 0.0545
4

                ,๔M                   D         ส  ๐ฺM   bชgไ๚  uืM   ช               ภDึ157/157/157 159/159/159 158/158/158
f v -0.024881 0.969519 -0.091469 0.0000 0.6944 0.0000
  ูฏ0้Cm'พมI๐๖t/p•นI/฿ำคฌญฮq{=3fýtบ‘ฏ:	ขฅQ Tฎjuญ;ญÜ    HAํ@,ธ  ธธ  ไbฃ‘PPช-}'แุ4wาÞÛvษ&`       j]87๔aA ธ  ~%"–                         `         ส         @       €฿M   ภา60  ภา60  า60  4       €฿M   ภา60  ภา60  า60    €?  €?1.0000 1.0000
          ,๔M                   T         ส  þึM   €฿M   ภา60  ภา60  า60  ”ำ๗นปช0.9904 0.1271 0.0545
4

                ,๔M                   D         ส  ๐ฺM   bชgไ๚  uืM   ญ                ภDึ157/157/157 160/160/160 159/159/159
f v -0.024881 0.969519 -0.091469 0.0000 0.6944 0.0000
  ูฏ0้Cm'พมI๐๖t/p•นI/฿ำคฌญฮq{=3fýtบ‘ฏ:	ขฅQ Tฎjuญ;ญÜ    HAํ@,ธ  ธธ  ไbฃ‘PPช-}'แุ4wาÞÛvษ&`       j]87๔aA ธ  ~%"–                         `         ส         @       €฿M   ภา60  ภา60  า60  4       €฿M   ภา60  ภา60  า60    €?  €?1.0000 1.0000
          ,๔M                   T         ส  þึM   €฿M   ภา60  ภา60  า60  ”ำ๗นปช0.9904 0.1271 0.0545
4

                ,๔M                   D         ส  ๐ฺM   bชgไ๚  uืM   ฐ      ก   ข   ฃ   ภDึ161/161/161 162/162/162 163/163/163
f v -0.024881 0.969519 -0.091469 0.0000 0.6944 0.0000
  ูฏ0้Cm'พมI๐๖t/p•นI/฿ำคฌญฮq{=3fýtบ‘ฏ:	ขฅQ Tฎjuญ;ญÜ    HAํ@,ธ  ธธ  ไbฃ‘PPช-}'แุ4wาÞÛvษ&`       j]87๔aA ธ  ~%"–                         `         ส         @       €฿M   ภา60  ภา60  า60  4       €฿M   ภา60  ภา60  า60    €?  €?1.0000 1.0000
          ,๔M                   T         ส  þึM   €฿M   ภา60  ภา60  า60  ”ำ๗นปช0.9904 0.1271 0.0545
4

                ,๔M                   D         ส  ๐ฺM   bชgไ๚  uืM   ณ      ก   ฃ   ค   ภDึ161/161/161 163/163/163 164/164/164
f v -0.024881 0.969519 -0.091469 0.0000 0.6944 0.0000
  ูฏ0้Cm'พมI๐๖t/p•นI/฿ำคฌญฮq{=3fýtบ‘ฏ:	ขฅQ Tฎjuญ;ญÜ    HAํ@,ธ  ธธ  ไbฃ‘PPช-}'แุ4wาÞÛvษ&`       j]87๔aA ธ  ~%"–                         `         ส         @       €฿M   ภา60  ภา60  า60  4       €฿M   ภา60  ภา60  า60    €?  €?1.0000 1.0000
          ,๔M                   T         ส  þึM   €฿M   ภา60  ภา60  า60  ”ำ๗นปช0.9904 0.1271 0.0545
4

                ,๔M                   D         ส  ๐ฺM   bชgไ๚  uืM   ถ      ก   ฃ   ข   ภDึ161/161/161 163/163/163 162/162/162
f v -0.024881 0.969519 -0.091469 0.0000 0.6944 0.0000
  ูฏ0้Cm'พมI๐๖t/p•นI/฿ำคฌญฮq{=3fýtบ‘ฏ:	ขฅQ Tฎjuญ;ญÜ    HAํ@,ธ  ธธ  ไbฃ‘PPช-}'แุ4wาÞÛvษ&`       j]87๔aA ธ  ~%"–                         `         ส         @       €฿M   ภา60  ภา60  า60  4       €฿M   ภา60  ภา60  า60    €?  €?1.0000 1.0000
          ,๔M                   T         ส  þึM   €฿M   ภา60  ภา60  า60  ”ำ๗นปช0.9904 0.1271 0.0545
4

                ,๔M                   D         ส  ๐ฺM   bชgไ๚  uืM   น      ก   ค   ฃ   ภDึ161/161/161 164/164/164 163/163/163
f v -0.024881 0.969519 -0.091469 0.0000 0.6944 0.0000
  ูฏ0้Cm'พมI๐๖t/p•นI/฿ำคฌญฮq{=3fýtบ‘ฏ:	ขฅQ Tฎjuญ;ญÜ    HAํ@,ธ  ธธ  ไbฃ‘PPช-}'แุ4wาÞÛvษ&`       j]87๔aA ธ  ~%"–                         `         ส         @       €฿M   ภา60  ภา60  า60  4       €฿M   ภา60  ภา60  า60    €?  €?1.0000 1.0000
          ,๔M                   T         ส  þึM   €฿M   ภา60  ภา60  า60  ”ำ๗นปช0.9904 0.1271 0.0545
4

                ,๔M                   D         ส  ๐ฺM   bชgไ๚  uืM   ผ      ฅ   ฆ   ง   ภDึ165/165/165 166/166/166 167/167/167
f v -0.024881 0.969519 -0.091469 0.0000 0.6944 0.0000
  ูฏ0้Cm'พมI๐๖t/p•นI/฿ำคฌญฮq{=3fýtบ‘ฏ:	ขฅQ Tฎjuญ;ญÜ    HAํ@,ธ  ธธ  ไbฃ‘PPช-}'แุ4wาÞÛvษ&`       j]87๔aA ธ  ~%"–                         `         ส         @       €฿M   ภา60  ภา60  า60  4       €฿M   ภา60  ภา60  า60    €?  €?1.0000 1.0000
          ,๔M                   T         ส  þึM   €฿M   ภา60  ภา60  า60  ”ำ๗นปช0.9904 0.1271 0.0545
4

                ,๔M                   D         ส  ๐ฺM   bชgไ๚  uืM   ฟ      ฅ   ง   จ   ภDึ165/165/165 167/167/167 168/168/168
f v -0.024881 0.969519 -0.091469 0.0000 0.6944 0.0000
  ูฏ0้Cm'พมI๐๖t/p•นI/฿ำคฌญฮq{=3fýtบ‘ฏ:	ขฅQ Tฎjuญ;ญÜ    HAํ@,ธ  ธธ  ไbฃ‘PPช-}'แุ4wาÞÛvษ&`       j]87๔aA ธ  ~%"–                         `         ส         @       €฿M   ภา60  ภา60  า60  4       €฿M   ภา60  ภา60  า60    €?  €?1.0000 1.0000
          ,๔M                   T         ส  þึM   €฿M   ภา60  ภา60  า60  ”ำ๗นปช0.9904 0.1271 0.0545
4

                ,๔M                   D         ส  ๐ฺM   bชgไ๚  uืM   ย      ฅ   ง   ฆ   ภDึ165/165/165 167/167/167 166/166/166
f v -0.024881 0.969519 -0.091469 0.0000 0.6944 0.0000
  ูฏ0้Cm'พมI๐๖t/p•นI/฿ำคฌญฮq{=3fýtบ‘ฏ:	ขฅQ Tฎjuญ;ญÜ    HAํ@,ธ  ธธ  ไbฃ‘PPช-}'แุ4wาÞÛvษ&`       j]87๔aA ธ  ~%"–                         `         ส         @       €฿M   ภา60  ภา60  า60  4       €฿M   ภา60  ภา60  า60    €?  €?1.0000 1.0000
          ,๔M                   T         ส  þึM   €฿M   ภา60  ภา60  า60  ”ำ๗นปช0.9904 0.1271 0.0545
4

                ,๔M                   D         ส  ๐ฺM   bชgไ๚  uืM   ล      ฅ   จ   ง   ภDึ165/165/165 168/168/168 167/167/167
f v -0.024881 0.969519 -0.091469 0.0000 0.6944 0.0000
  ูฏ0้Cm'พมI๐๖t/p•นI/฿ำคฌญฮq{=3fýtบ‘ฏ:	ขฅQ Tฎjuญ;ญÜ    HAํ@,ธ  ธธ  ไbฃ‘PPช-}'แุ4wาÞÛvษ&`       j]87๔aA ธ  ~%"–                         `         ส         @       €฿M   ภา60  ภา60  า60  4       €฿M   ภา60  ภา60  า60    €?  €?1.0000 1.0000
          ,๔M                   T         ส  þึM   €฿M   ภา60  ภา60  า60  ”ำ๗นปช0.9904 0.1271 0.0545
4

                ,๔M                   D         ส  ๐ฺM   bชgไ๚  uืM   ศ      ฉ   ช   ซ   ภDึ169/169/169 170/170/170 171/171/171
f v -0.024881 0.969519 -0.091469 0.0000 0.6944 0.0000
  ูฏ0้Cm'พมI๐๖t/p•นI/฿ำคฌญฮq{=3fýtบ‘ฏ:	ขฅQ Tฎjuญ;ญÜ    HAํ@,ธ  ธธ  ไbฃ‘PPช-}'แุ4wาÞÛvษ&`       j]87๔aA ธ  ~%"–                         `         ส         @       €฿M   ภา60  ภา60  า60  4       €฿M   ภา60  ภา60  า60    €?  €?1.0000 1.0000
          ,๔M                   T         ส  þึM   €฿M   ภา60  ภา60  า60  ”ำ๗นปช0.9904 0.1271 0.0545
4

                ,๔M                   D         ส  ๐ฺM   bชgไ๚  uืM   ห      ฉ   ซ   ฌ   ภDึ169/169/169 171/171/171 172/172/172
f v -0.024881 0.969519 -0.091469 0.0000 0.6944 0.0000
  ูฏ0้Cm'พมI๐๖t/p•นI/฿ำคฌญฮq{=3fýtบ‘ฏ:	ขฅQ Tฎjuญ;ญÜ    HAํ@,ธ  ธธ  ไbฃ‘PPช-}'แุ4wาÞÛvษ&`       j]87๔aA ธ  ~%"–                         `         ส         @       €฿M   ภา60  ภา60  า60  4       €฿M   ภา60  ภา60  า60    €?  €?1.0000 1.0000
          ,๔M                   T         ส  þึM   €฿M   ภา60  ภา60  า60  ”ำ๗นปช0.9904 0.1271 0.0545
4

                ,๔M                   D         ส  ๐ฺM   bชgไ๚  uืM   ฮ      ฉ   ซ   ช   ภDึ169/169/169 171/171/171 170/170/170
f v -0.024881 0.969519 -0.091469 0.0000 0.6944 0.0000
  ูฏ0้Cm'พมI๐๖t/p•นI/฿ำคฌญฮq{=3fýtบ‘ฏ:	ขฅQ Tฎjuญ;ญÜ    HAํ@,ธ  ธธ  ไbฃ‘PPช-}'แุ4wาÞÛvษ&`       j]87๔aA ธ  ~%"–                         `         ส         @       €฿M   ภา60  ภา60  า60  4       €฿M   ภา60  ภา60  า60    €?  €?1.0000 1.0000
          ,๔M                   T         ส  þึM   €฿M   ภา60  ภา60  า60  ”ำ๗นปช0.9904 0.1271 0.0545
4

                ,๔M                   D         ส  ๐ฺM   bชgไ๚  uืM   ั      ฉ   ฌ   ซ   ภDึ169/169/169 172/172/172 171/171/171
f v -0.024881 0.969519 -0.091469 0.0000 0.6944 0.0000
  ูฏ0้Cm'พมI๐๖t/p•นI/฿ำคฌญฮq{=3fýtบ‘ฏ:	ขฅQ Tฎjuญ;ญÜ    HAํ@,ธ  ธธ  ไbฃ‘PPช-}'แุ4wาÞÛvษ&`       j]87๔aA ธ  ~%"–                         `         ส         @       €฿M   ภา60  ภา60  า60  4       €฿M   ภา60  ภา60  า60    €?  €?1.0000 1.0000
          ,๔M                   T         ส  þึM   €฿M   ภา60  ภา60  า60  ”ำ๗นปช0.9904 0.1271 0.0545
4

                ,๔M                   D         ส  ๐ฺM   bชgไ๚  uืM   ิ      ญ   ฎ   ฏ   ภDึ173/173/173 174/174/174 175/175/175
f v -0.024881 0.969519 -0.091469 0.0000 0.6944 0.0000
  ูฏ0้Cm'พมI๐๖t/p•นI/฿ำคฌญฮq{=3fýtบ‘ฏ:	ขฅQ Tฎjuญ;ญÜ    HAํ@,ธ  ธธ  ไbฃ‘PPช-}'แุ4wาÞÛvษ&`       j]87๔aA ธ  ~%"–                         `         ส         @       €฿M   ภา60  ภา60  า60  4       €฿M   ภา60  ภา60  า60    €?  €?1.0000 1.0000
          ,๔M                   T         ส  þึM   €฿M   ภา60  ภา60  า60  ”ำ๗นปช0.9904 0.1271 0.0545
4

                ,๔M                   D         ส  ๐ฺM   bชgไ๚  uืM   ื      ญ   ฏ   ฐ   ภDึ173/173/173 175/175/175 176/176/176
f v -0.024881 0.969519 -0.091469 0.0000 0.6944 0.0000
  ูฏ0้Cm'พมI๐๖t/p•นI/฿ำคฌญฮq{=3fýtบ‘ฏ:	ขฅQ Tฎjuญ;ญÜ    HAํ@,ธ  ธธ  ไbฃ‘PPช-}'แุ4wาÞÛvษ&`       j]87๔aA ธ  ~%"–                         `         ส         @       €฿M   ภา60  ภา60  า60  4       €฿M   ภา60  ภา60  า60    €?  €?1.0000 1.0000
          ,๔M                   T         ส  þึM   €฿M   ภา60  ภา60  า60  ”ำ๗นปช0.9904 0.1271 0.0545
4

                ,๔M                   D         ส  ๐ฺM   bชgไ๚  uืM   ฺ      ญ   ฏ   ฎ   ภDึ173/173/173 175/175/175 174/174/174
f v -0.024881 0.969519 -0.091469 0.0000 0.6944 0.0000
  ูฏ0้Cm'พมI๐๖t/p•นI/฿ำคฌญฮq{=3fýtบ‘ฏ:	ขฅQ Tฎjuญ;ญÜ    HAํ@,ธ  ธธ  ไbฃ‘PPช-}'แุ4wาÞÛvษ&`       j]87๔aA ธ  ~%"–                         `         ส         @       €฿M   ภา60  ภา60  า60  4       €฿M   ภา60  ภา60  า60    €?  €?1.0000 1.0000
          ,๔M                   T         ส  þึM   €฿M   ภา60  ภา60  า60  ”ำ๗นปช0.9904 0.1271 0.0545
4

                ,๔M                   D         ส  ๐ฺM   bชgไ๚  uืM   Ý      ญ   ฐ   ฏ   ภDึ173/173/173 176/176/176 175/175/175
f v -0.024881 0.969519 -0.091469 0.0000 0.6944 0.0000
  ูฏ0้Cm'พมI๐๖t/p•นI/฿ำคฌญฮq{=3fýtบ‘ฏ:	ขฅQ Tฎjuญ;ญÜ    HAํ@,ธ  ธธ  ไbฃ‘PPช-}'แุ4wาÞÛvษ&`       j]87๔aA ธ  ~%"–                         `         ส         @       €฿M   ภา60  ภา60  า60  4       €฿M   ภา60  ภา60  า60    €?  €?1.0000 1.0000
          ,๔M                   T         ส  þึM   €฿M   ภา60  ภา60  า60  ”ำ๗นปช0.9904 0.1271 0.0545
4

                ,๔M                   D         ส  ๐ฺM   bชgไ๚  uืM   เ      ฑ   ฒ   ณ   ภDึ177/177/177 178/178/178 179/179/179
f v -0.024881 0.969519 -0.091469 0.0000 0.6944 0.0000
  ูฏ0้Cm'พมI๐๖t/p•นI/฿ำคฌญฮq{=3fýtบ‘ฏ:	ขฅQ Tฎjuญ;ญÜ    HAํ@,ธ  ธธ  ไbฃ‘PPช-}'แุ4wาÞÛvษ&`       j]87๔aA ธ  ~%"–                         `         ส         @       €฿M   ภา60  ภา60  า60  4       €฿M   ภา60  ภา60  า60    €?  €?1.0000 1.0000
          ,๔M                   T         ส  þึM   €฿M   ภา60  ภา60  า60  ”ำ๗นปช0.9904 0.1271 0.0545
4

                ,๔M                   D         ส  ๐ฺM   bชgไ๚  uืM   ใ      ฑ   ณ   ด   ภDึ177/177/177 179/179/179 180/180/180
f v -0.024881 0.969519 -0.091469 0.0000 0.6944 0.0000
  ูฏ0้Cm'พมI๐๖t/p•นI/฿ำคฌญฮq{=3fýtบ‘ฏ:	ขฅQ Tฎjuญ;ญÜ    HAํ@,ธ  ธธ  ไbฃ‘PPช-}'แุ4wาÞÛvษ&`       j]87๔aA ธ  ~%"–                         `         ส         @       €฿M   ภา60  ภา60  า60  4       €฿M   ภา60  ภา60  า60    €?  €?1.0000 1.0000
          ,๔M                   T         ส  þึM   €฿M   ภา60  ภา60  า60  ”ำ๗นปช0.9904 0.1271 0.0545
4

                ,๔M                   D         ส  ๐ฺM   bชgไ๚  uืM   ๆ      ฑ   ณ   ฒ   ภDึ177/177/177 179/179/179 178/178/178
f v -0.024881 0.969519 -0.091469 0.0000 0.6944 0.0000
  ูฏ0้Cm'พมI๐๖t/p•นI/฿ำคฌญฮq{=3fýtบ‘ฏ:	ขฅQ Tฎjuญ;ญÜ    HAํ@,ธ  ธธ  ไbฃ‘PPช-}'แุ4wาÞÛvษ&`       j]87๔aA ธ  ~%"–                         `         ส         @       €฿M   ภา60  ภา60  า60  4       €฿M   ภา60  ภา60  า60    €?  €?1.0000 1.0000
          ,๔M                   T         ส  þึM   €฿M   ภา60  ภา60  า60  ”ำ๗นปช0.9904 0.1271 0.0545
4

                ,๔M                   D         ส  ๐ฺM   bชgไ๚  uืM   ้      ฑ   ด   ณ   ภDึ177/177/177 180/180/180 179/179/179
f v -0.024881 0.969519 -0.091469 0.0000 0.6944 0.0000
  ูฏ0้Cm'พมI๐๖t/p•นI/฿ำคฌญฮq{=3fýtบ‘ฏ:	ขฅQ Tฎjuญ;ญÜ    HAํ@,ธ  ธธ  ไbฃ‘PPช-}'แุ4wาÞÛvษ&`       j]87๔aA ธ  ~%"–                         `         ส         @       €฿M   ภา60  ภา60  า60  4       €฿M   ภา60  ภา60  า60    €?  €?1.0000 1.0000
          ,๔M                   T         ส  þึM   €฿M   ภา60  ภา60  า60  ”ำ๗นปช0.9904 0.1271 0.0545
4

                ,๔M                   D         ส  ๐ฺM   bชgไ๚  uืM   ์      ต   ถ   ท   ภDึ181/181/181 182/182/182 183/183/183
f v -0.024881 0.969519 -0.091469 0.0000 0.6944 0.0000
  ูฏ0้Cm'พมI๐๖t/p•นI/฿ำคฌญฮq{=3fýtบ‘ฏ:	ขฅQ Tฎjuญ;ญÜ    HAํ@,ธ  ธธ  ไbฃ‘PPช-}'แุ4wาÞÛvษ&`       j]87๔aA ธ  ~%"–                         `         ส         @       €฿M   ภา60  ภา60  า60  4       €฿M   ภา60  ภา60  า60    €?  €?1.0000 1.0000
          ,๔M                   T         ส  þึM   €฿M   ภา60  ภา60  า60  ”ำ๗นปช0.9904 0.1271 0.0545
4

                ,๔M                   D         ส  ๐ฺM   bชgไ๚  uืM   ๏      ต   ท   ธ   ภDึ181/181/181 183/183/183 184/184/184
f v -0.024881 0.969519 -0.091469 0.0000 0.6944 0.0000
  ูฏ0้Cm'พมI๐๖t/p•นI/฿ำคฌญฮq{=3fýtบ‘ฏ:	ขฅQ Tฎjuญ;ญÜ    HAํ@,ธ  ธธ  ไbฃ‘PPช-}'แุ4wาÞÛvษ&`       j]87๔aA ธ  ~%"–                         `         ส         @       €฿M   ภา60  ภา60  า60  4       €฿M   ภา60  ภา60  า60    €?  €?1.0000 1.0000
          ,๔M                   T         ส  þึM   €฿M   ภา60  ภา60  า60  ”ำ๗นปช0.9904 0.1271 0.0545
4

                ,๔M                   D         ส  ๐ฺM   bชgไ๚  uืM   ๒      ต   ท   ถ   ภDึ181/181/181 183/183/183 182/182/182
f v -0.024881 0.969519 -0.091469 0.0000 0.6944 0.0000
  ูฏ0้Cm'พมI๐๖t/p•นI/฿ำคฌญฮq{=3fýtบ‘ฏ:	ขฅQ Tฎjuญ;ญÜ    HAํ@,ธ  ธธ  ไbฃ‘PPช-}'แุ4wาÞÛvษ&`       j]87๔aA ธ  ~%"–                         `         ส         @       €฿M   ภา60  ภา60  า60  4       €฿M   ภา60  ภา60  า60    €?  €?1.0000 1.0000
          ,๔M                   T         ส  þึM   €฿M   ภา60  ภา60  า60  ”ำ๗นปช0.9904 0.1271 0.0545
4

                ,๔M                   D         ส  ๐ฺM   bชgไ๚  uืM   ๕      ต   ธ   ท   ภDึ181/181/181 184/184/184 183/183/183
f v -0.024881 0.969519 -0.091469 0.0000 0.6944 0.0000
  ูฏ0้Cm'พมI๐๖t/p•นI/฿ำคฌญฮq{=3fýtบ‘ฏ:	ขฅQ Tฎjuญ;ญÜ    HAํ@,ธ  ธธ  ไbฃ‘PPช-}'แุ4wาÞÛvษ&`       j]87๔aA ธ  ~%"–                         `         ส         @       €฿M   ภา60  ภา60  า60  4       €฿M   ภา60  ภา60  า60    €?  €?1.0000 1.0000
          ,๔M                   T         ส  þึM   €฿M   ภา60  ภา60  า60  ”ำ๗นปช0.9904 0.1271 0.0545
4

                ,๔M                   D         ส  ๐ฺM   bชgไ๚  uืM   ๘      น   บ   ป   ภDึ185/185/185 186/186/186 187/187/187
f v -0.024881 0.969519 -0.091469 0.0000 0.6944 0.0000
  ูฏ0้Cm'พมI๐๖t/p•นI/฿ำคฌญฮq{=3fýtบ‘ฏ:	ขฅQ Tฎjuญ;ญÜ    HAํ@,ธ  ธธ  ไbฃ‘PPช-}'แุ4wาÞÛvษ&`       j]87๔aA ธ  ~%"–                         `         ส         @       €฿M   ภา60  ภา60  า60  4       €฿M   ภา60  ภา60  า60    €?  €?1.0000 1.0000
          ,๔M                   T         ส  þึM   €฿M   ภา60  ภา60  า60  ”ำ๗นปช0.9904 0.1271 0.0545
4

                ,๔M                   D         ส  ๐ฺM   bชgไ๚  uืM   ๛      น   ป   ผ   ภDึ185/185/185 187/187/187 188/188/188
f v -0.024881 0.969519 -0.091469 0.0000 0.6944 0.0000
  ูฏ0้Cm'พมI๐๖t/p•นI/฿ำคฌญฮq{=3fýtบ‘ฏ:	ขฅQ Tฎjuญ;ญÜ    HAํ@,ธ  ธธ  ไbฃ‘PPช-}'แุ4wาÞÛvษ&`       j]87๔aA ธ  ~%"–                         `         ส         @       €฿M   ภา60  ภา60  า60  4       €฿M   ภา60  ภา60  า60    €?  €?1.0000 1.0000
          ,๔M                   T         ส  þึM   €฿M   ภา60  ภา60  า60  ”ำ๗นปช0.9904 0.1271 0.0545
4

                ,๔M                   D         ส  ๐ฺM   bชgไ๚  uืM   þ      น   ป   บ   ภDึ185/185/185 187/187/187 186/186/186
f v -0.024881 0.969519 -0.091469 0.0000 0.6944 0.0000
  ูฏ0้Cm'พมI๐๖t/p•นI/฿ำคฌญฮq{=3fýtบ‘ฏ:	ขฅQ Tฎjuญ;ญÜ    HAํ@,ธ  ธธ  ไbฃ‘PPช-}'แุ4wาÞÛvษ&`       j]87๔aA ธ  ~%"–                         `         ส         @       €฿M   ภา60  ภา60  า60  4       €฿M   ภา60  ภา60  า60    €?  €?1.0000 1.0000
          ,๔M                   T         ส  þึM   €฿M   ภา60  ภา60  า60  ”ำ๗นปช0.9904 0.1271 0.0545
4

                ,๔M                   D         ส  ๐ฺM   bชgไ๚  uืM         น   ผ   ป   ภDึ185/185/185 188/188/188 187/187/187
f v -0.024881 0.969519 -0.091469 0.0000 0.6944 0.0000
  ูฏ0้Cm'พมI๐๖t/p•นI/฿ำคฌญฮq{=3fýtบ‘ฏ:	ขฅQ Tฎjuญ;ญÜ    HAํ@,ธ  ธธ  ไbฃ‘PPช-}'แุ4wาÞÛvษ&`       j]87๔aA ธ  ~%"–                         `         ส         @       €฿M   ภา60  ภา60  า60  4       €฿M   ภา60  ภา60  า60    €?  €?1.0000 1.0000
          ,๔M                   T         ส  þึM   €฿M   ภา60  ภา60  า60  ”ำ๗นปช0.9904 0.1271 0.0545
4

                ,๔M                   D         ส  ๐ฺM   bชgไ๚  uืM         ฝ   พ   ฟ   ภDึ189/189/189 190/190/190 191/191/191
f v -0.024881 0.969519 -0.091469 0.0000 0.6944 0.0000
  ูฏ0้Cm'พมI๐๖t/p•นI/฿ำคฌญฮq{=3fýtบ‘ฏ:	ขฅQ Tฎjuญ;ญÜ    HAํ@,ธ  ธธ  ไbฃ‘PPช-}'แุ4wาÞÛvษ&`       j]87๔aA ธ  ~%"–                         `         ส         @       €฿M   ภา60  ภา60  า60  4       €฿M   ภา60  ภา60  า60    €?  €?1.0000 1.0000
          ,๔M                   T         ส  þึM   €฿M   ภา60  ภา60  า60  ”ำ๗นปช0.9904 0.1271 0.0545
4

                ,๔M                   D         ส  ๐ฺM   bชgไ๚  uืM         ฝ   ฟ   ภ   ภDึ189/189/189 191/191/191 192/192/192
f v -0.024881 0.969519 -0.091469 0.0000 0.6944 0.0000
  ูฏ0้Cm'พมI๐๖t/p•นI/฿ำคฌญฮq{=3fýtบ‘ฏ:	ขฅQ Tฎjuญ;ญÜ    HAํ@,ธ  ธธ  ไbฃ‘PPช-}'แุ4wาÞÛvษ&`       j]87๔aA ธ  ~%"–                         `         ส         @       €฿M   ภา60  ภา60  า60  4       €฿M   ภา60  ภา60  า60    €?  €?1.0000 1.0000
          ,๔M                   T         ส  þึM   €฿M   ภา60  ภา60  า60  ”ำ๗นปช0.9904 0.1271 0.0545
4

                ,๔M                   D         ส  ๐ฺM   bชgไ๚  uืM   
      ฝ   ฟ   พ   ภDึ189/189/189 191/191/191 190/190/190
f v -0.024881 0.969519 -0.091469 0.0000 0.6944 0.0000
  ูฏ0้Cm'พมI๐๖t/p•นI/฿ำคฌญฮq{=3fýtบ‘ฏ:	ขฅQ Tฎjuญ;ญÜ    HAํ@,ธ  ธธ  ไbฃ‘PPช-}'แุ4wาÞÛvษ&`       j]87๔aA ธ  ~%"–                         `         ส         @       €฿M   ภา60  ภา60  า60  4       €฿M   ภา60  ภา60  า60    €?  €?1.0000 1.0000
          ,๔M                   T         ส  þึM   €฿M   ภา60  ภา60  า60  ”ำ๗นปช0.9904 0.1271 0.0545
4

                ,๔M                   D         ส  ๐ฺM   bชgไ๚  uืM         ฝ   ภ   ฟ   ภDึ189/189/189 192/192/192 191/191/191
f v -0.024881 0.969519 -0.091469 0.0000 0.6944 0.0000
  ูฏ0้Cm'พมI๐๖t/p•นI/฿ำคฌญฮq{=3fýtบ‘ฏ:	ขฅQ Tฎjuญ;ญÜ    HAํ@,ธ  ธธ  ไbฃ‘PPช-}'แุ4wาÞÛvษ&`       j]87๔aA ธ  ~%"–                         `         ส         @       €฿M   ภา60  ภา60  า60  4       €฿M   ภา60  ภา60  า60    €?  €?1.0000 1.0000
          ,๔M                   T         ส  þึM   €฿M   ภา60  ภา60  า60  ”ำ๗นปช0.9904 0.1271 0.0545
4

                ,๔M                   D         ส  ๐ฺM   bชgไ๚  uืM         ม   ย   ร   ภDึ193/193/193 194/194/194 195/195/195
f v -0.024881 0.969519 -0.091469 0.0000 0.6944 0.0000
  ูฏ0้Cm'พมI๐๖t/p•นI/฿ำคฌญฮq{=3fýtบ‘ฏ:	ขฅQ Tฎjuญ;ญÜ    HAํ@,ธ  ธธ  ไbฃ‘PPช-}'แุ4wาÞÛvษ&`       j]87๔aA ธ  ~%"–                         `         ส         @       €฿M   ภา60  ภา60  า60  4       €฿M   ภา60  ภา60  า60    €?  €?1.0000 1.0000
          ,๔M                   T         ส  þึM   €฿M   ภา60  ภา60  า60  ”ำ๗นปช0.9904 0.1271 0.0545
4

                ,๔M                   D         ส  ๐ฺM   bชgไ๚  uืM         ม   ร   ฤ   ภDึ193/193/193 195/195/195 196/196/196
f v -0.024881 0.969519 -0.091469 0.0000 0.6944 0.0000
  ูฏ0้Cm'พมI๐๖t/p•นI/฿ำคฌญฮq{=3fýtบ‘ฏ:	ขฅQ Tฎjuญ;ญÜ    HAํ@,ธ  ธธ  ไbฃ‘PPช-}'แุ4wาÞÛvษ&`       j]87๔aA ธ  ~%"–                         `         ส         @       €฿M   ภา60  ภา60  า60  4       €฿M   ภา60  ภา60  า60    €?  €?1.0000 1.0000
          ,๔M                   T         ส  þึM   €฿M   ภา60  ภา60  า60  ”ำ๗นปช0.9904 0.1271 0.0545
4

                ,๔M                   D         ส  ๐ฺM   bชgไ๚  uืM         ม   ร   ย   ภDึ193/193/193 195/195/195 194/194/194
f v -0.024881 0.969519 -0.091469 0.0000 0.6944 0.0000
  ูฏ0้Cm'พมI๐๖t/p•นI/฿ำคฌญฮq{=3fýtบ‘ฏ:	ขฅQ Tฎjuญ;ญÜ    HAํ@,ธ  ธธ  ไbฃ‘PPช-}'แุ4wาÞÛvษ&`       j]87๔aA ธ  ~%"–                         `         ส         @       €฿M   ภา60  ภา60  า60  4       €฿M   ภา60  ภา60  า60    €?  €?1.0000 1.0000
          ,๔M                   T         ส  þึM   €฿M   ภา60  ภา60  า60  ”ำ๗นปช0.9904 0.1271 0.0545
4

                ,๔M                   D         ส  ๐ฺM   bชgไ๚  uืM         ม   ฤ   ร   ภDึ193/193/193 196/196/196 195/195/195
f v -0.024881 0.969519 -0.091469 0.0000 0.6944 0.0000
  ูฏ0้Cm'พมI๐๖t/p•นI/฿ำคฌญฮq{=3fýtบ‘ฏ:	ขฅQ Tฎjuญ;ญÜ    HAํ@,ธ  ธธ  ไbฃ‘PPช-}'แุ4wาÞÛvษ&`       j]87๔aA ธ  ~%"–                         `         ส         @       €฿M   ภา60  ภา60  า60  4       €฿M   ภา60  ภา60  า60    €?  €?1.0000 1.0000
          ,๔M                   T         ส  þึM   €฿M   ภา60  ภา60  า60  ”ำ๗นปช0.9904 0.1271 0.0545
4

                ,๔M                   D         ส  ๐ฺM   bชgไ๚  uืM         ล   ฦ   ว   ภDึ197/197/197 198/198/198 199/199/199
f v -0.024881 0.969519 -0.091469 0.0000 0.6944 0.0000
  ูฏ0้Cm'พมI๐๖t/p•นI/฿ำคฌญฮq{=3fýtบ‘ฏ:	ขฅQ Tฎjuญ;ญÜ    HAํ@,ธ  ธธ  ไbฃ‘PPช-}'แุ4wาÞÛvษ&`       j]87๔aA ธ  ~%"–                         `         ส         @       €฿M   ภา60  ภา60  า60  4       €฿M   ภา60  ภา60  า60    €?  €?1.0000 1.0000
          ,๔M                   T         ส  þึM   €฿M   ภา60  ภา60  า60  ”ำ๗นปช0.9904 0.1271 0.0545
4

                ,๔M                   D         ส  ๐ฺM   bชgไ๚  uืM         ล   ว   ศ   ภDึ197/197/197 199/199/199 200/200/200
f v -0.024881 0.969519 -0.091469 0.0000 0.6944 0.0000
  ูฏ0้Cm'พมI๐๖t/p•นI/฿ำคฌญฮq{=3fýtบ‘ฏ:	ขฅQ Tฎjuญ;ญÜ    HAํ@,ธ  ธธ  ไbฃ‘PPช-}'แุ4wาÞÛvษ&`       j]87๔aA ธ  ~%"–                         `         ส         @       €฿M   ภา60  ภา60  า60  4       €฿M   ภา60  ภา60  า60    €?  €?1.0000 1.0000
          ,๔M                   T         ส  þึM   €฿M   ภา60  ภา60  า60  ”ำ๗นปช0.9904 0.1271 0.0545
4

                ,๔M                   D         ส  ๐ฺM   bชgไ๚  uืM   "      ล   ว   ฦ   ภDึ197/197/197 199/199/199 198/198/198
f v -0.024881 0.969519 -0.091469 0.0000 0.6944 0.0000
  ูฏ0้Cm'พมI๐๖t/p•นI/฿ำคฌญฮq{=3fýtบ‘ฏ:	ขฅQ Tฎjuญ;ญÜ    HAํ@,ธ  ธธ  ไbฃ‘PPช-}'แุ4wาÞÛvษ&`       j]87๔aA ธ  ~%"–                         `         ส         @       €฿M   ภา60  ภา60  า60  4       €฿M   ภา60  ภา60  า60    €?  €?1.0000 1.0000
          ,๔M                   T         ส  þึM   €฿M   ภา60  ภา60  า60  ”ำ๗นปช0.9904 0.1271 0.0545
4

                ,๔M                   D         ส  ๐ฺM   bชgไ๚  uืM   %      ล   ศ   ว   ภDึ197/197/197 200/200/200 199/199/199
f v -0.024881 0.969519 -0.091469 0.0000 0.6944 0.0000
  ูฏ0้Cm'พมI๐๖t/p•นI/฿ำคฌญฮq{=3fýtบ‘ฏ:	ขฅQ Tฎjuญ;ญÜ    HAํ@,ธ  ธธ  ไbฃ‘PPช-}'แุ4wาÞÛvษ&`       j]87๔aA ธ  ~%"–                         `         ส         @       €฿M   ภา60  ภา60  า60  4       €฿M   ภา60  ภา60  า60    €?  €?1.0000 1.0000
          ,๔M                   T         ส  þึM   €฿M   ภา60  ภา60  า60  ”ำ๗นปช0.9904 0.1271 0.0545
4

                ,๔M                   D         ส  ๐ฺM   bชgไ๚  uืM   (      ษ   ส   ห   ภDึ201/201/201 202/202/202 203/203/203
f v -0.024881 0.969519 -0.091469 0.0000 0.6944 0.0000
  ูฏ0้Cm'พมI๐๖t/p•นI/฿ำคฌญฮq{=3fýtบ‘ฏ:	ขฅQ Tฎjuญ;ญÜ    HAํ@,ธ  ธธ  ไbฃ‘PPช-}'แุ4wาÞÛvษ&`       j]87๔aA ธ  ~%"–                         `         ส         @       €฿M   ภา60  ภา60  า60  4       €฿M   ภา60  ภา60  า60    €?  €?1.0000 1.0000
          ,๔M                   T         ส  þึM   €฿M   ภา60  ภา60  า60  ”ำ๗นปช0.9904 0.1271 0.0545
4

                ,๔M                   D         ส  ๐ฺM   bชgไ๚  uืM   +      ษ   ห   ฬ   ภDึ201/201/201 203/203/203 204/204/204
f v -0.024881 0.969519 -0.091469 0.0000 0.6944 0.0000
  ูฏ0้Cm'พมI๐๖t/p•นI/฿ำคฌญฮq{=3fýtบ‘ฏ:	ขฅQ Tฎjuญ;ญÜ    HAํ@,ธ  ธธ  ไbฃ‘PPช-}'แุ4wาÞÛvษ&`       j]87๔aA ธ  ~%"–                         `         ส         @       €฿M   ภา60  ภา60  า60  4       €฿M   ภา60  ภา60  า60    €?  €?1.0000 1.0000
          ,๔M                   T         ส  þึM   €฿M   ภา60  ภา60  า60  ”ำ๗นปช0.9904 0.1271 0.0545
4

                ,๔M                   D         ส  ๐ฺM   bชgไ๚  uืM   .      ษ   ห   ส   ภDึ201/201/201 203/203/203 202/202/202
f v -0.024881 0.969519 -0.091469 0.0000 0.6944 0.0000
  ูฏ0้Cm'พมI๐๖t/p•นI/฿ำคฌญฮq{=3fýtบ‘ฏ:	ขฅQ Tฎjuญ;ญÜ    HAํ@,ธ  ธธ  ไbฃ‘PPช-}'แุ4wาÞÛvษ&`       j]87๔aA ธ  ~%"–                         `         ส         @       €฿M   ภา60  ภา60  า60  4       €฿M   ภา60  ภา60  า60    €?  €?1.0000 1.0000
          ,๔M                   T         ส  þึM   €฿M   ภา60  ภา60  า60  ”ำ๗นปช0.9904 0.1271 0.0545
4

                ,๔M                   D         ส  ๐ฺM   bชgไ๚  uืM   1      ษ   ฬ   ห   ภDึ201/201/201 204/204/204 203/203/203
f v -0.024881 0.969519 -0.091469 0.0000 0.6944 0.0000
  ูฏ0้Cm'พมI๐๖t/p•นI/฿ำคฌญฮq{=3fýtบ‘ฏ:	ขฅQ Tฎjuญ;ญÜ    HAํ@,ธ  ธธ  ไbฃ‘PPช-}'แุ4wาÞÛvษ&`       j]87๔aA ธ  ~%"–                         `         ส         @       €฿M   ภา60  ภา60  า60  4       €฿M   ภา60  ภา60  า60    €?  €?1.0000 1.0000
          ,๔M                   T         ส  þึM   €฿M   ภา60  ภา60  า60  ”ำ๗นปช0.9904 0.1271 0.0545
4

                ,๔M                   D         ส  ๐ฺM   bชgไ๚  uืM   4      อ   ฮ   ฯ   ภDึ205/205/205 206/206/206 207/207/207
f v -0.024881 0.969519 -0.091469 0.0000 0.6944 0.0000
  ูฏ0้Cm'พมI๐๖t/p•นI/฿ำคฌญฮq{=3fýtบ‘ฏ:	ขฅQ Tฎjuญ;ญÜ    HAํ@,ธ  ธธ  ไbฃ‘PPช-}'แุ4wาÞÛvษ&`       j]87๔aA ธ  ~%"–                         `         ส         @       €฿M   ภา60  ภา60  า60  4       €฿M   ภา60  ภา60  า60    €?  €?1.0000 1.0000
          ,๔M                   T         ส  þึM   €฿M   ภา60  ภา60  า60  ”ำ๗นปช0.9904 0.1271 0.0545
4

                ,๔M                   D         ส  ๐ฺM   bชgไ๚  uืM   7      อ   ฯ   ะ   ภDึ205/205/205 207/207/207 208/208/208
f v -0.024881 0.969519 -0.091469 0.0000 0.6944 0.0000
  ูฏ0้Cm'พมI๐๖t/p•นI/฿ำคฌญฮq{=3fýtบ‘ฏ:	ขฅQ Tฎjuญ;ญÜ    HAํ@,ธ  ธธ  ไbฃ‘PPช-}'แุ4wาÞÛvษ&`       j]87๔aA ธ  ~%"–                         `         ส         @       €฿M   ภา60  ภา60  า60  4       €฿M   ภา60  ภา60  า60    €?  €?1.0000 1.0000
          ,๔M                   T         ส  þึM   €฿M   ภา60  ภา60  า60  ”ำ๗นปช0.9904 0.1271 0.0545
4

                ,๔M                   D         ส  ๐ฺM   bชgไ๚  uืM   :      อ   ฯ   ฮ   ภDึ205/205/205 207/207/207 206/206/206
f v -0.024881 0.969519 -0.091469 0.0000 0.6944 0.0000
  ูฏ0้Cm'พมI๐๖t/p•นI/฿ำคฌญฮq{=3fýtบ‘ฏ:	ขฅQ Tฎjuญ;ญÜ    HAํ@,ธ  ธธ  ไbฃ‘PPช-}'แุ4wาÞÛvษ&`       j]87๔aA ธ  ~%"–                         `         ส         @       €฿M   ภา60  ภา60  า60  4       €฿M   ภา60  ภา60  า60    €?  €?1.0000 1.0000
          ,๔M                   T         ส  þึM   €฿M   ภา60  ภา60  า60  ”ำ๗นปช0.9904 0.1271 0.0545
4

                ,๔M                   D         ส  ๐ฺM   bชgไ๚  uืM   =      อ   ะ   ฯ   ภDึ205/205/205 208/208/208 207/207/207
f v -0.024881 0.969519 -0.091469 0.0000 0.6944 0.0000
  ูฏ0้Cm'พมI๐๖t/p•นI/฿ำคฌญฮq{=3fýtบ‘ฏ:	ขฅQ Tฎjuญ;ญÜ    HAํ@,ธ  ธธ  ไbฃ‘PPช-}'แุ4wาÞÛvษ&`       j]87๔aA ธ  ~%"–                         `         ส         @       €฿M   ภา60  ภา60  า60  4       €฿M   ภา60  ภา60  า60    €?  €?1.0000 1.0000
          ,๔M                   T         ส  þึM   €฿M   ภา60  ภา60  า60  ”ำ๗นปช0.9904 0.1271 0.0545
4

                ,๔M                   D         ส  ๐ฺM   bชgไ๚  uืM   @      ั   า   ำ   ภDึ209/209/209 210/210/210 211/211/211
f v -0.024881 0.969519 -0.091469 0.0000 0.6944 0.0000
  ูฏ0้Cm'พมI๐๖t/p•นI/฿ำคฌญฮq{=3fýtบ‘ฏ:	ขฅQ Tฎjuญ;ญÜ    HAํ@,ธ  ธธ  ไbฃ‘PPช-}'แุ4wาÞÛvษ&`       j]87๔aA ธ  ~%"–                         `         ส         @       €฿M   ภา60  ภา60  า60  4       €฿M   ภา60  ภา60  า60    €?  €?1.0000 1.0000
          ,๔M                   T         ส  þึM   €฿M   ภา60  ภา60  า60  ”ำ๗นปช0.9904 0.1271 0.0545
4

                ,๔M                   D         ส  ๐ฺM   bชgไ๚  uืM   C      ำ   า   ิ   ภDึ211/211/211 210/210/210 212/212/212
f v -0.024881 0.969519 -0.091469 0.0000 0.6944 0.0000
  ูฏ0้Cm'พมI๐๖t/p•นI/฿ำคฌญฮq{=3fýtบ‘ฏ:	ขฅQ Tฎjuญ;ญÜ    HAํ@,ธ  ธธ  ไbฃ‘PPช-}'แุ4wาÞÛvษ&`       j]87๔aA ธ  ~%"–                         `         ส         @       €฿M   ภา60  ภา60  า60  4       €฿M   ภา60  ภา60  า60    €?  €?1.0000 1.0000
          ,๔M                   T         ส  þึM   €฿M   ภา60  ภา60  า60  ”ำ๗นปช0.9904 0.1271 0.0545
4

                ,๔M                   D         ส  ๐ฺM   bชgไ๚  uืM   F      ำ   ิ   ี   ภDึ211/211/211 212/212/212 213/213/213
f v -0.024881 0.969519 -0.091469 0.0000 0.6944 0.0000
  ูฏ0้Cm'พมI๐๖t/p•นI/฿ำคฌญฮq{=3fýtบ‘ฏ:	ขฅQ Tฎjuญ;ญÜ    HAํ@,ธ  ธธ  ไbฃ‘PPช-}'แุ4wาÞÛvษ&`       j]87๔aA ธ  ~%"–                         `         ส         @       €฿M   ภา60  ภา60  า60  4       €฿M   ภา60  ภา60  า60    €?  €?1.0000 1.0000
          ,๔M                   T         ส  þึM   €฿M   ภา60  ภา60  า60  ”ำ๗นปช0.9904 0.1271 0.0545
4

                ,๔M                   D         ส  ๐ฺM   bชgไ๚  uืM   I      ี   ิ   ึ   ภDึ213/213/213 212/212/212 214/214/214
f v -0.024881 0.969519 -0.091469 0.0000 0.6944 0.0000
  ูฏ0้Cm'พมI๐๖t/p•นI/฿ำคฌญฮq{=3fýtบ‘ฏ:	ขฅQ Tฎjuญ;ญÜ    HAํ@,ธ  ธธ  ไbฃ‘PPช-}'แุ4wาÞÛvษ&`       j]87๔aA ธ  ~%"–                         `         ส         @       €฿M   ภา60  ภา60  า60  4       €฿M   ภา60  ภา60  า60    €?  €?1.0000 1.0000
          ,๔M                   T         ส  þึM   €฿M   ภา60  ภา60  า60  ”ำ๗นปช0.9904 0.1271 0.0545
4

                ,๔M                   D         ส  ๐ฺM   bชgไ๚  uืM   L      ี   ึ   ื   ภDึ213/213/213 214/214/214 215/215/215
f v -0.024881 0.969519 -0.091469 0.0000 0.6944 0.0000
  ูฏ0้Cm'พมI๐๖t/p•นI/฿ำคฌญฮq{=3fýtบ‘ฏ:	ขฅQ Tฎjuญ;ญÜ    HAํ@,ธ  ธธ  ไbฃ‘PPช-}'แุ4wาÞÛvษ&`       j]87๔aA ธ  ~%"–                         `         ส         @       €฿M   ภา60  ภา60  า60  4       €฿M   ภา60  ภา60  า60    €?  €?1.0000 1.0000
          ,๔M                   T         ส  þึM   €฿M   ภา60  ภา60  า60  ”ำ๗นปช0.9904 0.1271 0.0545
4

                ,๔M                   D         ส  ๐ฺM   bชgไ๚  uืM   O      ื   ึ   ุ   ภDึ215/215/215 214/214/214 216/216/216
f v -0.024881 0.969519 -0.091469 0.0000 0.6944 0.0000
  ูฏ0้Cm'พมI๐๖t/p•นI/฿ำคฌญฮq{=3fýtบ‘ฏ:	ขฅQ Tฎjuญ;ญÜ    HAํ@,ธ  ธธ  ไbฃ‘PPช-}'แุ4wาÞÛvษ&`       j]87๔aA ธ  ~%"–                         `         ส         @       €฿M   ภา60  ภา60  า60  4       €฿M   ภา60  ภา60  า60    €?  €?1.0000 1.0000
          ,๔M                   T         ส  þึM   €฿M   ภา60  ภา60  า60  ”ำ๗นปช0.9904 0.1271 0.0545
4

                ,๔M                   D         ส  ๐ฺM   bชgไ๚  uืM   R      ื   ุ   ู   ภDึ215/215/215 216/216/216 217/217/217
f v -0.024881 0.969519 -0.091469 0.0000 0.6944 0.0000
  ูฏ0้Cm'พมI๐๖t/p•นI/฿ำคฌญฮq{=3fýtบ‘ฏ:	ขฅQ Tฎjuญ;ญÜ    HAํ@,ธ  ธธ  ไbฃ‘PPช-}'แุ4wาÞÛvษ&`       j]87๔aA ธ  ~%"–                         `         ส         @       €฿M   ภา60  ภา60  า60  4       €฿M   ภา60  ภา60  า60    €?  €?1.0000 1.0000
          ,๔M                   T         ส  þึM   €฿M   ภา60  ภา60  า60  ”ำ๗นปช0.9904 0.1271 0.0545
4

                ,๔M                   D         ส  ๐ฺM   bชgไ๚  uืM   U      ู   ุ   ฺ   ภDึ217/217/217 216/216/216 218/218/218
f v -0.024881 0.969519 -0.091469 0.0000 0.6944 0.0000
  ูฏ0้Cm'พมI๐๖t/p•นI/฿ำคฌญฮq{=3fýtบ‘ฏ:	ขฅQ Tฎjuญ;ญÜ    HAํ@,ธ  ธธ  ไbฃ‘PPช-}'แุ4wาÞÛvษ&`       j]87๔aA ธ  ~%"–                         `         ส         @       €฿M   ภา60  ภา60  า60  4       €฿M   ภา60  ภา60  า60    €?  €?1.0000 1.0000
          ,๔M                   T         ส  þึM   €฿M   ภา60  ภา60  า60  ”ำ๗นปช0.9904 0.1271 0.0545
4

                ,๔M                   D         ส  ๐ฺM   bชgไ๚  uืM   X      Û   Ü   Ý   ภDึ219/219/219 220/220/220 221/221/221
f v -0.024881 0.969519 -0.091469 0.0000 0.6944 0.0000
  ูฏ0้Cm'พมI๐๖t/p•นI/฿ำคฌญฮq{=3fýtบ‘ฏ:	ขฅQ Tฎjuญ;ญÜ    HAํ@,ธ  ธธ  ไbฃ‘PPช-}'แุ4wาÞÛvษ&`       j]87๔aA ธ  ~%"–                         `         ส         @       €฿M   ภา60  ภา60  า60  4       €฿M   ภา60  ภา60  า60    €?  €?1.0000 1.0000
          ,๔M                   T         ส  þึM   €฿M   ภา60  ภา60  า60  ”ำ๗นปช0.9904 0.1271 0.0545
4

                ,๔M                   D         ส  ๐ฺM   bชgไ๚  uืM   [      Û   Ý   Þ   ภDึ219/219/219 221/221/221 222/222/222
f v -0.024881 0.969519 -0.091469 0.0000 0.6944 0.0000
  ูฏ0้Cm'พมI๐๖t/p•นI/฿ำคฌญฮq{=3fýtบ‘ฏ:	ขฅQ Tฎjuญ;ญÜ    HAํ@,ธ  ธธ  ไbฃ‘PPช-}'แุ4wาÞÛvษ&`       j]87๔aA ธ  ~%"–                         `         ส         @       €฿M   ภา60  ภา60  า60  4       €฿M   ภา60  ภา60  า60    €?  €?1.0000 1.0000
          ,๔M                   T         ส  þึM   €฿M   ภา60  ภา60  า60  ”ำ๗นปช0.9904 0.1271 0.0545
4

                ,๔M                   D         ส  ๐ฺM   bชgไ๚  uืM   ^      Û   Ý   Ü   ภDึ219/219/219 221/221/221 220/220/220
f v -0.024881 0.969519 -0.091469 0.0000 0.6944 0.0000
  ูฏ0้Cm'พมI๐๖t/p•นI/฿ำคฌญฮq{=3fýtบ‘ฏ:	ขฅQ Tฎjuญ;ญÜ    HAํ@,ธ  ธธ  ไbฃ‘PPช-}'แุ4wาÞÛvษ&`       j]87๔aA ธ  ~%"–                         `         ส         @       €฿M   ภา60  ภา60  า60  4       €฿M   ภา60  ภา60  า60    €?  €?1.0000 1.0000
          ,๔M                   T         ส  þึM   €฿M   ภา60  ภา60  า60  ”ำ๗นปช0.9904 0.1271 0.0545
4

                ,๔M                   D         ส  ๐ฺM   bชgไ๚  uืM   a      Û   Þ   Ý   ภDึ219/219/219 222/222/222 221/221/221
f v -0.024881 0.969519 -0.091469 0.0000 0.6944 0.0000
  ูฏ0้Cm'พมI๐๖t/p•นI/฿ำคฌญฮq{=3fýtบ‘ฏ:	ขฅQ Tฎjuญ;ญÜ    HAํ@,ธ  ธธ  ไbฃ‘PPช-}'แุ4wาÞÛvษ&`       j]87๔aA ธ  ~%"–                         `         ส         @       €฿M   ภา60  ภา60  า60  4       €฿M   ภา60  ภา60  า60    €?  €?1.0000 1.0000
          ,๔M                   T         ส  þึM   €฿M   ภา60  ภา60  า60  ”ำ๗นปช0.9904 0.1271 0.0545
4

                ,๔M                   D         ส  ๐ฺM   bชgไ๚  uืM   d      ฿   เ   แ   ภDึ223/223/223 224/224/224 225/225/225
f v -0.024881 0.969519 -0.091469 0.0000 0.6944 0.0000
  ูฏ0้Cm'พมI๐๖t/p•นI/฿ำคฌญฮq{=3fýtบ‘ฏ:	ขฅQ Tฎjuญ;ญÜ    HAํ@,ธ  ธธ  ไbฃ‘PPช-}'แุ4wาÞÛvษ&`       j]87๔aA ธ  ~%"–                         `         ส         @       €฿M   ภา60  ภา60  า60  4       €฿M   ภา60  ภา60  า60    €?  €?1.0000 1.0000
          ,๔M                   T         ส  þึM   €฿M   ภา60  ภา60  า60  ”ำ๗นปช0.9904 0.1271 0.0545
4

                ,๔M                   D         ส  ๐ฺM   bชgไ๚  uืM   g      ฿   แ   โ   ภDึ223/223/223 225/225/225 226/226/226
f v -0.024881 0.969519 -0.091469 0.0000 0.6944 0.0000
  ูฏ0้Cm'พมI๐๖t/p•นI/฿ำคฌญฮq{=3fýtบ‘ฏ:	ขฅQ Tฎjuญ;ญÜ    HAํ@,ธ  ธธ  ไbฃ‘PPช-}'แุ4wาÞÛvษ&`       j]87๔aA ธ  ~%"–                         `         ส         @       €฿M   ภา60  ภา60  า60  4       €฿M   ภา60  ภา60  า60    €?  €?1.0000 1.0000
          ,๔M                   T         ส  þึM   €฿M   ภา60  ภา60  า60  ”ำ๗นปช0.9904 0.1271 0.0545
4

                ,๔M                   D         ส  ๐ฺM   bชgไ๚  uืM   j      ฿   แ   เ   ภDึ223/223/223 225/225/225 224/224/224
f v -0.024881 0.969519 -0.091469 0.0000 0.6944 0.0000
  ูฏ0้Cm'พมI๐๖t/p•นI/฿ำคฌญฮq{=3fýtบ‘ฏ:	ขฅQ Tฎjuญ;ญÜ    HAํ@,ธ  ธธ  ไbฃ‘PPช-}'แุ4wาÞÛvษ&`       j]87๔aA ธ  ~%"–                         `         ส         @       €฿M   ภา60  ภา60  า60  4       €฿M   ภา60  ภา60  า60    €?  €?1.0000 1.0000
          ,๔M                   T         ส  þึM   €฿M   ภา60  ภา60  า60  ”ำ๗นปช0.9904 0.1271 0.0545
4

                ,๔M                   D         ส  ๐ฺM   bชgไ๚  uืM   m      ฿   โ   แ   ภDึ223/223/223 226/226/226 225/225/225
f v -0.024881 0.969519 -0.091469 0.0000 0.6944 0.0000
  ูฏ0้Cm'พมI๐๖t/p•นI/฿ำคฌญฮq{=3fýtบ‘ฏ:	ขฅQ Tฎjuญ;ญÜ    HAํ@,ธ  ธธ  ไbฃ‘PPช-}'แุ4wาÞÛvษ&`       j]87๔aA ธ  ~%"–                         `         ส         @       €฿M   ภา60  ภา60  า60  4       €฿M   ภา60  ภา60  า60    €?  €?1.0000 1.0000
          ,๔M                   T         ส  þึM   €฿M   ภา60  ภา60  า60  ”ำ๗นปช0.9904 0.1271 0.0545
4

                ,๔M                   D         ส  ๐ฺM   bชgไ๚  uืM   p      ใ   ไ   ๅ   ภDึ227/227/227 228/228/228 229/229/229
f v -0.024881 0.969519 -0.091469 0.0000 0.6944 0.0000
  ูฏ0้Cm'พมI๐๖t/p•นI/฿ำคฌญฮq{=3fýtบ‘ฏ:	ขฅQ Tฎjuญ;ญÜ    HAํ@,ธ  ธธ  ไbฃ‘PPช-}'แุ4wาÞÛvษ&`       j]87๔aA ธ  ~%"–                         `         ส         @       €฿M   ภา60  ภา60  า60  4       €฿M   ภา60  ภา60  า60    €?  €?1.0000 1.0000
          ,๔M                   T         ส  þึM   €฿M   ภา60  ภา60  า60  ”ำ๗นปช0.9904 0.1271 0.0545
4

                ,๔M                   D         ส  ๐ฺM   bชgไ๚  uืM   s      ใ   ๅ   ๆ   ภDึ227/227/227 229/229/229 230/230/230
f v -0.024881 0.969519 -0.091469 0.0000 0.6944 0.0000
  ูฏ0้Cm'พมI๐๖t/p•นI/฿ำคฌญฮq{=3fýtบ‘ฏ:	ขฅQ Tฎjuญ;ญÜ    HAํ@,ธ  ธธ  ไbฃ‘PPช-}'แุ4wาÞÛvษ&`       j]87๔aA ธ  ~%"–                         `         ส         @       €฿M   ภา60  ภา60  า60  4       €฿M   ภา60  ภา60  า60    €?  €?1.0000 1.0000
          ,๔M                   T         ส  þึM   €฿M   ภา60  ภา60  า60  ”ำ๗นปช0.9904 0.1271 0.0545
4

                ,๔M                   D         ส  ๐ฺM   bชgไ๚  uืM   v      ใ   ๅ   ไ   ภDึ227/227/227 229/229/229 228/228/228
f v -0.024881 0.969519 -0.091469 0.0000 0.6944 0.0000
  ูฏ0้Cm'พมI๐๖t/p•นI/฿ำคฌญฮq{=3fýtบ‘ฏ:	ขฅQ Tฎjuญ;ญÜ    HAํ@,ธ  ธธ  ไbฃ‘PPช-}'แุ4wาÞÛvษ&`       j]87๔aA ธ  ~%"–                         `         ส         @       €฿M   ภา60  ภา60  า60  4       €฿M   ภา60  ภา60  า60    €?  €?1.0000 1.0000
          ,๔M                   T         ส  þึM   €฿M   ภา60  ภา60  า60  ”ำ๗นปช0.9904 0.1271 0.0545
4

                ,๔M                   D         ส  ๐ฺM   bชgไ๚  uืM   y      ใ   ๆ   ๅ   ภDึ227/227/227 230/230/230 229/229/229
f v -0.024881 0.969519 -0.091469 0.0000 0.6944 0.0000
  ูฏ0้Cm'พมI๐๖t/p•นI/฿ำคฌญฮq{=3fýtบ‘ฏ:	ขฅQ Tฎjuญ;ญÜ    HAํ@,ธ  ธธ  ไbฃ‘PPช-}'แุ4wาÞÛvษ&`       j]87๔aA ธ  ~%"–                         `         ส         @       €฿M   ภา60  ภา60  า60  4       €฿M   ภา60  ภา60  า60    €?  €?1.0000 1.0000
          ,๔M                   T         ส  þึM   €฿M   ภา60  ภา60  า60  ”ำ๗นปช0.9904 0.1271 0.0545
4

                ,๔M                   D         ส  ๐ฺM   bชgไ๚  uืM   |      ็   ่   ้   ภDึ231/231/231 232/232/232 233/233/233
f v -0.024881 0.969519 -0.091469 0.0000 0.6944 0.0000
  ูฏ0้Cm'พมI๐๖t/p•นI/฿ำคฌญฮq{=3fýtบ‘ฏ:	ขฅQ Tฎjuญ;ญÜ    HAํ@,ธ  ธธ  ไbฃ‘PPช-}'แุ4wาÞÛvษ&`       j]87๔aA ธ  ~%"–                         `         ส         @       €฿M   ภา60  ภา60  า60  4       €฿M   ภา60  ภา60  า60    €?  €?1.0000 1.0000
          ,๔M                   T         ส  þึM   €฿M   ภา60  ภา60  า60  ”ำ๗นปช0.9904 0.1271 0.0545
4

                ,๔M                   D         ส  ๐ฺM   bชgไ๚  uืM         ็   ้   ๊   ภDึ231/231/231 233/233/233 234/234/234
f v -0.024881 0.969519 -0.091469 0.0000 0.6944 0.0000
  ูฏ0้Cm'พมI๐๖t/p•นI/฿ำคฌญฮq{=3fýtบ‘ฏ:	ขฅQ Tฎjuญ;ญÜ    HAํ@,ธ  ธธ  ไbฃ‘PPช-}'แุ4wาÞÛvษ&`       j]87๔aA ธ  ~%"–                         `         ส         @       €฿M   ภา60  ภา60  า60  4       €฿M   ภา60  ภา60  า60    €?  €?1.0000 1.0000
          ,๔M                   T         ส  þึM   €฿M   ภา60  ภา60  า60  ”ำ๗นปช0.9904 0.1271 0.0545
4

                ,๔M                   D         ส  ๐ฺM   bชgไ๚  uืM         ็   ้   ่   ภDึ231/231/231 233/233/233 232/232/232
f v -0.024881 0.969519 -0.091469 0.0000 0.6944 0.0000
  ูฏ0้Cm'พมI๐๖t/p•นI/฿ำคฌญฮq{=3fýtบ‘ฏ:	ขฅQ Tฎjuญ;ญÜ    HAํ@,ธ  ธธ  ไbฃ‘PPช-}'แุ4wาÞÛvษ&`       j]87๔aA ธ  ~%"–                         `         ส         @       €฿M   ภา60  ภา60  า60  4       €฿M   ภา60  ภา60  า60    €?  €?1.0000 1.0000
          ,๔M                   T         ส  þึM   €฿M   ภา60  ภา60  า60  ”ำ๗นปช0.9904 0.1271 0.0545
4

                ,๔M                   D         ส  ๐ฺM   bชgไ๚  uืM   …      ็   ๊   ้   ภDึ231/231/231 234/234/234 233/233/233
f v -0.024881 0.969519 -0.091469 0.0000 0.6944 0.0000
  ูฏ0้Cm'พมI๐๖t/p•นI/฿ำคฌญฮq{=3fýtบ‘ฏ:	ขฅQ Tฎjuญ;ญÜ    HAํ@,ธ  ธธ  ไbฃ‘PPช-}'แุ4wาÞÛvษ&`       j]87๔aA ธ  ~%"–                         `         ส         @       €฿M   ภา60  ภา60  า60  4       €฿M   ภา60  ภา60  า60    €?  €?1.0000 1.0000
          ,๔M                   T         ส  þึM   €฿M   ภา60  ภา60  า60  ”ำ๗นปช0.9904 0.1271 0.0545
4

                ,๔M                   D         ส  ๐ฺM   bชgไ๚  uืM         ๋   ์   ํ   ภDึ235/235/235 236/236/236 237/237/237
f v -0.024881 0.969519 -0.091469 0.0000 0.6944 0.0000
  ูฏ0้Cm'พมI๐๖t/p•นI/฿ำคฌญฮq{=3fýtบ‘ฏ:	ขฅQ Tฎjuญ;ญÜ    HAํ@,ธ  ธธ  ไbฃ‘PPช-}'แุ4wาÞÛvษ&`       j]87๔aA ธ  ~%"–                         `         ส         @       €฿M   ภา60  ภา60  า60  4       €฿M   ภา60  ภา60  า60    €?  €?1.0000 1.0000
          ,๔M                   T         ส  þึM   €฿M   ภา60  ภา60  า60  ”ำ๗นปช0.9904 0.1271 0.0545
4

                ,๔M                   D         ส  ๐ฺM   bชgไ๚  uืM         ๋   ํ   ๎   ภDึ235/235/235 237/237/237 238/238/238
f v -0.024881 0.969519 -0.091469 0.0000 0.6944 0.0000
  ูฏ0้Cm'พมI๐๖t/p•นI/฿ำคฌญฮq{=3fýtบ‘ฏ:	ขฅQ Tฎjuญ;ญÜ    HAํ@,ธ  ธธ  ไbฃ‘PPช-}'แุ4wาÞÛvษ&`       j]87๔aA ธ  ~%"–                         `         ส         @       €฿M   ภา60  ภา60  า60  4       €฿M   ภา60  ภา60  า60    €?  €?1.0000 1.0000
          ,๔M                   T         ส  þึM   €฿M   ภา60  ภา60  า60  ”ำ๗นปช0.9904 0.1271 0.0545
4

                ,๔M                   D         ส  ๐ฺM   bชgไ๚  uืM         ๋   ํ   ์   ภDึ235/235/235 237/237/237 236/236/236
f v -0.024881 0.969519 -0.091469 0.0000 0.6944 0.0000
  ูฏ0้Cm'พมI๐๖t/p•นI/฿ำคฌญฮq{=3fýtบ‘ฏ:	ขฅQ Tฎjuญ;ญÜ    HAํ@,ธ  ธธ  ไbฃ‘PPช-}'แุ4wาÞÛvษ&`       j]87๔aA ธ  ~%"–                         `         ส         @       €฿M   ภา60  ภา60  า60  4       €฿M   ภา60  ภา60  า60    €?  €?1.0000 1.0000
          ,๔M                   T         ส  þึM   €฿M   ภา60  ภา60  า60  ”ำ๗นปช0.9904 0.1271 0.0545
4

                ,๔M                   D         ส  ๐ฺM   bชgไ๚  uืM   ‘      ๋   ๎   ํ   ภDึ235/235/235 238/238/238 237/237/237
f v -0.024881 0.969519 -0.091469 0.0000 0.6944 0.0000
  ูฏ0้Cm'พมI๐๖t/p•นI/฿ำคฌญฮq{=3fýtบ‘ฏ:	ขฅQ Tฎjuญ;ญÜ    HAํ@,ธ  ธธ  ไbฃ‘PPช-}'แุ4wาÞÛvษ&`       j]87๔aA ธ  ~%"–                         `         ส         @       €฿M   ภา60  ภา60  า60  4       €฿M   ภา60  ภา60  า60    €?  €?1.0000 1.0000
          ,๔M                   T         ส  þึM   €฿M   ภา60  ภา60  า60  ”ำ๗นปช0.9904 0.1271 0.0545
4

                ,๔M                   D         ส  ๐ฺM   bชgไ๚  uืM   ”      ๏   ๐   ๑   ภDึ239/239/239 240/240/240 241/241/241
f v -0.024881 0.969519 -0.091469 0.0000 0.6944 0.0000
  ูฏ0้Cm'พมI๐๖t/p•นI/฿ำคฌญฮq{=3fýtบ‘ฏ:	ขฅQ Tฎjuญ;ญÜ    HAํ@,ธ  ธธ  ไbฃ‘PPช-}'แุ4wาÞÛvษ&`       j]87๔aA ธ  ~%"–                         `         ส         @       €฿M   ภา60  ภา60  า60  4       €฿M   ภา60  ภา60  า60    €?  €?1.0000 1.0000
          ,๔M                   T         ส  þึM   €฿M   ภา60  ภา60  า60  ”ำ๗นปช0.9904 0.1271 0.0545
4

                ,๔M                   D         ส  ๐ฺM   bชgไ๚  uืM   —      ๏   ๑   ๒   ภDึ239/239/239 241/241/241 242/242/242
f v -0.024881 0.969519 -0.091469 0.0000 0.6944 0.0000
  ูฏ0้Cm'พมI๐๖t/p•นI/฿ำคฌญฮq{=3fýtบ‘ฏ:	ขฅQ Tฎjuญ;ญÜ    HAํ@,ธ  ธธ  ไbฃ‘PPช-}'แุ4wาÞÛvษ&`       j]87๔aA ธ  ~%"–                         `         ส         @       €฿M   ภา60  ภา60  า60  4       €฿M   ภา60  ภา60  า60    €?  €?1.0000 1.0000
          ,๔M                   T         ส  þึM   €฿M   ภา60  ภา60  า60  ”ำ๗นปช0.9904 0.1271 0.0545
4

                ,๔M                   D         ส  ๐ฺM   bชgไ๚  uืM         ๏   ๑   ๐   ภDึ239/239/239 241/241/241 240/240/240
f v -0.024881 0.969519 -0.091469 0.0000 0.6944 0.0000
  ูฏ0้Cm'พมI๐๖t/p•นI/฿ำคฌญฮq{=3fýtบ‘ฏ:	ขฅQ Tฎjuญ;ญÜ    HAํ@,ธ  ธธ  ไbฃ‘PPช-}'แุ4wาÞÛvษ&`       j]87๔aA ธ  ~%"–                         `         ส         @       €฿M   ภา60  ภา60  า60  4       €฿M   ภา60  ภา60  า60    €?  €?1.0000 1.0000
          ,๔M                   T         ส  þึM   €฿M   ภา60  ภา60  า60  ”ำ๗นปช0.9904 0.1271 0.0545
4

                ,๔M                   D         ส  ๐ฺM   bชgไ๚  uืM         ๏   ๒   ๑   ภDึ239/239/239 242/242/242 241/241/241
f v -0.024881 0.969519 -0.091469 0.0000 0.6944 0.0000
  ูฏ0้Cm'พมI๐๖t/p•นI/฿ำคฌญฮq{=3fýtบ‘ฏ:	ขฅQ Tฎjuญ;ญÜ    HAํ@,ธ  ธธ  ไbฃ‘PPช-}'แุ4wาÞÛvษ&`       j]87๔aA ธ  ~%"–                         `         ส         @       €฿M   ภา60  ภา60  า60  4       €฿M   ภา60  ภา60  า60    €?  €?1.0000 1.0000
          ,๔M                   T         ส  þึM   €฿M   ภา60  ภา60  า60  ”ำ๗นปช0.9904 0.1271 0.0545
4

                ,๔M                   D         ส  ๐ฺM   bชgไ๚  uืM          ๓   ๔   ๕   ภDึ243/243/243 244/244/244 245/245/245
f v -0.024881 0.969519 -0.091469 0.0000 0.6944 0.0000
  ูฏ0้Cm'พมI๐๖t/p•นI/฿ำคฌญฮq{=3fýtบ‘ฏ:	ขฅQ Tฎjuญ;ญÜ    HAํ@,ธ  ธธ  ไbฃ‘PPช-}'แุ4wาÞÛvษ&`       j]87๔aA ธ  ~%"–                         `         ส         @       €฿M   ภา60  ภา60  า60  4       €฿M   ภา60  ภา60  า60    €?  €?1.0000 1.0000
          ,๔M                   T         ส  þึM   €฿M   ภา60  ภา60  า60  ”ำ๗นปช0.9904 0.1271 0.0545
4

                ,๔M                   D         ส  ๐ฺM   bชgไ๚  uืM   ฃ      ๓   ๕   ๖   ภDึ243/243/243 245/245/245 246/246/246
f v -0.024881 0.969519 -0.091469 0.0000 0.6944 0.0000
  ูฏ0้Cm'พมI๐๖t/p•นI/฿ำคฌญฮq{=3fýtบ‘ฏ:	ขฅQ Tฎjuญ;ญÜ    HAํ@,ธ  ธธ  ไbฃ‘PPช-}'แุ4wาÞÛvษ&`       j]87๔aA ธ  ~%"–                         `         ส         @       €฿M   ภา60  ภา60  า60  4       €฿M   ภา60  ภา60  า60    €?  €?1.0000 1.0000
          ,๔M                   T         ส  þึM   €฿M   ภา60  ภา60  า60  ”ำ๗นปช0.9904 0.1271 0.0545
4

                ,๔M                   D         ส  ๐ฺM   bชgไ๚  uืM   ฆ      ๓   ๕   ๔   ภDึ243/243/243 245/245/245 244/244/244
f v -0.024881 0.969519 -0.091469 0.0000 0.6944 0.0000
  ูฏ0้Cm'พมI๐๖t/p•นI/฿ำคฌญฮq{=3fýtบ‘ฏ:	ขฅQ Tฎjuญ;ญÜ    HAํ@,ธ  ธธ  ไbฃ‘PPช-}'แุ4wาÞÛvษ&`       j]87๔aA ธ  ~%"–                         `         ส         @       €฿M   ภา60  ภา60  า60  4       €฿M   ภา60  ภา60  า60    €?  €?1.0000 1.0000
          ,๔M                   T         ส  þึM   €฿M   ภา60  ภา60  า60  ”ำ๗นปช0.9904 0.1271 0.0545
4

                ,๔M                   D         ส  ๐ฺM   bชgไ๚  uืM   ฉ      ๓   ๖   ๕   ภDึ243/243/243 246/246/246 245/245/245
f v -0.024881 0.969519 -0.091469 0.0000 0.6944 0.0000
  ูฏ0้Cm'พมI๐๖t/p•นI/฿ำคฌญฮq{=3fýtบ‘ฏ:	ขฅQ Tฎjuญ;ญÜ    HAํ@,ธ  ธธ  ไbฃ‘PPช-}'แุ4wาÞÛvษ&`       j]87๔aA ธ  ~%"–                         `         ส         @       €฿M   ภา60  ภา60  า60  4       €฿M   ภา60  ภา60  า60    €?  €?1.0000 1.0000
          ,๔M                   T         ส  þึM   €฿M   ภา60  ภา60  า60  ”ำ๗นปช0.9904 0.1271 0.0545
4

                ,๔M                   D         ส  ๐ฺM   bชgไ๚  uืM   ฌ      ๗   ๘   ๙   ภDึ247/247/247 248/248/248 249/249/249
f v -0.024881 0.969519 -0.091469 0.0000 0.6944 0.0000
  ูฏ0้Cm'พมI๐๖t/p•นI/฿ำคฌญฮq{=3fýtบ‘ฏ:	ขฅQ Tฎjuญ;ญÜ    HAํ@,ธ  ธธ  ไbฃ‘PPช-}'แุ4wาÞÛvษ&`       j]87๔aA ธ  ~%"–                         `         ส         @       €฿M   ภา60  ภา60  า60  4       €฿M   ภา60  ภา60  า60    €?  €?1.0000 1.0000
          ,๔M                   T         ส  þึM   €฿M   ภา60  ภา60  า60  ”ำ๗นปช0.9904 0.1271 0.0545
4

                ,๔M                   D         ส  ๐ฺM   bชgไ๚  uืM   ฏ      ๗   ๙   ๚   ภDึ247/247/247 249/249/249 250/250/250
f v -0.024881 0.969519 -0.091469 0.0000 0.6944 0.0000
  ูฏ0้Cm'พมI๐๖t/p•นI/฿ำคฌญฮq{=3fýtบ‘ฏ:	ขฅQ Tฎjuญ;ญÜ    HAํ@,ธ  ธธ  ไbฃ‘PPช-}'แุ4wาÞÛvษ&`       j]87๔aA ธ  ~%"–                         `         ส         @       €฿M   ภา60  ภา60  า60  4       €฿M   ภา60  ภา60  า60    €?  €?1.0000 1.0000
          ,๔M                   T         ส  þึM   €฿M   ภา60  ภา60  า60  ”ำ๗นปช0.9904 0.1271 0.0545
4

                ,๔M                   D         ส  ๐ฺM   bชgไ๚  uืM   ฒ      ๗   ๙   ๘   ภDึ247/247/247 249/249/249 248/248/248
f v -0.024881 0.969519 -0.091469 0.0000 0.6944 0.0000
  ูฏ0้Cm'พมI๐๖t/p•นI/฿ำคฌญฮq{=3fýtบ‘ฏ:	ขฅQ Tฎjuญ;ญÜ    HAํ@,ธ  ธธ  ไbฃ‘PPช-}'แุ4wาÞÛvษ&`       j]87๔aA ธ  ~%"–                         `         ส         @       €฿M   ภา60  ภา60  า60  4       €฿M   ภา60  ภา60  า60    €?  €?1.0000 1.0000
          ,๔M                   T         ส  þึM   €฿M   ภา60  ภา60  า60  ”ำ๗นปช0.9904 0.1271 0.0545
4

                ,๔M                   D         ส  ๐ฺM   bชgไ๚  uืM   ต      ๗   ๚   ๙   ภDึ247/247/247 250/250/250 249/249/249
f v -0.024881 0.969519 -0.091469 0.0000 0.6944 0.0000
  ูฏ0้Cm'พมI๐๖t/p•นI/฿ำคฌญฮq{=3fýtบ‘ฏ:	ขฅQ Tฎjuญ;ญÜ    HAํ@,ธ  ธธ  ไbฃ‘PPช-}'แุ4wาÞÛvษ&`       j]87๔aA ธ  ~%"–                         `         ส         @       €฿M   ภา60  ภา60  า60  4       €฿M   ภา60  ภา60  า60    €?  €?1.0000 1.0000
          ,๔M                   T         ส  þึM   €฿M   ภา60  ภา60  า60  ”ำ๗นปช0.9904 0.1271 0.0545
4

                ,๔M                   D         ส  ๐ฺM   bชgไ๚  uืM   ธ      ๛   ü   ý   ภDึ251/251/251 252/252/252 253/253/253
f v -0.024881 0.969519 -0.091469 0.0000 0.6944 0.0000
  ูฏ0้Cm'พมI๐๖t/p•นI/฿ำคฌญฮq{=3fýtบ‘ฏ:	ขฅQ Tฎjuญ;ญÜ    HAํ@,ธ  ธธ  ไbฃ‘PPช-}'แุ4wาÞÛvษ&`       j]87๔aA ธ  ~%"–                         `         ส         @       €฿M   ภา60  ภา60  า60  4       €฿M   ภา60  ภา60  า60    €?  €?1.0000 1.0000
          ,๔M                   T         ส  þึM   €฿M   ภา60  ภา60  า60  ”ำ๗นปช0.9904 0.1271 0.0545
4

                ,๔M                   D         ส  ๐ฺM   bชgไ๚  uืM   ป      ý   ü   þ   ภDึ253/253/253 252/252/252 254/254/254
f v -0.024881 0.969519 -0.091469 0.0000 0.6944 0.0000
  ูฏ0้Cm'พมI๐๖t/p•นI/฿ำคฌญฮq{=3fýtบ‘ฏ:	ขฅQ Tฎjuญ;ญÜ    HAํ@,ธ  ธธ  ไbฃ‘PPช-}'แุ4wาÞÛvษ&`       j]87๔aA ธ  ~%"–                         `         ส         @       €฿M   ภา60  ภา60  า60  4       €฿M   ภา60  ภา60  า60    €?  €?1.0000 1.0000
          ,๔M                   T         ส  þึM   €฿M   ภา60  ภา60  า60  ”ำ๗นปช0.9904 0.1271 0.0545
4

                ,๔M                   D         ส  ๐ฺM   bชgไ๚  uืM   พ      ý   þ   ÿ   ภDึ253/253/253 254/254/254 255/255/255
f v -0.024881 0.969519 -0.091469 0.0000 0.6944 0.0000
  ูฏ0้Cm'พมI๐๖t/p•นI/฿ำคฌญฮq{=3fýtบ‘ฏ:	ขฅQ Tฎjuญ;ญÜ    HAํ@,ธ  ธธ  ไbฃ‘PPช-}'แุ4wาÞÛvษ&`       j]87๔aA ธ  ~%"–                         `         ส         @       €฿M   ภา60  ภา60  า60  4       €฿M   ภา60  ภา60  า60    €?  €?1.0000 1.0000
          ,๔M                   T         ส  þึM   €฿M   ภา60  ภา60  า60  ”ำ๗นปช0.9904 0.1271 0.0545
4

                ,๔M                   D         ส  ๐ฺM   bชgไ๚  uืM   ม      ÿ   þ      ภDึ255/255/255 254/254/254 256/256/256
f v -0.024881 0.969519 -0.091469 0.0000 0.6944 0.0000
  ูฏ0้Cm'พมI๐๖t/p•นI/฿ำคฌญฮq{=3fýtบ‘ฏ:	ขฅQ Tฎjuญ;ญÜ    HAํ@,ธ  ธธ  ไbฃ‘PPช-}'แุ4wาÞÛvษ&`       j]87๔aA ธ  ~%"–                         `         ส         @       €฿M   ภา60  ภา60  า60  4       €฿M   ภา60  ภา60  า60    €?  €?1.0000 1.0000
          ,๔M                   T         ส  þึM   €฿M   ภา60  ภา60  า60  ”ำ๗นปช0.9904 0.1271 0.0545
4

                ,๔M                   D         ส  ๐ฺM   bชgไ๚  uืM   ฤ      ÿ        ภDึ255/255/255 256/256/256 257/257/257
f v -0.024881 0.969519 -0.091469 0.0000 0.6944 0.0000
  ูฏ0้Cm'พมI๐๖t/p•นI/฿ำคฌญฮq{=3fýtบ‘ฏ:	ขฅQ Tฎjuญ;ญÜ    HAํ@,ธ  ธธ  ไbฃ‘PPช-}'แุ4wาÞÛvษ&`       j]87๔aA ธ  ~%"–                         `         ส         @       €฿M   ภา60  ภา60  า60  4       €฿M   ภา60  ภา60  า60    €?  €?1.0000 1.0000
          ,๔M                   T         ส  þึM   €฿M   ภา60  ภา60  า60  ”ำ๗นปช0.9904 0.1271 0.0545
4

                ,๔M                   D         ส  ๐ฺM   bชgไ๚  uืM   ว             ภDึ257/257/257 256/256/256 258/258/258
f v -0.024881 0.969519 -0.091469 0.0000 0.6944 0.0000
  ูฏ0้Cm'พมI๐๖t/p•นI/฿ำคฌญฮq{=3fýtบ‘ฏ:	ขฅQ Tฎjuญ;ญÜ    HAํ@,ธ  ธธ  ไbฃ‘PPช-}'แุ4wาÞÛvษ&`       j]87๔aA ธ  ~%"–                         `         ส         @       €฿M   ภา60  ภา60  า60  4       €฿M   ภา60  ภา60  า60    €?  €?1.0000 1.0000
          ,๔M                   T         ส  þึM   €฿M   ภา60  ภา60  า60  ”ำ๗นปช0.9904 0.1271 0.0545
4

                ,๔M                   D         ส  ๐ฺM   bชgไ๚  uืM   ส            ภDึ257/257/257 258/258/258 259/259/259
f v -0.024881 0.969519 -0.091469 0.0000 0.6944 0.0000
  ูฏ0้Cm'พมI๐๖t/p•นI/฿ำคฌญฮq{=3fýtบ‘ฏ:	ขฅQ Tฎjuญ;ญÜ    HAํ@,ธ  ธธ  ไbฃ‘PPช-}'แุ4wาÞÛvษ&`       j]87๔aA ธ  ~%"–                         `         ส         @       €฿M   ภา60  ภา60  า60  4       €฿M   ภา60  ภา60  า60    €?  €?1.0000 1.0000
          ,๔M                   T         ส  þึM   €฿M   ภา60  ภา60  า60  ”ำ๗นปช0.9904 0.1271 0.0545
4

                ,๔M                   D         ส  ๐ฺM   bชgไ๚  uืM   อ            ภDึ259/259/259 258/258/258 260/260/260
f v -0.024881 0.969519 -0.091469 0.0000 0.6944 0.0000
  ูฏ0้Cm'พมI๐๖t/p•นI/฿ำคฌญฮq{=3fýtบ‘ฏ:	ขฅQ Tฎjuญ;ญÜ    HAํ@,ธ  ธธ  ไbฃ‘PPช-}'แุ4wาÞÛvษ&`       j]87๔aA ธ  ~%"–                         `         ส         @       €฿M   ภา60  ภา60  า60  4       €฿M   ภา60  ภา60  า60    €?  €?1.0000 1.0000
          ,๔M                   T         ส  þึM   €฿M   ภา60  ภา60  า60  ”ำ๗นปช0.9904 0.1271 0.0545
4

                ,๔M                   D         ส  ๐ฺM   bชgไ๚  uืM   ะ            ภDึ261/261/261 262/262/262 263/263/263
f v -0.024881 0.969519 -0.091469 0.0000 0.6944 0.0000
  ูฏ0้Cm'พมI๐๖t/p•นI/฿ำคฌญฮq{=3fýtบ‘ฏ:	ขฅQ Tฎjuญ;ญÜ    HAํ@,ธ  ธธ  ไbฃ‘PPช-}'แุ4wาÞÛvษ&`       j]87๔aA ธ  ~%"–                         `         ส         @       €฿M   ภา60  ภา60  า60  4       €฿M   ภา60  ภา60  า60    €?  €?1.0000 1.0000
          ,๔M                   T         ส  þึM   €฿M   ภา60  ภา60  า60  ”ำ๗นปช0.9904 0.1271 0.0545
4

                ,๔M                   D         ส  ๐ฺM   bชgไ๚  uืM   ำ            ภDึ263/263/263 262/262/262 264/264/264
f v -0.024881 0.969519 -0.091469 0.0000 0.6944 0.0000
  ูฏ0้Cm'พมI๐๖t/p•นI/฿ำคฌญฮq{=3fýtบ‘ฏ:	ขฅQ Tฎjuญ;ญÜ    HAํ@,ธ  ธธ  ไbฃ‘PPช-}'แุ4wาÞÛvษ&`       j]87๔aA ธ  ~%"–                         `         ส         @       €฿M   ภา60  ภา60  า60  4       €฿M   ภา60  ภา60  า60    €?  €?1.0000 1.0000
          ,๔M                   T         ส  þึM   €฿M   ภา60  ภา60  า60  ”ำ๗นปช0.9904 0.1271 0.0545
4

                ,๔M                   D         ส  ๐ฺM   bชgไ๚  uืM   ึ          	  ภDึ263/263/263 264/264/264 265/265/265
f v -0.024881 0.969519 -0.091469 0.0000 0.6944 0.0000
  ูฏ0้Cm'พมI๐๖t/p•นI/฿ำคฌญฮq{=3fýtบ‘ฏ:	ขฅQ Tฎjuญ;ญÜ    HAํ@,ธ  ธธ  ไbฃ‘PPช-}'แุ4wาÞÛvษ&`       j]87๔aA ธ  ~%"–                         `         ส         @       €฿M   ภา60  ภา60  า60  4       €฿M   ภา60  ภา60  า60    €?  €?1.0000 1.0000
          ,๔M                   T         ส  þึM   €฿M   ภา60  ภา60  า60  ”ำ๗นปช0.9904 0.1271 0.0545
4

                ,๔M                   D         ส  ๐ฺM   bชgไ๚  uืM   ู      	    
  ภDึ265/265/265 264/264/264 266/266/266
f v -0.024881 0.969519 -0.091469 0.0000 0.6944 0.0000
  ูฏ0้Cm'พมI๐๖t/p•นI/฿ำคฌญฮq{=3fýtบ‘ฏ:	ขฅQ Tฎjuญ;ญÜ    HAํ@,ธ  ธธ  ไbฃ‘PPช-}'แุ4wาÞÛvษ&`       j]87๔aA ธ  ~%"–                         `         ส         @       €฿M   ภา60  ภา60  า60  4       €฿M   ภา60  ภา60  า60    €?  €?1.0000 1.0000
          ,๔M                   T         ส  þึM   €฿M   ภา60  ภา60  า60  ”ำ๗นปช0.9904 0.1271 0.0545
4

                ,๔M                   D         ส  ๐ฺM   bชgไ๚  uืM   Ü      	  
    ภDึ265/265/265 266/266/266 267/267/267
f v -0.024881 0.969519 -0.091469 0.0000 0.6944 0.0000
  ูฏ0้Cm'พมI๐๖t/p•นI/฿ำคฌญฮq{=3fýtบ‘ฏ:	ขฅQ Tฎjuญ;ญÜ    HAํ@,ธ  ธธ  ไbฃ‘PPช-}'แุ4wาÞÛvษ&`       j]87๔aA ธ  ~%"–                         `         ส         @       €฿M   ภา60  ภา60  า60  4       €฿M   ภา60  ภา60  า60    €?  €?1.0000 1.0000
          ,๔M                   T         ส  þึM   €฿M   ภา60  ภา60  า60  ”ำ๗นปช0.9904 0.1271 0.0545
4

                ,๔M                   D         ส  ๐ฺM   bชgไ๚  uืM   ฿        
    ภDึ267/267/267 266/266/266 268/268/268
f v -0.024881 0.969519 -0.091469 0.0000 0.6944 0.0000
  ูฏ0้Cm'พมI๐๖t/p•นI/฿ำคฌญฮq{=3fýtบ‘ฏ:	ขฅQ Tฎjuญ;ญÜ    HAํ@,ธ  ธธ  ไbฃ‘PPช-}'แุ4wาÞÛvษ&`       j]87๔aA ธ  ~%"–                         `         ส         @       €฿M   ภา60  ภา60  า60  4       €฿M   ภา60  ภา60  า60    €?  €?1.0000 1.0000
          ,๔M                   T         ส  þึM   €฿M   ภา60  ภา60  า60  ”ำ๗นปช0.9904 0.1271 0.0545
4

                ,๔M                   D         ส  ๐ฺM   bชgไ๚  uืM   โ            ภDึ267/267/267 268/268/268 269/269/269
f v -0.024881 0.969519 -0.091469 0.0000 0.6944 0.0000
  ูฏ0้Cm'พมI๐๖t/p•นI/฿ำคฌญฮq{=3fýtบ‘ฏ:	ขฅQ Tฎjuญ;ญÜ    HAํ@,ธ  ธธ  ไbฃ‘PPช-}'แุ4wาÞÛvษ&`       j]87๔aA ธ  ~%"–                         `         ส         @       €฿M   ภา60  ภา60  า60  4       €฿M   ภา60  ภา60  า60    €?  €?1.0000 1.0000
          ,๔M                   T         ส  þึM   €฿M   ภา60  ภา60  า60  ”ำ๗นปช0.9904 0.1271 0.0545
4

                ,๔M                   D         ส  ๐ฺM   bชgไ๚  uืM   ๅ            ภDึ269/269/269 268/268/268 270/270/270
f v -0.024881 0.969519 -0.091469 0.0000 0.6944 0.0000
  ูฏ0้Cm'พมI๐๖t/p•นI/฿ำคฌญฮq{=3fýtบ‘ฏ:	ขฅQ Tฎjuญ;ญÜ    HAํ@,ธ  ธธ  ไbฃ‘PPช-}'แุ4wาÞÛvษ&`       j]87๔aA ธ  ~%"–                         `         ส         @       €฿M   ภา60  ภา60  า60  4       €฿M   ภา60  ภา60  า60    €?  €?1.0000 1.0000
          ,๔M                   T         ส  þึM   €฿M   ภา60  ภา60  า60  ”ำ๗นปช0.9904 0.1271 0.0545
4

                ,๔M                   D         ส  ๐ฺM   bชgไ๚  uืM   ่            ภDึ271/271/271 272/272/272 273/273/273
f v -0.024881 0.969519 -0.091469 0.0000 0.6944 0.0000
  ูฏ0้Cm'พมI๐๖t/p•นI/฿ำคฌญฮq{=3fýtบ‘ฏ:	ขฅQ Tฎjuญ;ญÜ    HAํ@,ธ  ธธ  ไbฃ‘PPช-}'แุ4wาÞÛvษ&`       j]87๔aA ธ  ~%"–                         `         ส         @       €฿M   ภา60  ภา60  า60  4       €฿M   ภา60  ภา60  า60    €?  €?1.0000 1.0000
          ,๔M                   T         ส  þึM   €฿M   ภา60  ภา60  า60  ”ำ๗นปช0.9904 0.1271 0.0545
4

                ,๔M                   D         ส  ๐ฺM   bชgไ๚  uืM   ๋            ภDึ271/271/271 273/273/273 274/274/274
f v -0.024881 0.969519 -0.091469 0.0000 0.6944 0.0000
  ูฏ0้Cm'พมI๐๖t/p•นI/฿ำคฌญฮq{=3fýtบ‘ฏ:	ขฅQ Tฎjuญ;ญÜ    HAํ@,ธ  ธธ  ไbฃ‘PPช-}'แุ4wาÞÛvษ&`       j]87๔aA ธ  ~%"–                         `         ส         @       €฿M   ภา60  ภา60  า60  4       €฿M   ภา60  ภา60  า60    €?  €?1.0000 1.0000
          ,๔M                   T         ส  þึM   €฿M   ภา60  ภา60  า60  ”ำ๗นปช0.9904 0.1271 0.0545
4

                ,๔M                   D         ส  ๐ฺM   bชgไ๚  uืM   ๎            ภDึ271/271/271 273/273/273 272/272/272
f v -0.024881 0.969519 -0.091469 0.0000 0.6944 0.0000
  ูฏ0้Cm'พมI๐๖t/p•นI/฿ำคฌญฮq{=3fýtบ‘ฏ:	ขฅQ Tฎjuญ;ญÜ    HAํ@,ธ  ธธ  ไbฃ‘PPช-}'แุ4wาÞÛvษ&`       j]87๔aA ธ  ~%"–                         `         ส         @       €฿M   ภา60  ภา60  า60  4       €฿M   ภา60  ภา60  า60    €?  €?1.0000 1.0000
          ,๔M                   T         ส  þึM   €฿M   ภา60  ภา60  า60  ”ำ๗นปช0.9904 0.1271 0.0545
4

                ,๔M                   D         ส  ๐ฺM   bชgไ๚  uืM   ๑            ภDึ271/271/271 274/274/274 273/273/273
f v -0.024881 0.969519 -0.091469 0.0000 0.6944 0.0000
  ูฏ0้Cm'พมI๐๖t/p•นI/฿ำคฌญฮq{=3fýtบ‘ฏ:	ขฅQ Tฎjuญ;ญÜ    HAํ@,ธ  ธธ  ไbฃ‘PPช-}'แุ4wาÞÛvษ&`       j]87๔aA ธ  ~%"–                         `         ส         @       €฿M   ภา60  ภา60  า60  4       €฿M   ภา60  ภา60  า60    €?  €?1.0000 1.0000
          ,๔M                   T         ส  þึM   €฿M   ภา60  ภา60  า60  ”ำ๗นปช0.9904 0.1271 0.0545
4

                ,๔M                   D         ส  ๐ฺM   bชgไ๚  uืM   ๔            ภDึ275/275/275 276/276/276 277/277/277
f v -0.024881 0.969519 -0.091469 0.0000 0.6944 0.0000
  ูฏ0้Cm'พมI๐๖t/p•นI/฿ำคฌญฮq{=3fýtบ‘ฏ:	ขฅQ Tฎjuญ;ญÜ    HAํ@,ธ  ธธ  ไbฃ‘PPช-}'แุ4wาÞÛvษ&`       j]87๔aA ธ  ~%"–                         `         ส         @       €฿M   ภา60  ภา60  า60  4       €฿M   ภา60  ภา60  า60    €?  €?1.0000 1.0000
          ,๔M                   T         ส  þึM   €฿M   ภา60  ภา60  า60  ”ำ๗นปช0.9904 0.1271 0.0545
4

                ,๔M                   D         ส  ๐ฺM   bชgไ๚  uืM   ๗            ภDึ275/275/275 277/277/277 278/278/278
f v -0.024881 0.969519 -0.091469 0.0000 0.6944 0.0000
  ูฏ0้Cm'พมI๐๖t/p•นI/฿ำคฌญฮq{=3fýtบ‘ฏ:	ขฅQ Tฎjuญ;ญÜ    HAํ@,ธ  ธธ  ไbฃ‘PPช-}'แุ4wาÞÛvษ&`       j]87๔aA ธ  ~%"–                         `         ส         @       €฿M   ภา60  ภา60  า60  4       €฿M   ภา60  ภา60  า60    €?  €?1.0000 1.0000
          ,๔M                   T         ส  þึM   €฿M   ภา60  ภา60  า60  ”ำ๗นปช0.9904 0.1271 0.0545
4

                ,๔M                   D         ส  ๐ฺM   bชgไ๚  uืM   ๚            ภDึ275/275/275 277/277/277 276/276/276
f v -0.024881 0.969519 -0.091469 0.0000 0.6944 0.0000
  ูฏ0้Cm'พมI๐๖t/p•นI/฿ำคฌญฮq{=3fýtบ‘ฏ:	ขฅQ Tฎjuญ;ญÜ    HAํ@,ธ  ธธ  ไbฃ‘PPช-}'แุ4wาÞÛvษ&`       j]87๔aA ธ  ~%"–                         `         ส         @       €฿M   ภา60  ภา60  า60  4       €฿M   ภา60  ภา60  า60    €?  €?1.0000 1.0000
          ,๔M                   T         ส  þึM   €฿M   ภา60  ภา60  า60  ”ำ๗นปช0.9904 0.1271 0.0545
4

                ,๔M                   D         ส  ๐ฺM   bชgไ๚  uืM   ý            ภDึ275/275/275 278/278/278 277/277/277
f v -0.024881 0.969519 -0.091469 0.0000 0.6944 0.0000
  ูฏ0้Cm'พมI๐๖t/p•นI/฿ำคฌญฮq{=3fýtบ‘ฏ:	ขฅQ Tฎjuญ;ญÜ    HAํ@,ธ  ธธ  ไbฃ‘PPช-}'แุ4wาÞÛvษ&`       j]87๔aA ธ  ~%"–                         `         ส         @       €฿M   ภา60  ภา60  า60  4       €฿M   ภา60  ภา60  า60    €?  €?1.0000 1.0000
          ,๔M                   T         ส  þึM   €฿M   ภา60  ภา60  า60  ”ำ๗นปช0.9904 0.1271 0.0545
4

                ,๔M                   D         ส  ๐ฺM   bชgไ๚  uืM                ภDึ279/279/279 280/280/280 281/281/281
f v -0.024881 0.969519 -0.091469 0.0000 0.6944 0.0000
  ูฏ0้Cm'พมI๐๖t/p•นI/฿ำคฌญฮq{=3fýtบ‘ฏ:	ขฅQ Tฎjuญ;ญÜ    HAํ@,ธ  ธธ  ไbฃ‘PPช-}'แุ4wาÞÛvษ&`       j]87๔aA ธ  ~%"–                         `         ส         @       €฿M   ภา60  ภา60  า60  4       €฿M   ภา60  ภา60  า60    €?  €?1.0000 1.0000
          ,๔M                   T         ส  þึM   €฿M   ภา60  ภา60  า60  ”ำ๗นปช0.9904 0.1271 0.0545
4

                ,๔M                   D         ส  ๐ฺM   bชgไ๚  uืM               ภDึ279/279/279 281/281/281 282/282/282
f v -0.024881 0.969519 -0.091469 0.0000 0.6944 0.0000
  ูฏ0้Cm'พมI๐๖t/p•นI/฿ำคฌญฮq{=3fýtบ‘ฏ:	ขฅQ Tฎjuญ;ญÜ    HAํ@,ธ  ธธ  ไbฃ‘PPช-}'แุ4wาÞÛvษ&`       j]87๔aA ธ  ~%"–                         `         ส         @       €฿M   ภา60  ภา60  า60  4       €฿M   ภา60  ภา60  า60    €?  €?1.0000 1.0000
          ,๔M                   T         ส  þึM   €฿M   ภา60  ภา60  า60  ”ำ๗นปช0.9904 0.1271 0.0545
4

                ,๔M                   D         ส  ๐ฺM   bชgไ๚  uืM               ภDึ279/279/279 281/281/281 280/280/280
f v -0.024881 0.969519 -0.091469 0.0000 0.6944 0.0000
  ูฏ0้Cm'พมI๐๖t/p•นI/฿ำคฌญฮq{=3fýtบ‘ฏ:	ขฅQ Tฎjuญ;ญÜ    HAํ@,ธ  ธธ  ไbฃ‘PPช-}'แุ4wาÞÛvษ&`       j]87๔aA ธ  ~%"–                         `         ส         @       €฿M   ภา60  ภา60  า60  4       €฿M   ภา60  ภา60  า60    €?  €?1.0000 1.0000
          ,๔M                   T         ส  þึM   €฿M   ภา60  ภา60  า60  ”ำ๗นปช0.9904 0.1271 0.0545
4

                ,๔M                   D         ส  ๐ฺM   bชgไ๚  uืM   	            ภDึ279/279/279 282/282/282 281/281/281
f v -0.024881 0.969519 -0.091469 0.0000 0.6944 0.0000
  ูฏ0้Cm'พมI๐๖t/p•นI/฿ำคฌญฮq{=3fýtบ‘ฏ:	ขฅQ Tฎjuญ;ญÜ    HAํ@,ธ  ธธ  ไbฃ‘PPช-}'แุ4wาÞÛvษ&`       j]87๔aA ธ  ~%"–                         `         ส         @       €฿M   ภา60  ภา60  า60  4       €฿M   ภา60  ภา60  า60    €?  €?1.0000 1.0000
          ,๔M                   T         ส  þึM   €฿M   ภา60  ภา60  า60  ”ำ๗นปช0.9904 0.1271 0.0545
4

                ,๔M                   D         ส  ๐ฺM   bชgไ๚  uืM               ภDึ283/283/283 284/284/284 285/285/285
f v -0.024881 0.969519 -0.091469 0.0000 0.6944 0.0000
  ูฏ0้Cm'พมI๐๖t/p•นI/฿ำคฌญฮq{=3fýtบ‘ฏ:	ขฅQ Tฎjuญ;ญÜ    HAํ@,ธ  ธธ  ไbฃ‘PPช-}'แุ4wาÞÛvษ&`       j]87๔aA ธ  ~%"–                         `         ส         @       €฿M   ภา60  ภา60  า60  4       €฿M   ภา60  ภา60  า60    €?  €?1.0000 1.0000
          ,๔M                   T         ส  þึM   €฿M   ภา60  ภา60  า60  ”ำ๗นปช0.9904 0.1271 0.0545
4

                ,๔M                   D         ส  ๐ฺM   bชgไ๚  uืM               ภDึ283/283/283 285/285/285 286/286/286
f v -0.024881 0.969519 -0.091469 0.0000 0.6944 0.0000
  ูฏ0้Cm'พมI๐๖t/p•นI/฿ำคฌญฮq{=3fýtบ‘ฏ:	ขฅQ Tฎjuญ;ญÜ    HAํ@,ธ  ธธ  ไbฃ‘PPช-}'แุ4wาÞÛvษ&`       j]87๔aA ธ  ~%"–                         `         ส         @       €฿M   ภา60  ภา60  า60  4       €฿M   ภา60  ภา60  า60    €?  €?1.0000 1.0000
          ,๔M                   T         ส  þึM   €฿M   ภา60  ภา60  า60  ”ำ๗นปช0.9904 0.1271 0.0545
4

                ,๔M                   D         ส  ๐ฺM   bชgไ๚  uืM               ภDึ283/283/283 285/285/285 284/284/284
f v -0.024881 0.969519 -0.091469 0.0000 0.6944 0.0000
  ูฏ0้Cm'พมI๐๖t/p•นI/฿ำคฌญฮq{=3fýtบ‘ฏ:	ขฅQ Tฎjuญ;ญÜ    HAํ@,ธ  ธธ  ไbฃ‘PPช-}'แุ4wาÞÛvษ&`       j]87๔aA ธ  ~%"–                         `         ส         @       €฿M   ภา60  ภา60  า60  4       €฿M   ภา60  ภา60  า60    €?  €?1.0000 1.0000
          ,๔M                   T         ส  þึM   €฿M   ภา60  ภา60  า60  ”ำ๗นปช0.9904 0.1271 0.0545
4

                ,๔M                   D         ส  ๐ฺM   bชgไ๚  uืM               ภDึ283/283/283 286/286/286 285/285/285
f v -0.024881 0.969519 -0.091469 0.0000 0.6944 0.0000
  ูฏ0้Cm'พมI๐๖t/p•นI/฿ำคฌญฮq{=3fýtบ‘ฏ:	ขฅQ Tฎjuญ;ญÜ    HAํ@,ธ  ธธ  ไbฃ‘PPช-}'แุ4wาÞÛvษ&`       j]87๔aA ธ  ~%"–                         `         ส         @       €฿M   ภา60  ภา60  า60  4       €฿M   ภา60  ภา60  า60    €?  €?1.0000 1.0000
          ,๔M                   T         ส  þึM   €฿M   ภา60  ภา60  า60  ”ำ๗นปช0.9904 0.1271 0.0545
4

                ,๔M                   D         ส  ๐ฺM   bชgไ๚  uืM              !  ภDึ287/287/287 288/288/288 289/289/289
f v -0.024881 0.969519 -0.091469 0.0000 0.6944 0.0000
  ูฏ0้Cm'พมI๐๖t/p•นI/฿ำคฌญฮq{=3fýtบ‘ฏ:	ขฅQ Tฎjuญ;ญÜ    HAํ@,ธ  ธธ  ไbฃ‘PPช-}'แุ4wาÞÛvษ&`       j]87๔aA ธ  ~%"–                         `         ส         @       €฿M   ภา60  ภา60  า60  4       €฿M   ภา60  ภา60  า60    €?  €?1.0000 1.0000
          ,๔M                   T         ส  þึM   €฿M   ภา60  ภา60  า60  ”ำ๗นปช0.9904 0.1271 0.0545
4

                ,๔M                   D         ส  ๐ฺM   bชgไ๚  uืM           !  "  ภDึ287/287/287 289/289/289 290/290/290
f v -0.024881 0.969519 -0.091469 0.0000 0.6944 0.0000
  ูฏ0้Cm'พมI๐๖t/p•นI/฿ำคฌญฮq{=3fýtบ‘ฏ:	ขฅQ Tฎjuญ;ญÜ    HAํ@,ธ  ธธ  ไbฃ‘PPช-}'แุ4wาÞÛvษ&`       j]87๔aA ธ  ~%"–                         `         ส         @       €฿M   ภา60  ภา60  า60  4       €฿M   ภา60  ภา60  า60    €?  €?1.0000 1.0000
          ,๔M                   T         ส  þึM   €฿M   ภา60  ภา60  า60  ”ำ๗นปช0.9904 0.1271 0.0545
4

                ,๔M                   D         ส  ๐ฺM   bชgไ๚  uืM           !     ภDึ287/287/287 289/289/289 288/288/288
f v -0.024881 0.969519 -0.091469 0.0000 0.6944 0.0000
  ูฏ0้Cm'พมI๐๖t/p•นI/฿ำคฌญฮq{=3fýtบ‘ฏ:	ขฅQ Tฎjuญ;ญÜ    HAํ@,ธ  ธธ  ไbฃ‘PPช-}'แุ4wาÞÛvษ&`       j]87๔aA ธ  ~%"–                         `         ส         @       €฿M   ภา60  ภา60  า60  4       €฿M   ภา60  ภา60  า60    €?  €?1.0000 1.0000
          ,๔M                   T         ส  þึM   €฿M   ภา60  ภา60  า60  ”ำ๗นปช0.9904 0.1271 0.0545
4

                ,๔M                   D         ส  ๐ฺM   bชgไ๚  uืM   !        "  !  ภDึ287/287/287 290/290/290 289/289/289
f v -0.024881 0.969519 -0.091469 0.0000 0.6944 0.0000
  ูฏ0้Cm'พมI๐๖t/p•นI/฿ำคฌญฮq{=3fýtบ‘ฏ:	ขฅQ Tฎjuญ;ญÜ    HAํ@,ธ  ธธ  ไbฃ‘PPช-}'แุ4wาÞÛvษ&`       j]87๔aA ธ  ~%"–                         `         ส         @       €฿M   ภา60  ภา60  า60  4       €฿M   ภา60  ภา60  า60    €?  €?1.0000 1.0000
          ,๔M                   T         ส  þึM   €฿M   ภา60  ภา60  า60  ”ำ๗นปช0.9904 0.1271 0.0545
4

                ,๔M                   D         ส  ๐ฺM   bชgไ๚  uืM   $      #  $  %  ภDึ291/291/291 292/292/292 293/293/293
f v -0.024881 0.969519 -0.091469 0.0000 0.6944 0.0000
  ูฏ0้Cm'พมI๐๖t/p•นI/฿ำคฌญฮq{=3fýtบ‘ฏ:	ขฅQ Tฎjuญ;ญÜ    HAํ@,ธ  ธธ  ไbฃ‘PPช-}'แุ4wาÞÛvษ&`       j]87๔aA ธ  ~%"–                         `         ส         @       €฿M   ภา60  ภา60  า60  4       €฿M   ภา60  ภา60  า60    €?  €?1.0000 1.0000
          ,๔M                   T         ส  þึM   €฿M   ภา60  ภา60  า60  ”ำ๗นปช0.9904 0.1271 0.0545
4

                ,๔M                   D         ส  ๐ฺM   bชgไ๚  uืM   '      #  %  &  ภDึ291/291/291 293/293/293 294/294/294
f v -0.024881 0.969519 -0.091469 0.0000 0.6944 0.0000
  ูฏ0้Cm'พมI๐๖t/p•นI/฿ำคฌญฮq{=3fýtบ‘ฏ:	ขฅQ Tฎjuญ;ญÜ    HAํ@,ธ  ธธ  ไbฃ‘PPช-}'แุ4wาÞÛvษ&`       j]87๔aA ธ  ~%"–                         `         ส         @       €฿M   ภา60  ภา60  า60  4       €฿M   ภา60  ภา60  า60    €?  €?1.0000 1.0000
          ,๔M                   T         ส  þึM   €฿M   ภา60  ภา60  า60  ”ำ๗นปช0.9904 0.1271 0.0545
4

                ,๔M                   D         ส  ๐ฺM   bชgไ๚  uืM   *      #  %  $  ภDึ291/291/291 293/293/293 292/292/292
f v -0.024881 0.969519 -0.091469 0.0000 0.6944 0.0000
  ูฏ0้Cm'พมI๐๖t/p•นI/฿ำคฌญฮq{=3fýtบ‘ฏ:	ขฅQ Tฎjuญ;ญÜ    HAํ@,ธ  ธธ  ไbฃ‘PPช-}'แุ4wาÞÛvษ&`       j]87๔aA ธ  ~%"–                         `         ส         @       €฿M   ภา60  ภา60  า60  4       €฿M   ภา60  ภา60  า60    €?  €?1.0000 1.0000
          ,๔M                   T         ส  þึM   €฿M   ภา60  ภา60  า60  ”ำ๗นปช0.9904 0.1271 0.0545
4

                ,๔M                   D         ส  ๐ฺM   bชgไ๚  uืM   -      #  &  %  ภDึ291/291/291 294/294/294 293/293/293
f v -0.024881 0.969519 -0.091469 0.0000 0.6944 0.0000
  ูฏ0้Cm'พมI๐๖t/p•นI/฿ำคฌญฮq{=3fýtบ‘ฏ:	ขฅQ Tฎjuญ;ญÜ    HAํ@,ธ  ธธ  ไbฃ‘PPช-}'แุ4wาÞÛvษ&`       j]87๔aA ธ  ~%"–                         `         ส         @       €฿M   ภา60  ภา60  า60  4       €฿M   ภา60  ภา60  า60    €?  €?1.0000 1.0000
          ,๔M                   T         ส  þึM   €฿M   ภา60  ภา60  า60  ”ำ๗นปช0.9904 0.1271 0.0545
4

                ,๔M                   D         ส  ๐ฺM   bชgไ๚  uืM   0      '  (  )  ภDึ295/295/295 296/296/296 297/297/297
f v -0.024881 0.969519 -0.091469 0.0000 0.6944 0.0000
  ูฏ0้Cm'พมI๐๖t/p•นI/฿ำคฌญฮq{=3fýtบ‘ฏ:	ขฅQ Tฎjuญ;ญÜ    HAํ@,ธ  ธธ  ไbฃ‘PPช-}'แุ4wาÞÛvษ&`       j]87๔aA ธ  ~%"–                         `         ส         @       €฿M   ภา60  ภา60  า60  4       €฿M   ภา60  ภา60  า60    €?  €?1.0000 1.0000
          ,๔M                   T         ส  þึM   €฿M   ภา60  ภา60  า60  ”ำ๗นปช0.9904 0.1271 0.0545
4

                ,๔M                   D         ส  ๐ฺM   bชgไ๚  uืM   3      '  )  *  ภDึ295/295/295 297/297/297 298/298/298
f v -0.024881 0.969519 -0.091469 0.0000 0.6944 0.0000
  ูฏ0้Cm'พมI๐๖t/p•นI/฿ำคฌญฮq{=3fýtบ‘ฏ:	ขฅQ Tฎjuญ;ญÜ    HAํ@,ธ  ธธ  ไbฃ‘PPช-}'แุ4wาÞÛvษ&`       j]87๔aA ธ  ~%"–                         `         ส         @       €฿M   ภา60  ภา60  า60  4       €฿M   ภา60  ภา60  า60    €?  €?1.0000 1.0000
          ,๔M                   T         ส  þึM   €฿M   ภา60  ภา60  า60  ”ำ๗นปช0.9904 0.1271 0.0545
4

                ,๔M                   D         ส  ๐ฺM   bชgไ๚  uืM   6      '  )  (  ภDึ295/295/295 297/297/297 296/296/296
f v -0.024881 0.969519 -0.091469 0.0000 0.6944 0.0000
  ูฏ0้Cm'พมI๐๖t/p•นI/฿ำคฌญฮq{=3fýtบ‘ฏ:	ขฅQ Tฎjuญ;ญÜ    HAํ@,ธ  ธธ  ไbฃ‘PPช-}'แุ4wาÞÛvษ&`       j]87๔aA ธ  ~%"–                         `         ส         @       €฿M   ภา60  ภา60  า60  4       €฿M   ภา60  ภา60  า60    €?  €?1.0000 1.0000
          ,๔M                   T         ส  þึM   €฿M   ภา60  ภา60  า60  ”ำ๗นปช0.9904 0.1271 0.0545
4

                ,๔M                   D         ส  ๐ฺM   bชgไ๚  uืM   9      '  *  )  ภDึ295/295/295 298/298/298 297/297/297
f v -0.024881 0.969519 -0.091469 0.0000 0.6944 0.0000
  ูฏ0้Cm'พมI๐๖t/p•นI/฿ำคฌญฮq{=3fýtบ‘ฏ:	ขฅQ Tฎjuญ;ญÜ    HAํ@,ธ  ธธ  ไbฃ‘PPช-}'แุ4wาÞÛvษ&`       j]87๔aA ธ  ~%"–                         `         ส         @       €฿M   ภา60  ภา60  า60  4       €฿M   ภา60  ภา60  า60    €?  €?1.0000 1.0000
          ,๔M                   T         ส  þึM   €฿M   ภา60  ภา60  า60  ”ำ๗นปช0.9904 0.1271 0.0545
4

                ,๔M                   D         ส  ๐ฺM   bชgไ๚  uืM   <      +  ,  -  ภDึ299/299/299 300/300/300 301/301/301
f v -0.024881 0.969519 -0.091469 0.0000 0.6944 0.0000
  ูฏ0้Cm'พมI๐๖t/p•นI/฿ำคฌญฮq{=3fýtบ‘ฏ:	ขฅQ Tฎjuญ;ญÜ    HAํ@,ธ  ธธ  ไbฃ‘PPช-}'แุ4wาÞÛvษ&`       j]87๔aA ธ  ~%"–                         `         ส         @       €฿M   ภา60  ภา60  า60  4       €฿M   ภา60  ภา60  า60    €?  €?1.0000 1.0000
          ,๔M                   T         ส  þึM   €฿M   ภา60  ภา60  า60  ”ำ๗นปช0.9904 0.1271 0.0545
4

                ,๔M                   D         ส  ๐ฺM   bชgไ๚  uืM   ?      +  -  .  ภDึ299/299/299 301/301/301 302/302/302
f v -0.024881 0.969519 -0.091469 0.0000 0.6944 0.0000
  ูฏ0้Cm'พมI๐๖t/p•นI/฿ำคฌญฮq{=3fýtบ‘ฏ:	ขฅQ Tฎjuญ;ญÜ    HAํ@,ธ  ธธ  ไbฃ‘PPช-}'แุ4wาÞÛvษ&`       j]87๔aA ธ  ~%"–                         `         ส         @       €฿M   ภา60  ภา60  า60  4       €฿M   ภา60  ภา60  า60    €?  €?1.0000 1.0000
          ,๔M                   T         ส  þึM   €฿M   ภา60  ภา60  า60  ”ำ๗นปช0.9904 0.1271 0.0545
4

                ,๔M                   D         ส  ๐ฺM   bชgไ๚  uืM   B      +  -  ,  ภDึ299/299/299 301/301/301 300/300/300
f v -0.024881 0.969519 -0.091469 0.0000 0.6944 0.0000
  ูฏ0้Cm'พมI๐๖t/p•นI/฿ำคฌญฮq{=3fýtบ‘ฏ:	ขฅQ Tฎjuญ;ญÜ    HAํ@,ธ  ธธ  ไbฃ‘PPช-}'แุ4wาÞÛvษ&`       j]87๔aA ธ  ~%"–                         `         ส         @       €฿M   ภา60  ภา60  า60  4       €฿M   ภา60  ภา60  า60    €?  €?1.0000 1.0000
          ,๔M                   T         ส  þึM   €฿M   ภา60  ภา60  า60  ”ำ๗นปช0.9904 0.1271 0.0545
4

                ,๔M                   D         ส  ๐ฺM   bชgไ๚  uืM   E      +  .  -  ภDึ299/299/299 302/302/302 301/301/301
f v -0.024881 0.969519 -0.091469 0.0000 0.6944 0.0000
  ูฏ0้Cm'พมI๐๖t/p•นI/฿ำคฌญฮq{=3fýtบ‘ฏ:	ขฅQ Tฎjuญ;ญÜ    HAํ@,ธ  ธธ  ไbฃ‘PPช-}'แุ4wาÞÛvษ&`       j]87๔aA ธ  ~%"–                         `         ส         @       €฿M   ภา60  ภา60  า60  4       €฿M   ภา60  ภา60  า60    €?  €?1.0000 1.0000
          ,๔M                   T         ส  þึM   €฿M   ภา60  ภา60  า60  ”ำ๗นปช0.9904 0.1271 0.0545
4

                ,๔M                   D         ส  ๐ฺM   bชgไ๚  uืM   H      /  0  1  ภDึ303/303/303 304/304/304 305/305/305
f v -0.024881 0.969519 -0.091469 0.0000 0.6944 0.0000
  ูฏ0้Cm'พมI๐๖t/p•นI/฿ำคฌญฮq{=3fýtบ‘ฏ:	ขฅQ Tฎjuญ;ญÜ    HAํ@,ธ  ธธ  ไbฃ‘PPช-}'แุ4wาÞÛvษ&`       j]87๔aA ธ  ~%"–                         `         ส         @       €฿M   ภา60  ภา60  า60  4       €฿M   ภา60  ภา60  า60    €?  €?1.0000 1.0000
          ,๔M                   T         ส  þึM   €฿M   ภา60  ภา60  า60  ”ำ๗นปช0.9904 0.1271 0.0545
4

                ,๔M                   D         ส  ๐ฺM   bชgไ๚  uืM   K      1  0  2  ภDึ305/305/305 304/304/304 306/306/306
f v -0.024881 0.969519 -0.091469 0.0000 0.6944 0.0000
  ูฏ0้Cm'พมI๐๖t/p•นI/฿ำคฌญฮq{=3fýtบ‘ฏ:	ขฅQ Tฎjuญ;ญÜ    HAํ@,ธ  ธธ  ไbฃ‘PPช-}'แุ4wาÞÛvษ&`       j]87๔aA ธ  ~%"–                         `         ส         @       €฿M   ภา60  ภา60  า60  4       €฿M   ภา60  ภา60  า60    €?  €?1.0000 1.0000
          ,๔M                   T         ส  þึM   €฿M   ภา60  ภา60  า60  ”ำ๗นปช0.9904 0.1271 0.0545
4

                ,๔M                   D         ส  ๐ฺM   bชgไ๚  uืM   N      1  2  3  ภDึ305/305/305 306/306/306 307/307/307
f v -0.024881 0.969519 -0.091469 0.0000 0.6944 0.0000
  ูฏ0้Cm'พมI๐๖t/p•นI/฿ำคฌญฮq{=3fýtบ‘ฏ:	ขฅQ Tฎjuญ;ญÜ    HAํ@,ธ  ธธ  ไbฃ‘PPช-}'แุ4wาÞÛvษ&`       j]87๔aA ธ  ~%"–                         `         ส         @       €฿M   ภา60  ภา60  า60  4       €฿M   ภา60  ภา60  า60    €?  €?1.0000 1.0000
          ,๔M                   T         ส  þึM   €฿M   ภา60  ภา60  า60  ”ำ๗นปช0.9904 0.1271 0.0545
4

                ,๔M                   D         ส  ๐ฺM   bชgไ๚  uืM   Q      3  2  4  ภDึ307/307/307 306/306/306 308/308/308
f v -0.024881 0.969519 -0.091469 0.0000 0.6944 0.0000
  ูฏ0้Cm'พมI๐๖t/p•นI/฿ำคฌญฮq{=3fýtบ‘ฏ:	ขฅQ Tฎjuญ;ญÜ    HAํ@,ธ  ธธ  ไbฃ‘PPช-}'แุ4wาÞÛvษ&`       j]87๔aA ธ  ~%"–                         `         ส         @       €฿M   ภา60  ภา60  า60  4       €฿M   ภา60  ภา60  า60    €?  €?1.0000 1.0000
          ,๔M                   T         ส  þึM   €฿M   ภา60  ภา60  า60  ”ำ๗นปช0.9904 0.1271 0.0545
4

                ,๔M                   D         ส  ๐ฺM   bชgไ๚  uืM   T      3  4  5  ภDึ307/307/307 308/308/308 309/309/309
f v -0.024881 0.969519 -0.091469 0.0000 0.6944 0.0000
  ูฏ0้Cm'พมI๐๖t/p•นI/฿ำคฌญฮq{=3fýtบ‘ฏ:	ขฅQ Tฎjuญ;ญÜ    HAํ@,ธ  ธธ  ไbฃ‘PPช-}'แุ4wาÞÛvษ&`       j]87๔aA ธ  ~%"–                         `         ส         @       €฿M   ภา60  ภา60  า60  4       €฿M   ภา60  ภา60  า60    €?  €?1.0000 1.0000
          ,๔M                   T         ส  þึM   €฿M   ภา60  ภา60  า60  ”ำ๗นปช0.9904 0.1271 0.0545
4

                ,๔M                   D         ส  ๐ฺM   bชgไ๚  uืM   W      5  4  6  ภDึ309/309/309 308/308/308 310/310/310
f v -0.024881 0.969519 -0.091469 0.0000 0.6944 0.0000
  ูฏ0้Cm'พมI๐๖t/p•นI/฿ำคฌญฮq{=3fýtบ‘ฏ:	ขฅQ Tฎjuญ;ญÜ    HAํ@,ธ  ธธ  ไbฃ‘PPช-}'แุ4wาÞÛvษ&`       j]87๔aA ธ  ~%"–                         `         ส         @       €฿M   ภา60  ภา60  า60  4       €฿M   ภา60  ภา60  า60    €?  €?1.0000 1.0000
          ,๔M                   T         ส  þึM   €฿M   ภา60  ภา60  า60  ”ำ๗นปช0.9904 0.1271 0.0545
4

                ,๔M                   D         ส  ๐ฺM   bชgไ๚  uืM   Z      5  6  7  ภDึ309/309/309 310/310/310 311/311/311
f v -0.024881 0.969519 -0.091469 0.0000 0.6944 0.0000
  ูฏ0้Cm'พมI๐๖t/p•นI/฿ำคฌญฮq{=3fýtบ‘ฏ:	ขฅQ Tฎjuญ;ญÜ    HAํ@,ธ  ธธ  ไbฃ‘PPช-}'แุ4wาÞÛvษ&`       j]87๔aA ธ  ~%"–                         `         ส         @       €฿M   ภา60  ภา60  า60  4       €฿M   ภา60  ภา60  า60    €?  €?1.0000 1.0000
          ,๔M                   T         ส  þึM   €฿M   ภา60  ภา60  า60  ”ำ๗นปช0.9904 0.1271 0.0545
4

                ,๔M                   D         ส  ๐ฺM   bชgไ๚  uืM   ]      7  6  8  ภDึ311/311/311 310/310/310 312/312/312
f v -0.024881 0.969519 -0.091469 0.0000 0.6944 0.0000
  ูฏ0้Cm'พมI๐๖t/p•นI/฿ำคฌญฮq{=3fýtบ‘ฏ:	ขฅQ Tฎjuญ;ญÜ    HAํ@,ธ  ธธ  ไbฃ‘PPช-}'แุ4wาÞÛvษ&`       j]87๔aA ธ  ~%"–                         `         ส         @       €฿M   ภา60  ภา60  า60  4       €฿M   ภา60  ภา60  า60    €?  €?1.0000 1.0000
          ,๔M                   T         ส  þึM   €฿M   ภา60  ภา60  า60  ”ำ๗นปช0.9904 0.1271 0.0545
4

                ,๔M                   D         ส  ๐ฺM   bชgไ๚  uืM   `      9  :  ;  ภDึ313/313/313 314/314/314 315/315/315
f v -0.024881 0.969519 -0.091469 0.0000 0.6944 0.0000
  ูฏ0้Cm'พมI๐๖t/p•นI/฿ำคฌญฮq{=3fýtบ‘ฏ:	ขฅQ Tฎjuญ;ญÜ    HAํ@,ธ  ธธ  ไbฃ‘PPช-}'แุ4wาÞÛvษ&`       j]87๔aA ธ  ~%"–                         `         ส         @       €฿M   ภา60  ภา60  า60  4       €฿M   ภา60  ภา60  า60    €?  €?1.0000 1.0000
          ,๔M                   T         ส  þึM   €฿M   ภา60  ภา60  า60  ”ำ๗นปช0.9904 0.1271 0.0545
4

                ,๔M                   D         ส  ๐ฺM   bชgไ๚  uืM   c      9  ;  <  ภDึ313/313/313 315/315/315 316/316/316
f v -0.024881 0.969519 -0.091469 0.0000 0.6944 0.0000
  ูฏ0้Cm'พมI๐๖t/p•นI/฿ำคฌญฮq{=3fýtบ‘ฏ:	ขฅQ Tฎjuญ;ญÜ    HAํ@,ธ  ธธ  ไbฃ‘PPช-}'แุ4wาÞÛvษ&`       j]87๔aA ธ  ~%"–                         `         ส         @       €฿M   ภา60  ภา60  า60  4       €฿M   ภา60  ภา60  า60    €?  €?1.0000 1.0000
          ,๔M                   T         ส  þึM   €฿M   ภา60  ภา60  า60  ”ำ๗นปช0.9904 0.1271 0.0545
4

                ,๔M                   D         ส  ๐ฺM   bชgไ๚  uืM   f      9  ;  :  ภDึ313/313/313 315/315/315 314/314/314
f v -0.024881 0.969519 -0.091469 0.0000 0.6944 0.0000
  ูฏ0้Cm'พมI๐๖t/p•นI/฿ำคฌญฮq{=3fýtบ‘ฏ:	ขฅQ Tฎjuญ;ญÜ    HAํ@,ธ  ธธ  ไbฃ‘PPช-}'แุ4wาÞÛvษ&`       j]87๔aA ธ  ~%"–                         `         ส         @       €฿M   ภา60  ภา60  า60  4       €฿M   ภา60  ภา60  า60    €?  €?1.0000 1.0000
          ,๔M                   T         ส  þึM   €฿M   ภา60  ภา60  า60  ”ำ๗นปช0.9904 0.1271 0.0545
4

                ,๔M                   D         ส  ๐ฺM   bชgไ๚  uืM   i      9  <  ;  ภDึ313/313/313 316/316/316 315/315/315
f v -0.024881 0.969519 -0.091469 0.0000 0.6944 0.0000
  ูฏ0้Cm'พมI๐๖t/p•นI/฿ำคฌญฮq{=3fýtบ‘ฏ:	ขฅQ Tฎjuญ;ญÜ    HAํ@,ธ  ธธ  ไbฃ‘PPช-}'แุ4wาÞÛvษ&`       j]87๔aA ธ  ~%"–                         `         ส         @       €฿M   ภา60  ภา60  า60  4       €฿M   ภา60  ภา60  า60    €?  €?1.0000 1.0000
          ,๔M                   T         ส  þึM   €฿M   ภา60  ภา60  า60  ”ำ๗นปช0.9904 0.1271 0.0545
4

                ,๔M                   D         ส  ๐ฺM   bชgไ๚  uืM   l      =  >  ?  ภDึ317/317/317 318/318/318 319/319/319
f v -0.024881 0.969519 -0.091469 0.0000 0.6944 0.0000
  ูฏ0้Cm'พมI๐๖t/p•นI/฿ำคฌญฮq{=3fýtบ‘ฏ:	ขฅQ Tฎjuญ;ญÜ    HAํ@,ธ  ธธ  ไbฃ‘PPช-}'แุ4wาÞÛvษ&`       j]87๔aA ธ  ~%"–                         `         ส         @       €฿M   ภา60  ภา60  า60  4       €฿M   ภา60  ภา60  า60    €?  €?1.0000 1.0000
          ,๔M                   T         ส  þึM   €฿M   ภา60  ภา60  า60  ”ำ๗นปช0.9904 0.1271 0.0545
4

                ,๔M                   D         ส  ๐ฺM   bชgไ๚  uืM   o      =  ?  @  ภDึ317/317/317 319/319/319 320/320/320
f v -0.024881 0.969519 -0.091469 0.0000 0.6944 0.0000
  ูฏ0้Cm'พมI๐๖t/p•นI/฿ำคฌญฮq{=3fýtบ‘ฏ:	ขฅQ Tฎjuญ;ญÜ    HAํ@,ธ  ธธ  ไbฃ‘PPช-}'แุ4wาÞÛvษ&`       j]87๔aA ธ  ~%"–                         `         ส         @       €฿M   ภา60  ภา60  า60  4       €฿M   ภา60  ภา60  า60    €?  €?1.0000 1.0000
          ,๔M                   T         ส  þึM   €฿M   ภา60  ภา60  า60  ”ำ๗นปช0.9904 0.1271 0.0545
4

                ,๔M                   D         ส  ๐ฺM   bชgไ๚  uืM   r      =  ?  >  ภDึ317/317/317 319/319/319 318/318/318
f v -0.024881 0.969519 -0.091469 0.0000 0.6944 0.0000
  ูฏ0้Cm'พมI๐๖t/p•นI/฿ำคฌญฮq{=3fýtบ‘ฏ:	ขฅQ Tฎjuญ;ญÜ    HAํ@,ธ  ธธ  ไbฃ‘PPช-}'แุ4wาÞÛvษ&`       j]87๔aA ธ  ~%"–                         `         ส         @       €฿M   ภา60  ภา60  า60  4       €฿M   ภา60  ภา60  า60    €?  €?1.0000 1.0000
          ,๔M                   T         ส  þึM   €฿M   ภา60  ภา60  า60  ”ำ๗นปช0.9904 0.1271 0.0545
4

                ,๔M                   D         ส  ๐ฺM   bชgไ๚  uืM   u      =  @  ?  ภDึ317/317/317 320/320/320 319/319/319
f v -0.024881 0.969519 -0.091469 0.0000 0.6944 0.0000
  ูฏ0้Cm'พมI๐๖t/p•นI/฿ำคฌญฮq{=3fýtบ‘ฏ:	ขฅQ Tฎjuญ;ญÜ    HAํ@,ธ  ธธ  ไbฃ‘PPช-}'แุ4wาÞÛvษ&`       j]87๔aA ธ  ~%"–                         `         ส         @       €฿M   ภา60  ภา60  า60  4       €฿M   ภา60  ภา60  า60    €?  €?1.0000 1.0000
          ,๔M                   T         ส  þึM   €฿M   ภา60  ภา60  า60  ”ำ๗นปช0.9904 0.1271 0.0545
4

                ,๔M                   D         ส  ๐ฺM   bชgไ๚  uืM   x      A  B  C  ภDึ321/321/321 322/322/322 323/323/323
f v -0.024881 0.969519 -0.091469 0.0000 0.6944 0.0000
  ูฏ0้Cm'พมI๐๖t/p•นI/฿ำคฌญฮq{=3fýtบ‘ฏ:	ขฅQ Tฎjuญ;ญÜ    HAํ@,ธ  ธธ  ไbฃ‘PPช-}'แุ4wาÞÛvษ&`       j]87๔aA ธ  ~%"–                         `         ส         @       €฿M   ภา60  ภา60  า60  4       €฿M   ภา60  ภา60  า60    €?  €?1.0000 1.0000
          ,๔M                   T         ส  þึM   €฿M   ภา60  ภา60  า60  ”ำ๗นปช0.9904 0.1271 0.0545
4

                ,๔M                   D         ส  ๐ฺM   bชgไ๚  uืM   {      A  C  D  ภDึ321/321/321 323/323/323 324/324/324
f v -0.024881 0.969519 -0.091469 0.0000 0.6944 0.0000
  ูฏ0้Cm'พมI๐๖t/p•นI/฿ำคฌญฮq{=3fýtบ‘ฏ:	ขฅQ Tฎjuญ;ญÜ    HAํ@,ธ  ธธ  ไbฃ‘PPช-}'แุ4wาÞÛvษ&`       j]87๔aA ธ  ~%"–                         `         ส         @       €฿M   ภา60  ภา60  า60  4       €฿M   ภา60  ภา60  า60    €?  €?1.0000 1.0000
          ,๔M                   T         ส  þึM   €฿M   ภา60  ภา60  า60  ”ำ๗นปช0.9904 0.1271 0.0545
4

                ,๔M                   D         ส  ๐ฺM   bชgไ๚  uืM   ~      A  C  B  ภDึ321/321/321 323/323/323 322/322/322
f v -0.024881 0.969519 -0.091469 0.0000 0.6944 0.0000
  ูฏ0้Cm'พมI๐๖t/p•นI/฿ำคฌญฮq{=3fýtบ‘ฏ:	ขฅQ Tฎjuญ;ญÜ    HAํ@,ธ  ธธ  ไbฃ‘PPช-}'แุ4wาÞÛvษ&`       j]87๔aA ธ  ~%"–                         `         ส         @       €฿M   ภา60  ภา60  า60  4       €฿M   ภา60  ภา60  า60    €?  €?1.0000 1.0000
          ,๔M                   T         ส  þึM   €฿M   ภา60  ภา60  า60  ”ำ๗นปช0.9904 0.1271 0.0545
4

                ,๔M                   D         ส  ๐ฺM   bชgไ๚  uืM         A  D  C  ภDึ321/321/321 324/324/324 323/323/323
f v -0.024881 0.969519 -0.091469 0.0000 0.6944 0.0000
  ูฏ0้Cm'พมI๐๖t/p•นI/฿ำคฌญฮq{=3fýtบ‘ฏ:	ขฅQ Tฎjuญ;ญÜ    HAํ@,ธ  ธธ  ไbฃ‘PPช-}'แุ4wาÞÛvษ&`       j]87๔aA ธ  ~%"–                         `         ส         @       €฿M   ภา60  ภา60  า60  4       €฿M   ภา60  ภา60  า60    €?  €?1.0000 1.0000
          ,๔M                   T         ส  þึM   €฿M   ภา60  ภา60  า60  ”ำ๗นปช0.9904 0.1271 0.0545
4

                ,๔M                   D         ส  ๐ฺM   bชgไ๚  uืM         E  F  G  ภDึ325/325/325 326/326/326 327/327/327
f v -0.024881 0.969519 -0.091469 0.0000 0.6944 0.0000
  ูฏ0้Cm'พมI๐๖t/p•นI/฿ำคฌญฮq{=3fýtบ‘ฏ:	ขฅQ Tฎjuญ;ญÜ    HAํ@,ธ  ธธ  ไbฃ‘PPช-}'แุ4wาÞÛvษ&`       j]87๔aA ธ  ~%"–                         `         ส         @       €฿M   ภา60  ภา60  า60  4       €฿M   ภา60  ภา60  า60    €?  €?1.0000 1.0000
          ,๔M                   T         ส  þึM   €฿M   ภา60  ภา60  า60  ”ำ๗นปช0.9904 0.1271 0.0545
4

                ,๔M                   D         ส  ๐ฺM   bชgไ๚  uืM         E  G  H  ภDึ325/325/325 327/327/327 328/328/328
f v -0.024881 0.969519 -0.091469 0.0000 0.6944 0.0000
  ูฏ0้Cm'พมI๐๖t/p•นI/฿ำคฌญฮq{=3fýtบ‘ฏ:	ขฅQ Tฎjuญ;ญÜ    HAํ@,ธ  ธธ  ไbฃ‘PPช-}'แุ4wาÞÛvษ&`       j]87๔aA ธ  ~%"–                         `         ส         @       €฿M   ภา60  ภา60  า60  4       €฿M   ภา60  ภา60  า60    €?  €?1.0000 1.0000
          ,๔M                   T         ส  þึM   €฿M   ภา60  ภา60  า60  ”ำ๗นปช0.9904 0.1271 0.0545
4

                ,๔M                   D         ส  ๐ฺM   bชgไ๚  uืM         E  G  F  ภDึ325/325/325 327/327/327 326/326/326
f v -0.024881 0.969519 -0.091469 0.0000 0.6944 0.0000
  ูฏ0้Cm'พมI๐๖t/p•นI/฿ำคฌญฮq{=3fýtบ‘ฏ:	ขฅQ Tฎjuญ;ญÜ    HAํ@,ธ  ธธ  ไbฃ‘PPช-}'แุ4wาÞÛvษ&`       j]87๔aA ธ  ~%"–                         `         ส         @       €฿M   ภา60  ภา60  า60  4       €฿M   ภา60  ภา60  า60    €?  €?1.0000 1.0000
          ,๔M                   T         ส  þึM   €฿M   ภา60  ภา60  า60  ”ำ๗นปช0.9904 0.1271 0.0545
4

                ,๔M                   D         ส  ๐ฺM   bชgไ๚  uืM         E  H  G  ภDึ325/325/325 328/328/328 327/327/327
f v -0.024881 0.969519 -0.091469 0.0000 0.6944 0.0000
  ูฏ0้Cm'พมI๐๖t/p•นI/฿ำคฌญฮq{=3fýtบ‘ฏ:	ขฅQ Tฎjuญ;ญÜ    HAํ@,ธ  ธธ  ไbฃ‘PPช-}'แุ4wาÞÛvษ&`       j]87๔aA ธ  ~%"–                         `         ส         @       €฿M   ภา60  ภา60  า60  4       €฿M   ภา60  ภา60  า60    €?  €?1.0000 1.0000
          ,๔M                   T         ส  þึM   €฿M   ภา60  ภา60  า60  ”ำ๗นปช0.9904 0.1271 0.0545
4

                ,๔M                   D         ส  ๐ฺM   bชgไ๚  uืM         I  J  K  ภDึ329/329/329 330/330/330 331/331/331
f v -0.024881 0.969519 -0.091469 0.0000 0.6944 0.0000
  ูฏ0้Cm'พมI๐๖t/p•นI/฿ำคฌญฮq{=3fýtบ‘ฏ:	ขฅQ Tฎjuญ;ญÜ    HAํ@,ธ  ธธ  ไbฃ‘PPช-}'แุ4wาÞÛvษ&`       j]87๔aA ธ  ~%"–                         `         ส         @       €฿M   ภา60  ภา60  า60  4       €฿M   ภา60  ภา60  า60    €?  €?1.0000 1.0000
          ,๔M                   T         ส  þึM   €฿M   ภา60  ภา60  า60  ”ำ๗นปช0.9904 0.1271 0.0545
4

                ,๔M                   D         ส  ๐ฺM   bชgไ๚  uืM   “      I  K  L  ภDึ329/329/329 331/331/331 332/332/332
f v -0.024881 0.969519 -0.091469 0.0000 0.6944 0.0000
  ูฏ0้Cm'พมI๐๖t/p•นI/฿ำคฌญฮq{=3fýtบ‘ฏ:	ขฅQ Tฎjuญ;ญÜ    HAํ@,ธ  ธธ  ไbฃ‘PPช-}'แุ4wาÞÛvษ&`       j]87๔aA ธ  ~%"–                         `         ส         @       €฿M   ภา60  ภา60  า60  4       €฿M   ภา60  ภา60  า60    €?  €?1.0000 1.0000
          ,๔M                   T         ส  þึM   €฿M   ภา60  ภา60  า60  ”ำ๗นปช0.9904 0.1271 0.0545
4

                ,๔M                   D         ส  ๐ฺM   bชgไ๚  uืM   –      I  K  J  ภDึ329/329/329 331/331/331 330/330/330
f v -0.024881 0.969519 -0.091469 0.0000 0.6944 0.0000
  ูฏ0้Cm'พมI๐๖t/p•นI/฿ำคฌญฮq{=3fýtบ‘ฏ:	ขฅQ Tฎjuญ;ญÜ    HAํ@,ธ  ธธ  ไbฃ‘PPช-}'แุ4wาÞÛvษ&`       j]87๔aA ธ  ~%"–                         `         ส         @       €฿M   ภา60  ภา60  า60  4       €฿M   ภา60  ภา60  า60    €?  €?1.0000 1.0000
          ,๔M                   T         ส  þึM   €฿M   ภา60  ภา60  า60  ”ำ๗นปช0.9904 0.1271 0.0545
4

                ,๔M                   D         ส  ๐ฺM   bชgไ๚  uืM         I  L  K  ภDึ329/329/329 332/332/332 331/331/331
f v -0.024881 0.969519 -0.091469 0.0000 0.6944 0.0000
  ูฏ0้Cm'พมI๐๖t/p•นI/฿ำคฌญฮq{=3fýtบ‘ฏ:	ขฅQ Tฎjuญ;ญÜ    HAํ@,ธ  ธธ  ไbฃ‘PPช-}'แุ4wาÞÛvษ&`       j]87๔aA ธ  ~%"–                         `         ส         @       €฿M   ภา60  ภา60  า60  4       €฿M   ภา60  ภา60  า60    €?  €?1.0000 1.0000
          ,๔M                   T         ส  þึM   €฿M   ภา60  ภา60  า60  ”ำ๗นปช0.9904 0.1271 0.0545
4

                ,๔M                   D         ส  ๐ฺM   bชgไ๚  uืM         M  N  O  ภDึ333/333/333 334/334/334 335/335/335
f v -0.024881 0.969519 -0.091469 0.0000 0.6944 0.0000
  ูฏ0้Cm'พมI๐๖t/p•นI/฿ำคฌญฮq{=3fýtบ‘ฏ:	ขฅQ Tฎjuญ;ญÜ    HAํ@,ธ  ธธ  ไbฃ‘PPช-}'แุ4wาÞÛvษ&`       j]87๔aA ธ  ~%"–                         `         ส         @       €฿M   ภา60  ภา60  า60  4       €฿M   ภา60  ภา60  า60    €?  €?1.0000 1.0000
          ,๔M                   T         ส  þึM   €฿M   ภา60  ภา60  า60  ”ำ๗นปช0.9904 0.1271 0.0545
4

                ,๔M                   D         ส  ๐ฺM   bชgไ๚  uืM         M  O  P  ภDึ333/333/333 335/335/335 336/336/336
f v -0.024881 0.969519 -0.091469 0.0000 0.6944 0.0000
  ูฏ0้Cm'พมI๐๖t/p•นI/฿ำคฌญฮq{=3fýtบ‘ฏ:	ขฅQ Tฎjuญ;ญÜ    HAํ@,ธ  ธธ  ไbฃ‘PPช-}'แุ4wาÞÛvษ&`       j]87๔aA ธ  ~%"–                         `         ส         @       €฿M   ภา60  ภา60  า60  4       €฿M   ภา60  ภา60  า60    €?  €?1.0000 1.0000
          ,๔M                   T         ส  þึM   €฿M   ภา60  ภา60  า60  ”ำ๗นปช0.9904 0.1271 0.0545
4

                ,๔M                   D         ส  ๐ฺM   bชgไ๚  uืM   ข      M  O  N  ภDึ333/333/333 335/335/335 334/334/334
f v -0.024881 0.969519 -0.091469 0.0000 0.6944 0.0000
  ูฏ0้Cm'พมI๐๖t/p•นI/฿ำคฌญฮq{=3fýtบ‘ฏ:	ขฅQ Tฎjuญ;ญÜ    HAํ@,ธ  ธธ  ไbฃ‘PPช-}'แุ4wาÞÛvษ&`       j]87๔aA ธ  ~%"–                         `         ส         @       €฿M   ภา60  ภา60  า60  4       €฿M   ภา60  ภา60  า60    €?  €?1.0000 1.0000
          ,๔M                   T         ส  þึM   €฿M   ภา60  ภา60  า60  ”ำ๗นปช0.9904 0.1271 0.0545
4

                ,๔M                   D         ส  ๐ฺM   bชgไ๚  uืM   ฅ      M  P  O  ภDึ333/333/333 336/336/336 335/335/335
f v -0.024881 0.969519 -0.091469 0.0000 0.6944 0.0000
  ูฏ0้Cm'พมI๐๖t/p•นI/฿ำคฌญฮq{=3fýtบ‘ฏ:	ขฅQ Tฎjuญ;ญÜ    HAํ@,ธ  ธธ  ไbฃ‘PPช-}'แุ4wาÞÛvษ&`       j]87๔aA ธ  ~%"–                         `         ส         @       €฿M   ภา60  ภา60  า60  4       €฿M   ภา60  ภา60  า60    €?  €?1.0000 1.0000
          ,๔M                   T         ส  þึM   €฿M   ภา60  ภา60  า60  ”ำ๗นปช0.9904 0.1271 0.0545
4

                ,๔M                   D         ส  ๐ฺM   bชgไ๚  uืM   จ      Q  R  S  ภDึ337/337/337 338/338/338 339/339/339
f v -0.024881 0.969519 -0.091469 0.0000 0.6944 0.0000
  ูฏ0้Cm'พมI๐๖t/p•นI/฿ำคฌญฮq{=3fýtบ‘ฏ:	ขฅQ Tฎjuญ;ญÜ    HAํ@,ธ  ธธ  ไbฃ‘PPช-}'แุ4wาÞÛvษ&`       j]87๔aA ธ  ~%"–                         `         ส         @       €฿M   ภา60  ภา60  า60  4       €฿M   ภา60  ภา60  า60    €?  €?1.0000 1.0000
          ,๔M                   T         ส  þึM   €฿M   ภา60  ภา60  า60  ”ำ๗นปช0.9904 0.1271 0.0545
4

                ,๔M                   D         ส  ๐ฺM   bชgไ๚  uืM   ซ      Q  S  T  ภDึ337/337/337 339/339/339 340/340/340
f v -0.024881 0.969519 -0.091469 0.0000 0.6944 0.0000
  ูฏ0้Cm'พมI๐๖t/p•นI/฿ำคฌญฮq{=3fýtบ‘ฏ:	ขฅQ Tฎjuญ;ญÜ    HAํ@,ธ  ธธ  ไbฃ‘PPช-}'แุ4wาÞÛvษ&`       j]87๔aA ธ  ~%"–                         `         ส         @       €฿M   ภา60  ภา60  า60  4       €฿M   ภา60  ภา60  า60    €?  €?1.0000 1.0000
          ,๔M                   T         ส  þึM   €฿M   ภา60  ภา60  า60  ”ำ๗นปช0.9904 0.1271 0.0545
4

                ,๔M                   D         ส  ๐ฺM   bชgไ๚  uืM   ฎ      Q  S  R  ภDึ337/337/337 339/339/339 338/338/338
f v -0.024881 0.969519 -0.091469 0.0000 0.6944 0.0000
  ูฏ0้Cm'พมI๐๖t/p•นI/฿ำคฌญฮq{=3fýtบ‘ฏ:	ขฅQ Tฎjuญ;ญÜ    HAํ@,ธ  ธธ  ไbฃ‘PPช-}'แุ4wาÞÛvษ&`       j]87๔aA ธ  ~%"–                         `         ส         @       €฿M   ภา60  ภา60  า60  4       €฿M   ภา60  ภา60  า60    €?  €?1.0000 1.0000
          ,๔M                   T         ส  þึM   €฿M   ภา60  ภา60  า60  ”ำ๗นปช0.9904 0.1271 0.0545
4

                ,๔M                   D         ส  ๐ฺM   bชgไ๚  uืM   ฑ      Q  T  S  ภDึ337/337/337 340/340/340 339/339/339
f v -0.024881 0.969519 -0.091469 0.0000 0.6944 0.0000
  ูฏ0้Cm'พมI๐๖t/p•นI/฿ำคฌญฮq{=3fýtบ‘ฏ:	ขฅQ Tฎjuญ;ญÜ    HAํ@,ธ  ธธ  ไbฃ‘PPช-}'แุ4wาÞÛvษ&`       j]87๔aA ธ  ~%"–                         `         ส         @       €฿M   ภา60  ภา60  า60  4       €฿M   ภา60  ภา60  า60    €?  €?1.0000 1.0000
          ,๔M                   T         ส  þึM   €฿M   ภา60  ภา60  า60  ”ำ๗นปช0.9904 0.1271 0.0545
4

                ,๔M                   D         ส  ๐ฺM   bชgไ๚  uืM   ด      U  V  W  ภDึ341/341/341 342/342/342 343/343/343
f v -0.024881 0.969519 -0.091469 0.0000 0.6944 0.0000
  ูฏ0้Cm'พมI๐๖t/p•นI/฿ำคฌญฮq{=3fýtบ‘ฏ:	ขฅQ Tฎjuญ;ญÜ    HAํ@,ธ  ธธ  ไbฃ‘PPช-}'แุ4wาÞÛvษ&`       j]87๔aA ธ  ~%"–                         `         ส         @       €฿M   ภา60  ภา60  า60  4       €฿M   ภา60  ภา60  า60    €?  €?1.0000 1.0000
          ,๔M                   T         ส  þึM   €฿M   ภา60  ภา60  า60  ”ำ๗นปช0.9904 0.1271 0.0545
4

                ,๔M                   D         ส  ๐ฺM   bชgไ๚  uืM   ท      U  W  X  ภDึ341/341/341 343/343/343 344/344/344
f v -0.024881 0.969519 -0.091469 0.0000 0.6944 0.0000
  ูฏ0้Cm'พมI๐๖t/p•นI/฿ำคฌญฮq{=3fýtบ‘ฏ:	ขฅQ Tฎjuญ;ญÜ    HAํ@,ธ  ธธ  ไbฃ‘PPช-}'แุ4wาÞÛvษ&`       j]87๔aA ธ  ~%"–                         `         ส         @       €฿M   ภา60  ภา60  า60  4       €฿M   ภา60  ภา60  า60    €?  €?1.0000 1.0000
          ,๔M                   T         ส  þึM   €฿M   ภา60  ภา60  า60  ”ำ๗นปช0.9904 0.1271 0.0545
4

                ,๔M                   D         ส  ๐ฺM   bชgไ๚  uืM   บ      U  W  V  ภDึ341/341/341 343/343/343 342/342/342
f v -0.024881 0.969519 -0.091469 0.0000 0.6944 0.0000
  ูฏ0้Cm'พมI๐๖t/p•นI/฿ำคฌญฮq{=3fýtบ‘ฏ:	ขฅQ Tฎjuญ;ญÜ    HAํ@,ธ  ธธ  ไbฃ‘PPช-}'แุ4wาÞÛvษ&`       j]87๔aA ธ  ~%"–                         `         ส         @       €฿M   ภา60  ภา60  า60  4       €฿M   ภา60  ภา60  า60    €?  €?1.0000 1.0000
          ,๔M                   T         ส  þึM   €฿M   ภา60  ภา60  า60  ”ำ๗นปช0.9904 0.1271 0.0545
4

                ,๔M                   D         ส  ๐ฺM   bชgไ๚  uืM   ฝ      U  X  W  ภDึ341/341/341 344/344/344 343/343/343
f v -0.024881 0.969519 -0.091469 0.0000 0.6944 0.0000
  ูฏ0้Cm'พมI๐๖t/p•นI/฿ำคฌญฮq{=3fýtบ‘ฏ:	ขฅQ Tฎjuญ;ญÜ    HAํ@,ธ  ธธ  ไbฃ‘PPช-}'แุ4wาÞÛvษ&`       j]87๔aA ธ  ~%"–                         `         ส         @       €฿M   ภา60  ภา60  า60  4       €฿M   ภา60  ภา60  า60    €?  €?1.0000 1.0000
          ,๔M                   T         ส  þึM   €฿M   ภา60  ภา60  า60  ”ำ๗นปช0.9904 0.1271 0.0545
4

                ,๔M                   D         ส  ๐ฺM   bชgไ๚  uืM   ภ      Y  Z  [  ภDึ345/345/345 346/346/346 347/347/347
f v -0.024881 0.969519 -0.091469 0.0000 0.6944 0.0000
  ูฏ0้Cm'พมI๐๖t/p•นI/฿ำคฌญฮq{=3fýtบ‘ฏ:	ขฅQ Tฎjuญ;ญÜ    HAํ@,ธ  ธธ  ไbฃ‘PPช-}'แุ4wาÞÛvษ&`       j]87๔aA ธ  ~%"–                         `         ส         @       €฿M   ภา60  ภา60  า60  4       €฿M   ภา60  ภา60  า60    €?  €?1.0000 1.0000
          ,๔M                   T         ส  þึM   €฿M   ภา60  ภา60  า60  ”ำ๗นปช0.9904 0.1271 0.0545
4

                ,๔M                   D         ส  ๐ฺM   bชgไ๚  uืM   ร      Y  [  \  ภDึ345/345/345 347/347/347 348/348/348
f v -0.024881 0.969519 -0.091469 0.0000 0.6944 0.0000
  ูฏ0้Cm'พมI๐๖t/p•นI/฿ำคฌญฮq{=3fýtบ‘ฏ:	ขฅQ Tฎjuญ;ญÜ    HAํ@,ธ  ธธ  ไbฃ‘PPช-}'แุ4wาÞÛvษ&`       j]87๔aA ธ  ~%"–                         `         ส         @       €฿M   ภา60  ภา60  า60  4       €฿M   ภา60  ภา60  า60    €?  €?1.0000 1.0000
          ,๔M                   T         ส  þึM   €฿M   ภา60  ภา60  า60  ”ำ๗นปช0.9904 0.1271 0.0545
4

                ,๔M                   D         ส  ๐ฺM   bชgไ๚  uืM   ฦ      Y  [  Z  ภDึ345/345/345 347/347/347 346/346/346
f v -0.024881 0.969519 -0.091469 0.0000 0.6944 0.0000
  ูฏ0้Cm'พมI๐๖t/p•นI/฿ำคฌญฮq{=3fýtบ‘ฏ:	ขฅQ Tฎjuญ;ญÜ    HAํ@,ธ  ธธ  ไbฃ‘PPช-}'แุ4wาÞÛvษ&`       j]87๔aA ธ  ~%"–                         `         ส         @       €฿M   ภา60  ภา60  า60  4       €฿M   ภา60  ภา60  า60    €?  €?1.0000 1.0000
          ,๔M                   T         ส  þึM   €฿M   ภา60  ภา60  า60  ”ำ๗นปช0.9904 0.1271 0.0545
4

                ,๔M                   D         ส  ๐ฺM   bชgไ๚  uืM   ษ      Y  \  [  ภDึ345/345/345 348/348/348 347/347/347
f v -0.024881 0.969519 -0.091469 0.0000 0.6944 0.0000
  ูฏ0้Cm'พมI๐๖t/p•นI/฿ำคฌญฮq{=3fýtบ‘ฏ:	ขฅQ Tฎjuญ;ญÜ    HAํ@,ธ  ธธ  ไbฃ‘PPช-}'แุ4wาÞÛvษ&`       j]87๔aA ธ  ~%"–                         `         ส         @       €฿M   ภา60  ภา60  า60  4       €฿M   ภา60  ภา60  า60    €?  €?1.0000 1.0000
          ,๔M                   T         ส  þึM   €฿M   ภา60  ภา60  า60  ”ำ๗นปช0.9904 0.1271 0.0545
4

                ,๔M                   D         ส  ๐ฺM   bชgไ๚  uืM   ฬ      ]  ^  _  ภDึ349/349/349 350/350/350 351/351/351
f v -0.024881 0.969519 -0.091469 0.0000 0.6944 0.0000
  ูฏ0้Cm'พมI๐๖t/p•นI/฿ำคฌญฮq{=3fýtบ‘ฏ:	ขฅQ Tฎjuญ;ญÜ    HAํ@,ธ  ธธ  ไbฃ‘PPช-}'แุ4wาÞÛvษ&`       j]87๔aA ธ  ~%"–                         `         ส         @       €฿M   ภา60  ภา60  า60  4       €฿M   ภา60  ภา60  า60    €?  €?1.0000 1.0000
          ,๔M                   T         ส  þึM   €฿M   ภา60  ภา60  า60  ”ำ๗นปช0.9904 0.1271 0.0545
4

                ,๔M                   D         ส  ๐ฺM   bชgไ๚  uืM   ฯ      ]  _  `  ภDึ349/349/349 351/351/351 352/352/352
f v -0.024881 0.969519 -0.091469 0.0000 0.6944 0.0000
  ูฏ0้Cm'พมI๐๖t/p•นI/฿ำคฌญฮq{=3fýtบ‘ฏ:	ขฅQ Tฎjuญ;ญÜ    HAํ@,ธ  ธธ  ไbฃ‘PPช-}'แุ4wาÞÛvษ&`       j]87๔aA ธ  ~%"–                         `         ส         @       €฿M   ภา60  ภา60  า60  4       €฿M   ภา60  ภา60  า60    €?  €?1.0000 1.0000
          ,๔M                   T         ส  þึM   €฿M   ภา60  ภา60  า60  ”ำ๗นปช0.9904 0.1271 0.0545
4

                ,๔M                   D         ส  ๐ฺM   bชgไ๚  uืM   า      ]  _  ^  ภDึ349/349/349 351/351/351 350/350/350
f v -0.024881 0.969519 -0.091469 0.0000 0.6944 0.0000
  ูฏ0้Cm'พมI๐๖t/p•นI/฿ำคฌญฮq{=3fýtบ‘ฏ:	ขฅQ Tฎjuญ;ญÜ    HAํ@,ธ  ธธ  ไbฃ‘PPช-}'แุ4wาÞÛvษ&`       j]87๔aA ธ  ~%"–                         `         ส         @       €฿M   ภา60  ภา60  า60  4       €฿M   ภา60  ภา60  า60    €?  €?1.0000 1.0000
          ,๔M                   T         ส  þึM   €฿M   ภา60  ภา60  า60  ”ำ๗นปช0.9904 0.1271 0.0545
4

                ,๔M                   D         ส  ๐ฺM   bชgไ๚  uืM   ี      ]  `  _  ภDึ349/349/349 352/352/352 351/351/351
f v -0.024881 0.969519 -0.091469 0.0000 0.6944 0.0000
  ูฏ0้Cm'พมI๐๖t/p•นI/฿ำคฌญฮq{=3fýtบ‘ฏ:	ขฅQ Tฎjuญ;ญÜ    HAํ@,ธ  ธธ  ไbฃ‘PPช-}'แุ4wาÞÛvษ&`       j]87๔aA ธ  ~%"–                         `         ส         @       €฿M   ภา60  ภา60  า60  4       €฿M   ภา60  ภา60  า60    €?  €?1.0000 1.0000
          ,๔M                   T         ส  þึM   €฿M   ภา60  ภา60  า60  ”ำ๗นปช0.9904 0.1271 0.0545
4

                ,๔M                   D         ส  ๐ฺM   bชgไ๚  uืM   ุ      a  b  c  ภDึ353/353/353 354/354/354 355/355/355
f v -0.024881 0.969519 -0.091469 0.0000 0.6944 0.0000
  ูฏ0้Cm'พมI๐๖t/p•นI/฿ำคฌญฮq{=3fýtบ‘ฏ:	ขฅQ Tฎjuญ;ญÜ    HAํ@,ธ  ธธ  ไbฃ‘PPช-}'แุ4wาÞÛvษ&`       j]87๔aA ธ  ~%"–                         `         ส         @       €฿M   ภา60  ภา60  า60  4       €฿M   ภา60  ภา60  า60    €?  €?1.0000 1.0000
          ,๔M                   T         ส  þึM   €฿M   ภา60  ภา60  า60  ”ำ๗นปช0.9904 0.1271 0.0545
4

                ,๔M                   D         ส  ๐ฺM   bชgไ๚  uืM   Û      a  c  d  ภDึ353/353/353 355/355/355 356/356/356
f v -0.024881 0.969519 -0.091469 0.0000 0.6944 0.0000
  ูฏ0้Cm'พมI๐๖t/p•นI/฿ำคฌญฮq{=3fýtบ‘ฏ:	ขฅQ Tฎjuญ;ญÜ    HAํ@,ธ  ธธ  ไbฃ‘PPช-}'แุ4wาÞÛvษ&`       j]87๔aA ธ  ~%"–                         `         ส         @       €฿M   ภา60  ภา60  า60  4       €฿M   ภา60  ภา60  า60    €?  €?1.0000 1.0000
          ,๔M                   T         ส  þึM   €฿M   ภา60  ภา60  า60  ”ำ๗นปช0.9904 0.1271 0.0545
4

                ,๔M                   D         ส  ๐ฺM   bชgไ๚  uืM   Þ      a  c  b  ภDึ353/353/353 355/355/355 354/354/354
f v -0.024881 0.969519 -0.091469 0.0000 0.6944 0.0000
  ูฏ0้Cm'พมI๐๖t/p•นI/฿ำคฌญฮq{=3fýtบ‘ฏ:	ขฅQ Tฎjuญ;ญÜ    HAํ@,ธ  ธธ  ไbฃ‘PPช-}'แุ4wาÞÛvษ&`       j]87๔aA ธ  ~%"–                         `         ส         @       €฿M   ภา60  ภา60  า60  4       €฿M   ภา60  ภา60  า60    €?  €?1.0000 1.0000
          ,๔M                   T         ส  þึM   €฿M   ภา60  ภา60  า60  ”ำ๗นปช0.9904 0.1271 0.0545
4

                ,๔M                   D         ส  ๐ฺM   bชgไ๚  uืM   แ      a  d  c  ภDึ353/353/353 356/356/356 355/355/355
f v -0.024881 0.969519 -0.091469 0.0000 0.6944 0.0000
  ูฏ0้Cm'พมI๐๖t/p•นI/฿ำคฌญฮq{=3fýtบ‘ฏ:	ขฅQ Tฎjuญ;ญÜ    HAํ@,ธ  ธธ  ไbฃ‘PPช-}'แุ4wาÞÛvษ&`       j]87๔aA ธ  ~%"–                         `         ส         @       €฿M   ภา60  ภา60  า60  4       €฿M   ภา60  ภา60  า60    €?  €?1.0000 1.0000
          ,๔M                   T         ส  þึM   €฿M   ภา60  ภา60  า60  ”ำ๗นปช0.9904 0.1271 0.0545
4

                ,๔M                   D         ส  ๐ฺM   bชgไ๚  uืM   ไ      e  f  g  ภDึ357/357/357 358/358/358 359/359/359
f v -0.024881 0.969519 -0.091469 0.0000 0.6944 0.0000
  ูฏ0้Cm'พมI๐๖t/p•นI/฿ำคฌญฮq{=3fýtบ‘ฏ:	ขฅQ Tฎjuญ;ญÜ    HAํ@,ธ  ธธ  ไbฃ‘PPช-}'แุ4wาÞÛvษ&`       j]87๔aA ธ  ~%"–                         `         ส         @       €฿M   ภา60  ภา60  า60  4       €฿M   ภา60  ภา60  า60    €?  €?1.0000 1.0000
          ,๔M                   T         ส  þึM   €฿M   ภา60  ภา60  า60  ”ำ๗นปช0.9904 0.1271 0.0545
4

                ,๔M                   D         ส  ๐ฺM   bชgไ๚  uืM   ็      e  g  h  ภDึ357/357/357 359/359/359 360/360/360
f v -0.024881 0.969519 -0.091469 0.0000 0.6944 0.0000
  ูฏ0้Cm'พมI๐๖t/p•นI/฿ำคฌญฮq{=3fýtบ‘ฏ:	ขฅQ Tฎjuญ;ญÜ    HAํ@,ธ  ธธ  ไbฃ‘PPช-}'แุ4wาÞÛvษ&`       j]87๔aA ธ  ~%"–                         `         ส         @       €฿M   ภา60  ภา60  า60  4       €฿M   ภา60  ภา60  า60    €?  €?1.0000 1.0000
          ,๔M                   T         ส  þึM   €฿M   ภา60  ภา60  า60  ”ำ๗นปช0.9904 0.1271 0.0545
4

                ,๔M                   D         ส  ๐ฺM   bชgไ๚  uืM   ๊      e  g  f  ภDึ357/357/357 359/359/359 358/358/358
f v -0.024881 0.969519 -0.091469 0.0000 0.6944 0.0000
  ูฏ0้Cm'พมI๐๖t/p•นI/฿ำคฌญฮq{=3fýtบ‘ฏ:	ขฅQ Tฎjuญ;ญÜ    HAํ@,ธ  ธธ  ไbฃ‘PPช-}'แุ4wาÞÛvษ&`       j]87๔aA ธ  ~%"–                         `         ส         @       €฿M   ภา60  ภา60  า60  4       €฿M   ภา60  ภา60  า60    €?  €?1.0000 1.0000
          ,๔M                   T         ส  þึM   €฿M   ภา60  ภา60  า60  ”ำ๗นปช0.9904 0.1271 0.0545
4

                ,๔M                   D         ส  ๐ฺM   bชgไ๚  uืM   ํ      e  h  g  ภDึ357/357/357 360/360/360 359/359/359
f v -0.024881 0.969519 -0.091469 0.0000 0.6944 0.0000
  ูฏ0้Cm'พมI๐๖t/p•นI/฿ำคฌญฮq{=3fýtบ‘ฏ:	ขฅQ Tฎjuญ;ญÜ    HAํ@,ธ  ธธ  ไbฃ‘PPช-}'แุ4wาÞÛvษ&`       j]87๔aA ธ  ~%"–                         `         ส         @       €฿M   ภา60  ภา60  า60  4       €฿M   ภา60  ภา60  า60    €?  €?1.0000 1.0000
          ,๔M                   T         ส  þึM   €฿M   ภา60  ภา60  า60  ”ำ๗นปช0.9904 0.1271 0.0545
4

                ,๔M                   D         ส  ๐ฺM   bชgไ๚  uืM   ๐      i  j  k  ภDึ361/361/361 362/362/362 363/363/363
f v -0.024881 0.969519 -0.091469 0.0000 0.6944 0.0000
  ูฏ0้Cm'พมI๐๖t/p•นI/฿ำคฌญฮq{=3fýtบ‘ฏ:	ขฅQ Tฎjuญ;ญÜ    HAํ@,ธ  ธธ  ไbฃ‘PPช-}'แุ4wาÞÛvษ&`       j]87๔aA ธ  ~%"–                         `         ส         @       €฿M   ภา60  ภา60  า60  4       €฿M   ภา60  ภา60  า60    €?  €?1.0000 1.0000
          ,๔M                   T         ส  þึM   €฿M   ภา60  ภา60  า60  ”ำ๗นปช0.9904 0.1271 0.0545
4

                ,๔M                   D         ส  ๐ฺM   bชgไ๚  uืM   ๓      i  k  l  ภDึ361/361/361 363/363/363 364/364/364
f v -0.024881 0.969519 -0.091469 0.0000 0.6944 0.0000
  ูฏ0้Cm'พมI๐๖t/p•นI/฿ำคฌญฮq{=3fýtบ‘ฏ:	ขฅQ Tฎjuญ;ญÜ    HAํ@,ธ  ธธ  ไbฃ‘PPช-}'แุ4wาÞÛvษ&`       j]87๔aA ธ  ~%"–                         `         ส         @       €฿M   ภา60  ภา60  า60  4       €฿M   ภา60  ภา60  า60    €?  €?1.0000 1.0000
          ,๔M                   T         ส  þึM   €฿M   ภา60  ภา60  า60  ”ำ๗นปช0.9904 0.1271 0.0545
4

                ,๔M                   D         ส  ๐ฺM   bชgไ๚  uืM   ๖      i  k  j  ภDึ361/361/361 363/363/363 362/362/362
f v -0.024881 0.969519 -0.091469 0.0000 0.6944 0.0000
  ูฏ0้Cm'พมI๐๖t/p•นI/฿ำคฌญฮq{=3fýtบ‘ฏ:	ขฅQ Tฎjuญ;ญÜ    HAํ@,ธ  ธธ  ไbฃ‘PPช-}'แุ4wาÞÛvษ&`       j]87๔aA ธ  ~%"–                         `         ส         @       €฿M   ภา60  ภา60  า60  4       €฿M   ภา60  ภา60  า60    €?  €?1.0000 1.0000
          ,๔M                   T         ส  þึM   €฿M   ภา60  ภา60  า60  ”ำ๗นปช0.9904 0.1271 0.0545
4

                ,๔M                   D         ส  ๐ฺM   bชgไ๚  uืM   ๙      i  l  k  ภDึ361/361/361 364/364/364 363/363/363
f v -0.024881 0.969519 -0.091469 0.0000 0.6944 0.0000
  ูฏ0้Cm'พมI๐๖t/p•นI/฿ำคฌญฮq{=3fýtบ‘ฏ:	ขฅQ Tฎjuญ;ญÜ    HAํ@,ธ  ธธ  ไbฃ‘PPช-}'แุ4wาÞÛvษ&`       j]87๔aA ธ  ~%"–                         `         ส         @       €฿M   ภา60  ภา60  า60  4       €฿M   ภา60  ภา60  า60    €?  €?1.0000 1.0000
          ,๔M                   T         ส  þึM   €฿M   ภา60  ภา60  า60  ”ำ๗นปช0.9904 0.1271 0.0545
4

                ,๔M                   D         ส  ๐ฺM   bชgไ๚  uืM   ü      m  n  o  ภDึ365/365/365 366/366/366 367/367/367
f v -0.024881 0.969519 -0.091469 0.0000 0.6944 0.0000
  ูฏ0้Cm'พมI๐๖t/p•นI/฿ำคฌญฮq{=3fýtบ‘ฏ:	ขฅQ Tฎjuญ;ญÜ    HAํ@,ธ  ธธ  ไbฃ‘PPช-}'แุ4wาÞÛvษ&`       j]87๔aA ธ  ~%"–                         `         ส         @       €฿M   ภา60  ภา60  า60  4       €฿M   ภา60  ภา60  า60    €?  €?1.0000 1.0000
          ,๔M                   T         ส  þึM   €฿M   ภา60  ภา60  า60  ”ำ๗นปช0.9904 0.1271 0.0545
4

                ,๔M                   D         ส  ๐ฺM   bชgไ๚  uืM   ÿ      m  o  p  ภDึ365/365/365 367/367/367 368/368/368
f v -0.024881 0.969519 -0.091469 0.0000 0.6944 0.0000
  ูฏ0้Cm'พมI๐๖t/p•นI/฿ำคฌญฮq{=3fýtบ‘ฏ:	ขฅQ Tฎjuญ;ญÜ    HAํ@,ธ  ธธ  ไbฃ‘PPช-}'แุ4wาÞÛvษ&`       j]87๔aA ธ  ~%"–                         `         ส         @       €฿M   ภา60  ภา60  า60  4       €฿M   ภา60  ภา60  า60    €?  €?1.0000 1.0000
          ,๔M                   T         ส  þึM   €฿M   ภา60  ภา60  า60  ”ำ๗นปช0.9904 0.1271 0.0545
4

                ,๔M                   D         ส  ๐ฺM   bชgไ๚  uืM         m  o  n  ภDึ365/365/365 367/367/367 366/366/366
f v -0.024881 0.969519 -0.091469 0.0000 0.6944 0.0000
  ูฏ0้Cm'พมI๐๖t/p•นI/฿ำคฌญฮq{=3fýtบ‘ฏ:	ขฅQ Tฎjuญ;ญÜ    HAํ@,ธ  ธธ  ไbฃ‘PPช-}'แุ4wาÞÛvษ&`       j]87๔aA ธ  ~%"–                         `         ส         @       €฿M   ภา60  ภา60  า60  4       €฿M   ภา60  ภา60  า60    €?  €?1.0000 1.0000
          ,๔M                   T         ส  þึM   €฿M   ภา60  ภา60  า60  ”ำ๗นปช0.9904 0.1271 0.0545
4

                ,๔M                   D         ส  ๐ฺM   bชgไ๚  uืM         m  p  o  ภDึ365/365/365 368/368/368 367/367/367
f v -0.024881 0.969519 -0.091469 0.0000 0.6944 0.0000
  ูฏ0้Cm'พมI๐๖t/p•นI/฿ำคฌญฮq{=3fýtบ‘ฏ:	ขฅQ Tฎjuญ;ญÜ    HAํ@,ธ  ธธ  ไbฃ‘PPช-}'แุ4wาÞÛvษ&`       j]87๔aA ธ  ~%"–                         `         ส         @       €฿M   ภา60  ภา60  า60  4       €฿M   ภา60  ภา60  า60    €?  €?1.0000 1.0000
          ,๔M                   T         ส  þึM   €฿M   ภา60  ภา60  า60  ”ำ๗นปช0.9904 0.1271 0.0545
4

                ,๔M                   D         ส  ๐ฺM   bชgไ๚  uืM         q  r  s  ภDึ369/369/369 370/370/370 371/371/371
f v -0.024881 0.969519 -0.091469 0.0000 0.6944 0.0000
  ูฏ0้Cm'พมI๐๖t/p•นI/฿ำคฌญฮq{=3fýtบ‘ฏ:	ขฅQ Tฎjuญ;ญÜ    HAํ@,ธ  ธธ  ไbฃ‘PPช-}'แุ4wาÞÛvษ&`       j]87๔aA ธ  ~%"–                         `         ส         @       €฿M   ภา60  ภา60  า60  4       €฿M   ภา60  ภา60  า60    €?  €?1.0000 1.0000
          ,๔M                   T         ส  þึM   €฿M   ภา60  ภา60  า60  ”ำ๗นปช0.9904 0.1271 0.0545
4

                ,๔M                   D         ส  ๐ฺM   bชgไ๚  uืM         q  s  t  ภDึ369/369/369 371/371/371 372/372/372
f v -0.024881 0.969519 -0.091469 0.0000 0.6944 0.0000
  ูฏ0้Cm'พมI๐๖t/p•นI/฿ำคฌญฮq{=3fýtบ‘ฏ:	ขฅQ Tฎjuญ;ญÜ    HAํ@,ธ  ธธ  ไbฃ‘PPช-}'แุ4wาÞÛvษ&`       j]87๔aA ธ  ~%"–                         `         ส         @       €฿M   ภา60  ภา60  า60  4       €฿M   ภา60  ภา60  า60    €?  €?1.0000 1.0000
          ,๔M                   T         ส  þึM   €฿M   ภา60  ภา60  า60  ”ำ๗นปช0.9904 0.1271 0.0545
4

                ,๔M                   D         ส  ๐ฺM   bชgไ๚  uืM         q  s  r  ภDึ369/369/369 371/371/371 370/370/370
f v -0.024881 0.969519 -0.091469 0.0000 0.6944 0.0000
  ูฏ0้Cm'พมI๐๖t/p•นI/฿ำคฌญฮq{=3fýtบ‘ฏ:	ขฅQ Tฎjuญ;ญÜ    HAํ@,ธ  ธธ  ไbฃ‘PPช-}'แุ4wาÞÛvษ&`       j]87๔aA ธ  ~%"–                         `         ส         @       €฿M   ภา60  ภา60  า60  4       €฿M   ภา60  ภา60  า60    €?  €?1.0000 1.0000
          ,๔M                   T         ส  þึM   €฿M   ภา60  ภา60  า60  ”ำ๗นปช0.9904 0.1271 0.0545
4

                ,๔M                   D         ส  ๐ฺM   bชgไ๚  uืM         q  t  s  ภDึ369/369/369 372/372/372 371/371/371
f v -0.024881 0.969519 -0.091469 0.0000 0.6944 0.0000
  ูฏ0้Cm'พมI๐๖t/p•นI/฿ำคฌญฮq{=3fýtบ‘ฏ:	ขฅQ Tฎjuญ;ญÜ    HAํ@,ธ  ธธ  ไbฃ‘PPช-}'แุ4wาÞÛvษ&`       j]87๔aA ธ  ~%"–                         `         ส         @       €฿M   ภา60  ภา60  า60  4       €฿M   ภา60  ภา60  า60    €?  €?1.0000 1.0000
          ,๔M                   T         ส  þึM   €฿M   ภา60  ภา60  า60  ”ำ๗นปช0.9904 0.1271 0.0545
4

                ,๔M                   D         ส  ๐ฺM   bชgไ๚  uืM         u  v  w  ภDึ373/373/373 374/374/374 375/375/375
f v -0.024881 0.969519 -0.091469 0.0000 0.6944 0.0000
  ูฏ0้Cm'พมI๐๖t/p•นI/฿ำคฌญฮq{=3fýtบ‘ฏ:	ขฅQ Tฎjuญ;ญÜ    HAํ@,ธ  ธธ  ไbฃ‘PPช-}'แุ4wาÞÛvษ&`       j]87๔aA ธ  ~%"–                         `         ส         @       €฿M   ภา60  ภา60  า60  4       €฿M   ภา60  ภา60  า60    €?  €?1.0000 1.0000
          ,๔M                   T         ส  þึM   €฿M   ภา60  ภา60  า60  ”ำ๗นปช0.9904 0.1271 0.0545
4

                ,๔M                   D         ส  ๐ฺM   bชgไ๚  uืM         u  w  x  ภDึ373/373/373 375/375/375 376/376/376
f v -0.024881 0.969519 -0.091469 0.0000 0.6944 0.0000
  ูฏ0้Cm'พมI๐๖t/p•นI/฿ำคฌญฮq{=3fýtบ‘ฏ:	ขฅQ Tฎjuญ;ญÜ    HAํ@,ธ  ธธ  ไbฃ‘PPช-}'แุ4wาÞÛvษ&`       j]87๔aA ธ  ~%"–                         `         ส         @       €฿M   ภา60  ภา60  า60  4       €฿M   ภา60  ภา60  า60    €?  €?1.0000 1.0000
          ,๔M                   T         ส  þึM   €฿M   ภา60  ภา60  า60  ”ำ๗นปช0.9904 0.1271 0.0545
4

                ,๔M                   D         ส  ๐ฺM   bชgไ๚  uืM         u  w  v  ภDึ373/373/373 375/375/375 374/374/374
f v -0.024881 0.969519 -0.091469 0.0000 0.6944 0.0000
  ูฏ0้Cm'พมI๐๖t/p•นI/฿ำคฌญฮq{=3fýtบ‘ฏ:	ขฅQ Tฎjuญ;ญÜ    HAํ@,ธ  ธธ  ไbฃ‘PPช-}'แุ4wาÞÛvษ&`       j]87๔aA ธ  ~%"–                         `         ส         @       €฿M   ภา60  ภา60  า60  4       €฿M   ภา60  ภา60  า60    €?  €?1.0000 1.0000
          ,๔M                   T         ส  þึM   €฿M   ภา60  ภา60  า60  ”ำ๗นปช0.9904 0.1271 0.0545
4

                ,๔M                   D         ส  ๐ฺM   bชgไ๚  uืM         u  x  w  ภDึ373/373/373 376/376/376 375/375/375
f v -0.024881 0.969519 -0.091469 0.0000 0.6944 0.0000
  ูฏ0้Cm'พมI๐๖t/p•นI/฿ำคฌญฮq{=3fýtบ‘ฏ:	ขฅQ Tฎjuญ;ญÜ    HAํ@,ธ  ธธ  ไbฃ‘PPช-}'แุ4wาÞÛvษ&`       j]87๔aA ธ  ~%"–                         `         ส         @       €฿M   ภา60  ภา60  า60  4       €฿M   ภา60  ภา60  า60    €?  €?1.0000 1.0000
          ,๔M                   T         ส  þึM   €฿M   ภา60  ภา60  า60  ”ำ๗นปช0.9904 0.1271 0.0545
4

                ,๔M                   D         ส  ๐ฺM   bชgไ๚  uืM          y  z  {  ภDึ377/377/377 378/378/378 379/379/379
f v -0.024881 0.969519 -0.091469 0.0000 0.6944 0.0000
  ูฏ0้Cm'พมI๐๖t/p•นI/฿ำคฌญฮq{=3fýtบ‘ฏ:	ขฅQ Tฎjuญ;ญÜ    HAํ@,ธ  ธธ  ไbฃ‘PPช-}'แุ4wาÞÛvษ&`       j]87๔aA ธ  ~%"–                         `         ส         @       €฿M   ภา60  ภา60  า60  4       €฿M   ภา60  ภา60  า60    €?  €?1.0000 1.0000
          ,๔M                   T         ส  þึM   €฿M   ภา60  ภา60  า60  ”ำ๗นปช0.9904 0.1271 0.0545
4

                ,๔M                   D         ส  ๐ฺM   bชgไ๚  uืM   #      {  z  |  ภDึ379/379/379 378/378/378 380/380/380
f v -0.024881 0.969519 -0.091469 0.0000 0.6944 0.0000
  ูฏ0้Cm'พมI๐๖t/p•นI/฿ำคฌญฮq{=3fýtบ‘ฏ:	ขฅQ Tฎjuญ;ญÜ    HAํ@,ธ  ธธ  ไbฃ‘PPช-}'แุ4wาÞÛvษ&`       j]87๔aA ธ  ~%"–                         `         ส         @       €฿M   ภา60  ภา60  า60  4       €฿M   ภา60  ภา60  า60    €?  €?1.0000 1.0000
          ,๔M                   T         ส  þึM   €฿M   ภา60  ภา60  า60  ”ำ๗นปช0.9904 0.1271 0.0545
4

                ,๔M                   D         ส  ๐ฺM   bชgไ๚  uืM   &      {  |  }  ภDึ379/379/379 380/380/380 381/381/381
f v -0.024881 0.969519 -0.091469 0.0000 0.6944 0.0000
  ูฏ0้Cm'พมI๐๖t/p•นI/฿ำคฌญฮq{=3fýtบ‘ฏ:	ขฅQ Tฎjuญ;ญÜ    HAํ@,ธ  ธธ  ไbฃ‘PPช-}'แุ4wาÞÛvษ&`       j]87๔aA ธ  ~%"–                         `         ส         @       €฿M   ภา60  ภา60  า60  4       €฿M   ภา60  ภา60  า60    €?  €?1.0000 1.0000
          ,๔M                   T         ส  þึM   €฿M   ภา60  ภา60  า60  ”ำ๗นปช0.9904 0.1271 0.0545
4

                ,๔M                   D         ส  ๐ฺM   bชgไ๚  uืM   )      }  |  ~  ภDึ381/381/381 380/380/380 382/382/382
f v -0.024881 0.969519 -0.091469 0.0000 0.6944 0.0000
  ูฏ0้Cm'พมI๐๖t/p•นI/฿ำคฌญฮq{=3fýtบ‘ฏ:	ขฅQ Tฎjuญ;ญÜ    HAํ@,ธ  ธธ  ไbฃ‘PPช-}'แุ4wาÞÛvษ&`       j]87๔aA ธ  ~%"–                         `         ส         @       €฿M   ภา60  ภา60  า60  4       €฿M   ภา60  ภา60  า60    €?  €?1.0000 1.0000
          ,๔M                   T         ส  þึM   €฿M   ภา60  ภา60  า60  ”ำ๗นปช0.9904 0.1271 0.0545
4

                ,๔M                   D         ส  ๐ฺM   bชgไ๚  uืM   ,      }  ~    ภDึ381/381/381 382/382/382 383/383/383
f v -0.024881 0.969519 -0.091469 0.0000 0.6944 0.0000
  ูฏ0้Cm'พมI๐๖t/p•นI/฿ำคฌญฮq{=3fýtบ‘ฏ:	ขฅQ Tฎjuญ;ญÜ    HAํ@,ธ  ธธ  ไbฃ‘PPช-}'แุ4wาÞÛvษ&`       j]87๔aA ธ  ~%"–                         `         ส         @       €฿M   ภา60  ภา60  า60  4       €฿M   ภา60  ภา60  า60    €?  €?1.0000 1.0000
          ,๔M                   T         ส  þึM   €฿M   ภา60  ภา60  า60  ”ำ๗นปช0.9904 0.1271 0.0545
4

                ,๔M                   D         ส  ๐ฺM   bชgไ๚  uืM   /        ~  €  ภDึ383/383/383 382/382/382 384/384/384
f v -0.024881 0.969519 -0.091469 0.0000 0.6944 0.0000
  ูฏ0้Cm'พมI๐๖t/p•นI/฿ำคฌญฮq{=3fýtบ‘ฏ:	ขฅQ Tฎjuญ;ญÜ    HAํ@,ธ  ธธ  ไbฃ‘PPช-}'แุ4wาÞÛvษ&`       j]87๔aA ธ  ~%"–                         `         ส         @       €฿M   ภา60  ภา60  า60  4       €฿M   ภา60  ภา60  า60    €?  €?1.0000 1.0000
          ,๔M                   T         ส  þึM   €฿M   ภา60  ภา60  า60  ”ำ๗นปช0.9904 0.1271 0.0545
4

                ,๔M                   D         ส  ๐ฺM   bชgไ๚  uืM   2        €    ภDึ383/383/383 384/384/384 385/385/385
f v -0.024881 0.969519 -0.091469 0.0000 0.6944 0.0000
  ูฏ0้Cm'พมI๐๖t/p•นI/฿ำคฌญฮq{=3fýtบ‘ฏ:	ขฅQ Tฎjuญ;ญÜ    HAํ@,ธ  ธธ  ไbฃ‘PPช-}'แุ4wาÞÛvษ&`       j]87๔aA ธ  ~%"–                         `         ส         @       €฿M   ภา60  ภา60  า60  4       €฿M   ภา60  ภา60  า60    €?  €?1.0000 1.0000
          ,๔M                   T         ส  þึM   €฿M   ภา60  ภา60  า60  ”ำ๗นปช0.9904 0.1271 0.0545
4

                ,๔M                   D         ส  ๐ฺM   bชgไ๚  uืM   5        €    ภDึ385/385/385 384/384/384 386/386/386
f v -0.024881 0.969519 -0.091469 0.0000 0.6944 0.0000
  ูฏ0้Cm'พมI๐๖t/p•นI/฿ำคฌญฮq{=3fýtบ‘ฏ:	ขฅQ Tฎjuญ;ญÜ    HAํ@,ธ  ธธ  ไbฃ‘PPช-}'แุ4wาÞÛvษ&`       j]87๔aA ธ  ~%"–                         `         ส         @       €฿M   ภา60  ภา60  า60  4       €฿M   ภา60  ภา60  า60    €?  €?1.0000 1.0000
          ,๔M                   T         ส  þึM   €฿M   ภา60  ภา60  า60  ”ำ๗นปช0.9904 0.1271 0.0545
4

                ,๔M                   D         ส  ๐ฺM   bชgไ๚  uืM   8          …  ภDึ387/387/387 388/388/388 389/389/389
f v -0.024881 0.969519 -0.091469 0.0000 0.6944 0.0000
  ูฏ0้Cm'พมI๐๖t/p•นI/฿ำคฌญฮq{=3fýtบ‘ฏ:	ขฅQ Tฎjuญ;ญÜ    HAํ@,ธ  ธธ  ไbฃ‘PPช-}'แุ4wาÞÛvษ&`       j]87๔aA ธ  ~%"–                         `         ส         @       €฿M   ภา60  ภา60  า60  4       €฿M   ภา60  ภา60  า60    €?  €?1.0000 1.0000
          ,๔M                   T         ส  þึM   €฿M   ภา60  ภา60  า60  ”ำ๗นปช0.9904 0.1271 0.0545
4

                ,๔M                   D         ส  ๐ฺM   bชgไ๚  uืM   ;      …      ภDึ389/389/389 388/388/388 390/390/390
f v -0.024881 0.969519 -0.091469 0.0000 0.6944 0.0000
  ูฏ0้Cm'พมI๐๖t/p•นI/฿ำคฌญฮq{=3fýtบ‘ฏ:	ขฅQ Tฎjuญ;ญÜ    HAํ@,ธ  ธธ  ไbฃ‘PPช-}'แุ4wาÞÛvษ&`       j]87๔aA ธ  ~%"–                         `         ส         @       €฿M   ภา60  ภา60  า60  4       €฿M   ภา60  ภา60  า60    €?  €?1.0000 1.0000
          ,๔M                   T         ส  þึM   €฿M   ภา60  ภา60  า60  ”ำ๗นปช0.9904 0.1271 0.0545
4

                ,๔M                   D         ส  ๐ฺM   bชgไ๚  uืM   >      …      ภDึ389/389/389 390/390/390 391/391/391
f v -0.024881 0.969519 -0.091469 0.0000 0.6944 0.0000
  ูฏ0้Cm'พมI๐๖t/p•นI/฿ำคฌญฮq{=3fýtบ‘ฏ:	ขฅQ Tฎjuญ;ญÜ    HAํ@,ธ  ธธ  ไbฃ‘PPช-}'แุ4wาÞÛvษ&`       j]87๔aA ธ  ~%"–                         `         ส         @       €฿M   ภา60  ภา60  า60  4       €฿M   ภา60  ภา60  า60    €?  €?1.0000 1.0000
          ,๔M                   T         ส  þึM   €฿M   ภา60  ภา60  า60  ”ำ๗นปช0.9904 0.1271 0.0545
4

                ,๔M                   D         ส  ๐ฺM   bชgไ๚  uืM   A            ภDึ391/391/391 390/390/390 392/392/392
f v -0.024881 0.969519 -0.091469 0.0000 0.6944 0.0000
  ูฏ0้Cm'พมI๐๖t/p•นI/฿ำคฌญฮq{=3fýtบ‘ฏ:	ขฅQ Tฎjuญ;ญÜ    HAํ@,ธ  ธธ  ไbฃ‘PPช-}'แุ4wาÞÛvษ&`       j]87๔aA ธ  ~%"–                         `         ส         @       €฿M   ภา60  ภา60  า60  4       €฿M   ภา60  ภา60  า60    €?  €?1.0000 1.0000
          ,๔M                   T         ส  þึM   €฿M   ภา60  ภา60  า60  ”ำ๗นปช0.9904 0.1271 0.0545
4

                ,๔M                   D         ส  ๐ฺM   bชgไ๚  uืM   D            ภDึ391/391/391 392/392/392 393/393/393
f v -0.024881 0.969519 -0.091469 0.0000 0.6944 0.0000
  ูฏ0้Cm'พมI๐๖t/p•นI/฿ำคฌญฮq{=3fýtบ‘ฏ:	ขฅQ Tฎjuญ;ญÜ    HAํ@,ธ  ธธ  ไbฃ‘PPช-}'แุ4wาÞÛvษ&`       j]87๔aA ธ  ~%"–                         `         ส         @       €฿M   ภา60  ภา60  า60  4       €฿M   ภา60  ภา60  า60    €?  €?1.0000 1.0000
          ,๔M                   T         ส  þึM   €฿M   ภา60  ภา60  า60  ”ำ๗นปช0.9904 0.1271 0.0545
4

                ,๔M                   D         ส  ๐ฺM   bชgไ๚  uืM   G            ภDึ393/393/393 392/392/392 394/394/394
f v -0.024881 0.969519 -0.091469 0.0000 0.6944 0.0000
  ูฏ0้Cm'พมI๐๖t/p•นI/฿ำคฌญฮq{=3fýtบ‘ฏ:	ขฅQ Tฎjuญ;ญÜ    HAํ@,ธ  ธธ  ไbฃ‘PPช-}'แุ4wาÞÛvษ&`       j]87๔aA ธ  ~%"–                         `         ส         @       €฿M   ภา60  ภา60  า60  4       €฿M   ภา60  ภา60  า60    €?  €?1.0000 1.0000
          ,๔M                   T         ส  þึM   €฿M   ภา60  ภา60  า60  ”ำ๗นปช0.9904 0.1271 0.0545
4

                ,๔M                   D         ส  ๐ฺM   bชgไ๚  uืM   J            ภDึ393/393/393 394/394/394 395/395/395
f v -0.024881 0.969519 -0.091469 0.0000 0.6944 0.0000
  ูฏ0้Cm'พมI๐๖t/p•นI/฿ำคฌญฮq{=3fýtบ‘ฏ:	ขฅQ Tฎjuญ;ญÜ    HAํ@,ธ  ธธ  ไbฃ‘PPช-}'แุ4wาÞÛvษ&`       j]87๔aA ธ  ~%"–                         `         ส         @       €฿M   ภา60  ภา60  า60  4       €฿M   ภา60  ภา60  า60    €?  €?1.0000 1.0000
          ,๔M                   T         ส  þึM   €฿M   ภา60  ภา60  า60  ”ำ๗นปช0.9904 0.1271 0.0545
4

                ,๔M                   D         ส  ๐ฺM   bชgไ๚  uืM   M            ภDึ395/395/395 394/394/394 396/396/396
f v -0.024881 0.969519 -0.091469 0.0000 0.6944 0.0000
  ูฏ0้Cm'พมI๐๖t/p•นI/฿ำคฌญฮq{=3fýtบ‘ฏ:	ขฅQ Tฎjuญ;ญÜ    HAํ@,ธ  ธธ  ไbฃ‘PPช-}'แุ4wาÞÛvษ&`       j]87๔aA ธ  ~%"–                         `         ส         @       €฿M   ภา60  ภา60  า60  4       €฿M   ภา60  ภา60  า60    €?  €?1.0000 1.0000
          ,๔M                   T         ส  þึM   €฿M   ภา60  ภา60  า60  ”ำ๗นปช0.9904 0.1271 0.0545
4

                ,๔M                   D         ส  ๐ฺM   bชgไ๚  uืM   P            ภDึ397/397/397 398/398/398 399/399/399
f v -0.024881 0.969519 -0.091469 0.0000 0.6944 0.0000
  ูฏ0้Cm'พมI๐๖t/p•นI/฿ำคฌญฮq{=3fýtบ‘ฏ:	ขฅQ Tฎjuญ;ญÜ    HAํ@,ธ  ธธ  ไbฃ‘PPช-}'แุ4wาÞÛvษ&`       j]87๔aA ธ  ~%"–                         `         ส         @       €฿M   ภา60  ภา60  า60  4       €฿M   ภา60  ภา60  า60    €?  €?1.0000 1.0000
          ,๔M                   T         ส  þึM   €฿M   ภา60  ภา60  า60  ”ำ๗นปช0.9904 0.1271 0.0545
4

                ,๔M                   D         ส  ๐ฺM   bชgไ๚  uืM   S            ภDึ399/399/399 398/398/398 400/400/400
f v -0.024881 0.969519 -0.091469 0.0000 0.6944 0.0000
  ูฏ0้Cm'พมI๐๖t/p•นI/฿ำคฌญฮq{=3fýtบ‘ฏ:	ขฅQ Tฎjuญ;ญÜ    HAํ@,ธ  ธธ  ไbฃ‘PPช-}'แุ4wาÞÛvษ&`       j]87๔aA ธ  ~%"–                         `         ส         @       €฿M   ภา60  ภา60  า60  4       €฿M   ภา60  ภา60  า60    €?  €?1.0000 1.0000
          ,๔M                   T         ส  þึM   €฿M   ภา60  ภา60  า60  ”ำ๗นปช0.9904 0.1271 0.0545
4

                ,๔M                   D         ส  ๐ฺM   bชgไ๚  uืM   V          ‘  ภDึ399/399/399 400/400/400 401/401/401
f v -0.024881 0.969519 -0.091469 0.0000 0.6944 0.0000
  ูฏ0้Cm'พมI๐๖t/p•นI/฿ำคฌญฮq{=3fýtบ‘ฏ:	ขฅQ Tฎjuญ;ญÜ    HAํ@,ธ  ธธ  ไbฃ‘PPช-}'แุ4wาÞÛvษ&`       j]87๔aA ธ  ~%"–                         `         ส         @       €฿M   ภา60  ภา60  า60  4       €฿M   ภา60  ภา60  า60    €?  €?1.0000 1.0000
          ,๔M                   T         ส  þึM   €฿M   ภา60  ภา60  า60  ”ำ๗นปช0.9904 0.1271 0.0545
4

                ,๔M                   D         ส  ๐ฺM   bชgไ๚  uืM   Y      ‘    ’  ภDึ401/401/401 400/400/400 402/402/402
f v -0.024881 0.969519 -0.091469 0.0000 0.6944 0.0000
  ูฏ0้Cm'พมI๐๖t/p•นI/฿ำคฌญฮq{=3fýtบ‘ฏ:	ขฅQ Tฎjuญ;ญÜ    HAํ@,ธ  ธธ  ไbฃ‘PPช-}'แุ4wาÞÛvษ&`       j]87๔aA ธ  ~%"–                         `         ส         @       €฿M   ภา60  ภา60  า60  4       €฿M   ภา60  ภา60  า60    €?  €?1.0000 1.0000
          ,๔M                   T         ส  þึM   €฿M   ภา60  ภา60  า60  ”ำ๗นปช0.9904 0.1271 0.0545
4

                ,๔M                   D         ส  ๐ฺM   bชgไ๚  uืM   \      ‘  ’  “  ภDึ401/401/401 402/402/402 403/403/403
f v -0.024881 0.969519 -0.091469 0.0000 0.6944 0.0000
  ูฏ0้Cm'พมI๐๖t/p•นI/฿ำคฌญฮq{=3fýtบ‘ฏ:	ขฅQ Tฎjuญ;ญÜ    HAํ@,ธ  ธธ  ไbฃ‘PPช-}'แุ4wาÞÛvษ&`       j]87๔aA ธ  ~%"–                         `         ส         @       €฿M   ภา60  ภา60  า60  4       €฿M   ภา60  ภา60  า60    €?  €?1.0000 1.0000
          ,๔M                   T         ส  þึM   €฿M   ภา60  ภา60  า60  ”ำ๗นปช0.9904 0.1271 0.0545
4

                ,๔M                   D         ส  ๐ฺM   bชgไ๚  uืM   _      “  ’  ”  ภDึ403/403/403 402/402/402 404/404/404
f v -0.024881 0.969519 -0.091469 0.0000 0.6944 0.0000
  ูฏ0้Cm'พมI๐๖t/p•นI/฿ำคฌญฮq{=3fýtบ‘ฏ:	ขฅQ Tฎjuญ;ญÜ    HAํ@,ธ  ธธ  ไbฃ‘PPช-}'แุ4wาÞÛvษ&`       j]87๔aA ธ  ~%"–                         `         ส         @       €฿M   ภา60  ภา60  า60  4       €฿M   ภา60  ภา60  า60    €?  €?1.0000 1.0000
          ,๔M                   T         ส  þึM   €฿M   ภา60  ภา60  า60  ”ำ๗นปช0.9904 0.1271 0.0545
4

                ,๔M                   D         ส  ๐ฺM   bชgไ๚  uืM   b      “  ”  •  ภDึ403/403/403 404/404/404 405/405/405
f v -0.024881 0.969519 -0.091469 0.0000 0.6944 0.0000
  ูฏ0้Cm'พมI๐๖t/p•นI/฿ำคฌญฮq{=3fýtบ‘ฏ:	ขฅQ Tฎjuญ;ญÜ    HAํ@,ธ  ธธ  ไbฃ‘PPช-}'แุ4wาÞÛvษ&`       j]87๔aA ธ  ~%"–                         `         ส         @       €฿M   ภา60  ภา60  า60  4       €฿M   ภา60  ภา60  า60    €?  €?1.0000 1.0000
          ,๔M                   T         ส  þึM   €฿M   ภา60  ภา60  า60  ”ำ๗นปช0.9904 0.1271 0.0545
4

                ,๔M                   D         ส  ๐ฺM   bชgไ๚  uืM   e      •  ”  –  ภDึ405/405/405 404/404/404 406/406/406
f v -0.024881 0.969519 -0.091469 0.0000 0.6944 0.0000
  ูฏ0้Cm'พมI๐๖t/p•นI/฿ำคฌญฮq{=3fýtบ‘ฏ:	ขฅQ Tฎjuญ;ญÜ    HAํ@,ธ  ธธ  ไbฃ‘PPช-}'แุ4wาÞÛvษ&`       j]87๔aA ธ  ~%"–                         `         ส         @       €฿M   ภา60  ภา60  า60  4       €฿M   ภา60  ภา60  า60    €?  €?1.0000 1.0000
          ,๔M                   T         ส  þึM   €฿M   ภา60  ภา60  า60  ”ำ๗นปช0.9904 0.1271 0.0545
4

                ,๔M                   D         ส  ๐ฺM   bชgไ๚  uืM   h      —      ภDึ407/407/407 408/408/408 409/409/409
f v -0.024881 0.969519 -0.091469 0.0000 0.6944 0.0000
  ูฏ0้Cm'พมI๐๖t/p•นI/฿ำคฌญฮq{=3fýtบ‘ฏ:	ขฅQ Tฎjuญ;ญÜ    HAํ@,ธ  ธธ  ไbฃ‘PPช-}'แุ4wาÞÛvษ&`       j]87๔aA ธ  ~%"–                         `         ส         @       €฿M   ภา60  ภา60  า60  4       €฿M   ภา60  ภา60  า60    €?  €?1.0000 1.0000
          ,๔M                   T         ส  þึM   €฿M   ภา60  ภา60  า60  ”ำ๗นปช0.9904 0.1271 0.0545
4

                ,๔M                   D         ส  ๐ฺM   bชgไ๚  uืM   k      —      ภDึ407/407/407 409/409/409 410/410/410
f v -0.024881 0.969519 -0.091469 0.0000 0.6944 0.0000
  ูฏ0้Cm'พมI๐๖t/p•นI/฿ำคฌญฮq{=3fýtบ‘ฏ:	ขฅQ Tฎjuญ;ญÜ    HAํ@,ธ  ธธ  ไbฃ‘PPช-}'แุ4wาÞÛvษ&`       j]87๔aA ธ  ~%"–                         `         ส         @       €฿M   ภา60  ภา60  า60  4       €฿M   ภา60  ภา60  า60    €?  €?1.0000 1.0000
          ,๔M                   T         ส  þึM   €฿M   ภา60  ภา60  า60  ”ำ๗นปช0.9904 0.1271 0.0545
4

                ,๔M                   D         ส  ๐ฺM   bชgไ๚  uืM   n      —      ภDึ407/407/407 409/409/409 408/408/408
f v -0.024881 0.969519 -0.091469 0.0000 0.6944 0.0000
  ูฏ0้Cm'พมI๐๖t/p•นI/฿ำคฌญฮq{=3fýtบ‘ฏ:	ขฅQ Tฎjuญ;ญÜ    HAํ@,ธ  ธธ  ไbฃ‘PPช-}'แุ4wาÞÛvษ&`       j]87๔aA ธ  ~%"–                         `         ส         @       €฿M   ภา60  ภา60  า60  4       €฿M   ภา60  ภา60  า60    €?  €?1.0000 1.0000
          ,๔M                   T         ส  þึM   €฿M   ภา60  ภา60  า60  ”ำ๗นปช0.9904 0.1271 0.0545
4

                ,๔M                   D         ส  ๐ฺM   bชgไ๚  uืM   q      —      ภDึ407/407/407 410/410/410 409/409/409
f v -0.024881 0.969519 -0.091469 0.0000 0.6944 0.0000
  ูฏ0้Cm'พมI๐๖t/p•นI/฿ำคฌญฮq{=3fýtบ‘ฏ:	ขฅQ Tฎjuญ;ญÜ    HAํ@,ธ  ธธ  ไbฃ‘PPช-}'แุ4wาÞÛvษ&`       j]87๔aA ธ  ~%"–                         `         ส         @       €฿M   ภา60  ภา60  า60  4       €฿M   ภา60  ภา60  า60    €?  €?1.0000 1.0000
          ,๔M                   T         ส  þึM   €฿M   ภา60  ภา60  า60  ”ำ๗นปช0.9904 0.1271 0.0545
4

                ,๔M                   D         ส  ๐ฺM   bชgไ๚  uืM   t            ภDึ411/411/411 412/412/412 413/413/413
f v -0.024881 0.969519 -0.091469 0.0000 0.6944 0.0000
  ูฏ0้Cm'พมI๐๖t/p•นI/฿ำคฌญฮq{=3fýtบ‘ฏ:	ขฅQ Tฎjuญ;ญÜ    HAํ@,ธ  ธธ  ไbฃ‘PPช-}'แุ4wาÞÛvษ&`       j]87๔aA ธ  ~%"–                         `         ส         @       €฿M   ภา60  ภา60  า60  4       €฿M   ภา60  ภา60  า60    €?  €?1.0000 1.0000
          ,๔M                   T         ส  þึM   €฿M   ภา60  ภา60  า60  ”ำ๗นปช0.9904 0.1271 0.0545
4

                ,๔M                   D         ส  ๐ฺM   bชgไ๚  uืM   w            ภDึ411/411/411 413/413/413 414/414/414
f v -0.024881 0.969519 -0.091469 0.0000 0.6944 0.0000
  ูฏ0้Cm'พมI๐๖t/p•นI/฿ำคฌญฮq{=3fýtบ‘ฏ:	ขฅQ Tฎjuญ;ญÜ    HAํ@,ธ  ธธ  ไbฃ‘PPช-}'แุ4wาÞÛvษ&`       j]87๔aA ธ  ~%"–                         `         ส         @       €฿M   ภา60  ภา60  า60  4       €฿M   ภา60  ภา60  า60    €?  €?1.0000 1.0000
          ,๔M                   T         ส  þึM   €฿M   ภา60  ภา60  า60  ”ำ๗นปช0.9904 0.1271 0.0545
4

                ,๔M                   D         ส  ๐ฺM   bชgไ๚  uืM   z            ภDึ411/411/411 413/413/413 412/412/412
f v -0.024881 0.969519 -0.091469 0.0000 0.6944 0.0000
  ูฏ0้Cm'พมI๐๖t/p•นI/฿ำคฌญฮq{=3fýtบ‘ฏ:	ขฅQ Tฎjuญ;ญÜ    HAํ@,ธ  ธธ  ไbฃ‘PPช-}'แุ4wาÞÛvษ&`       j]87๔aA ธ  ~%"–                         `         ส         @       €฿M   ภา60  ภา60  า60  4       €฿M   ภา60  ภา60  า60    €?  €?1.0000 1.0000
          ,๔M                   T         ส  þึM   €฿M   ภา60  ภา60  า60  ”ำ๗นปช0.9904 0.1271 0.0545
4

                ,๔M                   D         ส  ๐ฺM   bชgไ๚  uืM   }            ภDึ411/411/411 414/414/414 413/413/413
f v -0.024881 0.969519 -0.091469 0.0000 0.6944 0.0000
  ูฏ0้Cm'พมI๐๖t/p•นI/฿ำคฌญฮq{=3fýtบ‘ฏ:	ขฅQ Tฎjuญ;ญÜ    HAํ@,ธ  ธธ  ไbฃ‘PPช-}'แุ4wาÞÛvษ&`       j]87๔aA ธ  ~%"–                         `         ส         @       €฿M   ภา60  ภา60  า60  4       €฿M   ภา60  ภา60  า60    €?  €?1.0000 1.0000
          ,๔M                   T         ส  þึM   €฿M   ภา60  ภา60  า60  ”ำ๗นปช0.9904 0.1271 0.0545
4

                ,๔M                   D         ส  ๐ฺM   bชgไ๚  uืM   €           ก  ภDึ415/415/415 416/416/416 417/417/417
f v -0.024881 0.969519 -0.091469 0.0000 0.6944 0.0000
  ูฏ0้Cm'พมI๐๖t/p•นI/฿ำคฌญฮq{=3fýtบ‘ฏ:	ขฅQ Tฎjuญ;ญÜ    HAํ@,ธ  ธธ  ไbฃ‘PPช-}'แุ4wาÞÛvษ&`       j]87๔aA ธ  ~%"–                         `         ส         @       €฿M   ภา60  ภา60  า60  4       €฿M   ภา60  ภา60  า60    €?  €?1.0000 1.0000
          ,๔M                   T         ส  þึM   €฿M   ภา60  ภา60  า60  ”ำ๗นปช0.9904 0.1271 0.0545
4

                ,๔M                   D         ส  ๐ฺM   bชgไ๚  uืM           ก  ข  ภDึ415/415/415 417/417/417 418/418/418
f v -0.024881 0.969519 -0.091469 0.0000 0.6944 0.0000
  ูฏ0้Cm'พมI๐๖t/p•นI/฿ำคฌญฮq{=3fýtบ‘ฏ:	ขฅQ Tฎjuญ;ญÜ    HAํ@,ธ  ธธ  ไbฃ‘PPช-}'แุ4wาÞÛvษ&`       j]87๔aA ธ  ~%"–                         `         ส         @       €฿M   ภา60  ภา60  า60  4       €฿M   ภา60  ภา60  า60    €?  €?1.0000 1.0000
          ,๔M                   T         ส  þึM   €฿M   ภา60  ภา60  า60  ”ำ๗นปช0.9904 0.1271 0.0545
4

                ,๔M                   D         ส  ๐ฺM   bชgไ๚  uืM           ก     ภDึ415/415/415 417/417/417 416/416/416
f v -0.024881 0.969519 -0.091469 0.0000 0.6944 0.0000
  ูฏ0้Cm'พมI๐๖t/p•นI/฿ำคฌญฮq{=3fýtบ‘ฏ:	ขฅQ Tฎjuญ;ญÜ    HAํ@,ธ  ธธ  ไbฃ‘PPช-}'แุ4wาÞÛvษ&`       j]87๔aA ธ  ~%"–                         `         ส         @       €฿M   ภา60  ภา60  า60  4       €฿M   ภา60  ภา60  า60    €?  €?1.0000 1.0000
          ,๔M                   T         ส  þึM   €฿M   ภา60  ภา60  า60  ”ำ๗นปช0.9904 0.1271 0.0545
4

                ,๔M                   D         ส  ๐ฺM   bชgไ๚  uืM           ข  ก  ภDึ415/415/415 418/418/418 417/417/417
f v -0.024881 0.969519 -0.091469 0.0000 0.6944 0.0000
  ูฏ0้Cm'พมI๐๖t/p•นI/฿ำคฌญฮq{=3fýtบ‘ฏ:	ขฅQ Tฎjuญ;ญÜ    HAํ@,ธ  ธธ  ไbฃ‘PPช-}'แุ4wาÞÛvษ&`       j]87๔aA ธ  ~%"–                         `         ส         @       €฿M   ภา60  ภา60  า60  4       €฿M   ภา60  ภา60  า60    €?  €?1.0000 1.0000
          ,๔M                   T         ส  þึM   €฿M   ภา60  ภา60  า60  ”ำ๗นปช0.9904 0.1271 0.0545
4

                ,๔M                   D         ส  ๐ฺM   bชgไ๚  uืM         ฃ  ค  ฅ  ภDึ419/419/419 420/420/420 421/421/421
f v -0.024881 0.969519 -0.091469 0.0000 0.6944 0.0000
  ูฏ0้Cm'พมI๐๖t/p•นI/฿ำคฌญฮq{=3fýtบ‘ฏ:	ขฅQ Tฎjuญ;ญÜ    HAํ@,ธ  ธธ  ไbฃ‘PPช-}'แุ4wาÞÛvษ&`       j]87๔aA ธ  ~%"–                         `         ส         @       €฿M   ภา60  ภา60  า60  4       €฿M   ภา60  ภา60  า60    €?  €?1.0000 1.0000
          ,๔M                   T         ส  þึM   €฿M   ภา60  ภา60  า60  ”ำ๗นปช0.9904 0.1271 0.0545
4

                ,๔M                   D         ส  ๐ฺM   bชgไ๚  uืM         ฃ  ฅ  ฆ  ภDึ419/419/419 421/421/421 422/422/422
f v -0.024881 0.969519 -0.091469 0.0000 0.6944 0.0000
  ูฏ0้Cm'พมI๐๖t/p•นI/฿ำคฌญฮq{=3fýtบ‘ฏ:	ขฅQ Tฎjuญ;ญÜ    HAํ@,ธ  ธธ  ไbฃ‘PPช-}'แุ4wาÞÛvษ&`       j]87๔aA ธ  ~%"–                         `         ส         @       €฿M   ภา60  ภา60  า60  4       €฿M   ภา60  ภา60  า60    €?  €?1.0000 1.0000
          ,๔M                   T         ส  þึM   €฿M   ภา60  ภา60  า60  ”ำ๗นปช0.9904 0.1271 0.0545
4

                ,๔M                   D         ส  ๐ฺM   bชgไ๚  uืM   ’      ฃ  ฅ  ค  ภDึ419/419/419 421/421/421 420/420/420
f v -0.024881 0.969519 -0.091469 0.0000 0.6944 0.0000
  ูฏ0้Cm'พมI๐๖t/p•นI/฿ำคฌญฮq{=3fýtบ‘ฏ:	ขฅQ Tฎjuญ;ญÜ    HAํ@,ธ  ธธ  ไbฃ‘PPช-}'แุ4wาÞÛvษ&`       j]87๔aA ธ  ~%"–                         `         ส         @       €฿M   ภา60  ภา60  า60  4       €฿M   ภา60  ภา60  า60    €?  €?1.0000 1.0000
          ,๔M                   T         ส  þึM   €฿M   ภา60  ภา60  า60  ”ำ๗นปช0.9904 0.1271 0.0545
4

                ,๔M                   D         ส  ๐ฺM   bชgไ๚  uืM   •      ฃ  ฆ  ฅ  ภDึ419/419/419 422/422/422 421/421/421
f v -0.024881 0.969519 -0.091469 0.0000 0.6944 0.0000
  ูฏ0้Cm'พมI๐๖t/p•นI/฿ำคฌญฮq{=3fýtบ‘ฏ:	ขฅQ Tฎjuญ;ญÜ    HAํ@,ธ  ธธ  ไbฃ‘PPช-}'แุ4wาÞÛvษ&`       j]87๔aA ธ  ~%"–                         `         ส         @       €฿M   ภา60  ภา60  า60  4       €฿M   ภา60  ภา60  า60    €?  €?1.0000 1.0000
          ,๔M                   T         ส  þึM   €฿M   ภา60  ภา60  า60  ”ำ๗นปช0.9904 0.1271 0.0545
4

                ,๔M                   D         ส  ๐ฺM   bชgไ๚  uืM         ง  จ  ฉ  ภDึ423/423/423 424/424/424 425/425/425
f v -0.024881 0.969519 -0.091469 0.0000 0.6944 0.0000
  ูฏ0้Cm'พมI๐๖t/p•นI/฿ำคฌญฮq{=3fýtบ‘ฏ:	ขฅQ Tฎjuญ;ญÜ    HAํ@,ธ  ธธ  ไbฃ‘PPช-}'แุ4wาÞÛvษ&`       j]87๔aA ธ  ~%"–                         `         ส         @       €฿M   ภา60  ภา60  า60  4       €฿M   ภา60  ภา60  า60    €?  €?1.0000 1.0000
          ,๔M                   T         ส  þึM   €฿M   ภา60  ภา60  า60  ”ำ๗นปช0.9904 0.1271 0.0545
4

                ,๔M                   D         ส  ๐ฺM   bชgไ๚  uืM         ง  ฉ  ช  ภDึ423/423/423 425/425/425 426/426/426
f v -0.024881 0.969519 -0.091469 0.0000 0.6944 0.0000
  ูฏ0้Cm'พมI๐๖t/p•นI/฿ำคฌญฮq{=3fýtบ‘ฏ:	ขฅQ Tฎjuญ;ญÜ    HAํ@,ธ  ธธ  ไbฃ‘PPช-}'แุ4wาÞÛvษ&`       j]87๔aA ธ  ~%"–                         `         ส         @       €฿M   ภา60  ภา60  า60  4       €฿M   ภา60  ภา60  า60    €?  €?1.0000 1.0000
          ,๔M                   T         ส  þึM   €฿M   ภา60  ภา60  า60  ”ำ๗นปช0.9904 0.1271 0.0545
4

                ,๔M                   D         ส  ๐ฺM   bชgไ๚  uืM         ง  ฉ  จ  ภDึ423/423/423 425/425/425 424/424/424
f v -0.024881 0.969519 -0.091469 0.0000 0.6944 0.0000
  ูฏ0้Cm'พมI๐๖t/p•นI/฿ำคฌญฮq{=3fýtบ‘ฏ:	ขฅQ Tฎjuญ;ญÜ    HAํ@,ธ  ธธ  ไbฃ‘PPช-}'แุ4wาÞÛvษ&`       j]87๔aA ธ  ~%"–                         `         ส         @       €฿M   ภา60  ภา60  า60  4       €฿M   ภา60  ภา60  า60    €?  €?1.0000 1.0000
          ,๔M                   T         ส  þึM   €฿M   ภา60  ภา60  า60  ”ำ๗นปช0.9904 0.1271 0.0545
4

                ,๔M                   D         ส  ๐ฺM   bชgไ๚  uืM   ก      ง  ช  ฉ  ภDึ423/423/423 426/426/426 425/425/425
f v -0.024881 0.969519 -0.091469 0.0000 0.6944 0.0000
  ูฏ0้Cm'พมI๐๖t/p•นI/฿ำคฌญฮq{=3fýtบ‘ฏ:	ขฅQ Tฎjuญ;ญÜ    HAํ@,ธ  ธธ  ไbฃ‘PPช-}'แุ4wาÞÛvษ&`       j]87๔aA ธ  ~%"–                         `         ส         @       €฿M   ภา60  ภา60  า60  4       €฿M   ภา60  ภา60  า60    €?  €?1.0000 1.0000
          ,๔M                   T         ส  þึM   €฿M   ภา60  ภา60  า60  ”ำ๗นปช0.9904 0.1271 0.0545
4

                ,๔M                   D         ส  ๐ฺM   bชgไ๚  uืM   ค      ซ  ฌ  ญ  ภDึ427/427/427 428/428/428 429/429/429
f v -0.024881 0.969519 -0.091469 0.0000 0.6944 0.0000
  ูฏ0้Cm'พมI๐๖t/p•นI/฿ำคฌญฮq{=3fýtบ‘ฏ:	ขฅQ Tฎjuญ;ญÜ    HAํ@,ธ  ธธ  ไbฃ‘PPช-}'แุ4wาÞÛvษ&`       j]87๔aA ธ  ~%"–                         `         ส         @       €฿M   ภา60  ภา60  า60  4       €฿M   ภา60  ภา60  า60    €?  €?1.0000 1.0000
          ,๔M                   T         ส  þึM   €฿M   ภา60  ภา60  า60  ”ำ๗นปช0.9904 0.1271 0.0545
4

                ,๔M                   D         ส  ๐ฺM   bชgไ๚  uืM   ง      ซ  ญ  ฎ  ภDึ427/427/427 429/429/429 430/430/430
f v -0.024881 0.969519 -0.091469 0.0000 0.6944 0.0000
  ูฏ0้Cm'พมI๐๖t/p•นI/฿ำคฌญฮq{=3fýtบ‘ฏ:	ขฅQ Tฎjuญ;ญÜ    HAํ@,ธ  ธธ  ไbฃ‘PPช-}'แุ4wาÞÛvษ&`       j]87๔aA ธ  ~%"–                         `         ส         @       €฿M   ภา60  ภา60  า60  4       €฿M   ภา60  ภา60  า60    €?  €?1.0000 1.0000
          ,๔M                   T         ส  þึM   €฿M   ภา60  ภา60  า60  ”ำ๗นปช0.9904 0.1271 0.0545
4

                ,๔M                   D         ส  ๐ฺM   bชgไ๚  uืM   ช      ซ  ญ  ฌ  ภDึ427/427/427 429/429/429 428/428/428
f v -0.024881 0.969519 -0.091469 0.0000 0.6944 0.0000
  ูฏ0้Cm'พมI๐๖t/p•นI/฿ำคฌญฮq{=3fýtบ‘ฏ:	ขฅQ Tฎjuญ;ญÜ    HAํ@,ธ  ธธ  ไbฃ‘PPช-}'แุ4wาÞÛvษ&`       j]87๔aA ธ  ~%"–                         `         ส         @       €฿M   ภา60  ภา60  า60  4       €฿M   ภา60  ภา60  า60    €?  €?1.0000 1.0000
          ,๔M                   T         ส  þึM   €฿M   ภา60  ภา60  า60  ”ำ๗นปช0.9904 0.1271 0.0545
4

                ,๔M                   D         ส  ๐ฺM   bชgไ๚  uืM   ญ      ซ  ฎ  ญ  ภDึ427/427/427 430/430/430 429/429/429
f v -0.024881 0.969519 -0.091469 0.0000 0.6944 0.0000
  ูฏ0้Cm'พมI๐๖t/p•นI/฿ำคฌญฮq{=3fýtบ‘ฏ:	ขฅQ Tฎjuญ;ญÜ    HAํ@,ธ  ธธ  ไbฃ‘PPช-}'แุ4wาÞÛvษ&`       j]87๔aA ธ  ~%"–                         `         ส         @       €฿M   ภา60  ภา60  า60  4       €฿M   ภา60  ภา60  า60    €?  €?1.0000 1.0000
          ,๔M                   T         ส  þึM   €฿M   ภา60  ภา60  า60  ”ำ๗นปช0.9904 0.1271 0.0545
4

                ,๔M                   D         ส  ๐ฺM   bชgไ๚  uืM   ฐ      ฏ  ฐ  ฑ  ภDึ431/431/431 432/432/432 433/433/433
f v -0.024881 0.969519 -0.091469 0.0000 0.6944 0.0000
  ูฏ0้Cm'พมI๐๖t/p•นI/฿ำคฌญฮq{=3fýtบ‘ฏ:	ขฅQ Tฎjuญ;ญÜ    HAํ@,ธ  ธธ  ไbฃ‘PPช-}'แุ4wาÞÛvษ&`       j]87๔aA ธ  ~%"–                         `         ส         @       €฿M   ภา60  ภา60  า60  4       €฿M   ภา60  ภา60  า60    €?  €?1.0000 1.0000
          ,๔M                   T         ส  þึM   €฿M   ภา60  ภา60  า60  ”ำ๗นปช0.9904 0.1271 0.0545
4

                ,๔M                   D         ส  ๐ฺM   bชgไ๚  uืM   ณ      ฏ  ฑ  ฒ  ภDึ431/431/431 433/433/433 434/434/434
f v -0.024881 0.969519 -0.091469 0.0000 0.6944 0.0000
  ูฏ0้Cm'พมI๐๖t/p•นI/฿ำคฌญฮq{=3fýtบ‘ฏ:	ขฅQ Tฎjuญ;ญÜ    HAํ@,ธ  ธธ  ไbฃ‘PPช-}'แุ4wาÞÛvษ&`       j]87๔aA ธ  ~%"–                         `         ส         @       €฿M   ภา60  ภา60  า60  4       €฿M   ภา60  ภา60  า60    €?  €?1.0000 1.0000
          ,๔M                   T         ส  þึM   €฿M   ภา60  ภา60  า60  ”ำ๗นปช0.9904 0.1271 0.0545
4

                ,๔M                   D         ส  ๐ฺM   bชgไ๚  uืM   ถ      ฏ  ฑ  ฐ  ภDึ431/431/431 433/433/433 432/432/432
f v -0.024881 0.969519 -0.091469 0.0000 0.6944 0.0000
  ูฏ0้Cm'พมI๐๖t/p•นI/฿ำคฌญฮq{=3fýtบ‘ฏ:	ขฅQ Tฎjuญ;ญÜ    HAํ@,ธ  ธธ  ไbฃ‘PPช-}'แุ4wาÞÛvษ&`       j]87๔aA ธ  ~%"–                         `         ส         @       €฿M   ภา60  ภา60  า60  4       €฿M   ภา60  ภา60  า60    €?  €?1.0000 1.0000
          ,๔M                   T         ส  þึM   €฿M   ภา60  ภา60  า60  ”ำ๗นปช0.9904 0.1271 0.0545
4

                ,๔M                   D         ส  ๐ฺM   bชgไ๚  uืM   น      ฏ  ฒ  ฑ  ภDึ431/431/431 434/434/434 433/433/433
f v -0.024881 0.969519 -0.091469 0.0000 0.6944 0.0000
  ูฏ0้Cm'พมI๐๖t/p•นI/฿ำคฌญฮq{=3fýtบ‘ฏ:	ขฅQ Tฎjuญ;ญÜ    HAํ@,ธ  ธธ  ไbฃ‘PPช-}'แุ4wาÞÛvษ&`       j]87๔aA ธ  ~%"–                         `         ส         @       €฿M   ภา60  ภา60  า60  4       €฿M   ภา60  ภา60  า60    €?  €?1.0000 1.0000
          ,๔M                   T         ส  þึM   €฿M   ภา60  ภา60  า60  ”ำ๗นปช0.9904 0.1271 0.0545
4

                ,๔M                   D         ส  ๐ฺM   bชgไ๚  uืM   ผ      ณ  ด  ต  ภDึ435/435/435 436/436/436 437/437/437
f v -0.024881 0.969519 -0.091469 0.0000 0.6944 0.0000
  ูฏ0้Cm'พมI๐๖t/p•นI/฿ำคฌญฮq{=3fýtบ‘ฏ:	ขฅQ Tฎjuญ;ญÜ    HAํ@,ธ  ธธ  ไbฃ‘PPช-}'แุ4wาÞÛvษ&`       j]87๔aA ธ  ~%"–                         `         ส         @       €฿M   ภา60  ภา60  า60  4       €฿M   ภา60  ภา60  า60    €?  €?1.0000 1.0000
          ,๔M                   T         ส  þึM   €฿M   ภา60  ภา60  า60  ”ำ๗นปช0.9904 0.1271 0.0545
4

                ,๔M                   D         ส  ๐ฺM   bชgไ๚  uืM   ฟ      ณ  ต  ถ  ภDึ435/435/435 437/437/437 438/438/438
f v -0.024881 0.969519 -0.091469 0.0000 0.6944 0.0000
  ูฏ0้Cm'พมI๐๖t/p•นI/฿ำคฌญฮq{=3fýtบ‘ฏ:	ขฅQ Tฎjuญ;ญÜ    HAํ@,ธ  ธธ  ไbฃ‘PPช-}'แุ4wาÞÛvษ&`       j]87๔aA ธ  ~%"–                         `         ส         @       €฿M   ภา60  ภา60  า60  4       €฿M   ภา60  ภา60  า60    €?  €?1.0000 1.0000
          ,๔M                   T         ส  þึM   €฿M   ภา60  ภา60  า60  ”ำ๗นปช0.9904 0.1271 0.0545
4

                ,๔M                   D         ส  ๐ฺM   bชgไ๚  uืM   ย      ณ  ต  ด  ภDึ435/435/435 437/437/437 436/436/436
f v -0.024881 0.969519 -0.091469 0.0000 0.6944 0.0000
  ูฏ0้Cm'พมI๐๖t/p•นI/฿ำคฌญฮq{=3fýtบ‘ฏ:	ขฅQ Tฎjuญ;ญÜ    HAํ@,ธ  ธธ  ไbฃ‘PPช-}'แุ4wาÞÛvษ&`       j]87๔aA ธ  ~%"–                         `         ส         @       €฿M   ภา60  ภา60  า60  4       €฿M   ภา60  ภา60  า60    €?  €?1.0000 1.0000
          ,๔M                   T         ส  þึM   €฿M   ภา60  ภา60  า60  ”ำ๗นปช0.9904 0.1271 0.0545
4

                ,๔M                   D         ส  ๐ฺM   bชgไ๚  uืM   ล      ณ  ถ  ต  ภDึ435/435/435 438/438/438 437/437/437
f v -0.024881 0.969519 -0.091469 0.0000 0.6944 0.0000
  ูฏ0้Cm'พมI๐๖t/p•นI/฿ำคฌญฮq{=3fýtบ‘ฏ:	ขฅQ Tฎjuญ;ญÜ    HAํ@,ธ  ธธ  ไbฃ‘PPช-}'แุ4wาÞÛvษ&`       j]87๔aA ธ  ~%"–                         `         ส         @       €฿M   ภา60  ภา60  า60  4       €฿M   ภา60  ภา60  า60    €?  €?1.0000 1.0000
          ,๔M                   T         ส  þึM   €฿M   ภา60  ภา60  า60  ”ำ๗นปช0.9904 0.1271 0.0545
4

                ,๔M                   D         ส  ๐ฺM   bชgไ๚  uืM   ศ      ท  ธ  น  ภDึ439/439/439 440/440/440 441/441/441
f v -0.024881 0.969519 -0.091469 0.0000 0.6944 0.0000
  ูฏ0้Cm'พมI๐๖t/p•นI/฿ำคฌญฮq{=3fýtบ‘ฏ:	ขฅQ Tฎjuญ;ญÜ    HAํ@,ธ  ธธ  ไbฃ‘PPช-}'แุ4wาÞÛvษ&`       j]87๔aA ธ  ~%"–                         `         ส         @       €฿M   ภา60  ภา60  า60  4       €฿M   ภา60  ภา60  า60    €?  €?1.0000 1.0000
          ,๔M                   T         ส  þึM   €฿M   ภา60  ภา60  า60  ”ำ๗นปช0.9904 0.1271 0.0545
4

                ,๔M                   D         ส  ๐ฺM   bชgไ๚  uืM   ห      น  ธ  บ  ภDึ441/441/441 440/440/440 442/442/442
f v -0.024881 0.969519 -0.091469 0.0000 0.6944 0.0000
  ูฏ0้Cm'พมI๐๖t/p•นI/฿ำคฌญฮq{=3fýtบ‘ฏ:	ขฅQ Tฎjuญ;ญÜ    HAํ@,ธ  ธธ  ไbฃ‘PPช-}'แุ4wาÞÛvษ&`       j]87๔aA ธ  ~%"–                         `         ส         @       €฿M   ภา60  ภา60  า60  4       €฿M   ภา60  ภา60  า60    €?  €?1.0000 1.0000
          ,๔M                   T         ส  þึM   €฿M   ภา60  ภา60  า60  ”ำ๗นปช0.9904 0.1271 0.0545
4

                ,๔M                   D         ส  ๐ฺM   bชgไ๚  uืM   ฮ      น  บ  ป  ภDึ441/441/441 442/442/442 443/443/443
f v -0.024881 0.969519 -0.091469 0.0000 0.6944 0.0000
  ูฏ0้Cm'พมI๐๖t/p•นI/฿ำคฌญฮq{=3fýtบ‘ฏ:	ขฅQ Tฎjuญ;ญÜ    HAํ@,ธ  ธธ  ไbฃ‘PPช-}'แุ4wาÞÛvษ&`       j]87๔aA ธ  ~%"–                         `         ส         @       €฿M   ภา60  ภา60  า60  4       €฿M   ภา60  ภา60  า60    €?  €?1.0000 1.0000
          ,๔M                   T         ส  þึM   €฿M   ภา60  ภา60  า60  ”ำ๗นปช0.9904 0.1271 0.0545
4

                ,๔M                   D         ส  ๐ฺM   bชgไ๚  uืM   ั      ป  บ  ผ  ภDึ443/443/443 442/442/442 444/444/444
f v -0.024881 0.969519 -0.091469 0.0000 0.6944 0.0000
  ูฏ0้Cm'พมI๐๖t/p•นI/฿ำคฌญฮq{=3fýtบ‘ฏ:	ขฅQ Tฎjuญ;ญÜ    HAํ@,ธ  ธธ  ไbฃ‘PPช-}'แุ4wาÞÛvษ&`       j]87๔aA ธ  ~%"–                         `         ส         @       €฿M   ภา60  ภา60  า60  4       €฿M   ภา60  ภา60  า60    €?  €?1.0000 1.0000
          ,๔M                   T         ส  þึM   €฿M   ภา60  ภา60  า60  ”ำ๗นปช0.9904 0.1271 0.0545
4

                ,๔M                   D         ส  ๐ฺM   bชgไ๚  uืM   ิ      ป  ผ  ฝ  ภDึ443/443/443 444/444/444 445/445/445
f v -0.024881 0.969519 -0.091469 0.0000 0.6944 0.0000
  ูฏ0้Cm'พมI๐๖t/p•นI/฿ำคฌญฮq{=3fýtบ‘ฏ:	ขฅQ Tฎjuญ;ญÜ    HAํ@,ธ  ธธ  ไbฃ‘PPช-}'แุ4wาÞÛvษ&`       j]87๔aA ธ  ~%"–                         `         ส         @       €฿M   ภา60  ภา60  า60  4       €฿M   ภา60  ภา60  า60    €?  €?1.0000 1.0000
          ,๔M                   T         ส  þึM   €฿M   ภา60  ภา60  า60  ”ำ๗นปช0.9904 0.1271 0.0545
4

                ,๔M                   D         ส  ๐ฺM   bชgไ๚  uืM   ื      ฝ  ผ  พ  ภDึ445/445/445 444/444/444 446/446/446
f v -0.024881 0.969519 -0.091469 0.0000 0.6944 0.0000
  ูฏ0้Cm'พมI๐๖t/p•นI/฿ำคฌญฮq{=3fýtบ‘ฏ:	ขฅQ Tฎjuญ;ญÜ    HAํ@,ธ  ธธ  ไbฃ‘PPช-}'แุ4wาÞÛvษ&`       j]87๔aA ธ  ~%"–                         `         ส         @       €฿M   ภา60  ภา60  า60  4       €฿M   ภา60  ภา60  า60    €?  €?1.0000 1.0000
          ,๔M                   T         ส  þึM   €฿M   ภา60  ภา60  า60  ”ำ๗นปช0.9904 0.1271 0.0545
4

                ,๔M                   D         ส  ๐ฺM   bชgไ๚  uืM   ฺ      ฝ  พ  ฟ  ภDึ445/445/445 446/446/446 447/447/447
f v -0.024881 0.969519 -0.091469 0.0000 0.6944 0.0000
  ูฏ0้Cm'พมI๐๖t/p•นI/฿ำคฌญฮq{=3fýtบ‘ฏ:	ขฅQ Tฎjuญ;ญÜ    HAํ@,ธ  ธธ  ไbฃ‘PPช-}'แุ4wาÞÛvษ&`       j]87๔aA ธ  ~%"–                         `         ส         @       €฿M   ภา60  ภา60  า60  4       €฿M   ภา60  ภา60  า60    €?  €?1.0000 1.0000
          ,๔M                   T         ส  þึM   €฿M   ภา60  ภา60  า60  ”ำ๗นปช0.9904 0.1271 0.0545
4

                ,๔M                   D         ส  ๐ฺM   bชgไ๚  uืM   Ý      ฟ  พ  ภ  ภDึ447/447/447 446/446/446 448/448/448
f v -0.024881 0.969519 -0.091469 0.0000 0.6944 0.0000
  ูฏ0้Cm'พมI๐๖t/p•นI/฿ำคฌญฮq{=3fýtบ‘ฏ:	ขฅQ Tฎjuญ;ญÜ    HAํ@,ธ  ธธ  ไbฃ‘PPช-}'แุ4wาÞÛvษ&`       j]87๔aA ธ  ~%"–                         `         ส         @       €฿M   ภา60  ภา60  า60  4       €฿M   ภา60  ภา60  า60    €?  €?1.0000 1.0000
          ,๔M                   T         ส  þึM   €฿M   ภา60  ภา60  า60  ”ำ๗นปช0.9904 0.1271 0.0545
4

                ,๔M                   D         ส  ๐ฺM   bชgไ๚  uืM   เ      ม  ย  ร  ภDึ449/449/449 450/450/450 451/451/451
f v -0.024881 0.969519 -0.091469 0.0000 0.6944 0.0000
  ูฏ0้Cm'พมI๐๖t/p•นI/฿ำคฌญฮq{=3fýtบ‘ฏ:	ขฅQ Tฎjuญ;ญÜ    HAํ@,ธ  ธธ  ไbฃ‘PPช-}'แุ4wาÞÛvษ&`       j]87๔aA ธ  ~%"–                         `         ส         @       €฿M   ภา60  ภา60  า60  4       €฿M   ภา60  ภา60  า60    €?  €?1.0000 1.0000
          ,๔M                   T         ส  þึM   €฿M   ภา60  ภา60  า60  ”ำ๗นปช0.9904 0.1271 0.0545
4

                ,๔M                   D         ส  ๐ฺM   bชgไ๚  uืM   ใ      ร  ย  ฤ  ภDึ451/451/451 450/450/450 452/452/452
f v -0.024881 0.969519 -0.091469 0.0000 0.6944 0.0000
  ูฏ0้Cm'พมI๐๖t/p•นI/฿ำคฌญฮq{=3fýtบ‘ฏ:	ขฅQ Tฎjuญ;ญÜ    HAํ@,ธ  ธธ  ไbฃ‘PPช-}'แุ4wาÞÛvษ&`       j]87๔aA ธ  ~%"–                         `         ส         @       €฿M   ภา60  ภา60  า60  4       €฿M   ภา60  ภา60  า60    €?  €?1.0000 1.0000
          ,๔M                   T         ส  þึM   €฿M   ภา60  ภา60  า60  ”ำ๗นปช0.9904 0.1271 0.0545
4

                ,๔M                   D         ส  ๐ฺM   bชgไ๚  uืM   ๆ      ร  ฤ  ล  ภDึ451/451/451 452/452/452 453/453/453
f v -0.024881 0.969519 -0.091469 0.0000 0.6944 0.0000
  ูฏ0้Cm'พมI๐๖t/p•นI/฿ำคฌญฮq{=3fýtบ‘ฏ:	ขฅQ Tฎjuญ;ญÜ    HAํ@,ธ  ธธ  ไbฃ‘PPช-}'แุ4wาÞÛvษ&`       j]87๔aA ธ  ~%"–                         `         ส         @       €฿M   ภา60  ภา60  า60  4       €฿M   ภา60  ภา60  า60    €?  €?1.0000 1.0000
          ,๔M                   T         ส  þึM   €฿M   ภา60  ภา60  า60  ”ำ๗นปช0.9904 0.1271 0.0545
4

                ,๔M                   D         ส  ๐ฺM   bชgไ๚  uืM   ้      ล  ฤ  ฦ  ภDึ453/453/453 452/452/452 454/454/454
f v -0.024881 0.969519 -0.091469 0.0000 0.6944 0.0000
  ูฏ0้Cm'พมI๐๖t/p•นI/฿ำคฌญฮq{=3fýtบ‘ฏ:	ขฅQ Tฎjuญ;ญÜ    HAํ@,ธ  ธธ  ไbฃ‘PPช-}'แุ4wาÞÛvษ&`       j]87๔aA ธ  ~%"–                         `         ส         @       €฿M   ภา60  ภา60  า60  4       €฿M   ภา60  ภา60  า60    €?  €?1.0000 1.0000
          ,๔M                   T         ส  þึM   €฿M   ภา60  ภา60  า60  ”ำ๗นปช0.9904 0.1271 0.0545
4

                ,๔M                   D         ส  ๐ฺM   bชgไ๚  uืM   ์      ล  ฦ  ว  ภDึ453/453/453 454/454/454 455/455/455
f v -0.024881 0.969519 -0.091469 0.0000 0.6944 0.0000
  ูฏ0้Cm'พมI๐๖t/p•นI/฿ำคฌญฮq{=3fýtบ‘ฏ:	ขฅQ Tฎjuญ;ญÜ    HAํ@,ธ  ธธ  ไbฃ‘PPช-}'แุ4wาÞÛvษ&`       j]87๔aA ธ  ~%"–                         `         ส         @       €฿M   ภา60  ภา60  า60  4       €฿M   ภา60  ภา60  า60    €?  €?1.0000 1.0000
          ,๔M                   T         ส  þึM   €฿M   ภา60  ภา60  า60  ”ำ๗นปช0.9904 0.1271 0.0545
4

                ,๔M                   D         ส  ๐ฺM   bชgไ๚  uืM   ๏      ว  ฦ  ศ  ภDึ455/455/455 454/454/454 456/456/456
f v -0.024881 0.969519 -0.091469 0.0000 0.6944 0.0000
  ูฏ0้Cm'พมI๐๖t/p•นI/฿ำคฌญฮq{=3fýtบ‘ฏ:	ขฅQ Tฎjuญ;ญÜ    HAํ@,ธ  ธธ  ไbฃ‘PPช-}'แุ4wาÞÛvษ&`       j]87๔aA ธ  ~%"–                         `         ส         @       €฿M   ภา60  ภา60  า60  4       €฿M   ภา60  ภา60  า60    €?  €?1.0000 1.0000
          ,๔M                   T         ส  þึM   €฿M   ภา60  ภา60  า60  ”ำ๗นปช0.9904 0.1271 0.0545
4

                ,๔M                   D         ส  ๐ฺM   bชgไ๚  uืM   ๒      ว  ศ  ษ  ภDึ455/455/455 456/456/456 457/457/457
f v -0.024881 0.969519 -0.091469 0.0000 0.6944 0.0000
  ูฏ0้Cm'พมI๐๖t/p•นI/฿ำคฌญฮq{=3fýtบ‘ฏ:	ขฅQ Tฎjuญ;ญÜ    HAํ@,ธ  ธธ  ไbฃ‘PPช-}'แุ4wาÞÛvษ&`       j]87๔aA ธ  ~%"–                         `         ส         @       €฿M   ภา60  ภา60  า60  4       €฿M   ภา60  ภา60  า60    €?  €?1.0000 1.0000
          ,๔M                   T         ส  þึM   €฿M   ภา60  ภา60  า60  ”ำ๗นปช0.9904 0.1271 0.0545
4

                ,๔M                   D         ส  ๐ฺM   bชgไ๚  uืM   ๕      ษ  ศ  ส  ภDึ457/457/457 456/456/456 458/458/458
f v -0.024881 0.969519 -0.091469 0.0000 0.6944 0.0000
  ูฏ0้Cm'พมI๐๖t/p•นI/฿ำคฌญฮq{=3fýtบ‘ฏ:	ขฅQ Tฎjuญ;ญÜ    HAํ@,ธ  ธธ  ไbฃ‘PPช-}'แุ4wาÞÛvษ&`       j]87๔aA ธ  ~%"–                         `         ส         @       €฿M   ภา60  ภา60  า60  4       €฿M   ภา60  ภา60  า60    €?  €?1.0000 1.0000
          ,๔M                   T         ส  þึM   €฿M   ภา60  ภา60  า60  ”ำ๗นปช0.9904 0.1271 0.0545
4

                ,๔M                   D         ส  ๐ฺM   bชgไ๚  uืM   ๘      ห  ฬ  อ  ภDึ459/459/459 460/460/460 461/461/461
f v -0.024881 0.969519 -0.091469 0.0000 0.6944 0.0000
  ูฏ0้Cm'พมI๐๖t/p•นI/฿ำคฌญฮq{=3fýtบ‘ฏ:	ขฅQ Tฎjuญ;ญÜ    HAํ@,ธ  ธธ  ไbฃ‘PPช-}'แุ4wาÞÛvษ&`       j]87๔aA ธ  ~%"–                         `         ส         @       €฿M   ภา60  ภา60  า60  4       €฿M   ภา60  ภา60  า60    €?  €?1.0000 1.0000
          ,๔M                   T         ส  þึM   €฿M   ภา60  ภา60  า60  ”ำ๗นปช0.9904 0.1271 0.0545
4

                ,๔M                   D         ส  ๐ฺM   bชgไ๚  uืM   ๛      อ  ฬ  ฮ  ภDึ461/461/461 460/460/460 462/462/462
f v -0.024881 0.969519 -0.091469 0.0000 0.6944 0.0000
  ูฏ0้Cm'พมI๐๖t/p•นI/฿ำคฌญฮq{=3fýtบ‘ฏ:	ขฅQ Tฎjuญ;ญÜ    HAํ@,ธ  ธธ  ไbฃ‘PPช-}'แุ4wาÞÛvษ&`       j]87๔aA ธ  ~%"–                         `         ส         @       €฿M   ภา60  ภา60  า60  4       €฿M   ภา60  ภา60  า60    €?  €?1.0000 1.0000
          ,๔M                   T         ส  þึM   €฿M   ภา60  ภา60  า60  ”ำ๗นปช0.9904 0.1271 0.0545
4

                ,๔M                   D         ส  ๐ฺM   bชgไ๚  uืM   þ      อ  ฮ  ฯ  ภDึ461/461/461 462/462/462 463/463/463
f v -0.024881 0.969519 -0.091469 0.0000 0.6944 0.0000
  ูฏ0้Cm'พมI๐๖t/p•นI/฿ำคฌญฮq{=3fýtบ‘ฏ:	ขฅQ Tฎjuญ;ญÜ    HAํ@,ธ  ธธ  ไbฃ‘PPช-}'แุ4wาÞÛvษ&`       j]87๔aA ธ  ~%"–                         `         ส         @       €฿M   ภา60  ภา60  า60  4       €฿M   ภา60  ภา60  า60    €?  €?1.0000 1.0000
          ,๔M                   T         ส  þึM   €฿M   ภา60  ภา60  า60  ”ำ๗นปช0.9904 0.1271 0.0545
4

                ,๔M                   D         ส  ๐ฺM   bชgไ๚  uืM         ฯ  ฮ  ะ  ภDึ463/463/463 462/462/462 464/464/464
f v -0.024881 0.969519 -0.091469 0.0000 0.6944 0.0000
  ูฏ0้Cm'พมI๐๖t/p•นI/฿ำคฌญฮq{=3fýtบ‘ฏ:	ขฅQ Tฎjuญ;ญÜ    HAํ@,ธ  ธธ  ไbฃ‘PPช-}'แุ4wาÞÛvษ&`       j]87๔aA ธ  ~%"–                         `         ส         @       €฿M   ภา60  ภา60  า60  4       €฿M   ภา60  ภา60  า60    €?  €?1.0000 1.0000
          ,๔M                   T         ส  þึM   €฿M   ภา60  ภา60  า60  ”ำ๗นปช0.9904 0.1271 0.0545
4

                ,๔M                   D         ส  ๐ฺM   bชgไ๚  uืM         ฯ  ะ  ั  ภDึ463/463/463 464/464/464 465/465/465
f v -0.024881 0.969519 -0.091469 0.0000 0.6944 0.0000
  ูฏ0้Cm'พมI๐๖t/p•นI/฿ำคฌญฮq{=3fýtบ‘ฏ:	ขฅQ Tฎjuญ;ญÜ    HAํ@,ธ  ธธ  ไbฃ‘PPช-}'แุ4wาÞÛvษ&`       j]87๔aA ธ  ~%"–                         `         ส         @       €฿M   ภา60  ภา60  า60  4       €฿M   ภา60  ภา60  า60    €?  €?1.0000 1.0000
          ,๔M                   T         ส  þึM   €฿M   ภา60  ภา60  า60  ”ำ๗นปช0.9904 0.1271 0.0545
4

                ,๔M                   D         ส  ๐ฺM   bชgไ๚  uืM         ั  ะ  า  ภDึ465/465/465 464/464/464 466/466/466
f v -0.024881 0.969519 -0.091469 0.0000 0.6944 0.0000
  ูฏ0้Cm'พมI๐๖t/p•นI/฿ำคฌญฮq{=3fýtบ‘ฏ:	ขฅQ Tฎjuญ;ญÜ    HAํ@,ธ  ธธ  ไbฃ‘PPช-}'แุ4wาÞÛvษ&`       j]87๔aA ธ  ~%"–                         `         ส         @       €฿M   ภา60  ภา60  า60  4       €฿M   ภา60  ภา60  า60    €?  €?1.0000 1.0000
          ,๔M                   T         ส  þึM   €฿M   ภา60  ภา60  า60  ”ำ๗นปช0.9904 0.1271 0.0545
4

                ,๔M                   D         ส  ๐ฺM   bชgไ๚  uืM   
      ั  า  ำ  ภDึ465/465/465 466/466/466 467/467/467
f v -0.024881 0.969519 -0.091469 0.0000 0.6944 0.0000
  ูฏ0้Cm'พมI๐๖t/p•นI/฿ำคฌญฮq{=3fýtบ‘ฏ:	ขฅQ Tฎjuญ;ญÜ    HAํ@,ธ  ธธ  ไbฃ‘PPช-}'แุ4wาÞÛvษ&`       j]87๔aA ธ  ~%"–                         `         ส         @       €฿M   ภา60  ภา60  า60  4       €฿M   ภา60  ภา60  า60    €?  €?1.0000 1.0000
          ,๔M                   T         ส  þึM   €฿M   ภา60  ภา60  า60  ”ำ๗นปช0.9904 0.1271 0.0545
4

                ,๔M                   D         ส  ๐ฺM   bชgไ๚  uืM         ำ  า  ิ  ภDึ467/467/467 466/466/466 468/468/468
f v -0.024881 0.969519 -0.091469 0.0000 0.6944 0.0000
  ูฏ0้Cm'พมI๐๖t/p•นI/฿ำคฌญฮq{=3fýtบ‘ฏ:	ขฅQ Tฎjuญ;ญÜ    HAํ@,ธ  ธธ  ไbฃ‘PPช-}'แุ4wาÞÛvษ&`       j]87๔aA ธ  ~%"–                         `         ส         @       €฿M   ภา60  ภา60  า60  4       €฿M   ภา60  ภา60  า60    €?  €?1.0000 1.0000
          ,๔M                   T         ส  þึM   €฿M   ภา60  ภา60  า60  ”ำ๗นปช0.9904 0.1271 0.0545
4

                ,๔M                   D         ส  ๐ฺM   bชgไ๚  uืM         ี  ึ  ื  ภDึ469/469/469 470/470/470 471/471/471
f v -0.024881 0.969519 -0.091469 0.0000 0.6944 0.0000
  ูฏ0้Cm'พมI๐๖t/p•นI/฿ำคฌญฮq{=3fýtบ‘ฏ:	ขฅQ Tฎjuญ;ญÜ    HAํ@,ธ  ธธ  ไbฃ‘PPช-}'แุ4wาÞÛvษ&`       j]87๔aA ธ  ~%"–                         `         ส         @       €฿M   ภา60  ภา60  า60  4       €฿M   ภา60  ภา60  า60    €?  €?1.0000 1.0000
          ,๔M                   T         ส  þึM   €฿M   ภา60  ภา60  า60  ”ำ๗นปช0.9904 0.1271 0.0545
4

                ,๔M                   D         ส  ๐ฺM   bชgไ๚  uืM         ื  ึ  ุ  ภDึ471/471/471 470/470/470 472/472/472
f v -0.024881 0.969519 -0.091469 0.0000 0.6944 0.0000
  ูฏ0้Cm'พมI๐๖t/p•นI/฿ำคฌญฮq{=3fýtบ‘ฏ:	ขฅQ Tฎjuญ;ญÜ    HAํ@,ธ  ธธ  ไbฃ‘PPช-}'แุ4wาÞÛvษ&`       j]87๔aA ธ  ~%"–                         `         ส         @       €฿M   ภา60  ภา60  า60  4       €฿M   ภา60  ภา60  า60    €?  €?1.0000 1.0000
          ,๔M                   T         ส  þึM   €฿M   ภา60  ภา60  า60  ”ำ๗นปช0.9904 0.1271 0.0545
4

                ,๔M                   D         ส  ๐ฺM   bชgไ๚  uืM         ื  ุ  ู  ภDึ471/471/471 472/472/472 473/473/473
f v -0.024881 0.969519 -0.091469 0.0000 0.6944 0.0000
  ูฏ0้Cm'พมI๐๖t/p•นI/฿ำคฌญฮq{=3fýtบ‘ฏ:	ขฅQ Tฎjuญ;ญÜ    HAํ@,ธ  ธธ  ไbฃ‘PPช-}'แุ4wาÞÛvษ&`       j]87๔aA ธ  ~%"–                         `         ส         @       €฿M   ภา60  ภา60  า60  4       €฿M   ภา60  ภา60  า60    €?  €?1.0000 1.0000
          ,๔M                   T         ส  þึM   €฿M   ภา60  ภา60  า60  ”ำ๗นปช0.9904 0.1271 0.0545
4

                ,๔M                   D         ส  ๐ฺM   bชgไ๚  uืM         ู  ุ  ฺ  ภDึ473/473/473 472/472/472 474/474/474
f v -0.024881 0.969519 -0.091469 0.0000 0.6944 0.0000
  ูฏ0้Cm'พมI๐๖t/p•นI/฿ำคฌญฮq{=3fýtบ‘ฏ:	ขฅQ Tฎjuญ;ญÜ    HAํ@,ธ  ธธ  ไbฃ‘PPช-}'แุ4wาÞÛvษ&`       j]87๔aA ธ  ~%"–                         `         ส         @       €฿M   ภา60  ภา60  า60  4       €฿M   ภา60  ภา60  า60    €?  €?1.0000 1.0000
          ,๔M                   T         ส  þึM   €฿M   ภา60  ภา60  า60  ”ำ๗นปช0.9904 0.1271 0.0545
4

                ,๔M                   D         ส  ๐ฺM   bชgไ๚  uืM         ู  ฺ  Û  ภDึ473/473/473 474/474/474 475/475/475
f v -0.024881 0.969519 -0.091469 0.0000 0.6944 0.0000
  ูฏ0้Cm'พมI๐๖t/p•นI/฿ำคฌญฮq{=3fýtบ‘ฏ:	ขฅQ Tฎjuญ;ญÜ    HAํ@,ธ  ธธ  ไbฃ‘PPช-}'แุ4wาÞÛvษ&`       j]87๔aA ธ  ~%"–                         `         ส         @       €฿M   ภา60  ภา60  า60  4       €฿M   ภา60  ภา60  า60    €?  €?1.0000 1.0000
          ,๔M                   T         ส  þึM   €฿M   ภา60  ภา60  า60  ”ำ๗นปช0.9904 0.1271 0.0545
4

                ,๔M                   D         ส  ๐ฺM   bชgไ๚  uืM         Û  ฺ  Ü  ภDึ475/475/475 474/474/474 476/476/476
f v -0.024881 0.969519 -0.091469 0.0000 0.6944 0.0000
  ูฏ0้Cm'พมI๐๖t/p•นI/฿ำคฌญฮq{=3fýtบ‘ฏ:	ขฅQ Tฎjuญ;ญÜ    HAํ@,ธ  ธธ  ไbฃ‘PPช-}'แุ4wาÞÛvษ&`       j]87๔aA ธ  ~%"–                         `         ส         @       €฿M   ภา60  ภา60  า60  4       €฿M   ภา60  ภา60  า60    €?  €?1.0000 1.0000
          ,๔M                   T         ส  þึM   €฿M   ภา60  ภา60  า60  ”ำ๗นปช0.9904 0.1271 0.0545
4

                ,๔M                   D         ส  ๐ฺM   bชgไ๚  uืM   "      Û  Ü  Ý  ภDึ475/475/475 476/476/476 477/477/477
f v -0.024881 0.969519 -0.091469 0.0000 0.6944 0.0000
  ูฏ0้Cm'พมI๐๖t/p•นI/฿ำคฌญฮq{=3fýtบ‘ฏ:	ขฅQ Tฎjuญ;ญÜ    HAํ@,ธ  ธธ  ไbฃ‘PPช-}'แุ4wาÞÛvษ&`       j]87๔aA ธ  ~%"–                         `         ส         @       €฿M   ภา60  ภา60  า60  4       €฿M   ภา60  ภา60  า60    €?  €?1.0000 1.0000
          ,๔M                   T         ส  þึM   €฿M   ภา60  ภา60  า60  ”ำ๗นปช0.9904 0.1271 0.0545
4

                ,๔M                   D         ส  ๐ฺM   bชgไ๚  uืM   %      Ý  Ü  Þ  ภDึ477/477/477 476/476/476 478/478/478
f v -0.024881 0.969519 -0.091469 0.0000 0.6944 0.0000
  ูฏ0้Cm'พมI๐๖t/p•นI/฿ำคฌญฮq{=3fýtบ‘ฏ:	ขฅQ Tฎjuญ;ญÜ    HAํ@,ธ  ธธ  ไbฃ‘PPช-}'แุ4wาÞÛvษ&`       j]87๔aA ธ  ~%"–                         `         ส         @       €฿M   ภา60  ภา60  า60  4       €฿M   ภา60  ภา60  า60    €?  €?1.0000 1.0000
          ,๔M                   T         ส  þึM   €฿M   ภา60  ภา60  า60  ”ำ๗นปช0.9904 0.1271 0.0545
4

                ,๔M                   D         ส  ๐ฺM   bชgไ๚  uืM   (      ฿  เ  แ  ภDึ479/479/479 480/480/480 481/481/481
f v -0.024881 0.969519 -0.091469 0.0000 0.6944 0.0000
  ูฏ0้Cm'พมI๐๖t/p•นI/฿ำคฌญฮq{=3fýtบ‘ฏ:	ขฅQ Tฎjuญ;ญÜ    HAํ@,ธ  ธธ  ไbฃ‘PPช-}'แุ4wาÞÛvษ&`       j]87๔aA ธ  ~%"–                         `         ส         @       €฿M   ภา60  ภา60  า60  4       €฿M   ภา60  ภา60  า60    €?  €?1.0000 1.0000
          ,๔M                   T         ส  þึM   €฿M   ภา60  ภา60  า60  ”ำ๗นปช0.9904 0.1271 0.0545
4

                ,๔M                   D         ส  ๐ฺM   bชgไ๚  uืM   +      ฿  แ  โ  ภDึ479/479/479 481/481/481 482/482/482
f v -0.024881 0.969519 -0.091469 0.0000 0.6944 0.0000
  ูฏ0้Cm'พมI๐๖t/p•นI/฿ำคฌญฮq{=3fýtบ‘ฏ:	ขฅQ Tฎjuญ;ญÜ    HAํ@,ธ  ธธ  ไbฃ‘PPช-}'แุ4wาÞÛvษ&`       j]87๔aA ธ  ~%"–                         `         ส         @       €฿M   ภา60  ภา60  า60  4       €฿M   ภา60  ภา60  า60    €?  €?1.0000 1.0000
          ,๔M                   T         ส  þึM   €฿M   ภา60  ภา60  า60  ”ำ๗นปช0.9904 0.1271 0.0545
4

                ,๔M                   D         ส  ๐ฺM   bชgไ๚  uืM   .      ฿  แ  เ  ภDึ479/479/479 481/481/481 480/480/480
f v -0.024881 0.969519 -0.091469 0.0000 0.6944 0.0000
  ูฏ0้Cm'พมI๐๖t/p•นI/฿ำคฌญฮq{=3fýtบ‘ฏ:	ขฅQ Tฎjuญ;ญÜ    HAํ@,ธ  ธธ  ไbฃ‘PPช-}'แุ4wาÞÛvษ&`       j]87๔aA ธ  ~%"–                         `         ส         @       €฿M   ภา60  ภา60  า60  4       €฿M   ภา60  ภา60  า60    €?  €?1.0000 1.0000
          ,๔M                   T         ส  þึM   €฿M   ภา60  ภา60  า60  ”ำ๗นปช0.9904 0.1271 0.0545
4

                ,๔M                   D         ส  ๐ฺM   bชgไ๚  uืM   1      ฿  โ  แ  ภDึ479/479/479 482/482/482 481/481/481
f v -0.024881 0.969519 -0.091469 0.0000 0.6944 0.0000
  ูฏ0้Cm'พมI๐๖t/p•นI/฿ำคฌญฮq{=3fýtบ‘ฏ:	ขฅQ Tฎjuญ;ญÜ    HAํ@,ธ  ธธ  ไbฃ‘PPช-}'แุ4wาÞÛvษ&`       j]87๔aA ธ  ~%"–                         `         ส         @       €฿M   ภา60  ภา60  า60  4       €฿M   ภา60  ภา60  า60    €?  €?1.0000 1.0000
          ,๔M                   T         ส  þึM   €฿M   ภา60  ภา60  า60  ”ำ๗นปช0.9904 0.1271 0.0545
4

                ,๔M                   D         ส  ๐ฺM   bชgไ๚  uืM   4      ใ  ไ  ๅ  ภDึ483/483/483 484/484/484 485/485/485
f v -0.024881 0.969519 -0.091469 0.0000 0.6944 0.0000
  ูฏ0้Cm'พมI๐๖t/p•นI/฿ำคฌญฮq{=3fýtบ‘ฏ:	ขฅQ Tฎjuญ;ญÜ    HAํ@,ธ  ธธ  ไbฃ‘PPช-}'แุ4wาÞÛvษ&`       j]87๔aA ธ  ~%"–                         `         ส         @       €฿M   ภา60  ภา60  า60  4       €฿M   ภา60  ภา60  า60    €?  €?1.0000 1.0000
          ,๔M                   T         ส  þึM   €฿M   ภา60  ภา60  า60  ”ำ๗นปช0.9904 0.1271 0.0545
4

                ,๔M                   D         ส  ๐ฺM   bชgไ๚  uืM   7      ใ  ๅ  ๆ  ภDึ483/483/483 485/485/485 486/486/486
f v -0.024881 0.969519 -0.091469 0.0000 0.6944 0.0000
  ูฏ0้Cm'พมI๐๖t/p•นI/฿ำคฌญฮq{=3fýtบ‘ฏ:	ขฅQ Tฎjuญ;ญÜ    HAํ@,ธ  ธธ  ไbฃ‘PPช-}'แุ4wาÞÛvษ&`       j]87๔aA ธ  ~%"–                         `         ส         @       €฿M   ภา60  ภา60  า60  4       €฿M   ภา60  ภา60  า60    €?  €?1.0000 1.0000
          ,๔M                   T         ส  þึM   €฿M   ภา60  ภา60  า60  ”ำ๗นปช0.9904 0.1271 0.0545
4

                ,๔M                   D         ส  ๐ฺM   bชgไ๚  uืM   :      ใ  ๅ  ไ  ภDึ483/483/483 485/485/485 484/484/484
f v -0.024881 0.969519 -0.091469 0.0000 0.6944 0.0000
  ูฏ0้Cm'พมI๐๖t/p•นI/฿ำคฌญฮq{=3fýtบ‘ฏ:	ขฅQ Tฎjuญ;ญÜ    HAํ@,ธ  ธธ  ไbฃ‘PPช-}'แุ4wาÞÛvษ&`       j]87๔aA ธ  ~%"–                         `         ส         @       €฿M   ภา60  ภา60  า60  4       €฿M   ภา60  ภา60  า60    €?  €?1.0000 1.0000
          ,๔M                   T         ส  þึM   €฿M   ภา60  ภา60  า60  ”ำ๗นปช0.9904 0.1271 0.0545
4

                ,๔M                   D         ส  ๐ฺM   bชgไ๚  uืM   =      ใ  ๆ  ๅ  ภDึ483/483/483 486/486/486 485/485/485
f v -0.024881 0.969519 -0.091469 0.0000 0.6944 0.0000
  ูฏ0้Cm'พมI๐๖t/p•นI/฿ำคฌญฮq{=3fýtบ‘ฏ:	ขฅQ Tฎjuญ;ญÜ    HAํ@,ธ  ธธ  ไbฃ‘PPช-}'แุ4wาÞÛvษ&`       j]87๔aA ธ  ~%"–                         `         ส         @       €฿M   ภา60  ภา60  า60  4       €฿M   ภา60  ภา60  า60    €?  €?1.0000 1.0000
          ,๔M                   T         ส  þึM   €฿M   ภา60  ภา60  า60  ”ำ๗นปช0.9904 0.1271 0.0545
4

                ,๔M                   D         ส  ๐ฺM   bชgไ๚  uืM   @      ็  ่  ้  ภDึ487/487/487 488/488/488 489/489/489
f v -0.024881 0.969519 -0.091469 0.0000 0.6944 0.0000
  ูฏ0้Cm'พมI๐๖t/p•นI/฿ำคฌญฮq{=3fýtบ‘ฏ:	ขฅQ Tฎjuญ;ญÜ    HAํ@,ธ  ธธ  ไbฃ‘PPช-}'แุ4wาÞÛvษ&`       j]87๔aA ธ  ~%"–                         `         ส         @       €฿M   ภา60  ภา60  า60  4       €฿M   ภา60  ภา60  า60    €?  €?1.0000 1.0000
          ,๔M                   T         ส  þึM   €฿M   ภา60  ภา60  า60  ”ำ๗นปช0.9904 0.1271 0.0545
4

                ,๔M                   D         ส  ๐ฺM   bชgไ๚  uืM   C      ็  ้  ๊  ภDึ487/487/487 489/489/489 490/490/490
f v -0.024881 0.969519 -0.091469 0.0000 0.6944 0.0000
  ูฏ0้Cm'พมI๐๖t/p•นI/฿ำคฌญฮq{=3fýtบ‘ฏ:	ขฅQ Tฎjuญ;ญÜ    HAํ@,ธ  ธธ  ไbฃ‘PPช-}'แุ4wาÞÛvษ&`       j]87๔aA ธ  ~%"–                         `         ส         @       €฿M   ภา60  ภา60  า60  4       €฿M   ภา60  ภา60  า60    €?  €?1.0000 1.0000
          ,๔M                   T         ส  þึM   €฿M   ภา60  ภา60  า60  ”ำ๗นปช0.9904 0.1271 0.0545
4

                ,๔M                   D         ส  ๐ฺM   bชgไ๚  uืM   F      ็  ้  ่  ภDึ487/487/487 489/489/489 488/488/488
f v -0.024881 0.969519 -0.091469 0.0000 0.6944 0.0000
  ูฏ0้Cm'พมI๐๖t/p•นI/฿ำคฌญฮq{=3fýtบ‘ฏ:	ขฅQ Tฎjuญ;ญÜ    HAํ@,ธ  ธธ  ไbฃ‘PPช-}'แุ4wาÞÛvษ&`       j]87๔aA ธ  ~%"–                         `         ส         @       €฿M   ภา60  ภา60  า60  4       €฿M   ภา60  ภา60  า60    €?  €?1.0000 1.0000
          ,๔M                   T         ส  þึM   €฿M   ภา60  ภา60  า60  ”ำ๗นปช0.9904 0.1271 0.0545
4

                ,๔M                   D         ส  ๐ฺM   bชgไ๚  uืM   I      ็  ๊  ้  ภDึ487/487/487 490/490/490 489/489/489
f v -0.024881 0.969519 -0.091469 0.0000 0.6944 0.0000
  ูฏ0้Cm'พมI๐๖t/p•นI/฿ำคฌญฮq{=3fýtบ‘ฏ:	ขฅQ Tฎjuญ;ญÜ    HAํ@,ธ  ธธ  ไbฃ‘PPช-}'แุ4wาÞÛvษ&`       j]87๔aA ธ  ~%"–                         `         ส         @       €฿M   ภา60  ภา60  า60  4       €฿M   ภา60  ภา60  า60    €?  €?1.0000 1.0000
          ,๔M                   T         ส  þึM   €฿M   ภา60  ภา60  า60  ”ำ๗นปช0.9904 0.1271 0.0545
4

                ,๔M                   D         ส  ๐ฺM   bชgไ๚  uืM   L      ๋  ์  ํ  ภDึ491/491/491 492/492/492 493/493/493
f v -0.024881 0.969519 -0.091469 0.0000 0.6944 0.0000
  ูฏ0้Cm'พมI๐๖t/p•นI/฿ำคฌญฮq{=3fýtบ‘ฏ:	ขฅQ Tฎjuญ;ญÜ    HAํ@,ธ  ธธ  ไbฃ‘PPช-}'แุ4wาÞÛvษ&`       j]87๔aA ธ  ~%"–                         `         ส         @       €฿M   ภา60  ภา60  า60  4       €฿M   ภา60  ภา60  า60    €?  €?1.0000 1.0000
          ,๔M                   T         ส  þึM   €฿M   ภา60  ภา60  า60  ”ำ๗นปช0.9904 0.1271 0.0545
4

                ,๔M                   D         ส  ๐ฺM   bชgไ๚  uืM   O      ๋  ํ  ๎  ภDึ491/491/491 493/493/493 494/494/494
f v -0.024881 0.969519 -0.091469 0.0000 0.6944 0.0000
  ูฏ0้Cm'พมI๐๖t/p•นI/฿ำคฌญฮq{=3fýtบ‘ฏ:	ขฅQ Tฎjuญ;ญÜ    HAํ@,ธ  ธธ  ไbฃ‘PPช-}'แุ4wาÞÛvษ&`       j]87๔aA ธ  ~%"–                         `         ส         @       €฿M   ภา60  ภา60  า60  4       €฿M   ภา60  ภา60  า60    €?  €?1.0000 1.0000
          ,๔M                   T         ส  þึM   €฿M   ภา60  ภา60  า60  ”ำ๗นปช0.9904 0.1271 0.0545
4

                ,๔M                   D         ส  ๐ฺM   bชgไ๚  uืM   R      ๋  ํ  ์  ภDึ491/491/491 493/493/493 492/492/492
f v -0.024881 0.969519 -0.091469 0.0000 0.6944 0.0000
  ูฏ0้Cm'พมI๐๖t/p•นI/฿ำคฌญฮq{=3fýtบ‘ฏ:	ขฅQ Tฎjuญ;ญÜ    HAํ@,ธ  ธธ  ไbฃ‘PPช-}'แุ4wาÞÛvษ&`       j]87๔aA ธ  ~%"–                         `         ส         @       €฿M   ภา60  ภา60  า60  4       €฿M   ภา60  ภา60  า60    €?  €?1.0000 1.0000
          ,๔M                   T         ส  þึM   €฿M   ภา60  ภา60  า60  ”ำ๗นปช0.9904 0.1271 0.0545
4

                ,๔M                   D         ส  ๐ฺM   bชgไ๚  uืM   U      ๋  ๎  ํ  ภDึ491/491/491 494/494/494 493/493/493
f v -0.024881 0.969519 -0.091469 0.0000 0.6944 0.0000
  ูฏ0้Cm'พมI๐๖t/p•นI/฿ำคฌญฮq{=3fýtบ‘ฏ:	ขฅQ Tฎjuญ;ญÜ    HAํ@,ธ  ธธ  ไbฃ‘PPช-}'แุ4wาÞÛvษ&`       j]87๔aA ธ  ~%"–                         `         ส         @       €฿M   ภา60  ภา60  า60  4       €฿M   ภา60  ภา60  า60    €?  €?1.0000 1.0000
          ,๔M                   T         ส  þึM   €฿M   ภา60  ภา60  า60  ”ำ๗นปช0.9904 0.1271 0.0545
4

                ,๔M                   D         ส  ๐ฺM   bชgไ๚  uืM   X      ๏  ๐  ๑  ภDึ495/495/495 496/496/496 497/497/497
f v -0.024881 0.969519 -0.091469 0.0000 0.6944 0.0000
  ูฏ0้Cm'พมI๐๖t/p•นI/฿ำคฌญฮq{=3fýtบ‘ฏ:	ขฅQ Tฎjuญ;ญÜ    HAํ@,ธ  ธธ  ไbฃ‘PPช-}'แุ4wาÞÛvษ&`       j]87๔aA ธ  ~%"–                         `         ส         @       €฿M   ภา60  ภา60  า60  4       €฿M   ภา60  ภา60  า60    €?  €?1.0000 1.0000
          ,๔M                   T         ส  þึM   €฿M   ภา60  ภา60  า60  ”ำ๗นปช0.9904 0.1271 0.0545
4

                ,๔M                   D         ส  ๐ฺM   bชgไ๚  uืM   [      ๏  ๑  ๒  ภDึ495/495/495 497/497/497 498/498/498
f v -0.024881 0.969519 -0.091469 0.0000 0.6944 0.0000
  ูฏ0้Cm'พมI๐๖t/p•นI/฿ำคฌญฮq{=3fýtบ‘ฏ:	ขฅQ Tฎjuญ;ญÜ    HAํ@,ธ  ธธ  ไbฃ‘PPช-}'แุ4wาÞÛvษ&`       j]87๔aA ธ  ~%"–                         `         ส         @       €฿M   ภา60  ภา60  า60  4       €฿M   ภา60  ภา60  า60    €?  €?1.0000 1.0000
          ,๔M                   T         ส  þึM   €฿M   ภา60  ภา60  า60  ”ำ๗นปช0.9904 0.1271 0.0545
4

                ,๔M                   D         ส  ๐ฺM   bชgไ๚  uืM   ^      ๏  ๑  ๐  ภDึ495/495/495 497/497/497 496/496/496
f v -0.024881 0.969519 -0.091469 0.0000 0.6944 0.0000
  ูฏ0้Cm'พมI๐๖t/p•นI/฿ำคฌญฮq{=3fýtบ‘ฏ:	ขฅQ Tฎjuญ;ญÜ    HAํ@,ธ  ธธ  ไbฃ‘PPช-}'แุ4wาÞÛvษ&`       j]87๔aA ธ  ~%"–                         `         ส         @       €฿M   ภา60  ภา60  า60  4       €฿M   ภา60  ภา60  า60    €?  €?1.0000 1.0000
          ,๔M                   T         ส  þึM   €฿M   ภา60  ภา60  า60  ”ำ๗นปช0.9904 0.1271 0.0545
4

                ,๔M                   D         ส  ๐ฺM   bชgไ๚  uืM   a      ๏  ๒  ๑  ภDึ495/495/495 498/498/498 497/497/497
f v -0.024881 0.969519 -0.091469 0.0000 0.6944 0.0000
  ูฏ0้Cm'พมI๐๖t/p•นI/฿ำคฌญฮq{=3fýtบ‘ฏ:	ขฅQ Tฎjuญ;ญÜ    HAํ@,ธ  ธธ  ไbฃ‘PPช-}'แุ4wาÞÛvษ&`       j]87๔aA ธ  ~%"–                         `         ส         @       €฿M   ภา60  ภา60  า60  4       €฿M   ภา60  ภา60  า60    €?  €?1.0000 1.0000
          ,๔M                   T         ส  þึM   €฿M   ภา60  ภา60  า60  ”ำ๗นปช0.9904 0.1271 0.0545
4

                ,๔M                   D         ส  ๐ฺM   bชgไ๚  uืM   d      ๓  ๔  ๕  ภDึ499/499/499 500/500/500 501/501/501
f v -0.024881 0.969519 -0.091469 0.0000 0.6944 0.0000
  ูฏ0้Cm'พมI๐๖t/p•นI/฿ำคฌญฮq{=3fýtบ‘ฏ:	ขฅQ Tฎjuญ;ญÜ    HAํ@,ธ  ธธ  ไbฃ‘PPช-}'แุ4wาÞÛvษ&`       j]87๔aA ธ  ~%"–                         `         ส         @       €฿M   ภา60  ภา60  า60  4       €฿M   ภา60  ภา60  า60    €?  €?1.0000 1.0000
          ,๔M                   T         ส  þึM   €฿M   ภา60  ภา60  า60  ”ำ๗นปช0.9904 0.1271 0.0545
4

                ,๔M                   D         ส  ๐ฺM   bชgไ๚  uืM   g      ๓  ๕  ๖  ภDึ499/499/499 501/501/501 502/502/502
f v -0.024881 0.969519 -0.091469 0.0000 0.6944 0.0000
  ูฏ0้Cm'พมI๐๖t/p•นI/฿ำคฌญฮq{=3fýtบ‘ฏ:	ขฅQ Tฎjuญ;ญÜ    HAํ@,ธ  ธธ  ไbฃ‘PPช-}'แุ4wาÞÛvษ&`       j]87๔aA ธ  ~%"–                         `         ส         @       €฿M   ภา60  ภา60  า60  4       €฿M   ภา60  ภา60  า60    €?  €?1.0000 1.0000
          ,๔M                   T         ส  þึM   €฿M   ภา60  ภา60  า60  ”ำ๗นปช0.9904 0.1271 0.0545
4

                ,๔M                   D         ส  ๐ฺM   bชgไ๚  uืM   j      ๓  ๕  ๔  ภDึ499/499/499 501/501/501 500/500/500
f v -0.024881 0.969519 -0.091469 0.0000 0.6944 0.0000
  ูฏ0้Cm'พมI๐๖t/p•นI/฿ำคฌญฮq{=3fýtบ‘ฏ:	ขฅQ Tฎjuญ;ญÜ    HAํ@,ธ  ธธ  ไbฃ‘PPช-}'แุ4wาÞÛvษ&`       j]87๔aA ธ  ~%"–                         `         ส         @       €฿M   ภา60  ภา60  า60  4       €฿M   ภา60  ภา60  า60    €?  €?1.0000 1.0000
          ,๔M                   T         ส  þึM   €฿M   ภา60  ภา60  า60  ”ำ๗นปช0.9904 0.1271 0.0545
4

                ,๔M                   D         ส  ๐ฺM   bชgไ๚  uืM   m      ๓  ๖  ๕  ภDึ499/499/499 502/502/502 501/501/501
f v -0.024881 0.969519 -0.091469 0.0000 0.6944 0.0000
  ูฏ0้Cm'พมI๐๖t/p•นI/฿ำคฌญฮq{=3fýtบ‘ฏ:	ขฅQ Tฎjuญ;ญÜ    HAํ@,ธ  ธธ  ไbฃ‘PPช-}'แุ4wาÞÛvษ&`       j]87๔aA ธ  ~%"–                         `         ส         @       €฿M   ภา60  ภา60  า60  4       €฿M   ภา60  ภา60  า60    €?  €?1.0000 1.0000
          ,๔M                   T         ส  þึM   €฿M   ภา60  ภา60  า60  ”ำ๗นปช0.9904 0.1271 0.0545
4

                ,๔M                   D         ส  ๐ฺM   bชgไ๚  uืM   p      ๗  ๘  ๙  ภDึ503/503/503 504/504/504 505/505/505
f v -0.024881 0.969519 -0.091469 0.0000 0.6944 0.0000
  ูฏ0้Cm'พมI๐๖t/p•นI/฿ำคฌญฮq{=3fýtบ‘ฏ:	ขฅQ Tฎjuญ;ญÜ    HAํ@,ธ  ธธ  ไbฃ‘PPช-}'แุ4wาÞÛvษ&`       j]87๔aA ธ  ~%"–                         `         ส         @       €฿M   ภา60  ภา60  า60  4       €฿M   ภา60  ภา60  า60    €?  €?1.0000 1.0000
          ,๔M                   T         ส  þึM   €฿M   ภา60  ภา60  า60  ”ำ๗นปช0.9904 0.1271 0.0545
4

                ,๔M                   D         ส  ๐ฺM   bชgไ๚  uืM   s      ๗  ๙  ๚  ภDึ503/503/503 505/505/505 506/506/506
f v -0.024881 0.969519 -0.091469 0.0000 0.6944 0.0000
  ูฏ0้Cm'พมI๐๖t/p•นI/฿ำคฌญฮq{=3fýtบ‘ฏ:	ขฅQ Tฎjuญ;ญÜ    HAํ@,ธ  ธธ  ไbฃ‘PPช-}'แุ4wาÞÛvษ&`       j]87๔aA ธ  ~%"–                         `         ส         @       €฿M   ภา60  ภา60  า60  4       €฿M   ภา60  ภา60  า60    €?  €?1.0000 1.0000
          ,๔M                   T         ส  þึM   €฿M   ภา60  ภา60  า60  ”ำ๗นปช0.9904 0.1271 0.0545
4

                ,๔M                   D         ส  ๐ฺM   bชgไ๚  uืM   v      ๗  ๙  ๘  ภDึ503/503/503 505/505/505 504/504/504
f v -0.024881 0.969519 -0.091469 0.0000 0.6944 0.0000
  ูฏ0้Cm'พมI๐๖t/p•นI/฿ำคฌญฮq{=3fýtบ‘ฏ:	ขฅQ Tฎjuญ;ญÜ    HAํ@,ธ  ธธ  ไbฃ‘PPช-}'แุ4wาÞÛvษ&`       j]87๔aA ธ  ~%"–                         `         ส         @       €฿M   ภา60  ภา60  า60  4       €฿M   ภา60  ภา60  า60    €?  €?1.0000 1.0000
          ,๔M                   T         ส  þึM   €฿M   ภา60  ภา60  า60  ”ำ๗นปช0.9904 0.1271 0.0545
4

                ,๔M                   D         ส  ๐ฺM   bชgไ๚  uืM   y      ๗  ๚  ๙  ภDึ503/503/503 506/506/506 505/505/505
f v -0.024881 0.969519 -0.091469 0.0000 0.6944 0.0000
  ูฏ0้Cm'พมI๐๖t/p•นI/฿ำคฌญฮq{=3fýtบ‘ฏ:	ขฅQ Tฎjuญ;ญÜ    HAํ@,ธ  ธธ  ไbฃ‘PPช-}'แุ4wาÞÛvษ&`       j]87๔aA ธ  ~%"–                         `         ส         @       €฿M   ภา60  ภา60  า60  4       €฿M   ภา60  ภา60  า60    €?  €?1.0000 1.0000
          ,๔M                   T         ส  þึM   €฿M   ภา60  ภา60  า60  ”ำ๗นปช0.9904 0.1271 0.0545
4

                ,๔M                   D         ส  ๐ฺM   bชgไ๚  uืM   |      ๛  ü  ý  ภDึ507/507/507 508/508/508 509/509/509
f v -0.024881 0.969519 -0.091469 0.0000 0.6944 0.0000
  ูฏ0้Cm'พมI๐๖t/p•นI/฿ำคฌญฮq{=3fýtบ‘ฏ:	ขฅQ Tฎjuญ;ญÜ    HAํ@,ธ  ธธ  ไbฃ‘PPช-}'แุ4wาÞÛvษ&`       j]87๔aA ธ  ~%"–                         `         ส         @       €฿M   ภา60  ภา60  า60  4       €฿M   ภา60  ภา60  า60    €?  €?1.0000 1.0000
          ,๔M                   T         ส  þึM   €฿M   ภา60  ภา60  า60  ”ำ๗นปช0.9904 0.1271 0.0545
4

                ,๔M                   D         ส  ๐ฺM   bชgไ๚  uืM         ๛  ý  þ  ภDึ507/507/507 509/509/509 510/510/510
f v -0.024881 0.969519 -0.091469 0.0000 0.6944 0.0000
  ูฏ0้Cm'พมI๐๖t/p•นI/฿ำคฌญฮq{=3fýtบ‘ฏ:	ขฅQ Tฎjuญ;ญÜ    HAํ@,ธ  ธธ  ไbฃ‘PPช-}'แุ4wาÞÛvษ&`       j]87๔aA ธ  ~%"–                         `         ส         @       €฿M   ภา60  ภา60  า60  4       €฿M   ภา60  ภา60  า60    €?  €?1.0000 1.0000
          ,๔M                   T         ส  þึM   €฿M   ภา60  ภา60  า60  ”ำ๗นปช0.9904 0.1271 0.0545
4

                ,๔M                   D         ส  ๐ฺM   bชgไ๚  uืM         ๛  ý  ü  ภDึ507/507/507 509/509/509 508/508/508
f v -0.024881 0.969519 -0.091469 0.0000 0.6944 0.0000
  ูฏ0้Cm'พมI๐๖t/p•นI/฿ำคฌญฮq{=3fýtบ‘ฏ:	ขฅQ Tฎjuญ;ญÜ    HAํ@,ธ  ธธ  ไbฃ‘PPช-}'แุ4wาÞÛvษ&`       j]87๔aA ธ  ~%"–                         `         ส         @       €฿M   ภา60  ภา60  า60  4       €฿M   ภา60  ภา60  า60    €?  €?1.0000 1.0000
          ,๔M                   T         ส  þึM   €฿M   ภา60  ภา60  า60  ”ำ๗นปช0.9904 0.1271 0.0545
4

                ,๔M                   D         ส  ๐ฺM   bชgไ๚  uืM   …      ๛  þ  ý  ภDึ507/507/507 510/510/510 509/509/509
f v -0.024881 0.969519 -0.091469 0.0000 0.6944 0.0000
  ูฏ0้Cm'พมI๐๖t/p•นI/฿ำคฌญฮq{=3fýtบ‘ฏ:	ขฅQ Tฎjuญ;ญÜ    HAํ@,ธ  ธธ  ไbฃ‘PPช-}'แุ4wาÞÛvษ&`       j]87๔aA ธ  ~%"–                         `         ส         @       €฿M   ภา60  ภา60  า60  4       €฿M   ภา60  ภา60  า60    €?  €?1.0000 1.0000
          ,๔M                   T         ส  þึM   €฿M   ภา60  ภา60  า60  ”ำ๗นปช0.9904 0.1271 0.0545
4

                ,๔M                   D         ส  ๐ฺM   bชgไ๚  uืM         ÿ       ภDึ511/511/511 512/512/512 513/513/513
f v -0.024881 0.969519 -0.091469 0.0000 0.6944 0.0000
  ูฏ0้Cm'พมI๐๖t/p•นI/฿ำคฌญฮq{=3fýtบ‘ฏ:	ขฅQ Tฎjuญ;ญÜ    HAํ@,ธ  ธธ  ไbฃ‘PPช-}'แุ4wาÞÛvษ&`       j]87๔aA ธ  ~%"–                         `         ส         @       €฿M   ภา60  ภา60  า60  4       €฿M   ภา60  ภา60  า60    €?  €?1.0000 1.0000
          ,๔M                   T         ส  þึM   €฿M   ภา60  ภา60  า60  ”ำ๗นปช0.9904 0.1271 0.0545
4

                ,๔M                   D         ส  ๐ฺM   bชgไ๚  uืM                ภDึ513/513/513 512/512/512 514/514/514
f v -0.024881 0.969519 -0.091469 0.0000 0.6944 0.0000
  ูฏ0้Cm'พมI๐๖t/p•นI/฿ำคฌญฮq{=3fýtบ‘ฏ:	ขฅQ Tฎjuญ;ญÜ    HAํ@,ธ  ธธ  ไbฃ‘PPช-}'แุ4wาÞÛvษ&`       j]87๔aA ธ  ~%"–                         `         ส         @       €฿M   ภา60  ภา60  า60  4       €฿M   ภา60  ภา60  า60    €?  €?1.0000 1.0000
          ,๔M                   T         ส  þึM   €฿M   ภา60  ภา60  า60  ”ำ๗นปช0.9904 0.1271 0.0545
4

                ,๔M                   D         ส  ๐ฺM   bชgไ๚  uืM               ภDึ513/513/513 514/514/514 515/515/515
f v -0.024881 0.969519 -0.091469 0.0000 0.6944 0.0000
  ูฏ0้Cm'พมI๐๖t/p•นI/฿ำคฌญฮq{=3fýtบ‘ฏ:	ขฅQ Tฎjuญ;ญÜ    HAํ@,ธ  ธธ  ไbฃ‘PPช-}'แุ4wาÞÛvษ&`       j]87๔aA ธ  ~%"–                         `         ส         @       €฿M   ภา60  ภา60  า60  4       €฿M   ภา60  ภา60  า60    €?  €?1.0000 1.0000
          ,๔M                   T         ส  þึM   €฿M   ภา60  ภา60  า60  ”ำ๗นปช0.9904 0.1271 0.0545
4

                ,๔M                   D         ส  ๐ฺM   bชgไ๚  uืM   ‘            ภDึ515/515/515 514/514/514 516/516/516
f v -0.024881 0.969519 -0.091469 0.0000 0.6944 0.0000
  ูฏ0้Cm'พมI๐๖t/p•นI/฿ำคฌญฮq{=3fýtบ‘ฏ:	ขฅQ Tฎjuญ;ญÜ    HAํ@,ธ  ธธ  ไbฃ‘PPช-}'แุ4wาÞÛvษ&`       j]87๔aA ธ  ~%"–                         `         ส         @       €฿M   ภา60  ภา60  า60  4       €฿M   ภา60  ภา60  า60    €?  €?1.0000 1.0000
          ,๔M                   T         ส  þึM   €฿M   ภา60  ภา60  า60  ”ำ๗นปช0.9904 0.1271 0.0545
4

                ,๔M                   D         ส  ๐ฺM   bชgไ๚  uืM   ”            ภDึ515/515/515 516/516/516 517/517/517
f v -0.024881 0.969519 -0.091469 0.0000 0.6944 0.0000
  ูฏ0้Cm'พมI๐๖t/p•นI/฿ำคฌญฮq{=3fýtบ‘ฏ:	ขฅQ Tฎjuญ;ญÜ    HAํ@,ธ  ธธ  ไbฃ‘PPช-}'แุ4wาÞÛvษ&`       j]87๔aA ธ  ~%"–                         `         ส         @       €฿M   ภา60  ภา60  า60  4       €฿M   ภา60  ภา60  า60    €?  €?1.0000 1.0000
          ,๔M                   T         ส  þึM   €฿M   ภา60  ภา60  า60  ”ำ๗นปช0.9904 0.1271 0.0545
4

                ,๔M                   D         ส  ๐ฺM   bชgไ๚  uืM   —            ภDึ517/517/517 516/516/516 518/518/518
f v -0.024881 0.969519 -0.091469 0.0000 0.6944 0.0000
  ูฏ0้Cm'พมI๐๖t/p•นI/฿ำคฌญฮq{=3fýtบ‘ฏ:	ขฅQ Tฎjuญ;ญÜ    HAํ@,ธ  ธธ  ไbฃ‘PPช-}'แุ4wาÞÛvษ&`       j]87๔aA ธ  ~%"–                         `         ส         @       €฿M   ภา60  ภา60  า60  4       €฿M   ภา60  ภา60  า60    €?  €?1.0000 1.0000
          ,๔M                   T         ส  þึM   €฿M   ภา60  ภา60  า60  ”ำ๗นปช0.9904 0.1271 0.0545
4

                ,๔M                   D         ส  ๐ฺM   bชgไ๚  uืM               ภDึ517/517/517 518/518/518 519/519/519
f v -0.024881 0.969519 -0.091469 0.0000 0.6944 0.0000
  ูฏ0้Cm'พมI๐๖t/p•นI/฿ำคฌญฮq{=3fýtบ‘ฏ:	ขฅQ Tฎjuญ;ญÜ    HAํ@,ธ  ธธ  ไbฃ‘PPช-}'แุ4wาÞÛvษ&`       j]87๔aA ธ  ~%"–                         `         ส         @       €฿M   ภา60  ภา60  า60  4       €฿M   ภา60  ภา60  า60    €?  €?1.0000 1.0000
          ,๔M                   T         ส  þึM   €฿M   ภา60  ภา60  า60  ”ำ๗นปช0.9904 0.1271 0.0545
4

                ,๔M                   D         ส  ๐ฺM   bชgไ๚  uืM               ภDึ519/519/519 518/518/518 520/520/520
f v -0.024881 0.969519 -0.091469 0.0000 0.6944 0.0000
  ูฏ0้Cm'พมI๐๖t/p•นI/฿ำคฌญฮq{=3fýtบ‘ฏ:	ขฅQ Tฎjuญ;ญÜ    HAํ@,ธ  ธธ  ไbฃ‘PPช-}'แุ4wาÞÛvษ&`       j]87๔aA ธ  ~%"–                         `         ส         @       €฿M   ภา60  ภา60  า60  4       €฿M   ภา60  ภา60  า60    €?  €?1.0000 1.0000
          ,๔M                   T         ส  þึM   €฿M   ภา60  ภา60  า60  ”ำ๗นปช0.9904 0.1271 0.0545
4

                ,๔M                   D         ส  ๐ฺM   bชgไ๚  uืM          	  
    ภDึ521/521/521 522/522/522 523/523/523
f v -0.024881 0.969519 -0.091469 0.0000 0.6944 0.0000
  ูฏ0้Cm'พมI๐๖t/p•นI/฿ำคฌญฮq{=3fýtบ‘ฏ:	ขฅQ Tฎjuญ;ญÜ    HAํ@,ธ  ธธ  ไbฃ‘PPช-}'แุ4wาÞÛvษ&`       j]87๔aA ธ  ~%"–                         `         ส         @       €฿M   ภา60  ภา60  า60  4       €฿M   ภา60  ภา60  า60    €?  €?1.0000 1.0000
          ,๔M                   T         ส  þึM   €฿M   ภา60  ภา60  า60  ”ำ๗นปช0.9904 0.1271 0.0545
4

                ,๔M                   D         ส  ๐ฺM   bชgไ๚  uืM   ฃ      	      ภDึ521/521/521 523/523/523 524/524/524
f v -0.024881 0.969519 -0.091469 0.0000 0.6944 0.0000
  ูฏ0้Cm'พมI๐๖t/p•นI/฿ำคฌญฮq{=3fýtบ‘ฏ:	ขฅQ Tฎjuญ;ญÜ    HAํ@,ธ  ธธ  ไbฃ‘PPช-}'แุ4wาÞÛvษ&`       j]87๔aA ธ  ~%"–                         `         ส         @       €฿M   ภา60  ภา60  า60  4       €฿M   ภา60  ภา60  า60    €?  €?1.0000 1.0000
          ,๔M                   T         ส  þึM   €฿M   ภา60  ภา60  า60  ”ำ๗นปช0.9904 0.1271 0.0545
4

                ,๔M                   D         ส  ๐ฺM   bชgไ๚  uืM   ฆ      	    
  ภDึ521/521/521 523/523/523 522/522/522
f v -0.024881 0.969519 -0.091469 0.0000 0.6944 0.0000
  ูฏ0้Cm'พมI๐๖t/p•นI/฿ำคฌญฮq{=3fýtบ‘ฏ:	ขฅQ Tฎjuญ;ญÜ    HAํ@,ธ  ธธ  ไbฃ‘PPช-}'แุ4wาÞÛvษ&`       j]87๔aA ธ  ~%"–                         `         ส         @       €฿M   ภา60  ภา60  า60  4       €฿M   ภา60  ภา60  า60    €?  €?1.0000 1.0000
          ,๔M                   T         ส  þึM   €฿M   ภา60  ภา60  า60  ”ำ๗นปช0.9904 0.1271 0.0545
4

                ,๔M                   D         ส  ๐ฺM   bชgไ๚  uืM   ฉ      	      ภDึ521/521/521 524/524/524 523/523/523
f v -0.024881 0.969519 -0.091469 0.0000 0.6944 0.0000
  ูฏ0้Cm'พมI๐๖t/p•นI/฿ำคฌญฮq{=3fýtบ‘ฏ:	ขฅQ Tฎjuญ;ญÜ    HAํ@,ธ  ธธ  ไbฃ‘PPช-}'แุ4wาÞÛvษ&`       j]87๔aA ธ  ~%"–                         `         ส         @       €฿M   ภา60  ภา60  า60  4       €฿M   ภา60  ภา60  า60    €?  €?1.0000 1.0000
          ,๔M                   T         ส  þึM   €฿M   ภา60  ภา60  า60  ”ำ๗นปช0.9904 0.1271 0.0545
4

                ,๔M                   D         ส  ๐ฺM   bชgไ๚  uืM   ฌ            ภDึ525/525/525 526/526/526 527/527/527
f v -0.024881 0.969519 -0.091469 0.0000 0.6944 0.0000
  ูฏ0้Cm'พมI๐๖t/p•นI/฿ำคฌญฮq{=3fýtบ‘ฏ:	ขฅQ Tฎjuญ;ญÜ    HAํ@,ธ  ธธ  ไbฃ‘PPช-}'แุ4wาÞÛvษ&`       j]87๔aA ธ  ~%"–                         `         ส         @       €฿M   ภา60  ภา60  า60  4       €฿M   ภา60  ภา60  า60    €?  €?1.0000 1.0000
          ,๔M                   T         ส  þึM   €฿M   ภา60  ภา60  า60  ”ำ๗นปช0.9904 0.1271 0.0545
4

                ,๔M                   D         ส  ๐ฺM   bชgไ๚  uืM   ฏ            ภDึ525/525/525 527/527/527 528/528/528
f v -0.024881 0.969519 -0.091469 0.0000 0.6944 0.0000
  ูฏ0้Cm'พมI๐๖t/p•นI/฿ำคฌญฮq{=3fýtบ‘ฏ:	ขฅQ Tฎjuญ;ญÜ    HAํ@,ธ  ธธ  ไbฃ‘PPช-}'แุ4wาÞÛvษ&`       j]87๔aA ธ  ~%"–                         `         ส         @       €฿M   ภา60  ภา60  า60  4       €฿M   ภา60  ภา60  า60    €?  €?1.0000 1.0000
          ,๔M                   T         ส  þึM   €฿M   ภา60  ภา60  า60  ”ำ๗นปช0.9904 0.1271 0.0545
4

                ,๔M                   D         ส  ๐ฺM   bชgไ๚  uืM   ฒ            ภDึ525/525/525 527/527/527 526/526/526
f v -0.024881 0.969519 -0.091469 0.0000 0.6944 0.0000
  ูฏ0้Cm'พมI๐๖t/p•นI/฿ำคฌญฮq{=3fýtบ‘ฏ:	ขฅQ Tฎjuญ;ญÜ    HAํ@,ธ  ธธ  ไbฃ‘PPช-}'แุ4wาÞÛvษ&`       j]87๔aA ธ  ~%"–                         `         ส         @       €฿M   ภา60  ภา60  า60  4       €฿M   ภา60  ภา60  า60    €?  €?1.0000 1.0000
          ,๔M                   T         ส  þึM   €฿M   ภา60  ภา60  า60  ”ำ๗นปช0.9904 0.1271 0.0545
4

                ,๔M                   D         ส  ๐ฺM   bชgไ๚  uืM   ต            ภDึ525/525/525 528/528/528 527/527/527
f v -0.024881 0.969519 -0.091469 0.0000 0.6944 0.0000
  ูฏ0้Cm'พมI๐๖t/p•นI/฿ำคฌญฮq{=3fýtบ‘ฏ:	ขฅQ Tฎjuญ;ญÜ    HAํ@,ธ  ธธ  ไbฃ‘PPช-}'แุ4wาÞÛvษ&`       j]87๔aA ธ  ~%"–                         `         ส         @       €฿M   ภา60  ภา60  า60  4       €฿M   ภา60  ภา60  า60    €?  €?1.0000 1.0000
          ,๔M                   T         ส  þึM   €฿M   ภา60  ภา60  า60  ”ำ๗นปช0.9904 0.1271 0.0545
4

                ,๔M                   D         ส  ๐ฺM   bชgไ๚  uืM   ธ            ภDึ529/529/529 530/530/530 531/531/531
f v -0.024881 0.969519 -0.091469 0.0000 0.6944 0.0000
  ูฏ0้Cm'พมI๐๖t/p•นI/฿ำคฌญฮq{=3fýtบ‘ฏ:	ขฅQ Tฎjuญ;ญÜ    HAํ@,ธ  ธธ  ไbฃ‘PPช-}'แุ4wาÞÛvษ&`       j]87๔aA ธ  ~%"–                         `         ส         @       €฿M   ภา60  ภา60  า60  4       €฿M   ภา60  ภา60  า60    €?  €?1.0000 1.0000
          ,๔M                   T         ส  þึM   €฿M   ภา60  ภา60  า60  ”ำ๗นปช0.9904 0.1271 0.0545
4

                ,๔M                   D         ส  ๐ฺM   bชgไ๚  uืM   ป            ภDึ529/529/529 531/531/531 532/532/532
f v -0.024881 0.969519 -0.091469 0.0000 0.6944 0.0000
  ูฏ0้Cm'พมI๐๖t/p•นI/฿ำคฌญฮq{=3fýtบ‘ฏ:	ขฅQ Tฎjuญ;ญÜ    HAํ@,ธ  ธธ  ไbฃ‘PPช-}'แุ4wาÞÛvษ&`       j]87๔aA ธ  ~%"–                         `         ส         @       €฿M   ภา60  ภา60  า60  4       €฿M   ภา60  ภา60  า60    €?  €?1.0000 1.0000
          ,๔M                   T         ส  þึM   €฿M   ภา60  ภา60  า60  ”ำ๗นปช0.9904 0.1271 0.0545
4

                ,๔M                   D         ส  ๐ฺM   bชgไ๚  uืM   พ            ภDึ529/529/529 531/531/531 530/530/530
f v -0.024881 0.969519 -0.091469 0.0000 0.6944 0.0000
  ูฏ0้Cm'พมI๐๖t/p•นI/฿ำคฌญฮq{=3fýtบ‘ฏ:	ขฅQ Tฎjuญ;ญÜ    HAํ@,ธ  ธธ  ไbฃ‘PPช-}'แุ4wาÞÛvษ&`       j]87๔aA ธ  ~%"–                         `         ส         @       €฿M   ภา60  ภา60  า60  4       €฿M   ภา60  ภา60  า60    €?  €?1.0000 1.0000
          ,๔M                   T         ส  þึM   €฿M   ภา60  ภา60  า60  ”ำ๗นปช0.9904 0.1271 0.0545
4

                ,๔M                   D         ส  ๐ฺM   bชgไ๚  uืM   ม            ภDึ529/529/529 532/532/532 531/531/531
f v -0.024881 0.969519 -0.091469 0.0000 0.6944 0.0000
  ูฏ0้Cm'พมI๐๖t/p•นI/฿ำคฌญฮq{=3fýtบ‘ฏ:	ขฅQ Tฎjuญ;ญÜ    HAํ@,ธ  ธธ  ไbฃ‘PPช-}'แุ4wาÞÛvษ&`       j]87๔aA ธ  ~%"–                         `         ส         @       €฿M   ภา60  ภา60  า60  4       €฿M   ภา60  ภา60  า60    €?  €?1.0000 1.0000
          ,๔M                   T         ส  þึM   €฿M   ภา60  ภา60  า60  ”ำ๗นปช0.9904 0.1271 0.0545
4

                ,๔M                   D         ส  ๐ฺM   bชgไ๚  uืM   ฤ            ภDึ533/533/533 534/534/534 535/535/535
f v -0.024881 0.969519 -0.091469 0.0000 0.6944 0.0000
  ูฏ0้Cm'พมI๐๖t/p•นI/฿ำคฌญฮq{=3fýtบ‘ฏ:	ขฅQ Tฎjuญ;ญÜ    HAํ@,ธ  ธธ  ไbฃ‘PPช-}'แุ4wาÞÛvษ&`       j]87๔aA ธ  ~%"–                         `         ส         @       €฿M   ภา60  ภา60  า60  4       €฿M   ภา60  ภา60  า60    €?  €?1.0000 1.0000
          ,๔M                   T         ส  þึM   €฿M   ภา60  ภา60  า60  ”ำ๗นปช0.9904 0.1271 0.0545
4

                ,๔M                   D         ส  ๐ฺM   bชgไ๚  uืM   ว            ภDึ533/533/533 535/535/535 536/536/536
f v -0.024881 0.969519 -0.091469 0.0000 0.6944 0.0000
  ูฏ0้Cm'พมI๐๖t/p•นI/฿ำคฌญฮq{=3fýtบ‘ฏ:	ขฅQ Tฎjuญ;ญÜ    HAํ@,ธ  ธธ  ไbฃ‘PPช-}'แุ4wาÞÛvษ&`       j]87๔aA ธ  ~%"–                         `         ส         @       €฿M   ภา60  ภา60  า60  4       €฿M   ภา60  ภา60  า60    €?  €?1.0000 1.0000
          ,๔M                   T         ส  þึM   €฿M   ภา60  ภา60  า60  ”ำ๗นปช0.9904 0.1271 0.0545
4

                ,๔M                   D         ส  ๐ฺM   bชgไ๚  uืM   ส            ภDึ533/533/533 535/535/535 534/534/534
f v -0.024881 0.969519 -0.091469 0.0000 0.6944 0.0000
  ูฏ0้Cm'พมI๐๖t/p•นI/฿ำคฌญฮq{=3fýtบ‘ฏ:	ขฅQ Tฎjuญ;ญÜ    HAํ@,ธ  ธธ  ไbฃ‘PPช-}'แุ4wาÞÛvษ&`       j]87๔aA ธ  ~%"–                         `         ส         @       €฿M   ภา60  ภา60  า60  4       €฿M   ภา60  ภา60  า60    €?  €?1.0000 1.0000
          ,๔M                   T         ส  þึM   €฿M   ภา60  ภา60  า60  ”ำ๗นปช0.9904 0.1271 0.0545
4

                ,๔M                   D         ส  ๐ฺM   bชgไ๚  uืM   อ            ภDึ533/533/533 536/536/536 535/535/535
f v -0.024881 0.969519 -0.091469 0.0000 0.6944 0.0000
  ูฏ0้Cm'พมI๐๖t/p•นI/฿ำคฌญฮq{=3fýtบ‘ฏ:	ขฅQ Tฎjuญ;ญÜ    HAํ@,ธ  ธธ  ไbฃ‘PPช-}'แุ4wาÞÛvษ&`       j]87๔aA ธ  ~%"–                         `         ส         @       €฿M   ภา60  ภา60  า60  4       €฿M   ภา60  ภา60  า60    €?  €?1.0000 1.0000
          ,๔M                   T         ส  þึM   €฿M   ภา60  ภา60  า60  ”ำ๗นปช0.9904 0.1271 0.0545
4

                ,๔M                   D         ส  ๐ฺM   bชgไ๚  uืM   ะ            ภDึ537/537/537 538/538/538 539/539/539
f v -0.024881 0.969519 -0.091469 0.0000 0.6944 0.0000
  ูฏ0้Cm'พมI๐๖t/p•นI/฿ำคฌญฮq{=3fýtบ‘ฏ:	ขฅQ Tฎjuญ;ญÜ    HAํ@,ธ  ธธ  ไbฃ‘PPช-}'แุ4wาÞÛvษ&`       j]87๔aA ธ  ~%"–                         `         ส         @       €฿M   ภา60  ภา60  า60  4       €฿M   ภา60  ภา60  า60    €?  €?1.0000 1.0000
          ,๔M                   T         ส  þึM   €฿M   ภา60  ภา60  า60  ”ำ๗นปช0.9904 0.1271 0.0545
4

                ,๔M                   D         ส  ๐ฺM   bชgไ๚  uืM   ำ            ภDึ537/537/537 539/539/539 540/540/540
f v -0.024881 0.969519 -0.091469 0.0000 0.6944 0.0000
  ูฏ0้Cm'พมI๐๖t/p•นI/฿ำคฌญฮq{=3fýtบ‘ฏ:	ขฅQ Tฎjuญ;ญÜ    HAํ@,ธ  ธธ  ไbฃ‘PPช-}'แุ4wาÞÛvษ&`       j]87๔aA ธ  ~%"–                         `         ส         @       €฿M   ภา60  ภา60  า60  4       €฿M   ภา60  ภา60  า60    €?  €?1.0000 1.0000
          ,๔M                   T         ส  þึM   €฿M   ภา60  ภา60  า60  ”ำ๗นปช0.9904 0.1271 0.0545
4

                ,๔M                   D         ส  ๐ฺM   bชgไ๚  uืM   ึ            ภDึ537/537/537 539/539/539 538/538/538
f v -0.024881 0.969519 -0.091469 0.0000 0.6944 0.0000
  ูฏ0้Cm'พมI๐๖t/p•นI/฿ำคฌญฮq{=3fýtบ‘ฏ:	ขฅQ Tฎjuญ;ญÜ    HAํ@,ธ  ธธ  ไbฃ‘PPช-}'แุ4wาÞÛvษ&`       j]87๔aA ธ  ~%"–                         `         ส         @       €฿M   ภา60  ภา60  า60  4       €฿M   ภา60  ภา60  า60    €?  €?1.0000 1.0000
          ,๔M                   T         ส  þึM   €฿M   ภา60  ภา60  า60  ”ำ๗นปช0.9904 0.1271 0.0545
4

                ,๔M                   D         ส  ๐ฺM   bชgไ๚  uืM   ู            ภDึ537/537/537 540/540/540 539/539/539
f v -0.024881 0.969519 -0.091469 0.0000 0.6944 0.0000
  ูฏ0้Cm'พมI๐๖t/p•นI/฿ำคฌญฮq{=3fýtบ‘ฏ:	ขฅQ Tฎjuญ;ญÜ    HAํ@,ธ  ธธ  ไbฃ‘PPช-}'แุ4wาÞÛvษ&`       j]87๔aA ธ  ~%"–                         `         ส         @       €฿M   ภา60  ภา60  า60  4       €฿M   ภา60  ภา60  า60    €?  €?1.0000 1.0000
          ,๔M                   T         ส  þึM   €฿M   ภา60  ภา60  า60  ”ำ๗นปช0.9904 0.1271 0.0545
4

                ,๔M                   D         ส  ๐ฺM   bชgไ๚  uืM   Ü            ภDึ541/541/541 542/542/542 543/543/543
f v -0.024881 0.969519 -0.091469 0.0000 0.6944 0.0000
  ูฏ0้Cm'พมI๐๖t/p•นI/฿ำคฌญฮq{=3fýtบ‘ฏ:	ขฅQ Tฎjuญ;ญÜ    HAํ@,ธ  ธธ  ไbฃ‘PPช-}'แุ4wาÞÛvษ&`       j]87๔aA ธ  ~%"–                         `         ส         @       €฿M   ภา60  ภา60  า60  4       €฿M   ภา60  ภา60  า60    €?  €?1.0000 1.0000
          ,๔M                   T         ส  þึM   €฿M   ภา60  ภา60  า60  ”ำ๗นปช0.9904 0.1271 0.0545
4

                ,๔M                   D         ส  ๐ฺM   bชgไ๚  uืM   ฿             ภDึ541/541/541 543/543/543 544/544/544
f v -0.024881 0.969519 -0.091469 0.0000 0.6944 0.0000
  ูฏ0้Cm'พมI๐๖t/p•นI/฿ำคฌญฮq{=3fýtบ‘ฏ:	ขฅQ Tฎjuญ;ญÜ    HAํ@,ธ  ธธ  ไbฃ‘PPช-}'แุ4wาÞÛvษ&`       j]87๔aA ธ  ~%"–                         `         ส         @       €฿M   ภา60  ภา60  า60  4       €฿M   ภา60  ภา60  า60    €?  €?1.0000 1.0000
          ,๔M                   T         ส  þึM   €฿M   ภา60  ภา60  า60  ”ำ๗นปช0.9904 0.1271 0.0545
4

                ,๔M                   D         ส  ๐ฺM   bชgไ๚  uืM   โ            ภDึ541/541/541 543/543/543 542/542/542
f v -0.024881 0.969519 -0.091469 0.0000 0.6944 0.0000
  ูฏ0้Cm'พมI๐๖t/p•นI/฿ำคฌญฮq{=3fýtบ‘ฏ:	ขฅQ Tฎjuญ;ญÜ    HAํ@,ธ  ธธ  ไbฃ‘PPช-}'แุ4wาÞÛvษ&`       j]87๔aA ธ  ~%"–                         `         ส         @       €฿M   ภา60  ภา60  า60  4       €฿M   ภา60  ภา60  า60    €?  €?1.0000 1.0000
          ,๔M                   T         ส  þึM   €฿M   ภา60  ภา60  า60  ”ำ๗นปช0.9904 0.1271 0.0545
4

                ,๔M                   D         ส  ๐ฺM   bชgไ๚  uืM   ๅ             ภDึ541/541/541 544/544/544 543/543/543
f v -0.024881 0.969519 -0.091469 0.0000 0.6944 0.0000
  ูฏ0้Cm'พมI๐๖t/p•นI/฿ำคฌญฮq{=3fýtบ‘ฏ:	ขฅQ Tฎjuญ;ญÜ    HAํ@,ธ  ธธ  ไbฃ‘PPช-}'แุ4wาÞÛvษ&`       j]87๔aA ธ  ~%"–                         `         ส         @       €฿M   ภา60  ภา60  า60  4       €฿M   ภา60  ภา60  า60    €?  €?1.0000 1.0000
          ,๔M                   T         ส  þึM   €฿M   ภา60  ภา60  า60  ”ำ๗นปช0.9904 0.1271 0.0545
4

                ,๔M                   D         ส  ๐ฺM   bชgไ๚  uืM   ่      !  "  #  ภDึ545/545/545 546/546/546 547/547/547
f v -0.024881 0.969519 -0.091469 0.0000 0.6944 0.0000
  ูฏ0้Cm'พมI๐๖t/p•นI/฿ำคฌญฮq{=3fýtบ‘ฏ:	ขฅQ Tฎjuญ;ญÜ    HAํ@,ธ  ธธ  ไbฃ‘PPช-}'แุ4wาÞÛvษ&`       j]87๔aA ธ  ~%"–                         `         ส         @       €฿M   ภา60  ภา60  า60  4       €฿M   ภา60  ภา60  า60    €?  €?1.0000 1.0000
          ,๔M                   T         ส  þึM   €฿M   ภา60  ภา60  า60  ”ำ๗นปช0.9904 0.1271 0.0545
4

                ,๔M                   D         ส  ๐ฺM   bชgไ๚  uืM   ๋      !  #  $  ภDึ545/545/545 547/547/547 548/548/548
f v -0.024881 0.969519 -0.091469 0.0000 0.6944 0.0000
  ูฏ0้Cm'พมI๐๖t/p•นI/฿ำคฌญฮq{=3fýtบ‘ฏ:	ขฅQ Tฎjuญ;ญÜ    HAํ@,ธ  ธธ  ไbฃ‘PPช-}'แุ4wาÞÛvษ&`       j]87๔aA ธ  ~%"–                         `         ส         @       €฿M   ภา60  ภา60  า60  4       €฿M   ภา60  ภา60  า60    €?  €?1.0000 1.0000
          ,๔M                   T         ส  þึM   €฿M   ภา60  ภา60  า60  ”ำ๗นปช0.9904 0.1271 0.0545
4

                ,๔M                   D         ส  ๐ฺM   bชgไ๚  uืM   ๎      !  #  "  ภDึ545/545/545 547/547/547 546/546/546
f v -0.024881 0.969519 -0.091469 0.0000 0.6944 0.0000
  ูฏ0้Cm'พมI๐๖t/p•นI/฿ำคฌญฮq{=3fýtบ‘ฏ:	ขฅQ Tฎjuญ;ญÜ    HAํ@,ธ  ธธ  ไbฃ‘PPช-}'แุ4wาÞÛvษ&`       j]87๔aA ธ  ~%"–                         `         ส         @       €฿M   ภา60  ภา60  า60  4       €฿M   ภา60  ภา60  า60    €?  €?1.0000 1.0000
          ,๔M                   T         ส  þึM   €฿M   ภา60  ภา60  า60  ”ำ๗นปช0.9904 0.1271 0.0545
4

                ,๔M                   D         ส  ๐ฺM   bชgไ๚  uืM   ๑      !  $  #  ภDึ545/545/545 548/548/548 547/547/547
f v -0.024881 0.969519 -0.091469 0.0000 0.6944 0.0000
  ูฏ0้Cm'พมI๐๖t/p•นI/฿ำคฌญฮq{=3fýtบ‘ฏ:	ขฅQ Tฎjuญ;ญÜ    HAํ@,ธ  ธธ  ไbฃ‘PPช-}'แุ4wาÞÛvษ&`       j]87๔aA ธ  ~%"–                         `         ส         @       €฿M   ภา60  ภา60  า60  4       €฿M   ภา60  ภา60  า60    €?  €?1.0000 1.0000
          ,๔M                   T         ส  þึM   €฿M   ภา60  ภา60  า60  ”ำ๗นปช0.9904 0.1271 0.0545
4

                ,๔M                   D         ส  ๐ฺM   bชgไ๚  uืM   ๔      %  &  '  ภDึ549/549/549 550/550/550 551/551/551
f v -0.024881 0.969519 -0.091469 0.0000 0.6944 0.0000
  ูฏ0้Cm'พมI๐๖t/p•นI/฿ำคฌญฮq{=3fýtบ‘ฏ:	ขฅQ Tฎjuญ;ญÜ    HAํ@,ธ  ธธ  ไbฃ‘PPช-}'แุ4wาÞÛvษ&`       j]87๔aA ธ  ~%"–                         `         ส         @       €฿M   ภา60  ภา60  า60  4       €฿M   ภา60  ภา60  า60    €?  €?1.0000 1.0000
          ,๔M                   T         ส  þึM   €฿M   ภา60  ภา60  า60  ”ำ๗นปช0.9904 0.1271 0.0545
4

                ,๔M                   D         ส  ๐ฺM   bชgไ๚  uืM   ๗      %  '  (  ภDึ549/549/549 551/551/551 552/552/552
f v -0.024881 0.969519 -0.091469 0.0000 0.6944 0.0000
  ูฏ0้Cm'พมI๐๖t/p•นI/฿ำคฌญฮq{=3fýtบ‘ฏ:	ขฅQ Tฎjuญ;ญÜ    HAํ@,ธ  ธธ  ไbฃ‘PPช-}'แุ4wาÞÛvษ&`       j]87๔aA ธ  ~%"–                         `         ส         @       €฿M   ภา60  ภา60  า60  4       €฿M   ภา60  ภา60  า60    €?  €?1.0000 1.0000
          ,๔M                   T         ส  þึM   €฿M   ภา60  ภา60  า60  ”ำ๗นปช0.9904 0.1271 0.0545
4

                ,๔M                   D         ส  ๐ฺM   bชgไ๚  uืM   ๚      %  '  &  ภDึ549/549/549 551/551/551 550/550/550
f v -0.024881 0.969519 -0.091469 0.0000 0.6944 0.0000
  ูฏ0้Cm'พมI๐๖t/p•นI/฿ำคฌญฮq{=3fýtบ‘ฏ:	ขฅQ Tฎjuญ;ญÜ    HAํ@,ธ  ธธ  ไbฃ‘PPช-}'แุ4wาÞÛvษ&`       j]87๔aA ธ  ~%"–                         `         ส         @       €฿M   ภา60  ภา60  า60  4       €฿M   ภา60  ภา60  า60    €?  €?1.0000 1.0000
          ,๔M                   T         ส  þึM   €฿M   ภา60  ภา60  า60  ”ำ๗นปช0.9904 0.1271 0.0545
4

                ,๔M                   D         ส  ๐ฺM   bชgไ๚  uืM   ý      %  (  '  ภDึ549/549/549 552/552/552 551/551/551
f v -0.024881 0.969519 -0.091469 0.0000 0.6944 0.0000
  ูฏ0้Cm'พมI๐๖t/p•นI/฿ำคฌญฮq{=3fýtบ‘ฏ:	ขฅQ Tฎjuญ;ญÜ    HAํ@,ธ  ธธ  ไbฃ‘PPช-}'แุ4wาÞÛvษ&`       j]87๔aA ธ  ~%"–                         `         ส         @       €฿M   ภา60  ภา60  า60  4       €฿M   ภา60  ภา60  า60    €?  €?1.0000 1.0000
          ,๔M                   T         ส  þึM   €฿M   ภา60  ภา60  า60  ”ำ๗นปช0.9904 0.1271 0.0545
4

                ,๔M                   D         ส  ๐ฺM   bชgไ๚  uืM          )  *  +  ภDึ553/553/553 554/554/554 555/555/555
f v -0.024881 0.969519 -0.091469 0.0000 0.6944 0.0000
  ูฏ0้Cm'พมI๐๖t/p•นI/฿ำคฌญฮq{=3fýtบ‘ฏ:	ขฅQ Tฎjuญ;ญÜ    HAํ@,ธ  ธธ  ไbฃ‘PPช-}'แุ4wาÞÛvษ&`       j]87๔aA ธ  ~%"–                         `         ส         @       €฿M   ภา60  ภา60  า60  4       €฿M   ภา60  ภา60  า60    €?  €?1.0000 1.0000
          ,๔M                   T         ส  þึM   €฿M   ภา60  ภา60  า60  ”ำ๗นปช0.9904 0.1271 0.0545
4

                ,๔M                   D         ส  ๐ฺM   bชgไ๚  uืM         +  *  ,  ภDึ555/555/555 554/554/554 556/556/556
f v -0.024881 0.969519 -0.091469 0.0000 0.6944 0.0000
  ูฏ0้Cm'พมI๐๖t/p•นI/฿ำคฌญฮq{=3fýtบ‘ฏ:	ขฅQ Tฎjuญ;ญÜ    HAํ@,ธ  ธธ  ไbฃ‘PPช-}'แุ4wาÞÛvษ&`       j]87๔aA ธ  ~%"–                         `         ส         @       €฿M   ภา60  ภา60  า60  4       €฿M   ภา60  ภา60  า60    €?  €?1.0000 1.0000
          ,๔M                   T         ส  þึM   €฿M   ภา60  ภา60  า60  ”ำ๗นปช0.9904 0.1271 0.0545
4

                ,๔M                   D         ส  ๐ฺM   bชgไ๚  uืM         +  ,  -  ภDึ555/555/555 556/556/556 557/557/557
f v -0.024881 0.969519 -0.091469 0.0000 0.6944 0.0000
  ูฏ0้Cm'พมI๐๖t/p•นI/฿ำคฌญฮq{=3fýtบ‘ฏ:	ขฅQ Tฎjuญ;ญÜ    HAํ@,ธ  ธธ  ไbฃ‘PPช-}'แุ4wาÞÛvษ&`       j]87๔aA ธ  ~%"–                         `         ส         @       €฿M   ภา60  ภา60  า60  4       €฿M   ภา60  ภา60  า60    €?  €?1.0000 1.0000
          ,๔M                   T         ส  þึM   €฿M   ภา60  ภา60  า60  ”ำ๗นปช0.9904 0.1271 0.0545
4

                ,๔M                   D         ส  ๐ฺM   bชgไ๚  uืM   	      -  ,  .  ภDึ557/557/557 556/556/556 558/558/558
f v -0.024881 0.969519 -0.091469 0.0000 0.6944 0.0000
  ูฏ0้Cm'พมI๐๖t/p•นI/฿ำคฌญฮq{=3fýtบ‘ฏ:	ขฅQ Tฎjuญ;ญÜ    HAํ@,ธ  ธธ  ไbฃ‘PPช-}'แุ4wาÞÛvษ&`       j]87๔aA ธ  ~%"–                         `         ส         @       €฿M   ภา60  ภา60  า60  4       €฿M   ภา60  ภา60  า60    €?  €?1.0000 1.0000
          ,๔M                   T         ส  þึM   €฿M   ภา60  ภา60  า60  ”ำ๗นปช0.9904 0.1271 0.0545
4

                ,๔M                   D         ส  ๐ฺM   bชgไ๚  uืM         -  .  /  ภDึ557/557/557 558/558/558 559/559/559
f v -0.024881 0.969519 -0.091469 0.0000 0.6944 0.0000
  ูฏ0้Cm'พมI๐๖t/p•นI/฿ำคฌญฮq{=3fýtบ‘ฏ:	ขฅQ Tฎjuญ;ญÜ    HAํ@,ธ  ธธ  ไbฃ‘PPช-}'แุ4wาÞÛvษ&`       j]87๔aA ธ  ~%"–                         `         ส         @       €฿M   ภา60  ภา60  า60  4       €฿M   ภา60  ภา60  า60    €?  €?1.0000 1.0000
          ,๔M                   T         ส  þึM   €฿M   ภา60  ภา60  า60  ”ำ๗นปช0.9904 0.1271 0.0545
4

                ,๔M                   D         ส  ๐ฺM   bชgไ๚  uืM         /  .  0  ภDึ559/559/559 558/558/558 560/560/560
f v -0.024881 0.969519 -0.091469 0.0000 0.6944 0.0000
  ูฏ0้Cm'พมI๐๖t/p•นI/฿ำคฌญฮq{=3fýtบ‘ฏ:	ขฅQ Tฎjuญ;ญÜ    HAํ@,ธ  ธธ  ไbฃ‘PPช-}'แุ4wาÞÛvษ&`       j]87๔aA ธ  ~%"–                         `         ส         @       €฿M   ภา60  ภา60  า60  4       €฿M   ภา60  ภา60  า60    €?  €?1.0000 1.0000
          ,๔M                   T         ส  þึM   €฿M   ภา60  ภา60  า60  ”ำ๗นปช0.9904 0.1271 0.0545
4

                ,๔M                   D         ส  ๐ฺM   bชgไ๚  uืM         /  0  1  ภDึ559/559/559 560/560/560 561/561/561
f v -0.024881 0.969519 -0.091469 0.0000 0.6944 0.0000
  ูฏ0้Cm'พมI๐๖t/p•นI/฿ำคฌญฮq{=3fýtบ‘ฏ:	ขฅQ Tฎjuญ;ญÜ    HAํ@,ธ  ธธ  ไbฃ‘PPช-}'แุ4wาÞÛvษ&`       j]87๔aA ธ  ~%"–                         `         ส         @       €฿M   ภา60  ภา60  า60  4       €฿M   ภา60  ภา60  า60    €?  €?1.0000 1.0000
          ,๔M                   T         ส  þึM   €฿M   ภา60  ภา60  า60  ”ำ๗นปช0.9904 0.1271 0.0545
4

                ,๔M                   D         ส  ๐ฺM   bชgไ๚  uืM         1  0  2  ภDึ561/561/561 560/560/560 562/562/562
