# Blender 5.2.1 LTS
# www.blender.org
mtllib landBroke.mtl
o Ico_球體.025
v -187.468475 -86.418716 -770.607544
v -51.055298 -48.089645 -825.489075
v 25.946564 -10.534252 -796.220764
v -46.519241 -47.845245 -711.310181
v 18.554947 -11.480537 -753.077881
v -61.390640 -11.416332 -890.438965
v 2.092850 -7.755913 -667.154846
v 17.709091 -7.734289 -861.973816
v -97.651489 -4.023985 -563.812561
v -187.213425 -4.071163 -530.135986
v -332.655579 -69.549744 -726.152039
v -21.114182 8.652821 -882.950745
v 17.758652 8.646477 -713.478638
v 31.449112 8.623714 -827.902893
v -45.873032 11.111965 -827.608154
v -29.810959 8.759254 -638.295654
v -59.480682 -43.956337 -799.033203
v -318.512939 -49.344032 -840.866943
v -9.359161 -38.185802 -811.162903
v -265.813843 -3.372952 -563.147217
v 28.399124 -12.916393 -827.982849
v -139.121460 8.588009 -532.811401
v -10.579041 -35.583946 -846.621216
v -42.586792 11.110249 -708.950684
v -222.774109 9.330654 -552.069824
v -17.698380 -35.716740 -685.664246
v -56.761292 -37.925114 -859.836487
v -341.056274 -2.319304 -578.267212
v -22.412628 -13.010185 -880.929810
v -11.341492 -37.864174 -733.940002
v -175.943054 -49.515900 -891.855469
v 40.086502 3.911774 -809.308899
v 15.301132 -13.001728 -712.894958
v 36.381027 3.850189 -847.484741
v -451.356628 -19.340376 -725.153442
v -49.400314 -43.131252 -742.904602
v -54.906540 -39.661911 -669.154541
v -249.317673 11.620926 -605.930908
v -29.727615 -13.129141 -640.543579
v 5.265808 3.847507 -880.103455
v -165.085083 11.213951 -622.173706
v -40.674637 3.869301 -895.682861
v -72.031174 -43.300674 -706.910156
v 20.013062 9.484196 -799.410339
v -176.653824 -35.987312 -572.428711
v -59.750717 9.733265 -883.695190
v -401.573853 -8.026716 -844.361206
v 12.632660 8.943249 -859.000732
v -126.636108 -36.937553 -591.734619
v -29.817078 10.969917 -800.888062
v -299.451782 10.275776 -562.933838
v -3.346710 10.530979 -827.564331
v -75.563774 11.101524 -810.137207
v -139.907928 -5.397318 -537.240845
v -76.063820 10.935680 -846.835144
v 18.694534 3.850311 -687.412415
v -32.568741 10.577866 -857.626953
v 27.652084 3.896244 -736.879883
v -371.244873 10.403343 -616.639160
v -43.905273 4.451683 -615.956055
v -9.843140 3.888428 -642.358032
v -408.190979 9.095459 -685.729004
v -208.144302 -40.459473 -620.912109
v -220.502014 -17.338829 -561.389343
v 12.142075 9.634434 -748.538147
v -1.658676 8.960442 -670.577820
v -345.824768 -8.030273 -900.563110
v -60.549728 10.409504 -638.624878
v -460.376160 9.210411 -766.880005
v -75.243759 4.380306 -580.306519
v -9.878738 10.582077 -712.044312
v -25.184250 10.913589 -746.003418
v -200.674698 -7.718306 -950.172363
v -37.286850 10.642227 -669.063599
v -162.870728 3.847355 -516.099670
v -67.374969 10.963177 -679.092529
v -338.472351 11.869366 -732.884766
v -63.733185 11.073143 -730.966309
v -111.142464 3.884197 -536.414124
v -286.224792 -32.220509 -597.116943
v -352.342224 -59.719559 -687.640259
v -211.788651 3.846977 -530.074463
v -394.960236 9.311546 -815.716431
v -327.571411 -30.789429 -600.529907
v -300.377716 -3.846281 -564.958435
v -103.348862 9.060867 -568.281311
v -185.375885 8.995228 -536.584351
v -383.754608 8.591011 -877.157288
v -369.590210 -3.774532 -613.141968
v -110.784889 -8.278675 -929.381226
v -302.774780 9.185020 -903.895935
v -149.557983 10.549740 -573.046875
v -303.090820 -63.257282 -749.450439
v -195.262726 10.800610 -587.835388
v -201.192673 11.201675 -652.428955
v -321.311493 5.497570 -559.973877
v -380.935486 -54.594704 -725.213318
v -399.727783 -27.289707 -684.697693
v -278.828979 5.587234 -552.100159
v -389.560913 6.849464 -630.822327
v -320.957886 11.133137 -844.373291
v -363.692261 5.592125 -591.510254
v -351.421051 -58.892117 -763.628662
v -333.454865 -46.870750 -819.424194
v -401.642700 -28.099375 -765.023132
v -269.297424 11.178619 -574.536987
v -239.659821 8.739094 -930.907959
v -338.604065 10.598736 -583.253662
v -376.956879 11.372169 -652.540649
v -151.225952 8.593082 -948.449219
v -275.688568 12.324944 -617.731262
v -304.766327 12.165249 -595.224121
v -289.250916 -41.337151 -864.694763
v -344.745911 12.203590 -625.076660
v -421.888977 2.697132 -700.697266
v -91.558090 9.336018 -904.246826
v -365.253113 -36.327915 -844.888550
v -246.905991 10.938026 -862.072327
v -463.326965 -4.098127 -762.490295
v -186.939102 12.265163 -770.428833
v -393.767578 -16.357809 -816.196960
v -334.795746 -35.982296 -875.459839
v -176.921509 11.114346 -896.865112
v -459.537964 9.062622 -698.955322
v -380.909912 -12.661247 -876.273071
v -302.993286 -16.539276 -900.027283
v -135.387512 -42.134739 -879.462158
v -296.542786 13.076653 -735.474304
v -382.625305 11.305870 -709.032715
v -232.817871 -51.137115 -848.450928
v -374.059387 11.227863 -749.166504
v -322.637817 11.600746 -763.535156
v -99.055801 -18.964615 -902.109558
v -409.503784 3.968239 -828.246887
v -138.854279 -36.209015 -913.523071
v -229.522095 -74.981033 -794.004028
v -160.422180 -74.472763 -727.401855
v -372.289246 3.850399 -896.453613
v -404.003479 3.852688 -863.930786
v -221.640457 -39.594120 -897.307190
v -109.314705 -50.294559 -733.325073
v -325.018982 3.923939 -911.173828
v -216.995605 -74.116730 -733.540894
v -189.847931 -35.614166 -925.447449
v -236.442139 -12.947153 -929.538696
v -395.255127 9.001469 -844.365356
v -343.936523 8.989624 -896.131531
v -152.630066 -12.642599 -946.381653
v -274.852356 4.869987 -856.947632
v -90.490646 3.821320 -920.000488
v -358.806519 10.774002 -829.390076
v -355.587097 10.527786 -861.809265
v -309.564331 10.712894 -874.086670
v -228.153442 3.904964 -947.396973
v -264.924133 4.616520 -925.303650
v -123.964516 3.843857 -946.552002
v -175.857544 3.851692 -958.708435
v -198.768158 8.957115 -945.535400
v -115.139175 9.001408 -926.822876
v -181.948303 -32.487160 -771.591125
v -130.276688 10.693314 -898.088867
v -142.240952 11.895863 -750.163696
v -216.934204 11.076908 -881.502563
v -211.337875 10.654610 -913.089722
v -192.753632 11.948479 -723.225830
v -230.920425 11.931038 -761.545715
v -162.030197 10.532551 -923.587646
v -228.027100 -44.444664 -863.913330
v -209.637405 -47.286160 -874.482727
v -184.966934 -53.063843 -871.195923
v -236.915558 -39.331177 -864.044312
v -173.122681 7.932938 -860.809814
v -194.204819 11.551296 -847.972046
v -217.096512 11.156544 -870.364502
v -206.897568 11.296509 -865.847412
v -226.658386 11.050793 -870.794189
v -262.597870 11.100292 -846.556030
v -246.721405 -36.425571 -862.274048
v -246.440445 -32.100422 -869.431519
v -258.573608 -38.731239 -859.531494
v -253.347351 -43.607224 -848.489319
v -285.109192 5.415302 -917.082031
v -276.177002 3.242340 -916.564941
v -258.832947 10.036041 -907.669312
v -248.723114 10.492535 -899.467712
v -251.009979 10.707870 -886.643677
v -269.011230 10.729332 -879.454773
v -282.737915 8.658474 -908.426025
v -277.715118 9.666927 -905.666016
v -276.911987 6.670662 -915.947388
v -280.055756 -2.051800 -908.837402
v -265.393280 -11.876518 -910.963562
v -254.816315 -27.274014 -892.432312
v -275.630310 -17.884392 -900.244141
v -259.434113 -31.332232 -880.027222
v -246.733459 -32.350433 -877.378601
v -269.291168 3.151188 -727.880981
v -265.984161 11.589432 -759.253479
v -273.760925 11.568283 -739.507141
v -289.922211 11.409985 -771.733215
v -264.858704 -62.302460 -767.094055
v -283.467743 -55.424076 -766.995117
v -258.345428 -62.890751 -745.618103
v -276.135010 -58.183250 -737.351440
v -358.169128 10.950722 -807.647705
v -369.826050 10.943161 -788.016113
v -383.852478 10.362610 -790.700256
v -389.767700 9.905926 -800.966675
v -337.360779 11.210903 -793.132935
v -396.491638 9.191868 -801.588684
v -446.759705 8.017387 -791.748840
v -453.677612 5.846848 -805.554077
v -459.552979 2.803036 -790.064697
v -407.039185 -2.047564 -790.759827
v -396.136536 -11.517567 -802.259888
v -391.272705 -18.990618 -804.769165
v -378.453003 -29.448603 -803.538818
v -352.929260 -43.084915 -801.535828
v -361.143127 -42.900818 -793.415894
v -341.452820 -44.857357 -805.686768
v -387.535278 -27.031042 -793.880737
v -332.588074 -46.275711 -805.706726
v -325.713562 -49.256741 -790.300293
v -397.733948 9.853821 -669.142090
v -385.908813 11.156258 -669.036865
v -380.918030 11.558228 -688.749268
v -330.507568 13.275593 -716.135925
v -341.552002 12.274048 -692.197937
v -374.650696 11.734940 -694.502808
v -354.757263 12.159119 -687.551575
v -378.499146 11.640575 -684.068604
v -402.652832 7.620079 -656.531982
v -398.615356 8.094879 -652.544922
v -408.510498 4.161232 -660.354126
v -400.131805 6.335850 -644.787048
v -399.804932 -1.189514 -655.290588
v -386.217102 -9.456161 -640.609497
v -383.076569 -25.519268 -653.339294
v -358.416870 -46.470261 -656.213013
v -368.582153 -31.273195 -642.320190
v -347.759094 -44.035141 -641.894165
v -110.517639 -40.356182 -701.057617
v -158.404922 11.538158 -688.410095
v -164.082886 11.419785 -667.857300
v -194.424988 11.481899 -685.548889
v -188.389847 11.363998 -671.527893
v -208.174683 11.152477 -671.911926
v -133.292465 11.424267 -701.191589
v -117.994461 11.110714 -699.183411
v -110.263443 10.973930 -698.229797
v -179.432877 -58.032722 -682.490784
v -198.707275 -50.297379 -663.154724
v -167.384766 -53.221870 -665.011292
v -140.607376 -54.842838 -691.538574
v -123.641022 -44.502163 -681.671997
v -249.528168 -0.730896 -558.269165
v -243.121857 -3.928150 -563.491211
v -248.925751 -4.629961 -567.502930
v -239.855621 4.542156 -546.240356
v -253.377167 7.263096 -551.575317
v -239.540466 9.250332 -556.463684
v -250.467957 10.702961 -572.616943
v -238.088425 9.959660 -560.793945
v -237.613342 11.066818 -591.594604
v -235.387283 11.234203 -610.538086
v -223.273834 11.040367 -596.914551
v -256.944519 -25.420418 -597.000549
v -240.105362 -17.456284 -575.871643
v -253.954605 -28.515511 -620.369324
v -243.536835 -29.006947 -629.086060
v -102.223541 -33.263470 -694.170898
v -96.220184 -35.785583 -705.387817
v -95.401413 -38.818756 -718.884888
v -106.711304 11.223125 -729.123596
v -86.566566 11.061024 -732.607849
v -89.675751 11.032639 -749.434631
v -106.768982 11.020615 -710.308105
v -106.765533 10.939445 -700.855774
v -82.819550 10.946209 -748.846619
v -93.603088 -39.633846 -724.916809
v -76.723846 -33.650276 -754.449646
v -85.281631 -37.678619 -729.751648
v -86.066376 -26.624468 -614.224243
v -77.063713 -17.082802 -604.811646
v -58.380478 -12.258623 -619.949463
v -65.049088 -0.750240 -606.116577
v -97.046051 10.875389 -658.202209
v -87.438034 10.843681 -658.569092
v -92.153809 10.699753 -634.815430
v -89.855499 10.888802 -680.350403
v -103.260193 10.911312 -694.486267
v -77.048706 9.675781 -604.236694
v -70.180130 10.256741 -623.893188
v -69.756760 10.350273 -627.627625
v -73.023056 10.424393 -629.634705
v -66.714905 7.938423 -604.745483
v -58.115067 5.222988 -603.687134
v -59.376389 6.841316 -608.166931
v -58.642410 2.397575 -607.970093
v -101.906143 -35.366821 -680.334839
v -91.807350 -35.954098 -678.291992
v -82.197998 -34.214832 -656.661682
v -85.597435 -32.053356 -645.314331
v -75.190491 -29.370800 -636.414246
v -84.102966 10.775814 -764.456726
v -83.715363 10.779957 -769.352966
v -77.379387 -29.764248 -767.447449
v -87.196686 -37.703331 -765.366882
v -85.796852 -42.325642 -785.325439
v -88.100189 -14.452611 -884.359009
v -89.986839 -20.508801 -874.636353
v -107.687378 10.647423 -878.404114
v -86.166939 -3.117208 -883.721558
v -81.903229 -5.331772 -889.323730
v -83.438568 -8.437651 -885.960938
v 13.887146 -17.734833 -780.184692
v -4.130478 -31.066792 -766.694397
v 17.861801 -12.349606 -770.970459
v 21.573837 -5.875227 -771.629822
v 26.606567 -0.537495 -779.043762
v 31.538483 4.931408 -774.401245
v -17.413513 10.718525 -768.448608
v -27.745377 10.901096 -780.622986
v -33.659149 10.921535 -771.730713
v -63.787354 10.913273 -763.178528
v -45.540222 10.932205 -778.461182
v -74.760315 10.865879 -778.135193
v 3.610687 10.168110 -768.853638
v 16.943298 9.384636 -772.097290
v 22.925873 8.235489 -780.990295
v 12.467255 9.870052 -779.066711
v -68.501846 -33.648705 -773.324341
v -56.492218 -37.342213 -770.351074
v -49.432388 -38.873451 -777.240845
v -36.511505 -38.188076 -772.514465
v -13.136826 -35.385868 -784.053650
v -459.024780 -0.167698 -709.626770
v -423.341309 9.890591 -718.155640
v -426.101013 9.758945 -778.220276
v -429.021088 5.742271 -696.389282
v -426.933899 8.570938 -796.386475
v -425.481812 -24.055090 -746.614136
v -428.777405 4.462494 -822.276489
v -432.080627 9.083092 -690.710327
v -427.411682 -0.534014 -789.835388
v -423.607178 10.024124 -703.274719
v -426.079102 -13.674026 -759.817627
v -429.327820 -5.893957 -704.721375
v -424.535461 -32.237782 -725.175293
v -425.239685 10.040703 -759.589905
v -437.109467 -22.786337 -707.616272
v -258.008606 13.341835 -722.069702
v -209.424866 11.910912 -718.530945
v -222.904739 13.855236 -723.003967
v -202.254089 11.478992 -684.025879
v -321.193970 -63.885662 -714.593323
v -329.775391 -59.717636 -695.483398
v -310.330109 2.667225 -704.926270
v -294.019409 3.863667 -714.869080
v -290.093658 5.715736 -728.426697
v -269.485626 -55.995201 -726.065430
v -285.210876 -58.567364 -721.355408
v -300.842316 -61.150398 -716.813843
v -317.335510 -29.055475 -672.465149
v -281.488342 -35.287212 -618.551697
v -298.122894 -34.752201 -616.228210
v -323.998047 -48.658104 -623.716675
v -257.602264 2.816750 -629.554321
v -277.450256 2.922634 -625.115906
v -341.350403 11.309513 -660.071960
v -327.130676 6.441334 -621.798462
v -336.154358 9.075665 -641.409729
v -304.905334 0.858185 -621.150513
v -244.753296 2.231762 -630.712341
v -255.857422 -29.505617 -630.726990
v -239.598236 -28.145493 -640.786499
v -221.011658 11.258274 -656.293274
v -227.986298 -33.197830 -642.343506
v -217.302979 -40.901459 -656.632263
v -244.914322 11.031403 -719.736023
v -239.289856 -65.272713 -727.672546
v -214.313797 -55.766705 -712.722778
v -203.268921 -54.940762 -682.316956
v -324.105194 6.398952 -695.609314
v -342.126892 -56.356056 -675.712219
v -264.214630 -31.914549 -624.056152
v -209.189301 -46.324081 -668.085083
v -242.660431 4.030434 -834.999390
v -256.001892 4.258286 -840.822998
v -250.610336 -6.022541 -797.604614
v -69.567825 -21.230406 -835.550171
v -262.012207 3.792824 -778.852783
v -283.477966 1.522387 -786.857910
v -236.501038 -39.308498 -802.317383
v -256.772308 -61.949112 -790.984802
v -266.488556 -58.306396 -785.470947
v -251.689117 -37.180237 -828.316162
v -308.193481 -22.992899 -834.079224
v -319.019043 -48.606361 -833.922241
v -317.106506 -23.143661 -813.712585
v -306.986572 -23.813366 -809.438110
v -327.061646 -47.624741 -813.004578
v -281.412994 -18.838459 -796.443848
v -306.317444 4.004215 -851.489319
v -336.326233 3.723560 -827.558472
v -323.160645 3.780754 -843.098633
v -335.608002 3.601597 -800.219971
v -332.205688 3.384926 -810.476868
v -268.221252 1.179955 -842.746338
v -280.599365 -28.151842 -845.803345
v -299.064484 -34.873894 -844.933838
v -298.736511 -20.134754 -837.366272
v -304.318237 -19.871529 -799.996765
v -315.587646 -24.347036 -825.823730
v -275.593842 -17.816219 -798.722839
v -309.344391 4.136318 -780.378906
v -288.135315 0.312790 -784.531921
v -297.454712 0.899736 -781.377441
v -301.879517 -48.818085 -783.807922
v -312.397888 -48.377182 -788.705811
v -259.911377 4.011868 -796.153442
v -277.825256 -54.427902 -782.063965
v -288.529114 -48.346931 -781.597351
v -267.009033 -11.562504 -832.421814
v -265.921692 -37.185963 -839.818115
v -173.506180 -34.001011 -767.193115
v -284.870056 -17.722149 -835.493225
v -251.561691 -21.323706 -798.284851
v -214.270523 -12.752796 -721.485291
v -272.182434 -20.267134 -836.573608
v -315.991821 3.877678 -802.260803
v -262.822388 -23.596741 -788.730286
v -260.486359 -18.606071 -823.350281
v -260.286285 -23.695255 -796.440369
v -287.033630 -22.932976 -795.321777
v -320.925293 -48.793652 -796.022217
v -297.997437 -21.125280 -793.308289
v -137.436111 -33.006828 -611.926880
v -163.520737 -41.388004 -626.747620
v -166.580704 -42.842640 -651.158203
v -156.782700 -41.271904 -669.780640
v -158.364349 8.082771 -625.471436
v -111.462311 7.894009 -662.149780
v -128.144714 8.096325 -672.217346
v -134.303833 7.766857 -613.339661
v -114.399338 7.562935 -618.213745
v -118.669205 -38.421928 -673.291626
v -125.862526 -39.535713 -676.208862
v -142.826523 -42.976608 -675.394287
v -105.360504 -27.841671 -633.979187
v -138.097351 8.221004 -671.995544
v -102.985550 7.724163 -643.659424
v -106.192093 7.649601 -627.965393
v -152.793442 8.264648 -665.367676
v -162.203552 8.184162 -644.098938
v -109.776787 -33.820557 -666.198730
v -103.387642 -33.784790 -656.146729
v -171.232101 -68.658829 -768.573120
v -187.279266 -71.293579 -795.788147
v -180.960846 -24.064276 -830.552124
v -156.252960 -64.612511 -782.941956
v -150.332611 -72.301338 -748.978638
v -102.411156 1.846315 -761.863281
v -131.322525 5.553833 -768.386658
v -161.784271 -1.234236 -770.979187
v -182.259766 0.840471 -776.820374
v -226.569382 -9.168007 -722.580383
v -171.217865 13.429981 -758.730103
v -259.506866 -8.558987 -721.608276
v -242.770432 -2.534147 -714.942566
v -191.677002 -9.741241 -791.828674
v -190.297150 0.755491 -839.269226
v -183.723450 0.654165 -849.912537
v -88.997902 11.002224 -782.436462
v -125.818466 -62.204506 -756.623413
v -108.524597 -51.957150 -763.622070
v -93.757843 -45.108524 -777.540222
v -207.274185 -46.523487 -825.640747
v -205.109070 -19.773495 -824.773254
v -214.460373 -11.561674 -713.315979
v -204.858429 -61.609657 -803.563049
v -140.074493 -43.837799 -872.429565
v -163.215302 -50.224335 -866.569885
v -98.515289 -21.953888 -872.717224
v -145.174789 10.674809 -871.964233
v -111.832718 4.660805 -856.873535
v -126.231949 -38.874901 -871.322266
v -81.583725 -44.332840 -830.773743
v -79.285072 -38.736893 -818.003357
v -85.364365 10.957176 -840.143616
v -79.549553 11.074783 -812.401550
v -91.536758 -22.945034 -867.077026
v -179.340134 -57.879494 -855.182373
v -166.232285 -29.280350 -837.868164
v -171.648529 -28.244616 -827.735107
v -159.105499 -2.306204 -868.666138
v -167.998886 -2.189411 -864.109314
v -195.012299 2.767508 -825.692688
v -94.771217 -2.658503 -870.207275
v -126.661476 6.518658 -864.768738
v -79.821381 -38.851028 -805.067932
v -205.966553 -14.132516 -713.676819
v -320.071930 -10.791809 -627.045349
v -195.450912 -5.572632 -703.430603
v -335.676636 -11.059322 -613.979065
v -199.623672 -11.077633 -689.211487
v -339.202515 -12.891378 -624.476746
v -211.945816 -12.833857 -682.168884
v -216.747131 -13.241376 -674.930298
v -349.094238 -8.804209 -633.952881
v -281.841797 -12.769911 -722.697876
v -223.101379 -12.660206 -643.585083
v -284.581879 -13.225007 -710.921204
v -221.819138 -10.498306 -634.044678
v -337.455872 -10.005848 -649.887695
v -275.966644 -15.009108 -727.500000
v -244.225540 -7.401981 -642.301636
v -336.755249 -12.332556 -664.843445
v -255.049042 -19.258850 -732.691956
v -260.491486 -10.108664 -623.230347
v -347.086182 -13.641974 -686.058167
v -247.130859 -21.504072 -722.684143
v -272.243347 -12.219517 -634.937134
v -321.716003 -16.276543 -694.221436
v -225.021790 -21.841881 -731.198364
v -293.399323 -13.064949 -621.759338
v -311.394653 -17.194042 -699.210083
v -216.235855 -22.756033 -725.508972
v -293.016296 -12.183823 -629.313782
v -306.373596 -19.185131 -711.042664
v -216.650558 -21.771004 -711.047791
v -313.557373 -14.661036 -621.207764
v -62.214142 -23.294134 -817.756714
v -65.333572 -25.555023 -803.015625
v -201.361237 -38.819351 -796.222595
v -105.562340 -24.036173 -790.357178
v -92.054062 -23.595104 -769.581177
v -239.407761 -20.476189 -796.457275
v -95.177856 -27.277855 -751.147644
v -175.907928 -22.638180 -843.805481
v -119.753204 -19.460297 -873.501221
v -120.920715 -28.568590 -759.513428
v -178.971710 -27.187666 -855.702576
v -130.383972 -17.888382 -870.002991
v -170.089966 -26.844110 -862.991577
v -96.490395 -17.689522 -870.699341
v -159.956879 -24.730925 -868.407837
v -183.011093 -44.328842 -788.696899
v -144.925232 -21.318199 -870.730347
v -92.732834 -17.956661 -868.534424
v -141.186707 -43.710808 -760.676392
v -88.793976 -24.188034 -846.820801
v -156.525574 -45.894485 -763.788269
v -141.104645 -27.107109 -671.018921
v -139.153061 -15.567546 -664.356750
v -139.302063 -4.027983 -667.703064
v -111.663635 -17.601885 -631.996582
v -119.073227 -9.417114 -632.541809
v -118.173386 -1.232346 -627.691895
v -136.778656 -20.850157 -616.798828
v -136.130188 -11.524872 -623.887024
v -136.030365 -2.199591 -620.734497
v -130.204727 -3.376513 -667.985229
v -130.332306 -14.158668 -664.690979
v -127.956802 -24.940823 -671.590149
v -118.822937 -3.268850 -661.375732
v -122.246735 -13.771435 -660.260559
v -119.455139 -24.274019 -667.366882
v -159.051788 -26.124107 -629.092529
v -152.746704 -14.951364 -632.791565
v -155.305939 -3.778620 -630.757324
v -161.903381 -27.029562 -649.023010
v -155.050476 -15.526283 -646.985718
v -158.180984 -4.023001 -646.447876
v -153.449600 -26.011486 -665.885071
v -148.679062 -14.824769 -660.275208
v -150.715759 -3.638054 -662.679443
v -117.178246 -3.555431 -660.092346
v -119.434387 -12.249531 -658.025757
v -113.744507 -23.177258 -662.860107
v -109.189316 -19.619465 -637.364807
v -115.346695 -12.745266 -640.667786
v -111.726501 -6.293222 -641.745300
v -115.966125 -2.808249 -658.156921
v -117.770798 -9.018639 -655.301392
v -110.283661 -17.912979 -657.180237
v -109.750732 -19.220787 -634.536682
v -116.229683 -12.151609 -636.256226
v -113.247955 -5.125385 -634.096375
vn 0.7089 -0.6069 -0.3592
vn -0.3900 -0.7949 -0.4649
vn 0.5710 -0.4428 -0.6913
vn -0.0373 -0.9569 0.2879
vn -0.3008 -0.9507 0.0759
vn -0.4355 -0.7691 -0.4678
vn 0.4197 -0.8629 0.2814
vn 0.1591 0.9581 -0.2381
vn -0.0009 1.0000 0.0088
vn -0.0972 0.9606 0.2603
vn -0.8920 -0.4108 0.1887
vn 0.0944 0.3449 0.9339
vn 0.0369 0.9311 -0.3629
vn -0.0064 1.0000 0.0059
vn 0.1696 0.9819 -0.0843
vn 0.0054 0.9995 0.0296
vn 0.0343 0.9975 0.0625
vn 0.0048 1.0000 0.0070
vn 0.0190 0.9998 0.0111
vn 0.4631 0.5696 -0.6791
vn -0.0723 0.9974 -0.0022
vn 0.4340 0.8631 0.2583
vn 0.6901 0.5889 0.4206
vn -0.0098 0.9999 -0.0089
vn 0.0166 0.9998 0.0087
vn 0.0461 0.9989 -0.0000
vn 0.4486 -0.8581 0.2497
vn 0.5438 -0.8379 0.0461
vn -0.3278 -0.8028 -0.4980
vn 0.0748 -0.8987 -0.4322
vn -0.4234 -0.8923 -0.1565
vn -0.2941 -0.9537 0.0631
vn -0.0415 -0.9438 0.3279
vn 0.1674 -0.9008 0.4006
vn 0.4378 -0.8683 0.2334
vn 0.4368 -0.8879 0.1445
vn 0.3371 -0.9414 0.0082
vn -0.9926 0.0147 -0.1203
vn 0.0191 -0.6046 -0.7963
vn 0.9981 -0.0004 -0.0618
vn 0.2296 -0.9628 -0.1426
vn 0.1437 -0.9843 -0.1027
vn -0.1806 -0.9569 -0.2275
vn -0.1647 -0.9336 -0.3182
vn 0.0855 -0.9076 -0.4110
vn -0.3293 -0.6056 -0.7244
vn 0.3506 -0.6169 -0.7046
vn -0.1958 -0.8983 -0.3933
vn -0.2045 -0.2580 -0.9443
vn 0.5698 -0.3985 -0.7187
vn -0.0107 0.9999 -0.0073
vn -0.0170 0.9993 -0.0347
vn 0.0029 0.9971 -0.0765
vn 0.0280 0.9986 -0.0440
vn 0.0086 0.9998 -0.0170
vn 0.0296 0.9986 -0.0432
vn 0.0280 0.9975 -0.0656
vn -0.0025 0.9997 -0.0231
vn -0.0094 0.9984 -0.0559
vn -0.0278 0.9976 -0.0630
vn -0.0065 0.9999 -0.0145
vn -0.0081 0.9998 -0.0182
vn 0.1125 0.9892 -0.0940
vn -0.0105 0.9999 -0.0073
vn -0.4975 0.0285 0.8670
vn 0.2752 0.9131 -0.3010
vn 0.2863 0.8879 -0.3602
vn 0.1842 0.9276 -0.3249
vn -0.0166 0.9222 -0.3863
vn -0.1122 0.8451 -0.5227
vn -0.1353 0.9213 -0.3645
vn -0.2096 0.8930 -0.3983
vn -0.0978 0.9384 -0.3314
vn 0.1679 0.6775 -0.7161
vn 0.2112 -0.3766 -0.9020
vn 0.0022 -0.5967 -0.8025
vn -0.2364 0.8754 -0.4216
vn -0.4406 -0.5418 -0.7158
vn -0.4619 -0.5891 -0.6630
vn 0.5521 0.8286 0.0927
vn 0.5991 -0.7057 -0.3783
vn 0.6022 -0.6207 -0.5022
vn 0.3316 -0.6953 -0.6377
vn 0.1345 -0.7776 -0.6141
vn -0.0093 -0.6653 -0.7465
vn -0.2802 -0.6953 -0.6618
vn -0.3430 -0.7952 -0.5000
vn -0.3660 -0.7928 -0.4873
vn -0.3609 -0.9251 -0.1182
vn -0.6209 -0.7825 0.0475
vn 0.4611 -0.7408 -0.4886
vn 0.4368 -0.8777 -0.1972
vn 0.2316 -0.9542 -0.1896
vn -0.1182 -0.9930 0.0011
vn -0.2619 -0.9625 -0.0715
vn -0.2398 -0.9382 -0.2495
vn -0.0277 -0.9368 -0.3488
vn -0.8031 -0.5940 0.0469
vn -0.3863 -0.6261 -0.6773
vn -0.2550 -0.1747 -0.9510
vn -0.9012 -0.4110 -0.1376
vn -0.2818 -0.3142 -0.9066
vn -0.0378 0.9990 -0.0226
vn -0.0519 0.9982 -0.0307
vn -0.0150 0.9984 -0.0546
vn -0.1713 0.9634 0.2063
vn -0.0055 0.9992 -0.0387
vn -0.0087 0.9998 -0.0175
vn -0.0175 0.9986 -0.0507
vn -0.0373 0.9977 -0.0574
vn -0.0130 0.9999 -0.0089
vn -0.0437 0.9990 -0.0119
vn -0.0443 0.9990 -0.0104
vn 0.2734 0.9327 0.2350
vn 0.3147 0.9490 -0.0169
vn 0.1078 -0.8795 -0.4636
vn -0.6816 0.5650 0.4651
vn -0.0383 0.9590 -0.2808
vn -0.0814 0.9091 -0.4085
vn -0.1511 0.8637 -0.4809
vn -0.1650 0.9306 -0.3267
vn -0.2977 0.9476 -0.1163
vn -0.3960 0.9160 -0.0640
vn -0.3398 0.9405 -0.0067
vn -0.1053 0.9944 -0.0030
vn -0.0907 0.9179 -0.3862
vn -0.0207 -0.4953 -0.8685
vn -0.1004 -0.5571 -0.8244
vn -0.4791 0.7431 -0.4672
vn -0.6456 -0.4323 -0.6295
vn -0.6593 -0.6763 -0.3287
vn -0.0573 0.9902 -0.1270
vn -0.1011 -0.9839 -0.1473
vn -0.8288 -0.5571 0.0526
vn -0.0174 -0.8216 -0.5699
vn 0.0431 -0.8098 -0.5851
vn -0.1282 -0.6902 -0.7122
vn -0.3424 -0.6990 -0.6279
vn -0.4052 -0.8157 -0.4129
vn -0.5935 -0.7566 -0.2744
vn -0.6140 -0.7868 -0.0626
vn -0.2578 -0.9631 -0.0768
vn -0.1271 -0.9893 0.0710
vn -0.6292 -0.7762 -0.0415
vn -0.0231 -0.9652 -0.2604
vn 0.3259 -0.8388 0.4362
vn 0.6606 -0.5521 0.5087
vn -0.1577 -0.9861 0.0527
vn 0.1465 -0.9379 0.3143
vn -0.2929 -0.9516 0.0931
vn -0.2959 -0.9475 -0.1213
vn -0.0078 -0.9629 -0.2699
vn -0.5286 0.0611 0.8467
vn -0.7952 -0.5015 -0.3409
vn -0.2449 -0.6674 0.7032
vn -0.0811 0.9967 0.0056
vn -0.0246 0.9997 0.0047
vn 0.3125 0.9350 -0.1677
vn 0.1506 0.8274 0.5411
vn -0.0303 0.9992 -0.0244
vn 0.0599 0.9976 -0.0349
vn -0.1769 0.7313 -0.6587
vn -0.0113 0.9998 -0.0146
vn -0.0096 0.9999 -0.0084
vn -0.0185 0.9997 -0.0143
vn -0.0156 0.9999 -0.0053
vn -0.0279 0.9996 -0.0095
vn -0.0212 0.9972 0.0714
vn -0.0170 0.9998 -0.0125
vn -0.0301 0.9995 -0.0020
vn 0.2088 0.8697 0.4472
vn 0.0709 0.7215 0.6887
vn -0.0234 0.9992 -0.0310
vn -0.9753 0.2204 0.0125
vn -0.9827 -0.1609 0.0919
vn -0.0957 -0.8806 0.4640
vn -0.2157 0.9721 0.0916
vn -0.9783 0.1883 -0.0868
vn -0.5067 -0.6567 -0.5585
vn -0.5144 -0.6853 -0.5155
vn -0.5783 0.7995 0.1627
vn -0.6025 -0.7650 0.2276
vn -0.7605 -0.4866 0.4299
vn 0.0223 -0.9219 -0.3867
vn 0.0983 -0.9500 -0.2965
vn -0.2201 -0.9545 -0.2010
vn -0.4963 -0.8220 -0.2793
vn -0.4947 -0.8199 -0.2883
vn -0.4303 -0.8385 -0.3343
vn -0.4251 -0.8296 0.3619
vn -0.5276 -0.7975 0.2927
vn -0.5387 -0.8086 0.2368
vn 0.1055 -0.9788 0.1755
vn 0.1845 -0.9795 0.0812
vn 0.3153 -0.9376 0.1468
vn 0.3528 -0.9298 -0.1045
vn -0.0124 -0.9902 0.1389
vn 0.2270 -0.7542 0.6162
vn -0.5048 -0.7196 0.4768
vn -0.0133 -0.8600 0.5102
vn -0.2169 -0.7910 0.5721
vn -0.4011 -0.8526 0.3350
vn -0.0479 -0.8026 0.5946
vn -0.5609 -0.3448 0.7527
vn -0.2568 0.9532 0.1594
vn -0.0682 0.9424 -0.3273
vn -0.0070 0.9982 0.0596
vn -0.0531 0.9975 0.0461
vn 0.0075 0.9996 0.0272
vn 0.3137 0.9494 -0.0168
vn 0.0936 0.9858 -0.1396
vn -0.0564 0.9978 0.0359
vn 0.2351 0.8905 -0.3896
vn -0.0311 0.9986 0.0429
vn -0.0241 0.9978 0.0624
vn -0.1256 0.9096 -0.3960
vn 0.0135 0.9996 0.0245
vn 0.0159 0.9996 0.0242
vn 0.0019 0.9995 0.0300
vn -0.0493 0.9988 0.0079
vn -0.1486 0.9818 0.1182
vn -0.2376 0.9693 0.0640
vn -0.2702 0.9274 0.2588
vn -0.3077 0.8557 0.4161
vn -0.1601 0.9327 0.3233
vn 0.0756 0.9595 0.2713
vn -0.0653 0.9752 0.2116
vn 0.0169 0.9995 0.0248
vn -0.0961 0.9248 -0.3681
vn -0.3905 0.8754 0.2850
vn -0.6924 -0.5739 0.4373
vn -0.5190 -0.7237 0.4549
vn -0.1049 0.8243 0.5563
vn -0.1321 -0.6805 0.7207
vn -0.0214 -0.7887 0.6145
vn 0.0054 0.9999 0.0095
vn -0.6268 -0.5777 0.5228
vn -0.5609 -0.6121 0.5575
vn -0.5703 -0.6564 0.4940
vn -0.2540 -0.6676 0.6999
vn -0.0793 -0.7645 0.6397
vn -0.0240 -0.7549 0.6555
vn -0.0725 -0.7383 0.6706
vn 0.2229 -0.9623 0.1560
vn 0.0480 -0.9972 -0.0573
vn 0.2242 -0.9629 0.1499
vn 0.4301 -0.8063 0.4061
vn -0.0080 -0.9953 0.0970
vn 0.0097 -0.9734 0.2289
vn 0.5510 -0.7496 0.3667
vn 0.0404 -0.8986 0.4369
vn -0.4119 -0.5853 0.6983
vn 0.5948 -0.6454 0.4792
vn -0.2083 -0.6520 0.7290
vn 0.0279 0.9988 0.0415
vn -0.0061 0.9993 0.0364
vn 0.0036 1.0000 0.0068
vn 0.0093 1.0000 -0.0007
vn -0.0032 1.0000 0.0063
vn -0.0109 0.9999 0.0131
vn -0.0060 1.0000 0.0068
vn 0.0026 1.0000 0.0013
vn 0.0153 0.9992 0.0362
vn 0.0012 0.9999 0.0131
vn -0.0063 0.9993 0.0364
vn 0.0049 0.9989 0.0474
vn 0.0402 0.9977 -0.0537
vn 0.0027 0.9995 -0.0306
vn 0.0047 0.9995 0.0312
vn -0.0433 0.9881 0.1473
vn -0.1128 0.9494 0.2931
vn -0.0978 0.9345 0.3423
vn -0.0124 0.9665 0.2565
vn 0.1876 0.9612 0.2020
vn 0.2490 0.9445 0.2143
vn 0.1709 0.9750 0.1417
vn -0.0606 0.9610 0.2698
vn -0.4539 -0.6743 0.5825
vn -0.2465 -0.7695 0.5892
vn 0.2065 0.8243 0.5272
vn 0.2324 -0.7729 0.5904
vn 0.2728 -0.8802 0.3884
vn 0.2450 0.9436 0.2229
vn 0.5786 -0.7117 0.3983
vn 0.1118 -0.9885 0.1017
vn 0.1331 -0.7898 0.5988
vn -0.4607 -0.8781 0.1290
vn -0.4135 -0.8873 -0.2045
vn 0.0788 -0.9865 0.1432
vn -0.3129 -0.9055 0.2868
vn -0.2022 -0.8053 0.5573
vn -0.0809 -0.9900 0.1156
vn 0.0698 -0.7878 0.6120
vn 0.1872 -0.8297 0.5258
vn 0.3591 -0.7672 0.5315
vn 0.3218 -0.9430 0.0843
vn 0.6271 -0.7757 0.0710
vn 0.2009 -0.9534 0.2251
vn -0.1462 -0.9762 0.1604
vn -0.1952 -0.9725 -0.1273
vn 0.8671 -0.4981 -0.0094
vn 0.7585 -0.5855 0.2862
vn 0.4569 -0.5776 0.6765
vn 0.7600 -0.6481 0.0493
vn 0.8147 -0.2643 0.5162
vn 0.3706 -0.7956 0.4792
vn 0.0707 0.9974 0.0168
vn 0.0492 0.9976 0.0491
vn 0.0069 0.9999 0.0125
vn 0.0130 0.9999 -0.0041
vn 0.0133 0.9999 -0.0041
vn 0.0025 1.0000 -0.0041
vn -0.0002 1.0000 0.0004
vn -0.0074 1.0000 0.0023
vn -0.0037 1.0000 0.0019
vn 0.0045 1.0000 0.0059
vn 0.0034 1.0000 0.0017
vn 0.0071 0.9999 0.0108
vn 0.0065 0.9999 0.0126
vn 0.0530 0.9974 0.0482
vn 0.0170 0.9998 0.0095
vn 0.0484 0.9984 0.0295
vn 0.0711 0.9972 0.0249
vn 0.0164 0.9999 0.0024
vn 0.0339 0.9994 -0.0055
vn 0.0262 0.9997 0.0004
vn 0.0128 0.9998 0.0161
vn 0.2730 0.9268 0.2579
vn 0.0271 0.9992 0.0281
vn 0.2943 0.8911 0.3455
vn 0.2768 0.9286 0.2472
vn 0.4465 0.8491 0.2821
vn 0.3602 0.9197 0.1563
vn 0.3684 0.9291 -0.0328
vn 0.3059 0.9501 0.0607
vn 0.0590 0.9983 0.0014
vn 0.2890 0.8895 0.3538
vn 0.5144 -0.5291 0.6749
vn 0.5685 -0.6048 0.5577
vn 0.6404 0.7591 0.1167
vn 0.8917 -0.4231 0.1611
vn 0.8371 -0.5449 0.0472
vn -0.5107 -0.8305 -0.2225
vn -0.2292 -0.9449 -0.2335
vn 0.0660 -0.9593 -0.2744
vn -0.0587 -0.9983 0.0034
vn -0.1370 -0.9781 0.1564
vn -0.0749 -0.9636 0.2565
vn 0.5703 0.2482 0.7830
vn 0.3041 -0.8170 0.4900
vn 0.5262 -0.6959 0.4887
vn -0.3177 -0.9410 -0.1164
vn 0.0933 -0.9943 -0.0525
vn 0.1724 -0.9718 -0.1607
vn 0.6890 -0.6703 0.2758
vn 0.6267 -0.7704 0.1168
vn 0.6709 -0.7411 0.0263
vn 0.1601 -0.9662 0.2019
vn 0.5851 -0.8041 0.1055
vn -0.1400 -0.9841 0.1092
vn -0.0710 -0.9596 -0.2722
vn 0.1342 -0.9439 -0.3016
vn 0.7572 -0.6444 0.1068
vn -0.2106 -0.0959 -0.9729
vn 0.3996 -0.6231 -0.6723
vn 0.8003 -0.5311 0.2784
vn 0.0649 -0.7477 -0.6609
vn 0.6925 -0.2900 -0.6606
vn 0.0284 0.9996 -0.0046
vn 0.0291 0.9976 -0.0627
vn 0.0545 0.9983 -0.0227
vn 0.0137 0.9998 -0.0117
vn 0.0351 0.9989 -0.0326
vn 0.0342 0.9976 -0.0603
vn 0.0043 0.9999 -0.0159
vn 0.0001 0.9995 -0.0325
vn -0.4268 0.8778 -0.2175
vn -0.0030 1.0000 -0.0045
vn 0.0021 1.0000 0.0041
vn -0.0022 1.0000 0.0074
vn 0.0021 1.0000 0.0032
vn 0.0137 0.9999 -0.0029
vn 0.0294 0.9995 0.0127
vn 0.0546 0.9985 -0.0082
vn 0.2806 0.9464 -0.1600
vn 0.3495 0.8756 -0.3334
vn 0.2020 0.9336 -0.2960
vn 0.0333 0.9177 -0.3959
vn -0.2886 0.5948 -0.7502
vn -0.3478 0.8882 -0.3001
vn 0.2306 0.9726 0.0295
vn 0.3231 0.9450 0.0515
vn 0.3098 0.9460 0.0958
vn 0.2054 0.7695 -0.6047
vn 0.2893 -0.4331 -0.8536
vn 0.1806 -0.5292 -0.8291
vn 0.8526 -0.4644 0.2396
vn 0.5692 0.8202 -0.0566
vn 0.8591 -0.5050 -0.0826
vn 0.6639 -0.6794 -0.3124
vn 0.3751 -0.7097 -0.5963
vn 0.2076 -0.7828 -0.5866
vn 0.1309 -0.7395 -0.6603
vn -0.4316 -0.8128 0.3912
vn 0.1609 -0.8953 0.4154
vn 0.5824 -0.7561 -0.2984
vn 0.5295 -0.8445 -0.0802
vn 0.2561 -0.9634 -0.0795
vn -0.3399 -0.9080 0.2448
vn 0.0422 -0.9987 0.0296
vn 0.6192 -0.7835 0.0526
vn -0.0207 0.9997 -0.0142
vn -0.0242 0.9997 0.0047
vn -0.0569 -0.8573 0.5117
vn -0.0327 0.9994 -0.0089
vn -0.1338 -0.8840 0.4479
vn -0.0193 0.9979 0.0617
vn -0.4124 -0.8570 -0.3089
vn -0.0981 -0.9622 -0.2542
vn -0.0193 0.9998 0.0064
vn -0.2160 -0.9263 -0.3089
vn -0.2064 -0.2628 0.9425
vn -0.6948 -0.7159 -0.0692
vn -0.0370 0.9973 -0.0635
vn -0.4268 -0.8878 0.1723
vn -0.7333 0.2280 0.6405
vn -0.1361 -0.7525 0.6444
vn -0.8910 -0.4417 0.1053
vn -0.1797 -0.9373 -0.2987
vn -0.1507 -0.9601 -0.2358
vn 0.4469 -0.8338 0.3241
vn 0.3579 -0.9061 0.2254
vn 0.3860 -0.8341 0.3941
vn 0.4546 -0.0596 0.8887
vn 0.0075 1.0000 -0.0031
vn -0.0030 1.0000 0.0049
vn -0.0006 0.9999 0.0124
vn -0.6901 0.4337 0.5793
vn -0.1305 0.9912 -0.0223
vn 0.1880 0.9784 -0.0864
vn -0.2512 0.4678 0.8474
vn -0.3057 0.0661 0.9498
vn -0.4712 0.6328 -0.6144
vn -0.9738 -0.1927 -0.1207
vn 0.0020 0.9999 0.0121
vn 0.0086 0.9999 0.0081
vn 0.0189 0.9998 0.0108
vn 0.0148 0.9999 0.0069
vn 0.1005 0.1952 0.9756
vn -0.0105 0.9999 -0.0115
vn -0.9787 0.1985 -0.0517
vn -0.0097 0.9999 -0.0074
vn 0.0163 0.9998 0.0086
vn 0.0334 0.9994 0.0035
vn -0.5768 0.8168 -0.0126
vn 0.0136 0.9998 -0.0120
vn 0.5729 -0.7769 -0.2612
vn 0.3787 -0.9253 -0.0197
vn 0.2225 -0.9749 -0.0113
vn -0.3277 -0.7927 -0.5141
vn -0.2872 -0.7859 -0.5475
vn -0.3702 -0.9075 -0.1986
vn -0.4876 -0.8400 -0.2381
vn -0.2808 -0.9571 0.0719
vn -0.3126 -0.9266 0.2089
vn -0.1175 -0.7374 0.6651
vn -0.1278 -0.9891 0.0733
vn -0.1223 -0.9575 0.2611
vn -0.4835 -0.0966 -0.8700
vn 0.3767 0.0353 0.9257
vn 0.1229 -0.9753 0.1837
vn 0.6115 -0.7495 0.2536
vn 0.4145 -0.8845 0.2142
vn 0.6940 -0.6891 0.2083
vn 0.5268 -0.8479 0.0603
vn -0.3278 -0.8921 0.3111
vn 0.3657 0.5529 0.7487
vn -0.1473 0.5418 0.8275
vn -0.0040 1.0000 0.0044
vn 0.1931 -0.9188 -0.3442
vn 0.1503 -0.9832 -0.1032
vn 0.5151 -0.8517 -0.0961
vn 0.7068 -0.6538 -0.2701
vn -0.1898 -0.9505 -0.2461
vn -0.0213 0.9971 -0.0733
vn -0.0098 0.9998 -0.0151
vn -0.0024 1.0000 -0.0090
vn -0.0090 0.9999 -0.0079
vn -0.0098 0.9999 -0.0065
vn 0.6768 0.1051 0.7286
vn 0.0872 0.9931 0.0784
vn -0.0051 0.9999 -0.0108
vn 0.3798 -0.1768 0.9080
vn 0.5736 0.7540 0.3201
vn -0.0199 0.9642 0.2643
vn 0.1796 0.9783 0.1031
vn 0.5654 0.7626 0.3142
vn 0.0299 0.9990 -0.0320
vn -0.0966 0.9786 -0.1817
vn -0.0278 0.9965 -0.0786
vn -0.2461 0.8315 -0.4979
vn -0.4667 -0.5459 -0.6959
vn -0.4252 -0.6329 -0.6470
vn 0.9440 0.3260 -0.0502
vn 0.6848 -0.6288 -0.3683
vn 0.7661 -0.5496 -0.3332
vn -0.2238 -0.8668 -0.4455
vn -0.4873 -0.4759 -0.7321
vn -0.0105 -0.9492 -0.3144
vn -0.3998 -0.8994 -0.1765
vn -0.2538 -0.9491 -0.1864
vn -0.4845 -0.8477 -0.2158
vn 0.3377 -0.9413 -0.0029
vn -0.0460 -0.8520 -0.5215
vn -0.0372 0.9991 -0.0217
vn -0.0345 0.9994 -0.0071
vn -0.0491 0.9985 -0.0230
vn 0.1604 -0.5125 0.8435
vn -0.2505 0.9317 -0.2631
vn 0.0340 0.9650 0.2601
vn -0.0275 0.9994 -0.0217
vn -0.0230 0.9992 -0.0329
vn -0.0101 0.9996 -0.0282
vn -0.0232 0.9981 -0.0564
vn -0.0531 -0.7857 -0.6163
vn 0.3028 0.9515 -0.0542
vn -0.1413 0.0122 -0.9899
vn -0.0389 0.9582 -0.2834
vn -0.0898 0.9234 -0.3732
vn -0.0968 -0.5888 -0.8024
vn -0.0763 -0.8043 -0.5893
vn -0.0480 0.9870 -0.1532
vn -0.2348 -0.9331 -0.2724
vn -0.0396 -0.6895 -0.7232
vn -0.1491 -0.9221 -0.3572
vn -0.1356 -0.9841 -0.1148
vn -0.5923 -0.8038 -0.0553
vn -0.6162 -0.7848 -0.0661
vn -0.5713 -0.7416 -0.3516
vn 0.9924 -0.1188 -0.0329
vn 0.1254 -0.9568 -0.2623
vn 0.1272 -0.9256 -0.3566
vn 0.1515 -0.8757 -0.4584
vn -0.5772 -0.5215 0.6283
vn -0.5247 -0.8484 0.0700
vn 0.0101 -0.9973 -0.0723
vn 0.0687 -0.9974 -0.0233
vn -0.5127 0.0898 0.8539
vn -0.8396 -0.4391 -0.3197
vn -0.6096 -0.7232 -0.3248
vn -0.1094 0.9940 -0.0053
vn -0.0969 0.9953 -0.0042
vn -0.0216 0.9998 0.0024
vn 0.2853 0.9534 -0.0980
vn -0.0067 1.0000 -0.0016
vn -0.0060 0.9989 -0.0470
vn 0.1068 0.6296 -0.7695
vn -0.0090 0.9999 -0.0050
vn -0.0199 0.9997 -0.0161
vn -0.0391 0.9992 -0.0116
vn -0.0141 0.9978 0.0652
vn 0.0072 0.9990 0.0451
vn -0.0925 0.9949 -0.0396
vn -0.0221 0.9996 -0.0174
vn -0.0367 0.9993 -0.0093
vn 0.3732 0.9085 0.1879
vn -0.0011 0.9129 0.4083
vn 0.5791 0.7684 0.2726
vn -0.0917 0.9859 -0.1402
vn -0.0312 0.9975 -0.0638
vn -0.0966 -0.8798 0.4655
vn -0.2011 0.9757 0.0874
vn -0.1031 0.9892 -0.1039
vn -0.7944 0.5776 -0.1878
vn -0.0859 -0.9141 -0.3963
vn -0.5960 0.7744 0.2126
vn -0.5444 0.8262 0.1450
vn -0.8307 -0.4174 0.3683
vn -0.7585 -0.4894 0.4304
vn 0.7182 0.3177 -0.6191
vn 0.0115 -0.9439 -0.3299
vn -0.1575 -0.9828 -0.0960
vn -0.1655 -0.9794 -0.1156
vn -0.1212 -0.8905 -0.4385
vn -0.5151 -0.8095 -0.2818
vn -0.4898 -0.8303 -0.2658
vn -0.3890 -0.8663 -0.3135
vn -0.2862 -0.9141 0.2871
vn -0.5865 -0.7241 0.3630
vn -0.5584 -0.7570 0.3393
vn -0.2360 -0.9707 0.0450
vn -0.2723 -0.7277 -0.6295
vn 0.1856 -0.9792 0.0818
vn 0.4968 -0.5327 0.6851
vn 0.0737 -0.9746 0.2117
vn -0.0209 -0.9793 0.2016
vn -0.6398 -0.6443 0.4191
vn -0.7783 -0.3237 0.5381
vn -0.7079 -0.4992 0.4997
vn -0.0931 -0.8822 0.4616
vn -0.0654 0.8120 0.5800
vn -0.2797 0.9448 0.1708
vn -0.0217 0.9998 0.0010
vn -0.0204 0.9997 0.0095
vn -0.5070 0.3395 -0.7922
vn 0.3237 0.9458 0.0264
vn -0.0437 0.9990 0.0106
vn -0.1098 0.9929 0.0466
vn -0.1489 0.9841 0.0964
vn -0.0721 0.9879 0.1376
vn 0.0172 0.9968 0.0780
vn -0.0686 0.9745 0.2137
vn 0.0218 0.9992 0.0339
vn 0.0108 0.9357 -0.3525
vn 0.0319 0.9994 0.0126
vn -0.6668 -0.5386 0.5151
vn -0.4670 -0.7462 0.4745
vn -0.4686 -0.7489 0.4685
vn 0.2217 -0.9576 0.1843
vn 0.1936 -0.4393 0.8773
vn 0.2462 -0.9503 0.1904
vn 0.3028 -0.9524 0.0354
vn 0.4321 -0.7737 0.4634
vn -0.0702 -0.9483 0.3094
vn -0.0390 -0.7986 0.6006
vn 0.5704 -0.6553 0.4952
vn 0.7768 -0.2465 0.5795
vn -0.4319 -0.6821 0.5901
vn 0.0036 1.0000 -0.0038
vn 0.0598 0.9902 0.1261
vn 0.2445 0.9632 0.1118
vn 0.0008 1.0000 0.0009
vn -0.3080 0.7925 0.5263
vn 0.0037 0.9936 0.1125
vn 0.0150 0.9931 0.1167
vn -0.2313 0.9661 0.1149
vn -0.0107 0.9999 0.0013
vn -0.4918 0.8570 -0.1541
vn 0.0088 0.9999 0.0064
vn 0.0067 1.0000 0.0056
vn 0.0253 0.9990 0.0363
vn 0.0123 0.9986 0.0505
vn -0.0010 0.9996 0.0295
vn 0.0068 0.9996 0.0258
vn 0.0075 0.9996 0.0255
vn -0.0455 0.9985 -0.0294
vn 0.2531 0.9408 0.2253
vn -0.0622 0.9736 0.2197
vn -0.3867 -0.6611 0.6430
vn -0.3656 -0.7079 0.6043
vn -0.1609 -0.9173 0.3643
vn 0.2957 0.9220 0.2498
vn 0.4929 -0.7954 0.3528
vn 0.7019 -0.7016 -0.1228
vn 0.2761 -0.9267 0.2551
vn 0.1741 -0.6924 0.7002
vn -0.4613 -0.8309 0.3112
vn -0.4280 -0.8956 0.1208
vn 0.0704 -0.9877 0.1398
vn -0.3528 -0.8946 0.2742
vn -0.4409 -0.6655 0.6023
vn -0.0604 -0.9655 0.2535
vn 0.1984 -0.9781 0.0628
vn 0.3869 -0.8728 0.2976
vn 0.8067 -0.5910 -0.0025
vn 0.6575 -0.7534 -0.0116
vn 0.4624 -0.5170 0.7204
vn 0.4768 -0.5489 0.6865
vn 0.7177 -0.6941 0.0552
vn 0.8654 -0.5009 -0.0105
vn 0.0121 0.9999 0.0085
vn 0.0086 0.9999 0.0102
vn -0.0000 1.0000 -0.0071
vn 0.0114 0.9999 0.0053
vn 0.0001 1.0000 0.0014
vn 0.0022 1.0000 -0.0050
vn -0.0068 1.0000 0.0003
vn -0.0061 0.9999 -0.0104
vn -0.0020 1.0000 -0.0050
vn -0.0076 0.9999 0.0086
vn -0.0036 1.0000 0.0050
vn -0.0026 1.0000 0.0028
vn -0.0007 1.0000 0.0021
vn 0.0099 0.9999 0.0108
vn -0.0034 1.0000 0.0025
vn 0.0350 0.9993 0.0115
vn 0.3212 0.8714 0.3707
vn 0.0531 0.9976 0.0450
vn 0.0543 0.9973 0.0484
vn 0.1722 0.9618 0.2129
vn 0.3179 0.9463 0.0590
vn 0.2450 0.9687 0.0397
vn 0.0653 0.9975 0.0275
vn -0.2657 -0.9571 -0.1158
vn -0.2757 -0.9525 -0.1297
vn -0.1943 -0.9727 -0.1267
vn -0.2799 -0.9402 0.1943
vn -0.2204 -0.9732 0.0658
vn -0.5560 -0.8235 -0.1124
vn -0.2940 -0.9549 0.0419
vn -0.1328 -0.9815 0.1379
vn 0.0737 -0.9754 0.2079
vn 0.3976 -0.8066 0.4374
vn 0.3454 -0.8957 0.2801
vn 0.3350 -0.8194 0.4651
vn 0.0972 -0.9877 -0.1226
vn 0.5244 -0.8493 -0.0608
vn 0.1584 -0.9828 -0.0951
vn 0.6493 -0.7388 0.1806
vn -0.2060 -0.0560 -0.9770
vn 0.0300 0.9995 -0.0078
vn 0.0230 0.9997 0.0010
vn 0.0260 0.9996 -0.0071
vn -0.0069 1.0000 0.0003
vn 0.0051 0.9999 0.0149
vn -0.2404 0.9103 -0.3370
vn 0.5651 0.7544 0.3342
vn -0.3448 0.9047 -0.2502
vn -0.0006 1.0000 -0.0041
vn -0.0023 1.0000 -0.0015
vn 0.0022 1.0000 0.0032
vn 0.0016 1.0000 -0.0012
vn -0.2617 0.8128 -0.5205
vn 0.0871 0.9961 0.0134
vn 0.2772 0.9606 0.0213
vn 0.6499 -0.7441 0.1546
vn 0.8503 -0.4684 0.2399
vn -0.0613 -0.7590 -0.6482
vn -0.1856 -0.8175 -0.5452
vn -0.0440 -0.6943 -0.7183
vn -0.2806 -0.8587 -0.4289
vn -0.2382 -0.9710 -0.0184
vn -0.1750 -0.9593 -0.2218
vn 0.4283 -0.3069 0.8499
vn 0.3006 -0.9243 0.2351
vn 0.0072 -0.9746 0.2240
vn 0.1506 -0.9759 0.1582
vn 0.1790 -0.9758 0.1257
vn 0.2141 -0.9682 0.1298
vn 0.5918 -0.8016 0.0851
vn -0.0326 0.9994 -0.0096
vn -0.2038 -0.9001 -0.3850
vn -0.0740 0.9455 -0.3172
vn -0.1122 0.9826 -0.1479
vn -0.5411 -0.6728 -0.5045
vn -0.0801 -0.9850 -0.1528
vn -0.0714 -0.9863 -0.1489
vn -0.8076 -0.5860 0.0662
vn -0.0447 0.9964 -0.0723
vn 0.3053 -0.2176 0.9271
vn 0.5752 -0.1948 0.7945
vn 0.2544 0.0740 0.9643
vn -0.7893 -0.2073 0.5780
vn 0.3585 -0.0421 0.9326
vn -0.5655 0.2496 0.7861
vn -0.9974 -0.0674 -0.0240
vn -0.8355 -0.5235 0.1671
vn -0.9540 -0.0431 -0.2966
vn -0.7289 -0.2102 -0.6515
vn -0.9419 -0.1931 -0.2749
vn -0.8405 -0.2871 -0.4595
vn -0.7550 0.1409 -0.6404
vn -0.4434 -0.6327 -0.6348
vn -0.4101 -0.5634 -0.7172
vn -0.1605 0.4144 -0.8958
vn -0.3808 0.2156 -0.8991
vn 0.5345 -0.2950 -0.7920
vn -0.0683 -0.3790 -0.9229
vn 0.8437 -0.4997 -0.1962
vn 0.6609 -0.6410 -0.3902
vn 0.7329 -0.1230 0.6691
vn 0.9821 0.1875 0.0168
vn 0.8629 0.2557 -0.4360
vn 0.3201 0.2580 0.9116
vn 0.4402 0.1010 0.8922
vn 0.5852 0.1952 0.7871
vn 0.1235 -0.1192 0.9852
vn -0.3838 0.0457 0.9223
vn -0.5284 -0.3443 0.7760
vn -0.4941 0.0521 0.8679
vn -0.8446 0.2862 0.4524
vn 0.0784 -0.0387 0.9962
vn -0.2111 -0.8848 0.4154
vn -0.3098 0.6050 0.7334
vn 0.2050 -0.4507 0.8688
vn 0.1462 0.0349 -0.9886
vn -0.3363 -0.1632 -0.9275
vn -0.9473 0.0707 -0.3125
vn 0.5714 -0.1363 -0.8092
vn -0.3800 -0.3638 -0.8504
vn -0.2881 -0.4419 -0.8496
vn -0.0977 0.4152 -0.9045
vn 0.1600 -0.4763 -0.8646
vn 0.3838 -0.3473 -0.8556
vn 0.5322 -0.6114 -0.5855
vn 0.7491 -0.5850 -0.3109
vn 0.1321 0.2516 0.9588
vn 0.8024 0.5954 0.0415
vn 0.7335 -0.3063 0.6067
vn -0.5871 -0.3566 0.7267
vn 0.4090 -0.4240 0.8081
vn 0.9197 0.2240 -0.3225
vn -0.8486 -0.4679 0.2469
vn -0.1958 0.4487 0.8720
vn 0.0890 -0.2889 0.9532
vn -0.4749 0.3784 0.7945
vn -0.0199 -0.9997 0.0162
vn -0.4578 -0.3649 0.8107
vn -0.8188 0.4684 0.3320
vn -0.9175 -0.3970 0.0248
vn -0.8272 0.5367 -0.1665
vn -0.0494 0.9986 -0.0190
vn -0.5392 0.7135 -0.4474
vn -0.1490 0.7537 -0.6401
vn 0.5149 -0.3427 -0.7858
vn 0.9575 -0.2692 -0.1040
vn -0.5212 -0.2487 -0.8164
vn 0.8858 0.2125 0.4125
vn 0.3968 0.2676 0.8780
vn -0.0534 -0.0732 0.9959
vn -0.0579 -0.5536 0.8307
vn -0.9728 -0.1983 0.1196
vn -0.4889 -0.1165 0.8645
vn -0.8352 -0.4666 0.2911
vn -0.8799 -0.4051 -0.2483
vn -0.6014 -0.7357 -0.3115
vn -0.8109 0.2654 0.5216
vn -0.9251 -0.3103 -0.2188
vn 0.3102 -0.2595 -0.9146
vn -0.3609 -0.0275 -0.9322
vn 0.3841 -0.4522 -0.8050
vn 0.2380 -0.4320 -0.8699
vn 0.0941 -0.1474 -0.9846
vn -0.6898 -0.0164 -0.7238
vn 0.2396 0.3529 -0.9045
vn 0.4695 0.1543 -0.8693
vn -0.0466 0.9299 0.3649
vn 0.1603 0.2802 -0.9465
vn 0.8591 -0.3704 0.3533
vn 0.7852 0.3897 0.4813
vn 0.0092 0.9999 0.0059
vn 0.5746 0.0070 0.8184
vn 0.4559 -0.0071 0.8900
vn 0.1954 0.0393 0.9799
vn -0.3854 -0.1369 0.9125
vn -0.3881 0.1617 0.9073
vn -0.6420 -0.0008 -0.7667
vn -0.6556 -0.6576 0.3712
vn 0.8638 0.3597 -0.3529
vn 0.2439 -0.4140 0.8770
vn 0.7182 0.1788 -0.6725
vn -0.2353 -0.5660 0.7901
vn -0.9770 0.2089 -0.0423
vn 0.7572 -0.3077 0.5762
vn 0.2589 -0.0298 0.9655
vn 0.6292 0.7720 -0.0906
vn -0.7541 0.1658 0.6355
vn 0.3267 -0.1865 -0.9265
vn -0.9330 0.1303 0.3354
vn 0.6897 -0.5923 0.4165
vn -0.8984 -0.0038 -0.4392
vn 0.8354 -0.3221 0.4454
vn -0.7921 0.3410 -0.5062
vn 0.8532 -0.3158 0.4152
vn -0.9181 0.3465 -0.1925
vn 0.0652 -0.2580 0.9639
vn -0.9851 0.1396 0.1008
vn 0.3468 0.0089 -0.9379
vn -0.0227 0.7683 -0.6397
vn -0.2026 -0.3935 -0.8967
vn -0.2452 -0.2660 -0.9323
vn -0.1368 -0.4735 -0.8701
vn 0.8334 0.5096 0.2136
vn 0.2865 -0.0173 -0.9579
vn 0.2745 0.0770 0.9585
vn 0.6168 -0.1322 -0.7759
vn 0.3474 0.9164 0.1986
vn -0.0789 0.9964 -0.0300
vn -0.1310 -0.9560 0.2625
vn 0.4456 0.0217 0.8950
vn 0.8740 0.4038 -0.2703
vn 0.3843 0.3468 -0.8556
vn 0.8501 0.4506 0.2725
vn 0.6629 0.2366 -0.7104
vn -0.3944 0.3584 -0.8462
vn 0.8424 0.5030 -0.1932
vn -0.4890 0.3305 -0.8073
vn 0.9006 -0.2468 0.3578
vn 0.6087 0.4884 0.6253
vn -0.6331 0.6944 0.3422
vn 0.8125 -0.0196 -0.5827
vn -0.6743 0.7381 -0.0214
vn 0.6654 -0.0414 0.7453
vn -0.2937 -0.3427 -0.8924
vn 0.4708 0.0034 0.8822
vn -0.7190 0.2905 -0.6314
vn 0.1614 -0.0396 0.9861
vn -0.9816 0.1297 -0.1404
vn -0.0306 -0.0817 0.9962
vn -0.6226 -0.1969 -0.7574
vn -0.0696 0.6128 -0.7872
vn -0.2819 -0.0413 -0.9586
vn 0.1972 -0.1900 -0.9618
vn 0.1226 -0.1774 -0.9765
vn 0.5410 0.6053 -0.5838
vn 0.2710 -0.2412 0.9319
vn 0.4121 -0.2487 -0.8766
vn -0.0802 -0.3950 0.9152
vn 0.8615 -0.0028 -0.5077
vn 0.5879 -0.0935 0.8035
vn 0.7895 0.1438 -0.5967
vn -0.6197 0.0795 0.7808
vn 0.1200 0.3118 -0.9425
vn -0.9827 -0.1151 0.1452
vn 0.0674 0.1271 -0.9896
vn -0.5063 0.4191 0.7537
vn 0.0653 0.9907 0.1194
vn -0.0365 0.9957 0.0850
vn -0.2320 0.9718 -0.0428
vn 0.7649 -0.5360 0.3572
vn 0.3431 -0.3020 0.8894
vn 0.2997 -0.5267 0.7954
vn 0.3963 0.2613 0.8801
vn 0.8521 -0.3091 0.4223
vn 0.7737 -0.5240 0.3562
vn 0.8755 0.2181 0.4312
vn 0.9247 0.3383 -0.1747
vn 0.9497 0.2662 -0.1649
vn 0.8625 -0.4959 -0.1009
vn 0.3945 0.5025 -0.7693
vn 0.4235 0.2860 -0.8595
vn 0.4794 -0.5519 -0.6823
vn -0.4990 -0.1416 -0.8549
vn -0.3760 -0.3962 -0.8376
vn -0.3366 0.5071 -0.7934
vn -0.3112 -0.3270 0.8923
vn -0.3332 -0.5592 0.7591
vn -0.4733 0.2625 0.8409
vn 0.0252 0.3420 0.9394
vn 0.0087 0.2921 0.9564
vn 0.1148 -0.5173 0.8480
vn -0.4323 -0.5813 0.6893
vn -0.6871 0.2945 0.6642
vn -0.5210 0.3960 0.7561
vn -0.5354 0.4733 -0.6995
vn -0.7372 -0.6720 -0.0696
vn -0.8286 -0.4440 -0.3410
vn -0.8356 0.4106 0.3648
vn -0.3705 -0.4798 0.7953
vn -0.6985 -0.2601 0.6667
vn -0.7682 -0.6392 -0.0355
vn -0.8666 0.3931 0.3073
vn -0.7986 0.4743 0.3705
vn -0.8651 0.4407 -0.2394
vn -0.7295 -0.6818 -0.0543
vn -0.8827 -0.4567 -0.1108
vn 0.3255 -0.9438 0.0572
vn 0.0441 -0.9727 -0.2279
vn 0.1783 0.9519 -0.2492
vn 0.1926 -0.1916 -0.9624
vn 0.4381 0.7867 0.4349
vn 0.4096 -0.0484 0.9110
vn -0.0019 1.0000 0.0014
vn 0.2584 0.7118 -0.6531
vn 0.3795 0.9188 0.1089
vn -0.2297 -0.2633 -0.9370
vn -0.4403 -0.8831 -0.1621
vn 0.4050 -0.9091 0.0979
vn 0.4664 -0.8825 0.0606
vn -0.9400 0.1400 -0.3110
vn 0.0530 -0.8562 -0.5139
vn -0.2218 -0.2623 -0.9392
vn 0.2070 -0.9734 -0.0977
vn -0.0145 -0.9944 0.1046
vn 0.3672 0.0510 0.9287
vn 0.2302 0.9715 0.0558
vn 0.3548 -0.9267 0.1243
vn 0.0867 -0.9645 0.2493
vn 0.2512 0.9472 -0.1990
vn 0.1207 -0.9167 -0.3810
vn 0.1388 -0.9888 0.0543
vn -0.0473 -0.9860 0.1601
vn 0.3570 0.5347 -0.7659
vn 0.0254 0.9934 0.1118
vn 0.3522 0.8090 -0.4707
vn -0.4953 0.5921 -0.6357
vn -0.0769 -0.9856 -0.1507
vn 0.3765 0.9203 -0.1065
vn 0.0378 0.9978 -0.0546
vn 0.8307 -0.2000 0.5196
vn -0.2976 -0.9535 -0.0476
vn -0.5801 -0.7025 0.4123
vn -0.0841 -0.9542 0.2872
vn 0.4498 -0.6043 0.6576
vn -0.0085 0.9998 0.0187
vn -0.1159 -0.0957 0.9886
vn 0.2336 0.8564 -0.4604
vn -0.0229 0.9786 -0.2047
vn 0.0012 0.9999 0.0124
vn -0.3424 -0.9239 -0.1705
vn -0.2809 -0.9440 0.1729
vn -0.5504 -0.5899 0.5908
vn 0.5091 -0.6587 0.5541
vn -0.2522 -0.9158 0.3125
vn 0.1880 0.4063 0.8942
vn 0.0263 0.0290 0.9992
vn 0.3904 0.9175 -0.0755
vn 0.7932 0.6086 0.0201
vn 0.4563 -0.8748 -0.1629
vn 0.5285 0.3725 0.7629
vn -0.0600 0.9938 0.0940
vn -0.1164 0.9839 0.1359
vn 0.1457 0.9884 0.0419
vn 0.1946 0.9352 -0.2958
vn -0.2213 0.0570 -0.9735
vn -0.2183 -0.9085 0.3563
vn -0.0485 -0.9965 -0.0687
vn -0.1143 0.8717 -0.4765
vn 0.1113 0.6427 -0.7580
vn 0.1619 -0.9854 0.0525
vn -0.1227 -0.9228 0.3653
vn 0.2464 -0.9503 0.1905
vn 0.0283 -0.9955 0.0900
vn 0.2148 -0.9761 0.0312
vn 0.2529 0.9645 0.0754
vn -0.0968 0.9951 0.0176
vn 0.0059 0.9939 0.1100
vn -0.1588 0.9810 0.1113
vn 0.2324 -0.9632 0.1353
vn -0.4014 -0.9078 0.1217
vn -0.0155 -0.9831 0.1826
vn 0.0074 0.9999 0.0072
vn -0.0042 1.0000 -0.0045
vn 0.9725 -0.0650 0.2238
vn 0.0121 0.3009 0.9536
vn 0.0955 0.1402 0.9855
vn -0.4993 0.2875 0.8173
vn -0.7123 0.0361 0.7009
vn -0.5279 0.1935 -0.8270
vn -0.7894 -0.2921 -0.5400
vn -0.9745 -0.1098 -0.1955
vn -0.9689 0.2351 0.0769
vn 0.3215 0.7353 -0.5966
vn 0.6063 0.4085 -0.6823
vn 0.7022 -0.7104 -0.0473
vn -0.4119 0.7770 -0.4760
vn 0.6041 -0.2735 -0.7485
vn 0.8021 0.1679 0.5732
vn 0.9637 0.0508 -0.2622
vn 0.8229 -0.1684 0.5427
vn 0.9225 0.0603 0.3813
vn 0.0306 -0.1322 0.9907
vn -0.1123 0.3152 0.9423
vn -0.0852 -0.7179 0.6909
vn -0.2686 0.5909 0.7608
vn 0.2571 0.8642 0.4326
vn -0.0658 -0.0270 0.9975
vn 0.0196 -0.2496 0.9682
vn -0.3223 0.6213 0.7142
vn 0.0247 -0.6977 0.7160
vn -0.2164 0.0375 -0.9756
vn -0.5333 -0.1672 -0.8292
vn -0.2775 -0.3838 -0.8807
vn 0.0818 -0.3663 -0.9269
vn -0.2574 0.4651 -0.8470
vn -0.2188 -0.2890 -0.9320
vn 0.6123 -0.4350 -0.6602
vn 0.9387 -0.3185 -0.1323
vn 0.3729 -0.1780 -0.9107
vn -0.5789 0.6816 0.4474
vn -0.4668 -0.1392 0.8734
vn 0.5925 -0.2457 0.7672
vn 0.1111 0.6580 0.7448
vn 0.1016 -0.2746 0.9562
vn -0.4700 0.3656 0.8034
vn -0.0435 -0.9955 0.0847
vn -0.5092 -0.4246 0.7486
vn -0.9087 -0.4173 0.0142
vn -0.8379 0.4895 -0.2414
vn -0.4417 0.5746 -0.6890
vn -0.3185 0.5998 -0.7340
vn 0.5407 -0.2802 -0.7932
vn 0.9473 -0.2961 -0.1221
vn -0.0784 -0.9856 -0.1499
vn 0.8866 0.2436 0.3932
vn 0.3957 0.2688 0.8782
vn 0.3129 0.0022 0.9498
vn -0.4702 -0.3910 0.7912
vn -0.2586 0.4163 -0.8717
vn -0.7974 -0.1470 -0.5853
vn 0.9788 0.1533 -0.1359
vn 0.4703 0.0659 -0.8800
vn -0.0452 0.9814 -0.1867
vn 0.2236 0.5440 -0.8087
vn 0.1097 0.7786 -0.6178
vn 0.4256 0.2176 -0.8784
vn 0.8459 0.4850 0.2219
vn -0.0803 0.9627 0.2582
vn 0.1579 0.3155 -0.9357
vn 0.2806 0.4103 0.8677
vn 0.8239 0.4368 0.3611
vn 0.6314 0.0674 0.7725
vn 0.4714 -0.0000 0.8819
vn 0.1514 0.0056 0.9884
vn -0.0589 0.0380 0.9975
vn 0.0289 -0.7133 0.7002
vn -0.2508 -0.3158 0.9151
vn 0.3022 -0.5105 0.8050
vn 0.6186 0.2471 -0.7458
vn -0.5464 -0.2179 0.8087
vn 0.5459 0.7769 -0.3138
vn -0.9205 0.3695 -0.1271
vn 0.3136 0.0909 0.9452
vn -0.4964 0.4061 -0.7672
vn 0.4252 -0.1050 0.8990
vn -0.7469 -0.2600 -0.6121
vn 0.4472 0.4284 0.7852
vn 0.0210 0.3382 -0.9408
vn -0.7408 -0.1543 -0.6537
vn 0.5180 0.5837 -0.6253
vn -0.4202 -0.5640 -0.7108
vn 0.8708 0.4812 0.1003
vn 0.8312 0.4653 0.3043
vn -0.2856 -0.4315 -0.8557
vn 0.6273 -0.0233 0.7784
vn 0.8393 0.3750 -0.3938
vn -0.1007 0.3917 -0.9146
vn 0.2316 0.5756 -0.7843
vn -0.4297 0.3633 -0.8266
vn 0.9171 -0.3686 0.1516
vn 0.6405 0.5415 0.5446
vn -0.8898 0.4547 -0.0391
vn 0.6736 0.6157 -0.4089
vn -0.6704 0.7415 -0.0281
vn 0.6347 -0.0188 0.7725
vn -0.8469 0.4605 -0.2659
vn -0.6664 -0.5975 0.4460
vn 0.2349 0.0400 0.9712
vn 0.1372 0.8242 -0.5494
vn 0.1268 0.9579 -0.2574
vn 0.2149 -0.1305 -0.9679
vn 0.2575 -0.1474 -0.9550
vn -0.0227 0.1190 0.9926
vn 0.9368 0.2578 -0.2367
vn 0.3826 0.0122 -0.9239
vn -0.5012 -0.1641 0.8496
vn -0.9586 0.0400 0.2818
vn 0.0973 -0.0036 -0.9952
vn -0.9608 -0.2526 0.1146
vn -0.3199 0.9446 0.0740
vn 0.3278 -0.2840 0.9011
vn 0.2898 -0.5148 0.8068
vn 0.3973 0.2603 0.8800
vn 0.8615 -0.2939 0.4141
vn 0.7856 -0.5104 0.3497
vn 0.8779 0.2479 0.4097
vn 0.9271 0.3234 -0.1893
vn 0.9516 0.2504 -0.1783
vn 0.8479 -0.5171 -0.1167
vn 0.3807 0.4565 -0.8041
vn 0.4156 0.2542 -0.8733
vn 0.5045 -0.5143 -0.6935
vn -0.5082 -0.2966 -0.8086
vn -0.3826 -0.5421 -0.7482
vn -0.4614 0.2886 -0.8390
vn -0.3889 -0.3742 0.8419
vn -0.3675 -0.5862 0.7220
vn -0.4882 0.2480 0.8367
vn 0.0056 0.3302 0.9439
vn -0.0081 0.2784 0.9604
vn 0.1212 -0.5116 0.8506
vn -0.3389 -0.5226 0.7824
vn -0.5459 0.3252 0.7722
vn -0.5221 0.4452 -0.7275
vn -0.7202 -0.6857 -0.1054
vn -0.9303 0.2937 0.2198
vn -0.4010 -0.5371 0.7421
vn -0.7593 -0.4349 0.4841
vn -0.7407 -0.6716 -0.0169
vn -0.8215 0.5051 0.2647
vn -0.7851 0.5327 0.3159
vn -0.8642 0.4460 -0.2330
vn -0.7320 -0.6795 -0.0495
vt 0.290549 0.710637
vt 0.291723 0.721996
vt 0.309595 0.723432
vt 0.348932 0.765571
vt 0.361088 0.762527
vt 0.368300 0.745132
vt 0.276357 0.692367
vt 0.261660 0.701682
vt 0.267435 0.750182
vt 0.308681 0.758746
vt 0.362048 0.771757
vt 0.239101 0.659183
vt 0.263719 0.656627
vt 0.251960 0.643806
vt 0.692551 0.672910
vt 0.676541 0.683882
vt 0.656077 0.651991
vt 0.621457 0.700253
vt 0.620818 0.731887
vt 0.608065 0.727065
vt 0.777009 0.770987
vt 0.757222 0.777043
vt 0.752203 0.766238
vt 0.328003 0.612801
vt 0.313417 0.622553
vt 0.337363 0.627996
vt 0.649719 0.767873
vt 0.655029 0.755730
vt 0.653165 0.773490
vt 0.711362 0.799683
vt 0.688063 0.789890
vt 0.704399 0.783521
vt 0.689185 0.760841
vt 0.654137 0.729402
vt 0.695997 0.722978
vt 0.650649 0.743881
vt 0.609573 0.744021
vt 0.619885 0.738671
vt 0.685155 0.709731
vt 0.638813 0.652648
vt 0.631732 0.677286
vt 0.629168 0.663365
vt 0.700912 0.716643
vt 0.339569 0.724520
vt 0.328743 0.709320
vt 0.349949 0.719462
vt 0.764579 0.715681
vt 0.765103 0.726801
vt 0.755316 0.721613
vt 0.780820 0.737164
vt 0.784658 0.745718
vt 0.627915 0.656270
vt 0.674190 0.635410
vt 0.687937 0.629665
vt 0.704732 0.633687
vt 0.256535 0.641825
vt 0.287273 0.634056
vt 0.361231 0.781368
vt 0.367270 0.782149
vt 0.350078 0.785563
vt 0.358791 0.791268
vt 0.291507 0.792370
vt 0.304351 0.794383
vt 0.307800 0.784986
vt 0.276635 0.787374
vt 0.229834 0.722135
vt 0.234469 0.687050
vt 0.281243 0.670797
vt 0.296415 0.640200
vt 0.302310 0.632079
vt 0.314493 0.799565
vt 0.303026 0.811529
vt 0.316671 0.809025
vt 0.315926 0.740194
vt 0.299791 0.732427
vt 0.294163 0.725910
vt 0.306244 0.724283
vt 0.365118 0.713696
vt 0.352329 0.681599
vt 0.346670 0.702740
vt 0.381609 0.641002
vt 0.359381 0.632635
vt 0.357444 0.641515
vt 0.386371 0.756934
vt 0.408726 0.727713
vt 0.385016 0.679673
vt 0.848107 0.725476
vt 0.827716 0.754007
vt 0.849302 0.750962
vt 0.832946 0.648909
vt 0.844676 0.684507
vt 0.852571 0.660568
vt 0.822060 0.798743
vt 0.829350 0.782003
vt 0.821139 0.790862
vt 0.861267 0.706160
vt 0.829664 0.630746
vt 0.794465 0.745229
vt 0.784889 0.753791
vt 0.822354 0.739409
vt 0.816168 0.779257
vt 0.809425 0.771277
vt 0.855199 0.685388
vt 0.850842 0.727275
vt 0.833159 0.696034
vt 0.810969 0.668224
vt 0.817143 0.632126
vt 0.837078 0.653337
vt 0.808919 0.710126
vt 0.836450 0.762314
vt 0.798284 0.773611
vt 0.775869 0.707387
vt 0.359850 0.637511
vt 0.356795 0.639473
vt 0.355032 0.635653
vt 0.815796 0.798238
vt 0.821725 0.792635
vt 0.812864 0.792380
vt 0.794610 0.628124
vt 0.799071 0.624125
vt 0.795148 0.625748
vt 0.403633 0.630828
vt 0.406679 0.652311
vt 0.417563 0.694416
vt 0.436372 0.742874
vt 0.417451 0.776621
vt 0.385186 0.790435
vt 0.373060 0.782089
vt 0.357967 0.677038
vt 0.329442 0.853231
vt 0.339209 0.840194
vt 0.324881 0.847839
vt 0.343920 0.839286
vt 0.348566 0.883369
vt 0.370239 0.857344
vt 0.361909 0.816905
vt 0.746798 0.895104
vt 0.757688 0.882705
vt 0.734409 0.873760
vt 0.803017 0.840691
vt 0.782035 0.864866
vt 0.802464 0.865932
vt 0.811986 0.777687
vt 0.801042 0.805341
vt 0.775598 0.890141
vt 0.815622 0.829689
vt 0.725250 0.884515
vt 0.716776 0.880617
vt 0.730606 0.861088
vt 0.787688 0.877368
vt 0.760755 0.886977
vt 0.775720 0.857468
vt 0.786596 0.821410
vt 0.811631 0.814589
vt 0.804172 0.846894
vt 0.771005 0.792020
vt 0.791764 0.788640
vt 0.813868 0.794613
vt 0.761390 0.831388
vt 0.748710 0.860909
vt 0.737325 0.887665
vt 0.758924 0.830031
vt 0.746021 0.840538
vt 0.723382 0.840666
vt 0.302534 0.816306
vt 0.292001 0.810083
vt 0.304252 0.827300
vt 0.758261 0.785874
vt 0.763463 0.784452
vt 0.725751 0.889097
vt 0.721779 0.911097
vt 0.729109 0.928308
vt 0.718230 0.925073
vt 0.716590 0.930953
vt 0.742132 0.909407
vt 0.715701 0.906418
vt 0.724099 0.878137
vt 0.725241 0.871030
vt 0.375097 0.793697
vt 0.392701 0.837338
vt 0.394533 0.879150
vt 0.375064 0.907744
vt 0.352473 0.928844
vt 0.330872 0.918263
vt 0.317586 0.871359
vt 0.320195 0.861054
vt 0.320407 0.898842
vt 0.322365 0.915034
vt 0.348825 0.828305
vt 0.350491 0.814645
vt 0.320002 0.853160
vt 0.257300 0.839499
vt 0.240052 0.866763
vt 0.265469 0.846142
vt 0.265831 0.890588
vt 0.290877 0.864280
vt 0.280270 0.824112
vt 0.251330 0.957440
vt 0.237381 0.920799
vt 0.247641 0.957009
vt 0.293746 0.919624
vt 0.313824 0.938709
vt 0.321306 0.923441
vt 0.665608 0.914106
vt 0.648685 0.906882
vt 0.653298 0.930739
vt 0.649426 0.882328
vt 0.631578 0.900603
vt 0.617491 0.893784
vt 0.698629 0.936052
vt 0.658432 0.911243
vt 0.692064 0.911656
vt 0.706561 0.821156
vt 0.718262 0.845610
vt 0.693080 0.835122
vt 0.668513 0.815846
vt 0.661369 0.790594
vt 0.671261 0.796785
vt 0.667695 0.848403
vt 0.699332 0.808872
vt 0.706962 0.810594
vt 0.709395 0.802988
vt 0.682314 0.874812
vt 0.714412 0.870451
vt 0.707165 0.911645
vt 0.644369 0.937039
vt 0.646381 0.911889
vt 0.630365 0.862277
vt 0.637068 0.876956
vt 0.632604 0.881715
vt 0.628622 0.880069
vt 0.651288 0.810839
vt 0.653260 0.843314
vt 0.643708 0.823381
vt 0.662473 0.808063
vt 0.694637 0.930074
vt 0.641339 0.913462
vt 0.644710 0.906517
vt 0.604260 0.893893
vt 0.291005 0.948207
vt 0.281433 0.941739
vt 0.607785 0.896484
vt 0.611663 0.898735
vt 0.607911 0.889701
vt 0.203217 0.921039
vt 0.213496 0.937118
vt 0.309053 0.846722
vt 0.307829 0.836097
vt 0.312081 0.878371
vt 0.266551 0.936756
vt 0.217838 0.878390
vt 0.271377 0.803924
vt 0.260651 0.811824
vt 0.263371 0.799360
vt 0.225555 0.851538
vt 0.207222 0.871262
vt 0.185988 0.819794
vt 0.170247 0.825690
vt 0.185165 0.834412
vt 0.174909 0.861636
vt 0.194222 0.850339
vt 0.524314 0.790230
vt 0.522831 0.772008
vt 0.517907 0.778250
vt 0.542498 0.848023
vt 0.528872 0.816912
vt 0.523463 0.836962
vt 0.586294 0.887129
vt 0.598333 0.894239
vt 0.513087 0.803962
vt 0.552789 0.868322
vt 0.575210 0.799880
vt 0.554636 0.780608
vt 0.577645 0.783856
vt 0.522417 0.821830
vt 0.529362 0.797701
vt 0.549609 0.825921
vt 0.572768 0.875751
vt 0.542647 0.851942
vt 0.577613 0.856300
vt 0.606839 0.852325
vt 0.602547 0.879598
vt 0.574979 0.840192
vt 0.591336 0.847791
vt 0.574204 0.820723
vt 0.566594 0.802074
vt 0.633639 0.852069
vt 0.616646 0.885739
vt 0.511817 0.773219
vt 0.509666 0.784080
vt 0.541434 0.771154
vt 0.557668 0.768800
vt 0.577896 0.773250
vt 0.572963 0.867545
vt 0.544893 0.759000
vt 0.181068 0.910913
vt 0.214433 0.909045
vt 0.206750 0.894419
vt 0.152800 0.887822
vt 0.140157 0.851024
vt 0.135926 0.819465
vt 0.147809 0.790195
vt 0.184445 0.797813
vt 0.166770 0.802254
vt 0.190350 0.788021
vt 0.192333 0.798867
vt 0.198616 0.784352
vt 0.171915 0.688760
vt 0.145741 0.726841
vt 0.186349 0.711968
vt 0.158210 0.628894
vt 0.156864 0.678672
vt 0.168773 0.638057
vt 0.184478 0.753262
vt 0.216037 0.741337
vt 0.543503 0.617487
vt 0.519201 0.627583
vt 0.509791 0.648659
vt 0.489437 0.727188
vt 0.491292 0.686590
vt 0.471133 0.708303
vt 0.138341 0.803019
vt 0.135315 0.772457
vt 0.134551 0.797912
vt 0.483423 0.661928
vt 0.488517 0.749457
vt 0.481085 0.687544
vt 0.509167 0.654014
vt 0.517410 0.695833
vt 0.506385 0.759426
vt 0.489216 0.728051
vt 0.534639 0.735400
vt 0.568567 0.641492
vt 0.590096 0.636293
vt 0.590400 0.645299
vt 0.630147 0.652949
vt 0.624121 0.649903
vt 0.591970 0.738643
vt 0.603343 0.705906
vt 0.562548 0.708167
vt 0.596601 0.755405
vt 0.515159 0.772108
vt 0.565808 0.701670
vt 0.553172 0.680633
vt 0.556021 0.662476
vt 0.539430 0.628321
vt 0.556854 0.621139
vt 0.539563 0.618605
vt 0.102712 0.771239
vt 0.103565 0.744899
vt 0.542438 0.611594
vt 0.543634 0.611230
vt 0.538732 0.610665
vt 0.220950 0.674897
vt 0.218276 0.668119
vt 0.221526 0.690787
vt 0.225502 0.672262
vt 0.210994 0.760282
vt 0.199966 0.772347
vt 0.203103 0.632779
vt 0.222473 0.651589
vt 0.220501 0.641648
vt 0.105286 0.696880
vt 0.122451 0.652016
vt 0.244933 0.595935
vt 0.260693 0.557517
vt 0.222670 0.565585
vt 0.274890 0.517346
vt 0.286542 0.547209
vt 0.297706 0.523443
vt 0.212141 0.605101
vt 0.242246 0.621196
vt 0.269005 0.597243
vt 0.290793 0.511316
vt 0.290089 0.517690
vt 0.202269 0.538622
vt 0.241030 0.523139
vt 0.216915 0.515040
vt 0.158892 0.590659
vt 0.153733 0.615146
vt 0.183048 0.576423
vt 0.658247 0.521991
vt 0.691215 0.529704
vt 0.698301 0.522888
vt 0.179287 0.550563
vt 0.549064 0.596784
vt 0.635757 0.559148
vt 0.635931 0.531548
vt 0.669856 0.535768
vt 0.567488 0.581812
vt 0.595952 0.552692
vt 0.596565 0.587821
vt 0.569748 0.611437
vt 0.607823 0.616585
vt 0.658498 0.633034
vt 0.673419 0.628962
vt 0.689882 0.564697
vt 0.693437 0.580687
vt 0.668755 0.573187
vt 0.634415 0.591586
vt 0.656055 0.611348
vt 0.686189 0.610330
vt 0.700426 0.620339
vt 0.692469 0.629136
vt 0.610353 0.637848
vt 0.689677 0.543604
vt 0.562362 0.623642
vt 0.560259 0.620607
vt 0.571044 0.562885
vt 0.611596 0.532852
vt 0.700783 0.523945
vt 0.692411 0.530076
vt 0.260202 0.502194
vt 0.278645 0.623796
vt 0.288878 0.623833
vt 0.293153 0.614774
vt 0.259878 0.633387
vt 0.241471 0.645090
vt 0.186064 0.626254
vt 0.167861 0.608236
vt 0.295602 0.595615
vt 0.290452 0.602918
vt 0.291680 0.582423
vt 0.300433 0.557081
vt 0.306013 0.552646
vt 0.296639 0.605498
vt 0.316347 0.596509
vt 0.311553 0.506753
vt 0.322741 0.503425
vt 0.320999 0.626414
vt 0.344360 0.600058
vt 0.334500 0.552089
vt 0.308697 0.484018
vt 0.798662 0.605708
vt 0.791996 0.630169
vt 0.774884 0.530913
vt 0.790345 0.570047
vt 0.794889 0.539602
vt 0.297368 0.503255
vt 0.808608 0.584344
vt 0.764071 0.509094
vt 0.699271 0.534280
vt 0.721040 0.575873
vt 0.774885 0.576699
vt 0.798574 0.564799
vt 0.798863 0.602486
vt 0.746125 0.513314
vt 0.776222 0.531509
vt 0.746248 0.548497
vt 0.746515 0.590746
vt 0.764503 0.619290
vt 0.730294 0.620027
vt 0.700086 0.592122
vt 0.701736 0.574532
vt 0.718743 0.525909
vt 0.685814 0.646800
vt 0.727350 0.506625
vt 0.694047 0.516349
vt 0.342771 0.486939
vt 0.352804 0.512746
vt 0.367149 0.559034
vt 0.374867 0.601214
vt 0.352812 0.634561
vt 0.636644 0.917754
vt 0.267032 0.965985
vt 0.691444 0.899075
vt 0.716036 0.891046
vt 0.254445 0.952924
vt 0.652043 0.903064
vt 0.365012 0.721990
vt 0.337119 0.716686
vt 0.336818 0.715000
vt 0.333147 0.744703
vt 0.232884 0.651463
vt 0.776435 0.701347
vt 0.780474 0.693529
vt 0.655586 0.784995
vt 0.655850 0.752826
vt 0.719105 0.781404
vt 0.250601 0.754495
vt 0.250487 0.763298
vt 0.249416 0.762757
vt 0.654645 0.742091
vt 0.647777 0.742743
vt 0.302373 0.805232
vt 0.263854 0.771220
vt 0.252351 0.752443
vt 0.230389 0.743848
vt 0.226394 0.761597
vt 0.231120 0.749952
vt 0.216291 0.712580
vt 0.217803 0.704287
vt 0.286111 0.654823
vt 0.336430 0.786618
vt 0.750172 0.802543
vt 0.766033 0.816799
vt 0.739016 0.774283
vt 0.743850 0.726406
vt 0.352579 0.668719
vt 0.368682 0.630146
vt 0.786908 0.682567
vt 0.793357 0.648043
vt 0.772082 0.652422
vt 0.782478 0.636396
vt 0.779539 0.665735
vt 0.392969 0.812200
vt 0.801331 0.784088
vt 0.724895 0.825626
vt 0.731812 0.837695
vt 0.316782 0.796542
vt 0.313890 0.907862
vt 0.344791 0.798819
vt 0.312976 0.842793
vt 0.636245 0.835852
vt 0.720490 0.807786
vt 0.714980 0.802803
vt 0.258098 0.823947
vt 0.231408 0.860384
vt 0.244535 0.848541
vt 0.526915 0.776326
vt 0.596833 0.876107
vt 0.504873 0.772353
vt 0.576973 0.806662
vt 0.586156 0.790399
vt 0.526228 0.782217
vt 0.188366 0.805694
vt 0.204752 0.713804
vt 0.600979 0.695545
vt 0.606041 0.682241
vt 0.582638 0.704488
vt 0.605668 0.673268
vt 0.595555 0.658410
vt 0.578206 0.651218
vt 0.564192 0.654666
vt 0.211829 0.659882
vt 0.219576 0.751390
vt 0.203783 0.653922
vt 0.194136 0.636554
vt 0.185709 0.656816
vt 0.732437 0.623750
vt 0.758244 0.628352
vt 0.311910 0.624355
vt 0.301956 0.625348
vt 0.681128 0.893607
vt 0.251274 0.828079
vt 0.658060 0.795249
vt 0.661831 0.789878
vt 0.266896 0.798307
vt 0.263528 0.819048
vt 0.259209 0.790653
vt 0.264927 0.769886
vt 0.260382 0.761643
vt 0.647899 0.735300
vt 0.638211 0.728711
vt 0.626905 0.731460
vt 0.183331 0.810027
vt 0.196485 0.795169
vt 0.221080 0.766305
vt 0.197200 0.773535
vt 0.581917 0.751163
vt 0.193310 0.819665
vt 0.582866 0.806484
vt 0.578142 0.821252
vt 0.582434 0.827476
vt 0.573022 0.839305
vt 0.581974 0.840861
vt 0.589330 0.849656
vt 0.196255 0.889753
vt 0.601601 0.840138
vt 0.613829 0.838256
vt 0.631293 0.844741
vt 0.240411 0.860350
vt 0.235192 0.883940
vt 0.636918 0.824796
vt 0.640532 0.816655
vt 0.252430 0.845071
vt 0.656211 0.779256
vt 0.344862 0.810234
vt 0.747478 0.781187
vt 0.749486 0.782426
vt 0.335819 0.748628
vt 0.345499 0.834028
vt 0.719223 0.770850
vt 0.716782 0.758131
vt 0.718343 0.767304
vt 0.317228 0.773317
vt 0.308804 0.802132
vt 0.316873 0.815404
vt 0.314051 0.823845
vt 0.716281 0.793933
vt 0.312845 0.834336
vt 0.324542 0.840648
vt 0.749036 0.792924
vt 0.731113 0.815731
vt 0.740468 0.813867
vt 0.342683 0.841292
vt 0.336494 0.847423
vt 0.358867 0.731289
vt 0.358269 0.721234
vt 0.342999 0.808769
vt 0.335148 0.800603
vt 0.216173 0.690921
vt 0.215674 0.678166
vt 0.603942 0.674346
vt 0.211866 0.669901
vt 0.596243 0.663087
vt 0.594319 0.662109
vt 0.202373 0.661327
vt 0.573433 0.660335
vt 0.567181 0.665101
vt 0.184868 0.709886
vt 0.172834 0.689179
vt 0.200408 0.711827
vt 0.600567 0.692336
vt 0.587016 0.699196
vt 0.355885 0.674184
vt 0.350203 0.656467
vt 0.358411 0.663207
vt 0.336514 0.632496
vt 0.313401 0.605894
vt 0.301410 0.609878
vt 0.292069 0.651615
vt 0.303335 0.634306
vt 0.291078 0.638597
vt 0.285782 0.649817
vt 0.276582 0.642455
vt 0.283741 0.667911
vt 0.284828 0.686356
vt 0.287422 0.700402
vt 0.294553 0.711473
vt 0.290640 0.717857
vt 0.300543 0.697386
vt 0.312402 0.741886
vt 0.739740 0.730341
vt 0.350272 0.738305
vt 0.354243 0.714335
vt 0.352956 0.702859
vt 0.357991 0.705087
vt 0.355593 0.688415
vt 0.363960 0.692122
vt 0.357123 0.672213
vt 0.181123 0.877511
vt 0.189856 0.863519
vt 0.258313 0.806485
vt 0.189430 0.879351
vt 0.257978 0.775224
vt 0.252289 0.793021
vt 0.256860 0.762527
vt 0.218987 0.876270
vt 0.207641 0.878496
vt 0.241611 0.746701
vt 0.243765 0.850720
vt 0.621811 0.741305
vt 0.616085 0.745285
vt 0.590349 0.751398
vt 0.648625 0.797513
vt 0.649871 0.811879
vt 0.189376 0.773257
vt 0.589579 0.769689
vt 0.575402 0.782250
vt 0.184789 0.838901
vt 0.190257 0.838690
vt 0.185873 0.856157
vt 0.727587 0.808140
vt 0.719322 0.786797
vt 0.717465 0.790972
vt 0.747138 0.808684
vt 0.348311 0.712541
vt 0.695267 0.698928
vt 0.292032 0.680700
vt 0.311195 0.739030
vt 0.315964 0.792349
vt 0.314516 0.781498
vt 0.212699 0.703240
vt 0.209253 0.690445
vt 0.206433 0.700202
vt 0.210179 0.691747
vt 0.206682 0.703677
vt 0.196468 0.706900
vt 0.194108 0.711790
vt 0.573170 0.697231
vt 0.185083 0.705189
vt 0.562635 0.680999
vt 0.567751 0.680141
vt 0.176232 0.689252
vt 0.182424 0.663644
vt 0.181570 0.671682
vt 0.573504 0.665286
vt 0.208832 0.681680
vt 0.204805 0.673649
vt 0.209813 0.682399
vt 0.207884 0.664395
vt 0.202609 0.670954
vt 0.203765 0.670776
vt 0.597424 0.664520
vt 0.184958 0.668449
vt 0.184655 0.661535
vt 0.593113 0.663475
vt 0.199765 0.669540
vt 0.188558 0.667350
vt 0.580313 0.658702
vt 0.187888 0.663895
vt 0.181504 0.665825
vt 0.186937 0.660848
vt 0.260029 0.825402
vt 0.344445 0.822652
vt 0.315150 0.820343
vt 0.317957 0.840230
vt 0.327814 0.849627
vt 0.604337 0.682250
vt 0.713203 0.722226
vt 0.665461 0.772342
vt 0.181260 0.709467
vt 0.202670 0.669081
s 0
usemtl 材質.008
f 458/1/1 1/2/1 459/3/1
f 130/4/2 168/5/2 169/6/2
f 462/7/3 1/2/3 458/1/3
f 1/2/4 137/8/4 143/9/4
f 1/2/5 143/9/5 136/10/5
f 171/11/6 168/5/6 130/4/6
f 242/12/7 141/13/7 273/14/7
f 464/15/8 162/16/8 274/17/8
f 243/18/9 245/19/9 246/20/9
f 118/21/10 389/22/10 388/23/10
f 391/24/11 491/25/11 490/26/11
f 470/27/12 354/28/12 380/29/12
f 393/30/13 198/31/13 392/32/13
f 166/33/14 165/34/14 120/35/14
f 353/36/15 166/33/15 354/28/15
f 247/37/16 245/19/16 355/38/16
f 165/34/17 162/16/17 468/39/17
f 162/16/18 165/34/18 243/18/18
f 277/40/19 248/41/19 249/42/19
f 468/39/20 466/43/20 120/35/20
f 468/39/21 120/35/21 165/34/21
f 460/44/22 494/45/22 540/46/22
f 473/47/23 173/48/23 472/49/23
f 175/50/24 174/51/24 118/21/24
f 250/52/25 277/40/25 249/42/25
f 276/53/26 305/54/26 474/55/26
f 273/14/27 141/13/27 280/56/27
f 280/56/28 141/13/28 308/57/28
f 171/11/29 178/58/29 179/59/29
f 178/58/30 181/60/30 180/61/30
f 201/62/31 396/63/31 395/64/31
f 136/10/32 203/65/32 201/62/32
f 143/9/33 137/8/33 251/66/33
f 251/66/34 137/8/34 254/67/34
f 254/67/35 137/8/35 141/13/35
f 137/8/36 475/68/36 141/13/36
f 141/13/37 477/69/37 309/70/37
f 434/71/38 392/72/38 421/73/38
f 481/74/39 459/3/39 136/10/39
f 466/75/40 160/76/40 548/77/40
f 31/78/41 482/79/41 483/80/41
f 133/81/42 311/82/42 484/83/42
f 31/78/43 169/6/43 140/84/43
f 144/85/44 31/78/44 140/84/44
f 31/78/45 144/85/45 135/86/45
f 73/87/46 145/88/46 154/89/46
f 90/90/47 148/91/47 156/92/47
f 182/93/48 155/94/48 183/95/48
f 73/87/49 154/89/49 157/96/49
f 90/90/50 156/92/50 150/97/50
f 163/98/51 176/99/51 174/51/51
f 164/100/52 184/101/52 185/102/52
f 110/103/53 158/104/53 167/105/53
f 161/106/54 116/107/54 159/108/54
f 123/109/55 161/106/55 167/105/55
f 161/106/56 159/108/56 167/105/56
f 159/108/57 110/103/57 167/105/57
f 123/109/58 167/105/58 164/100/58
f 167/105/59 158/104/59 164/100/59
f 158/104/60 107/110/60 164/100/60
f 163/98/61 123/109/61 164/100/61
f 163/98/62 185/102/62 186/111/62
f 173/48/63 172/112/63 175/50/63
f 174/51/64 175/50/64 163/98/64
f 499/113/65 546/114/65 550/115/65
f 116/107/66 150/97/66 159/108/66
f 150/97/67 156/92/67 159/108/67
f 156/92/68 110/103/68 159/108/68
f 157/96/69 158/104/69 110/103/69
f 157/96/70 154/89/70 158/104/70
f 154/89/71 107/110/71 158/104/71
f 188/116/72 107/110/72 190/117/72
f 190/117/73 155/94/73 182/93/73
f 156/92/74 157/96/74 110/103/74
f 156/92/75 148/91/75 157/96/75
f 148/91/76 73/87/76 157/96/76
f 107/110/77 154/89/77 155/94/77
f 154/89/78 145/88/78 155/94/78
f 145/88/79 191/118/79 155/94/79
f 150/97/80 313/119/80 314/120/80
f 150/97/81 314/120/81 315/121/81
f 150/122/82 133/81/82 90/123/82
f 135/86/83 148/124/83 90/123/83
f 148/124/84 135/86/84 144/85/84
f 144/85/85 73/125/85 148/124/85
f 144/85/86 145/126/86 73/125/86
f 144/85/87 140/84/87 145/126/87
f 145/126/88 140/84/88 193/127/88
f 196/128/89 193/127/89 140/84/89
f 171/11/90 179/59/90 196/128/90
f 90/123/91 133/81/91 135/86/91
f 133/81/92 127/129/92 135/86/92
f 127/129/93 31/78/93 135/86/93
f 104/130/94 399/131/94 402/132/94
f 18/133/95 104/130/95 117/134/95
f 18/133/96 117/134/96 122/135/96
f 18/133/97 122/135/97 113/136/97
f 134/137/98 47/138/98 121/139/98
f 67/140/99 125/141/99 138/142/99
f 192/143/100 126/144/100 191/118/100
f 47/138/101 134/137/101 139/145/101
f 67/140/102 138/142/102 142/146/102
f 208/147/103 207/148/103 205/149/103
f 88/150/104 146/151/104 152/152/104
f 153/153/105 91/154/105 147/155/105
f 149/156/106 118/21/106 187/157/106
f 153/153/107 187/157/107 189/158/107
f 153/153/108 152/152/108 101/159/108
f 153/153/109 147/155/109 152/152/109
f 147/155/110 88/150/110 152/152/110
f 152/152/111 151/160/111 101/159/111
f 151/160/112 152/152/112 146/151/112
f 83/161/113 151/160/113 146/151/113
f 406/162/114 151/160/114 405/163/114
f 407/164/115 151/160/115 205/149/115
f 423/165/116 202/166/116 419/167/116
f 409/168/117 177/169/117 149/156/117
f 188/116/118 91/154/118 189/158/118
f 142/146/119 147/155/119 91/154/119
f 142/146/120 138/142/120 147/155/120
f 138/142/121 88/150/121 147/155/121
f 139/145/122 146/151/122 88/150/122
f 139/145/123 134/137/123 146/151/123
f 83/161/124 146/151/124 134/137/124
f 208/147/125 83/161/125 210/170/125
f 91/154/126 190/117/126 142/146/126
f 191/118/127 126/144/127 142/146/127
f 142/146/128 126/144/128 67/140/128
f 138/142/129 139/145/129 88/150/129
f 138/142/130 125/141/130 139/145/130
f 125/141/131 47/138/131 139/145/131
f 341/171/132 212/172/132 211/173/132
f 213/174/133 343/175/133 345/176/133
f 215/177/134 121/139/134 216/178/134
f 195/179/135 113/136/135 126/180/135
f 113/136/136 122/135/136 126/180/136
f 67/181/137 126/180/137 122/135/137
f 122/135/138 125/182/138 67/181/138
f 122/135/139 117/134/139 125/182/139
f 117/134/140 47/183/140 125/182/140
f 121/184/141 47/183/141 117/134/141
f 117/134/142 104/130/142 218/185/142
f 218/185/143 104/130/143 220/186/143
f 217/187/144 216/188/144 121/184/144
f 195/179/145 196/128/145 178/58/145
f 411/189/146 113/136/146 410/190/146
f 399/131/147 113/136/147 411/189/147
f 220/186/148 104/130/148 222/191/148
f 356/192/149 81/193/149 11/194/149
f 11/194/150 81/193/150 97/195/150
f 11/194/151 97/195/151 103/196/151
f 11/194/152 103/196/152 93/197/152
f 348/198/153 98/199/153 115/200/153
f 105/201/154 214/202/154 215/203/154
f 35/204/155 348/205/155 337/206/155
f 129/207/156 62/208/156 224/209/156
f 69/210/157 338/211/157 350/212/157
f 416/213/158 209/214/158 132/215/158
f 128/216/159 197/217/159 199/218/159
f 77/219/160 128/216/160 132/215/160
f 200/220/161 128/216/161 199/218/161
f 418/221/162 200/220/162 417/222/162
f 77/219/163 132/215/163 131/223/163
f 206/224/164 132/215/164 209/214/164
f 207/148/165 339/225/165 350/212/165
f 129/207/166 77/219/166 131/223/166
f 124/226/167 346/227/167 338/211/167
f 346/227/168 62/208/168 129/207/168
f 230/228/169 77/219/169 229/229/169
f 229/229/170 226/230/170 231/231/170
f 359/232/171 227/233/171 358/234/171
f 360/235/172 197/217/172 128/216/172
f 339/225/173 207/148/173 208/147/173
f 119/236/174 124/226/174 69/210/174
f 119/236/175 337/206/175 124/226/175
f 62/208/176 340/237/176 115/238/176
f 62/208/177 233/239/177 224/209/177
f 213/174/178 119/236/178 69/210/178
f 347/240/179 214/202/179 105/201/179
f 105/201/180 342/241/180 347/240/180
f 232/242/181 115/238/181 234/243/181
f 115/238/182 236/244/182 234/243/182
f 98/199/183 237/245/183 236/246/183
f 419/167/184 202/166/184 93/197/184
f 419/167/185 223/247/185 420/248/185
f 219/249/186 218/185/186 220/186/186
f 219/249/187 103/196/187 105/201/187
f 105/201/188 103/196/188 97/195/188
f 349/250/189 105/201/189 97/195/189
f 98/199/190 349/250/190 97/195/190
f 98/199/191 97/195/191 81/193/191
f 239/251/192 98/199/192 81/193/192
f 204/252/193 93/197/193 201/62/193
f 362/253/194 204/252/194 361/254/194
f 93/197/195 356/192/195 11/194/195
f 364/255/196 241/256/196 239/251/196
f 365/257/197 80/258/197 366/259/197
f 366/259/198 84/260/198 367/261/198
f 367/261/199 84/260/199 241/256/199
f 20/262/200 257/263/200 256/264/200
f 28/265/201 85/266/201 96/267/201
f 100/268/202 235/269/202 234/243/202
f 99/270/203 20/262/203 256/264/203
f 28/265/204 96/267/204 102/271/204
f 100/268/205 232/242/205 235/269/205
f 369/272/206 38/273/206 368/274/206
f 51/275/207 106/276/207 112/277/207
f 59/278/208 108/279/208 114/280/208
f 370/281/209 230/228/209 109/282/209
f 114/280/210 371/283/210 372/284/210
f 372/284/211 109/282/211 114/280/211
f 59/278/212 114/280/212 109/282/212
f 371/283/213 112/277/213 373/285/213
f 112/277/214 114/280/214 108/279/214
f 108/279/215 51/275/215 112/277/215
f 112/277/216 369/272/216 373/285/216
f 112/277/217 106/276/217 111/286/217
f 106/276/218 38/273/218 111/286/218
f 370/281/219 228/287/219 230/228/219
f 225/288/220 231/231/220 226/230/220
f 233/239/221 100/268/221 109/282/221
f 59/278/222 109/282/222 100/268/222
f 108/279/223 59/278/223 102/271/223
f 102/271/224 96/267/224 108/279/224
f 96/267/225 51/275/225 108/279/225
f 99/270/226 106/276/226 51/275/226
f 261/289/227 106/276/227 260/290/227
f 106/276/228 264/291/228 38/273/228
f 38/273/229 265/292/229 374/293/229
f 59/278/230 100/268/230 102/271/230
f 102/271/231 100/268/231 89/294/231
f 102/271/232 89/294/232 28/265/232
f 96/267/233 99/270/233 51/275/233
f 96/267/234 85/266/234 99/270/234
f 85/266/235 20/262/235 99/270/235
f 265/292/236 264/291/236 266/295/236
f 89/296/237 238/297/237 240/298/237
f 84/260/238 89/296/238 240/298/238
f 28/299/239 89/296/239 84/260/239
f 84/260/240 85/300/240 28/299/240
f 85/300/241 84/260/241 80/258/241
f 80/258/242 20/301/242 85/300/242
f 20/301/243 80/258/243 268/302/243
f 80/258/244 269/303/244 267/304/244
f 270/305/245 375/306/245 376/307/245
f 438/308/246 45/309/246 439/310/246
f 284/311/247 49/312/247 283/313/247
f 439/310/248 45/309/248 63/314/248
f 439/310/249 63/314/249 252/315/249
f 286/316/250 70/317/250 9/318/250
f 10/319/251 54/320/251 75/321/251
f 258/322/252 64/323/252 257/324/252
f 9/318/253 70/317/253 79/325/253
f 10/319/254 75/321/254 82/326/254
f 22/327/255 86/328/255 92/329/255
f 25/330/256 87/331/256 94/332/256
f 289/333/257 288/334/257 287/335/257
f 278/336/258 250/52/258 291/337/258
f 95/338/259 244/339/259 246/20/259
f 247/37/260 246/20/260 245/19/260
f 94/332/261 41/340/261 95/338/261
f 377/341/262 265/292/262 95/338/262
f 266/295/263 264/291/263 263/342/263
f 94/332/264 92/329/264 41/340/264
f 87/331/265 92/329/265 94/332/265
f 87/331/266 22/327/266 92/329/266
f 442/343/267 92/329/267 445/344/267
f 445/344/268 86/328/268 446/345/268
f 292/346/269 293/347/269 289/333/269
f 25/330/270 263/342/270 261/289/270
f 87/331/271 25/330/271 82/326/271
f 82/326/272 75/321/272 87/331/272
f 75/321/273 22/327/273 87/331/273
f 79/325/274 86/328/274 22/327/274
f 79/325/275 70/317/275 86/328/275
f 86/328/276 296/348/276 292/346/276
f 25/330/277 260/290/277 82/326/277
f 257/324/278 64/323/278 82/349/278
f 82/349/279 64/323/279 10/350/279
f 75/321/280 79/325/280 22/327/280
f 75/321/281 54/320/281 79/325/281
f 54/320/282 9/318/282 79/325/282
f 70/317/283 298/351/283 296/348/283
f 70/317/284 299/352/284 297/353/284
f 448/354/285 242/12/285 447/355/285
f 449/356/286 254/67/286 255/357/286
f 379/358/287 63/314/287 378/359/287
f 378/359/288 270/305/288 376/307/288
f 270/305/289 64/323/289 267/304/289
f 64/323/290 63/314/290 45/309/290
f 45/309/291 10/350/291 64/323/291
f 302/360/292 300/361/292 301/362/292
f 45/309/293 54/363/293 10/350/293
f 45/309/294 49/312/294 54/363/294
f 49/312/295 9/364/295 54/363/295
f 4/365/296 30/366/296 26/367/296
f 5/368/297 317/369/297 316/370/297
f 26/367/298 37/371/298 4/365/298
f 37/371/299 43/372/299 4/365/299
f 36/373/300 4/365/300 43/372/300
f 319/374/301 5/368/301 318/375/301
f 7/376/302 33/377/302 56/378/302
f 60/379/303 286/380/303 39/381/303
f 58/382/304 319/383/304 320/384/304
f 7/376/305 56/378/305 61/385/305
f 297/353/306 299/352/306 60/386/306
f 71/387/307 13/388/307 65/389/307
f 16/390/308 66/391/308 74/392/308
f 68/393/309 76/394/309 288/334/309
f 275/395/310 279/396/310 276/53/310
f 322/397/311 324/398/311 72/399/311
f 24/400/312 72/399/312 78/401/312
f 325/402/313 72/399/313 324/398/313
f 325/402/314 327/403/314 306/404/314
f 76/394/315 24/400/315 78/401/315
f 275/395/316 277/40/316 291/337/316
f 288/334/317 290/405/317 287/335/317
f 76/394/318 74/392/318 24/400/318
f 68/393/319 74/392/319 76/394/319
f 68/393/320 16/390/320 74/392/320
f 74/392/321 71/387/321 24/400/321
f 74/392/322 66/391/322 71/387/322
f 66/391/323 13/388/323 71/387/323
f 24/400/324 71/387/324 72/399/324
f 71/387/325 65/389/325 72/399/325
f 72/399/326 328/406/326 322/397/326
f 68/393/327 295/407/327 294/408/327
f 60/386/328 298/351/328 297/353/328
f 68/393/329 294/408/329 293/347/329
f 296/348/330 298/351/330 16/390/330
f 61/409/331 66/391/331 16/390/331
f 61/409/332 56/410/332 66/391/332
f 56/410/333 13/388/333 66/391/333
f 13/388/334 58/382/334 65/389/334
f 58/382/335 330/411/335 65/389/335
f 329/412/336 328/406/336 65/389/336
f 16/390/337 60/386/337 61/409/337
f 61/385/338 60/379/338 39/381/338
f 39/381/339 7/376/339 61/385/339
f 56/410/340 58/382/340 13/388/340
f 56/378/341 33/377/341 58/413/341
f 58/413/342 33/377/342 5/368/342
f 281/414/343 307/415/343 332/416/343
f 36/373/344 282/417/344 281/414/344
f 280/56/345 282/417/345 43/372/345
f 272/418/346 301/362/346 300/361/346
f 37/371/347 301/362/347 43/372/347
f 304/419/348 302/360/348 37/371/348
f 39/381/349 285/420/349 284/311/349
f 39/381/350 37/371/350 26/367/350
f 26/367/351 7/376/351 39/381/351
f 334/421/352 36/373/352 333/422/352
f 30/366/353 335/423/353 336/424/353
f 30/366/354 4/365/354 36/373/354
f 26/367/355 33/377/355 7/376/355
f 26/367/356 30/366/356 33/377/356
f 33/377/357 30/366/357 5/368/357
f 19/425/358 17/426/358 2/427/358
f 3/428/359 19/425/359 21/429/359
f 17/426/360 488/430/360 2/427/360
f 27/431/361 2/427/361 488/430/361
f 2/427/362 27/431/362 23/432/362
f 3/428/363 21/429/363 32/433/363
f 315/121/364 6/434/364 310/435/364
f 8/436/365 29/437/365 40/438/365
f 32/433/366 320/439/366 3/428/366
f 42/440/367 315/121/367 314/120/367
f 8/436/368 40/438/368 34/441/368
f 328/406/369 331/442/369 50/443/369
f 57/444/370 12/445/370 46/446/370
f 14/447/371 48/448/371 52/449/371
f 15/450/372 52/449/372 57/444/372
f 52/449/373 48/448/373 57/444/373
f 48/448/374 12/445/374 57/444/374
f 57/444/375 55/451/375 15/450/375
f 55/451/376 57/444/376 46/446/376
f 55/451/377 46/446/377 313/119/377
f 53/452/378 15/450/378 55/451/378
f 50/443/379 15/450/379 53/452/379
f 327/403/380 326/453/380 53/452/380
f 326/453/381 323/454/381 50/443/381
f 50/443/382 52/449/382 15/450/382
f 50/443/383 44/455/383 52/449/383
f 44/455/384 14/447/384 52/449/384
f 34/441/385 48/448/385 14/447/385
f 34/441/386 40/438/386 48/448/386
f 40/438/387 12/445/387 48/448/387
f 12/445/388 42/440/388 46/446/388
f 42/440/389 313/119/389 46/446/389
f 274/17/390 276/53/390 463/456/390
f 44/455/391 329/412/391 330/411/391
f 32/457/392 330/411/392 321/458/392
f 32/457/393 14/447/393 44/455/393
f 40/438/394 42/440/394 12/445/394
f 40/438/395 29/437/395 42/440/395
f 42/440/396 29/437/396 6/434/396
f 3/428/397 319/374/397 318/375/397
f 32/457/398 34/441/398 14/447/398
f 32/433/399 21/429/399 34/459/399
f 21/429/400 8/460/400 34/459/400
f 23/432/401 29/461/401 8/460/401
f 23/432/402 27/431/402 29/461/402
f 6/462/403 29/461/403 27/431/403
f 484/83/404 27/431/404 492/463/404
f 332/416/405 309/70/405 17/426/405
f 21/429/406 23/432/406 8/460/406
f 21/429/407 19/425/407 23/432/407
f 23/432/408 19/425/408 2/427/408
f 17/426/409 333/422/409 332/416/409
f 19/425/410 335/423/410 334/421/410
f 19/425/411 316/370/411 317/369/411
f 350/212/412 339/225/412 69/210/412
f 350/212/413 338/211/413 131/223/413
f 340/237/414 337/206/414 115/238/414
f 338/211/415 129/207/415 131/223/415
f 340/237/416 344/464/416 124/226/416
f 344/464/417 346/227/417 124/226/417
f 342/241/418 349/250/418 35/465/418
f 345/176/419 119/236/419 213/174/419
f 341/171/420 210/170/420 83/161/420
f 347/466/421 35/204/421 119/236/421
f 337/206/422 348/205/422 115/238/422
f 214/467/423 134/137/423 215/177/423
f 341/171/424 69/210/424 339/225/424
f 349/250/425 351/468/425 35/465/425
f 351/469/426 348/205/426 35/204/426
f 124/226/427 337/206/427 340/237/427
f 337/206/428 119/236/428 35/204/428
f 169/6/429 170/470/429 130/4/429
f 493/471/430 130/4/430 170/470/430
f 494/45/431 495/472/431 478/473/431
f 273/14/432 272/418/432 242/12/432
f 272/418/433 271/474/433 242/12/433
f 172/112/434 497/475/434 496/476/434
f 274/17/435 275/395/435 276/53/435
f 246/20/436 244/339/436 243/18/436
f 245/19/437 243/18/437 165/34/437
f 197/217/438 352/477/438 199/218/438
f 166/33/439 380/29/439 354/28/439
f 380/29/440 198/31/440 352/477/440
f 177/169/441 409/168/441 389/22/441
f 467/478/442 353/36/442 354/28/442
f 200/220/443 393/30/443 417/222/443
f 198/31/444 421/479/444 392/32/444
f 245/19/445 353/36/445 355/38/445
f 248/41/446 162/16/446 243/18/446
f 277/40/447 274/17/447 248/41/447
f 248/41/448 274/17/448 162/16/448
f 502/480/449 480/481/449 531/482/449
f 174/51/450 176/99/450 118/21/450
f 429/483/451 480/484/451 353/36/451
f 175/50/452 118/21/452 173/48/452
f 250/52/453 278/336/453 277/40/453
f 305/54/454 306/404/454 474/55/454
f 463/456/455 276/53/455 474/55/455
f 276/53/456 279/396/456 305/54/456
f 308/57/457 307/415/457 281/414/457
f 281/414/458 282/417/458 308/57/458
f 282/417/459 280/56/459 308/57/459
f 171/11/460 130/4/460 178/58/460
f 178/58/461 130/4/461 181/60/461
f 396/63/462 202/166/462 422/485/462
f 422/485/463 202/166/463 423/165/463
f 203/65/464 136/10/464 143/9/464
f 381/486/465 203/65/465 143/9/465
f 381/486/466 143/9/466 382/487/466
f 382/487/467 251/66/467 383/488/467
f 383/488/468 251/66/468 252/315/468
f 383/488/469 508/489/469 506/490/469
f 253/491/470 449/356/470 441/492/470
f 253/491/471 251/66/471 254/67/471
f 242/12/472 255/357/472 141/13/472
f 255/357/473 254/67/473 141/13/473
f 308/57/474 141/13/474 309/70/474
f 476/493/475 141/13/475 475/68/475
f 397/494/476 181/60/476 130/4/476
f 406/162/477 412/495/477 404/496/477
f 433/497/478 498/498/478 388/23/478
f 244/339/479 95/338/479 41/340/479
f 493/471/480 170/470/480 483/80/480
f 483/80/481 170/470/481 31/78/481
f 487/499/482 133/81/482 484/83/482
f 133/81/483 310/500/483 311/82/483
f 31/78/484 170/470/484 169/6/484
f 164/100/485 107/110/485 184/101/485
f 163/98/486 164/100/486 185/102/486
f 187/157/487 118/21/487 186/111/487
f 118/21/488 176/99/488 186/111/488
f 176/99/489 163/98/489 186/111/489
f 172/112/490 473/47/490 497/475/490
f 172/112/491 123/109/491 175/50/491
f 123/109/492 163/98/492 175/50/492
f 485/501/493 172/112/493 496/476/493
f 312/502/494 486/503/494 499/504/494
f 312/502/495 500/505/495 486/503/495
f 500/505/496 161/106/496 485/501/496
f 313/119/497 116/107/497 312/502/497
f 116/107/498 161/106/498 312/502/498
f 188/116/499 189/158/499 107/110/499
f 189/158/500 184/101/500 107/110/500
f 107/110/501 155/94/501 190/117/501
f 192/143/502 191/118/502 145/88/502
f 191/118/503 183/95/503 155/94/503
f 150/97/504 116/107/504 313/119/504
f 315/121/505 310/435/505 150/97/505
f 150/122/506 310/500/506 133/81/506
f 193/127/507 194/506/507 145/126/507
f 194/507/508 192/143/508 145/88/508
f 196/128/509 195/179/509 193/127/509
f 196/128/510 140/84/510 171/11/510
f 140/84/511 169/6/511 168/5/511
f 171/11/512 140/84/512 168/5/512
f 487/499/513 482/79/513 127/129/513
f 192/143/514 194/507/514 126/144/514
f 207/148/515 206/224/515 205/149/515
f 205/149/516 151/160/516 208/147/516
f 151/160/517 83/161/517 208/147/517
f 149/156/518 101/159/518 404/496/518
f 149/156/519 177/169/519 118/21/519
f 149/156/520 187/157/520 153/153/520
f 185/102/521 184/101/521 186/111/521
f 184/101/522 189/158/522 187/157/522
f 186/111/523 184/101/523 187/157/523
f 189/158/524 91/154/524 153/153/524
f 205/149/525 431/508/525 407/164/525
f 405/163/526 151/160/526 408/509/526
f 390/510/527 434/71/527 421/73/527
f 188/116/528 190/117/528 91/154/528
f 190/117/529 182/93/529 142/146/529
f 182/93/530 183/95/530 142/146/530
f 183/95/531 191/118/531 142/146/531
f 341/171/532 343/175/532 212/172/532
f 213/174/533 212/172/533 343/175/533
f 194/506/534 193/127/534 126/180/534
f 193/127/535 195/179/535 126/180/535
f 218/185/536 219/249/536 117/134/536
f 219/249/537 217/187/537 117/134/537
f 217/187/538 121/184/538 117/134/538
f 217/187/539 221/511/539 216/188/539
f 196/128/540 179/59/540 178/58/540
f 178/58/541 180/61/541 113/136/541
f 195/179/542 178/58/542 113/136/542
f 180/61/543 181/60/543 113/136/543
f 113/136/544 425/512/544 410/190/544
f 222/191/545 104/130/545 223/247/545
f 223/247/546 402/132/546 436/513/546
f 420/248/547 223/247/547 436/513/547
f 348/198/548 351/468/548 98/199/548
f 215/203/549 216/188/549 105/201/549
f 216/188/550 221/511/550 105/201/550
f 224/209/551 225/288/551 129/207/551
f 225/288/552 226/230/552 129/207/552
f 69/210/553 124/226/553 338/211/553
f 431/508/554 209/214/554 416/213/554
f 199/218/555 198/31/555 200/220/555
f 200/220/556 132/215/556 128/216/556
f 416/213/557 200/220/557 418/221/557
f 209/214/558 205/149/558 206/224/558
f 206/224/164 131/223/164 132/215/164
f 350/212/559 131/223/559 207/148/559
f 131/223/560 206/224/560 207/148/560
f 346/227/561 344/464/561 62/208/561
f 230/228/562 228/287/562 227/233/562
f 227/233/563 77/219/563 230/228/563
f 77/219/564 129/207/564 229/229/564
f 229/229/565 129/207/565 226/230/565
f 358/234/566 227/233/566 384/514/566
f 359/232/567 128/216/567 77/219/567
f 128/216/568 359/232/568 360/235/568
f 208/147/569 210/170/569 339/225/569
f 210/170/570 341/171/570 339/225/570
f 62/208/571 344/464/571 340/237/571
f 62/208/572 232/242/572 233/239/572
f 211/173/573 212/172/573 69/210/573
f 212/172/574 213/174/574 69/210/574
f 347/466/575 345/176/575 214/467/575
f 234/243/576 235/269/576 232/242/576
f 232/242/577 62/208/577 115/238/577
f 115/200/578 98/199/578 236/246/578
f 98/199/579 238/297/579 237/245/579
f 413/515/580 418/221/580 437/516/580
f 93/197/581 103/196/581 223/247/581
f 220/186/582 222/191/582 219/249/582
f 222/191/583 223/247/583 219/249/583
f 223/247/584 103/196/584 219/249/584
f 221/511/585 217/187/585 105/201/585
f 217/187/586 219/249/586 105/201/586
f 349/250/587 342/241/587 105/201/587
f 98/199/588 351/468/588 349/250/588
f 239/251/589 240/298/589 98/199/589
f 240/298/590 238/297/590 98/199/590
f 201/62/591 203/65/591 204/252/591
f 93/197/592 202/166/592 201/62/592
f 363/517/593 204/252/593 362/253/593
f 239/251/594 385/518/594 364/255/594
f 385/518/595 81/193/595 357/519/595
f 20/262/596 258/520/596 257/263/596
f 234/243/597 236/244/597 89/294/597
f 236/244/598 237/521/598 89/294/598
f 89/294/599 100/268/599 234/243/599
f 256/264/600 259/522/600 99/270/600
f 259/522/601 260/290/601 99/270/601
f 100/268/602 233/239/602 232/242/602
f 230/228/603 229/229/603 231/231/603
f 109/282/604 230/228/604 231/231/604
f 526/523/605 369/272/605 523/524/605
f 384/514/606 228/287/606 370/281/606
f 225/288/607 109/282/607 231/231/607
f 225/288/608 224/209/608 109/282/608
f 224/209/609 233/239/609 109/282/609
f 261/289/610 263/342/610 262/525/610
f 262/525/611 106/276/611 261/289/611
f 106/276/612 99/270/612 260/290/612
f 106/276/613 262/525/613 264/291/613
f 38/273/614 374/293/614 368/274/614
f 265/292/615 38/273/615 264/291/615
f 89/296/616 237/245/616 238/297/616
f 240/298/617 239/251/617 241/256/617
f 241/256/618 84/260/618 240/298/618
f 267/304/619 268/302/619 80/258/619
f 268/302/620 258/322/620 20/301/620
f 386/526/621 80/258/621 365/257/621
f 375/306/622 269/303/622 386/526/622
f 284/311/623 9/364/623 49/312/623
f 252/315/624 251/66/624 253/491/624
f 440/527/625 252/315/625 253/491/625
f 284/311/626 285/420/626 9/364/626
f 285/420/627 286/380/627 9/364/627
f 258/322/628 268/302/628 64/323/628
f 377/341/629 95/338/629 247/37/629
f 243/18/630 454/528/630 451/529/630
f 454/528/631 244/339/631 455/530/631
f 287/335/632 290/405/632 291/337/632
f 287/335/633 444/531/633 443/532/633
f 250/52/634 249/42/634 444/531/634
f 249/42/635 451/529/635 444/531/635
f 287/335/636 443/532/636 452/533/636
f 95/338/637 246/20/637 247/37/637
f 374/293/638 265/292/638 377/341/638
f 265/292/639 266/295/639 95/338/639
f 266/295/640 94/332/640 95/338/640
f 264/291/641 262/525/641 263/342/641
f 263/342/642 25/330/642 94/332/642
f 94/332/643 266/295/643 263/342/643
f 294/408/644 295/407/644 293/347/644
f 295/407/645 289/333/645 293/347/645
f 292/346/646 453/534/646 446/345/646
f 86/328/647 70/317/647 296/348/647
f 261/289/648 260/290/648 25/330/648
f 260/290/649 259/522/649 82/326/649
f 259/522/650 256/264/650 82/326/650
f 256/264/651 257/263/651 82/326/651
f 70/317/652 297/353/652 298/351/652
f 70/317/653 286/316/653 299/352/653
f 242/12/654 271/474/654 300/361/654
f 447/355/655 300/361/655 456/535/655
f 255/357/656 448/354/656 449/356/656
f 383/488/657 252/315/657 387/536/657
f 387/536/658 63/314/658 379/358/658
f 267/304/659 269/303/659 270/305/659
f 270/305/660 63/314/660 64/323/660
f 64/323/661 268/302/661 267/304/661
f 457/537/662 303/538/662 450/539/662
f 304/419/663 49/312/663 303/538/663
f 304/419/664 283/313/664 49/312/664
f 316/370/665 318/375/665 5/368/665
f 5/368/666 30/366/666 317/369/666
f 299/352/667 286/316/667 60/386/667
f 286/380/668 285/420/668 39/381/668
f 320/384/669 321/458/669 58/382/669
f 58/413/670 5/368/670 319/374/670
f 289/333/671 295/407/671 288/334/671
f 295/407/672 68/393/672 288/334/672
f 275/395/673 78/401/673 279/396/673
f 322/397/674 323/454/674 324/398/674
f 324/398/675 326/453/675 325/402/675
f 325/402/676 78/401/676 72/399/676
f 306/404/677 305/54/677 325/402/677
f 305/54/678 279/396/678 325/402/678
f 279/396/679 78/401/679 325/402/679
f 278/336/680 291/337/680 277/40/680
f 291/337/681 290/405/681 76/394/681
f 275/395/682 291/337/682 76/394/682
f 76/394/683 78/401/683 275/395/683
f 275/395/684 274/17/684 277/40/684
f 288/334/685 76/394/685 290/405/685
f 72/399/686 65/389/686 328/406/686
f 298/351/687 60/386/687 16/390/687
f 16/390/688 68/393/688 293/347/688
f 293/347/689 292/346/689 16/390/689
f 292/346/690 296/348/690 16/390/690
f 321/458/691 330/411/691 58/382/691
f 330/411/692 329/412/692 65/389/692
f 329/412/693 331/442/693 328/406/693
f 332/416/694 333/422/694 281/414/694
f 333/422/695 36/373/695 281/414/695
f 36/373/696 43/372/696 282/417/696
f 43/372/697 272/418/697 273/14/697
f 43/372/698 273/14/698 280/56/698
f 300/361/699 271/474/699 272/418/699
f 272/418/700 43/372/700 301/362/700
f 37/371/701 302/360/701 301/362/701
f 304/419/702 303/538/702 302/360/702
f 284/311/703 283/313/703 39/381/703
f 283/313/704 304/419/704 39/381/704
f 304/419/705 37/371/705 39/381/705
f 334/421/706 335/423/706 36/373/706
f 336/424/707 317/369/707 30/366/707
f 30/366/708 36/373/708 335/423/708
f 32/457/709 321/458/709 320/384/709
f 42/440/710 6/434/710 315/121/710
f 331/442/711 44/455/711 50/443/711
f 50/443/712 323/454/712 328/406/712
f 323/454/713 322/397/713 328/406/713
f 474/55/714 53/452/714 491/540/714
f 474/55/715 306/404/715 327/403/715
f 490/541/716 55/451/716 499/504/716
f 313/119/717 312/502/717 499/504/717
f 499/504/718 55/451/718 313/119/718
f 491/540/719 55/451/719 490/541/719
f 325/402/720 326/453/720 327/403/720
f 326/453/721 50/443/721 53/452/721
f 326/453/722 324/398/722 323/454/722
f 314/120/723 313/119/723 42/440/723
f 44/455/724 331/442/724 329/412/724
f 32/457/725 44/455/725 330/411/725
f 318/375/726 316/370/726 3/428/726
f 3/428/727 320/439/727 319/374/727
f 6/462/728 27/431/728 310/500/728
f 27/431/729 311/82/729 310/500/729
f 484/83/730 311/82/730 27/431/730
f 492/463/731 27/431/731 488/430/731
f 489/542/732 17/426/732 501/543/732
f 17/426/733 309/70/733 501/543/733
f 332/416/734 307/415/734 308/57/734
f 332/416/735 308/57/735 309/70/735
f 17/426/736 334/421/736 333/422/736
f 334/421/737 17/426/737 19/425/737
f 19/425/738 336/424/738 335/423/738
f 317/369/739 336/424/739 19/425/739
f 19/425/740 3/428/740 316/370/740
f 338/211/741 346/227/741 129/207/741
f 345/176/742 347/466/742 119/236/742
f 134/137/743 343/175/743 83/161/743
f 343/175/744 341/171/744 83/161/744
f 347/466/745 342/544/745 35/204/745
f 214/467/746 345/176/746 134/137/746
f 345/176/747 343/175/747 134/137/747
f 134/137/748 121/139/748 215/177/748
f 341/171/749 211/173/749 69/210/749
f 362/253/750 513/545/750 363/517/750
f 197/217/751 511/546/751 516/547/751
f 361/254/752 519/548/752 516/549/752
f 381/486/753 522/550/753 519/548/753
f 381/486/754 525/551/754 522/550/754
f 382/487/755 525/551/755 381/486/755
f 382/487/756 531/482/756 528/552/756
f 353/36/449 480/484/449 502/553/449
f 353/36/757 504/554/757 355/38/757
f 355/38/758 504/554/758 506/555/758
f 376/307/759 520/556/759 517/557/759
f 387/536/760 508/489/760 383/488/760
f 379/358/761 509/558/761 387/536/761
f 378/359/762 512/559/762 379/358/762
f 514/560/763 374/293/763 377/341/763
f 523/561/764 375/306/764 386/526/764
f 369/272/765 529/562/765 373/285/765
f 373/285/766 529/562/766 532/563/766
f 373/285/767 532/563/767 503/564/767
f 373/285/768 505/565/768 371/283/768
f 371/283/769 505/565/769 507/566/769
f 371/283/770 510/567/770 372/284/770
f 364/255/771 510/568/771 241/256/771
f 370/281/772 515/569/772 518/570/772
f 370/281/773 518/570/773 521/571/773
f 385/518/774 524/572/774 521/573/774
f 384/514/775 524/574/775 527/575/775
f 527/575/776 358/234/776 384/514/776
f 363/517/777 530/576/777 356/192/777
f 470/27/778 352/477/778 469/577/778
f 430/578/779 410/190/779 425/512/779
f 197/217/780 469/577/780 352/477/780
f 424/579/781 409/168/781 430/580/781
f 495/472/782 479/581/782 478/473/782
f 397/494/783 130/4/783 478/473/783
f 424/579/784 388/23/784 389/22/784
f 410/190/785 412/582/785 411/189/785
f 390/583/786 538/584/786 428/585/786
f 434/71/787 394/586/787 395/64/787
f 434/71/788 396/63/788 432/587/788
f 396/63/789 415/588/789 432/587/789
f 422/485/790 415/588/790 396/63/790
f 435/589/791 422/485/791 423/165/791
f 437/516/792 417/222/792 435/590/792
f 419/167/793 435/589/793 423/165/793
f 420/248/794 437/591/794 419/167/794
f 401/592/795 420/248/795 436/513/795
f 402/132/796 401/592/796 436/513/796
f 409/168/797 427/593/797 430/580/797
f 405/163/798 400/594/798 414/595/798
f 399/131/799 398/596/799 414/597/799
f 397/494/800 430/578/800 425/512/800
f 398/596/801 411/189/801 412/582/801
f 473/598/802 540/46/802 543/599/802
f 424/600/803 397/494/803 433/601/803
f 427/593/804 404/496/804 412/495/804
f 554/602/805 448/354/805 565/603/805
f 563/604/806 443/532/806 444/531/806
f 456/535/807 302/360/807 457/537/807
f 456/535/808 568/605/808 447/355/808
f 443/532/809 578/606/809 584/607/809
f 450/539/810 586/608/810 457/537/810
f 452/533/811 589/609/811 453/534/811
f 446/345/812 86/328/812 292/346/812
f 453/534/813 559/610/813 446/345/813
f 559/610/814 445/344/814 446/345/814
f 438/308/815 569/611/815 560/612/815
f 572/613/816 439/310/816 440/527/816
f 303/538/817 438/308/817 450/539/817
f 577/614/818 455/530/818 574/615/818
f 577/614/819 451/529/819 454/528/819
f 487/499/820 544/616/820 482/79/820
f 486/617/821 541/618/821 546/114/821
f 492/463/822 552/619/822 550/115/822
f 490/26/823 552/619/823 391/24/823
f 491/25/824 391/24/824 533/620/824
f 491/25/825 533/620/825 534/621/825
f 536/622/826 501/543/826 309/70/826
f 474/623/827 536/622/827 537/624/827
f 463/625/828 537/624/828 539/626/828
f 463/625/829 539/626/829 542/627/829
f 475/68/830 542/627/830 476/493/830
f 462/7/831 551/628/831 542/627/831
f 462/7/832 553/629/832 551/628/832
f 465/630/833 553/629/833 426/631/833
f 458/1/834 426/631/834 461/632/834
f 421/479/835 466/43/835 390/583/835
f 481/74/836 548/77/836 459/3/836
f 498/498/837 173/48/837 388/23/837
f 394/586/838 535/633/838 481/74/838
f 479/634/839 472/49/839 498/498/839
f 472/635/840 540/46/840 473/598/840
f 485/501/841 161/106/841 123/109/841
f 483/80/842 543/599/842 493/471/842
f 497/636/843 547/637/843 496/638/843
f 496/638/844 549/639/844 485/640/844
f 485/640/845 544/616/845 500/641/845
f 516/547/846 469/577/846 197/217/846
f 505/642/847 503/643/847 367/261/847
f 522/550/848 469/644/848 519/548/848
f 507/645/849 505/642/849 367/261/849
f 522/550/850 467/646/850 470/647/850
f 507/645/851 241/256/851 510/568/851
f 525/551/852 429/648/852 467/646/852
f 531/482/853 429/648/853 528/552/853
f 510/567/854 515/569/854 372/284/854
f 502/480/855 531/482/855 382/487/855
f 518/649/856 515/650/856 364/255/856
f 504/651/857 502/480/857 382/487/857
f 521/573/858 364/255/858 385/518/858
f 506/490/859 382/487/859 383/488/859
f 521/571/860 384/514/860 370/281/860
f 506/555/861 247/37/861 355/38/861
f 527/652/862 357/519/862 356/192/862
f 508/653/863 509/654/863 247/37/863
f 530/576/864 527/652/864 356/192/864
f 512/655/865 247/37/865 509/654/865
f 513/656/866 358/234/866 530/657/866
f 512/655/867 514/560/867 377/341/867
f 514/658/868 376/307/868 517/557/868
f 517/659/869 368/274/869 374/293/869
f 520/660/870 369/272/870 368/274/870
f 526/661/871 386/526/871 365/257/871
f 529/662/872 365/257/872 366/259/872
f 511/546/873 359/232/873 513/656/873
f 532/663/874 366/259/874 367/261/874
f 516/549/875 362/253/875 361/254/875
f 503/643/876 532/663/876 367/261/876
f 384/514/877 227/233/877 228/287/877
f 352/477/878 198/31/878 199/218/878
f 361/254/879 204/252/879 203/65/879
f 404/496/880 101/159/880 406/162/880
f 413/515/881 431/508/881 416/213/881
f 400/594/882 431/508/882 401/664/882
f 400/594/883 408/509/883 407/164/883
f 415/588/884 392/72/884 432/587/884
f 415/665/885 403/666/885 393/30/885
f 400/594/886 405/163/886 408/509/886
f 403/666/887 417/222/887 393/30/887
f 414/597/888 402/132/888 399/131/888
f 398/667/889 405/163/889 414/595/889
f 391/24/890 489/542/890 533/620/890
f 543/599/891 494/45/891 493/471/891
f 534/621/892 489/542/892 501/543/892
f 543/599/893 497/636/893 473/598/893
f 536/622/894 491/25/894 534/621/894
f 547/637/895 545/668/895 483/80/895
f 537/624/896 309/70/896 477/69/896
f 547/637/897 482/79/897 549/639/897
f 539/626/898 537/624/898 477/69/898
f 544/616/899 549/639/899 482/79/899
f 542/627/900 477/69/900 476/493/900
f 468/39/901 464/15/901 465/669/901
f 542/627/902 475/68/902 462/7/902
f 542/627/903 551/628/903 464/670/903
f 551/628/904 465/630/904 464/670/904
f 426/631/905 553/629/905 461/632/905
f 544/616/906 541/618/906 500/641/906
f 160/76/907 465/630/907 426/631/907
f 541/618/908 484/83/908 546/114/908
f 548/77/909 458/1/909 459/3/909
f 546/114/910 499/113/910 486/617/910
f 548/77/911 471/671/911 466/75/911
f 550/115/912 484/83/912 492/463/912
f 428/672/913 538/673/913 394/586/913
f 552/619/914 499/113/914 550/115/914
f 538/673/915 471/671/915 535/633/915
f 552/619/916 488/430/916 391/24/916
f 451/529/917 248/41/917 243/18/917
f 444/531/918 291/337/918 250/52/918
f 289/333/919 452/533/919 453/534/919
f 440/527/920 253/491/920 441/492/920
f 441/492/921 554/602/921 575/674/921
f 575/674/922 555/675/922 576/676/922
f 576/676/923 556/677/923 577/678/923
f 441/492/924 572/613/924 440/527/924
f 575/674/925 573/679/925 572/613/925
f 576/676/926 574/680/926 573/679/926
f 455/530/927 571/681/927 574/615/927
f 574/680/928 570/682/928 573/679/928
f 573/679/929 569/611/929 572/613/929
f 562/683/930 442/343/930 445/344/930
f 561/684/931 571/681/931 562/683/931
f 560/612/932 570/682/932 561/685/932
f 450/539/933 560/612/933 557/686/933
f 557/686/934 561/685/934 558/687/934
f 558/688/935 562/683/935 559/610/935
f 447/355/936 565/603/936 448/354/936
f 568/605/937 564/689/937 565/603/937
f 567/690/938 563/691/938 564/689/938
f 451/529/939 563/604/939 444/531/939
f 556/677/940 564/689/940 563/691/940
f 555/675/941 565/603/941 564/689/941
f 580/692/942 567/690/942 568/605/942
f 579/693/943 566/694/943 567/690/943
f 566/695/944 578/606/944 443/532/944
f 589/609/945 558/688/945 559/610/945
f 588/696/946 557/686/946 558/687/946
f 557/686/947 587/697/947 450/539/947
f 578/606/948 585/698/948 584/607/948
f 579/693/949 586/608/949 585/699/949
f 580/692/950 457/537/950 586/608/950
f 586/608/951 582/700/951 585/699/951
f 585/698/952 583/701/952 584/607/952
f 584/607/953 452/533/953 443/532/953
f 583/702/954 588/696/954 589/703/954
f 582/700/955 587/697/955 588/696/955
f 587/697/956 581/704/956 450/539/956
f 462/7/957 137/8/957 1/2/957
f 458/1/958 461/632/958 462/7/958
f 274/17/959 463/456/959 464/15/959
f 463/625/960 542/627/960 464/670/960
f 118/21/961 177/169/961 389/22/961
f 470/27/962 467/478/962 354/28/962
f 353/36/963 165/34/963 166/33/963
f 468/39/964 465/669/964 466/43/964
f 460/44/965 495/472/965 494/45/965
f 395/64/966 394/586/966 136/10/966
f 136/10/967 201/62/967 395/64/967
f 137/8/968 462/7/968 475/68/968
f 141/13/969 476/493/969 477/69/969
f 434/71/970 432/587/970 392/72/970
f 1/2/971 136/10/971 459/3/971
f 136/10/972 394/586/972 481/74/972
f 31/78/973 127/129/973 482/79/973
f 104/130/974 18/133/974 399/131/974
f 406/162/975 101/159/975 151/160/975
f 407/164/976 408/509/976 151/160/976
f 399/131/977 18/133/977 113/136/977
f 356/192/978 357/519/978 81/193/978
f 359/232/979 77/219/979 227/233/979
f 419/167/980 93/197/980 223/247/980
f 93/197/981 363/517/981 356/192/981
f 366/259/982 80/258/982 84/260/982
f 369/272/983 111/286/983 38/273/983
f 372/284/984 370/281/984 109/282/984
f 371/283/985 114/280/985 112/277/985
f 112/277/986 111/286/986 369/272/986
f 438/308/987 49/312/987 45/309/987
f 442/343/988 41/340/988 92/329/988
f 445/344/989 92/329/989 86/328/989
f 448/354/990 255/357/990 242/12/990
f 378/359/991 63/314/991 270/305/991
f 17/426/992 489/542/992 488/430/992
f 478/473/993 130/4/993 493/471/993
f 493/471/994 494/45/994 478/473/994
f 380/29/995 166/33/995 198/31/995
f 467/478/996 429/483/996 353/36/996
f 200/220/997 198/31/997 393/30/997
f 198/31/998 166/33/998 421/479/998
f 245/19/999 165/34/999 353/36/999
f 396/63/1000 201/62/1000 202/166/1000
f 381/486/1001 361/254/1001 203/65/1001
f 382/487/1002 143/9/1002 251/66/1002
f 253/491/1003 254/67/1003 449/356/1003
f 397/494/1004 425/512/1004 181/60/1004
f 406/162/1005 398/667/1005 412/495/1005
f 433/497/1006 479/634/1006 498/498/1006
f 442/343/1007 455/530/1007 41/340/1007
f 455/530/1008 244/339/1008 41/340/1008
f 487/499/1009 127/129/1009 133/81/1009
f 172/112/1010 173/48/1010 473/47/1010
f 485/501/1011 123/109/1011 172/112/1011
f 312/502/1012 161/106/1012 500/505/1012
f 149/156/1013 153/153/1013 101/159/1013
f 205/149/1014 209/214/1014 431/508/1014
f 390/510/1015 428/672/1015 434/71/1015
f 113/136/1016 181/60/1016 425/512/1016
f 223/247/1017 104/130/1017 402/132/1017
f 416/213/1018 132/215/1018 200/220/1018
f 413/515/1019 416/213/1019 418/221/1019
f 363/517/1020 93/197/1020 204/252/1020
f 239/251/1021 81/193/1021 385/518/1021
f 386/526/1022 269/303/1022 80/258/1022
f 375/306/1023 270/305/1023 269/303/1023
f 440/527/1024 439/310/1024 252/315/1024
f 243/18/1025 244/339/1025 454/528/1025
f 287/335/1026 291/337/1026 444/531/1026
f 249/42/1027 248/41/1027 451/529/1027
f 292/346/1028 289/333/1028 453/534/1028
f 447/355/1029 242/12/1029 300/361/1029
f 387/536/1030 252/315/1030 63/314/1030
f 457/537/1031 302/360/1031 303/538/1031
f 474/55/1032 327/403/1032 53/452/1032
f 491/540/1033 53/452/1033 55/451/1033
f 362/253/1034 511/705/1034 513/545/1034
f 197/217/1035 360/235/1035 511/546/1035
f 361/254/1036 381/486/1036 519/548/1036
f 382/487/1037 528/552/1037 525/551/1037
f 353/36/1038 502/553/1038 504/554/1038
f 376/307/1039 375/306/1039 520/556/1039
f 387/536/1040 509/558/1040 508/489/1040
f 379/358/1041 512/559/1041 509/558/1041
f 378/359/1042 514/658/1042 512/559/1042
f 514/560/1043 517/659/1043 374/293/1043
f 523/561/1044 520/556/1044 375/306/1044
f 369/272/1045 526/523/1045 529/562/1045
f 373/285/1046 503/564/1046 505/565/1046
f 371/283/1047 507/566/1047 510/567/1047
f 364/255/1048 515/650/1048 510/568/1048
f 370/281/1049 372/284/1049 515/569/1049
f 385/518/1050 357/519/1050 524/572/1050
f 527/575/1051 530/657/1051 358/234/1051
f 363/517/1052 513/545/1052 530/576/1052
f 470/27/1053 380/29/1053 352/477/1053
f 430/578/1054 427/706/1054 410/190/1054
f 424/579/1055 389/22/1055 409/168/1055
f 495/472/1056 460/44/1056 479/581/1056
f 478/473/1057 479/581/1057 397/494/1057
f 479/581/1058 433/601/1058 397/494/1058
f 424/579/1059 433/497/1059 388/23/1059
f 410/190/1060 427/706/1060 412/582/1060
f 434/71/1061 428/672/1061 394/586/1061
f 434/71/1062 395/64/1062 396/63/1062
f 422/485/1063 403/707/1063 415/588/1063
f 435/589/1064 403/707/1064 422/485/1064
f 437/516/1065 418/221/1065 417/222/1065
f 419/167/1066 437/591/1066 435/589/1066
f 420/248/1067 413/708/1067 437/591/1067
f 401/592/1068 413/708/1068 420/248/1068
f 402/132/1069 400/709/1069 401/592/1069
f 409/168/1070 149/156/1070 427/593/1070
f 397/494/1071 424/600/1071 430/578/1071
f 398/596/1072 399/131/1072 411/189/1072
f 427/593/1073 149/156/1073 404/496/1073
f 554/602/1074 449/356/1074 448/354/1074
f 563/604/1075 566/695/1075 443/532/1075
f 456/535/1076 300/361/1076 302/360/1076
f 456/535/1077 580/692/1077 568/605/1077
f 450/539/1078 581/704/1078 586/608/1078
f 452/533/1079 583/701/1079 589/609/1079
f 453/534/1080 589/609/1080 559/610/1080
f 559/610/1081 562/683/1081 445/344/1081
f 438/308/1082 439/310/1082 569/611/1082
f 572/613/1083 569/611/1083 439/310/1083
f 303/538/1084 49/312/1084 438/308/1084
f 577/614/1085 454/528/1085 455/530/1085
f 577/614/1086 556/710/1086 451/529/1086
f 487/499/1087 541/618/1087 544/616/1087
f 486/617/1088 500/641/1088 541/618/1088
f 536/622/1089 534/621/1089 501/543/1089
f 463/625/1090 474/623/1090 537/624/1090
f 462/7/1091 461/632/1091 553/629/1091
f 458/1/1092 160/76/1092 426/631/1092
f 421/479/1093 166/33/1093 120/35/1093
f 120/35/1094 466/43/1094 421/479/1094
f 466/43/1095 471/711/1095 390/583/1095
f 481/74/1096 535/633/1096 548/77/1096
f 498/498/1097 472/49/1097 173/48/1097
f 173/48/1098 118/21/1098 388/23/1098
f 394/586/1099 538/673/1099 535/633/1099
f 479/581/1100 460/44/1100 472/635/1100
f 472/635/1101 460/44/1101 540/46/1101
f 483/80/1102 545/668/1102 543/599/1102
f 497/636/1103 545/668/1103 547/637/1103
f 496/638/1104 547/637/1104 549/639/1104
f 485/640/1105 549/639/1105 544/616/1105
f 516/547/1106 519/712/1106 469/577/1106
f 522/550/1107 470/647/1107 469/644/1107
f 522/550/1108 525/551/1108 467/646/1108
f 507/645/1109 367/261/1109 241/256/1109
f 525/551/1110 528/552/1110 429/648/1110
f 531/482/451 480/481/451 429/648/451
f 521/573/1111 518/649/1111 364/255/1111
f 506/490/1112 504/651/1112 382/487/1112
f 521/571/1113 524/574/1113 384/514/1113
f 506/555/1114 508/653/1114 247/37/1114
f 527/652/1115 524/572/1115 357/519/1115
f 512/655/1116 377/341/1116 247/37/1116
f 513/656/1117 359/232/1117 358/234/1117
f 514/658/1118 378/359/1118 376/307/1118
f 517/659/1119 520/660/1119 368/274/1119
f 520/660/1120 523/524/1120 369/272/1120
f 526/661/1121 523/561/1121 386/526/1121
f 529/662/1122 526/661/1122 365/257/1122
f 511/546/1123 360/235/1123 359/232/1123
f 532/663/1124 529/662/1124 366/259/1124
f 516/549/1125 511/705/1125 362/253/1125
f 413/515/1126 401/664/1126 431/508/1126
f 400/594/1127 407/164/1127 431/508/1127
f 415/665/1128 393/30/1128 392/32/1128
f 403/666/1129 435/590/1129 417/222/1129
f 414/597/1130 400/709/1130 402/132/1130
f 398/667/1131 406/162/1131 405/163/1131
f 391/24/1132 488/430/1132 489/542/1132
f 543/599/1133 540/46/1133 494/45/1133
f 534/621/1134 533/620/1134 489/542/1134
f 543/599/1135 545/668/1135 497/636/1135
f 536/622/1136 474/623/1136 491/25/1136
f 537/624/1137 536/622/1137 309/70/1137
f 547/637/1138 483/80/1138 482/79/1138
f 542/627/1139 539/626/1139 477/69/1139
f 468/39/1140 162/16/1140 464/15/1140
f 551/628/1141 553/629/1141 465/630/1141
f 160/76/1142 466/75/1142 465/630/1142
f 541/618/1143 487/499/1143 484/83/1143
f 548/77/1144 160/76/1144 458/1/1144
f 548/77/1145 535/633/1145 471/671/1145
f 550/115/1146 546/114/1146 484/83/1146
f 552/619/1147 490/26/1147 499/113/1147
f 538/584/1148 390/583/1148 471/711/1148
f 552/619/1149 492/463/1149 488/430/1149
f 289/333/1150 287/335/1150 452/533/1150
f 441/492/1151 449/356/1151 554/602/1151
f 575/674/1152 554/602/1152 555/675/1152
f 576/676/1153 555/675/1153 556/677/1153
f 441/492/1154 575/674/1154 572/613/1154
f 575/674/1155 576/676/1155 573/679/1155
f 576/676/1156 577/678/1156 574/680/1156
f 455/530/1157 442/343/1157 571/681/1157
f 574/680/1158 571/713/1158 570/682/1158
f 573/679/1159 570/682/1159 569/611/1159
f 562/683/1160 571/681/1160 442/343/1160
f 561/685/1161 570/682/1161 571/713/1161
f 560/612/1162 569/611/1162 570/682/1162
f 450/539/1163 438/308/1163 560/612/1163
f 557/686/1164 560/612/1164 561/685/1164
f 558/688/1165 561/684/1165 562/683/1165
f 447/355/1166 568/605/1166 565/603/1166
f 568/605/1167 567/690/1167 564/689/1167
f 567/690/1168 566/694/1168 563/691/1168
f 451/529/1169 556/710/1169 563/604/1169
f 556/677/1170 555/675/1170 564/689/1170
f 555/675/1171 554/602/1171 565/603/1171
f 580/692/1172 579/693/1172 567/690/1172
f 579/693/1173 578/714/1173 566/694/1173
f 589/703/1174 588/696/1174 558/687/1174
f 588/696/1175 587/697/1175 557/686/1175
f 578/714/1176 579/693/1176 585/699/1176
f 579/693/1177 580/692/1177 586/608/1177
f 580/692/1178 456/535/1178 457/537/1178
f 586/608/1179 581/704/1179 582/700/1179
f 585/699/1180 582/700/1180 583/702/1180
f 584/607/1181 583/701/1181 452/533/1181
f 583/702/1182 582/700/1182 588/696/1182
f 582/700/1183 581/704/1183 587/697/1183
