# Blender 5.2.1 LTS
# www.blender.org
mtllib landC.mtl
o Ico_球體.004
v -628.559509 -96.462105 300.333008
v -711.414124 -58.133038 333.666962
v -758.183533 -20.577644 315.889954
v -714.169250 -57.888638 264.316986
v -753.694031 -21.523930 289.685852
v -652.923096 95.053085 185.301971
v -644.130188 -59.639091 213.715546
v -705.136658 -21.459724 373.116211
v -661.693970 96.066360 198.662521
v -743.695251 -17.799305 237.497940
v -753.180237 -17.777681 355.827087
v -683.112549 -14.067377 174.729919
v -553.056030 -55.887280 216.602325
v -628.714478 -14.114555 154.275421
v -661.516602 98.032051 204.872284
v -540.375854 -79.593140 273.331635
v -729.599792 48.056046 368.568024
v -660.087402 96.316994 208.879364
v -753.210327 47.919121 265.634064
v -761.525635 47.427849 335.133057
v -661.253601 93.384613 212.877304
v -583.287842 -38.498024 242.769623
v -714.561768 101.133217 334.954071
v -664.763367 94.647675 217.468781
v -724.317566 60.444748 219.969452
v -706.296753 -53.999729 317.598175
v -672.610291 99.889709 216.906067
v -548.965759 -59.387421 343.007141
v -736.739563 -48.229195 324.965546
v -667.768921 92.480095 225.311966
v -580.974182 -13.416344 174.325790
v -674.526184 89.478836 229.380417
v -759.673157 -22.959785 335.181641
v -648.862000 100.018005 159.183319
v -735.998596 -45.627338 346.502228
v -676.613708 96.764015 222.158051
v -716.557739 101.096062 262.883881
v -680.464966 97.478836 221.944473
v -690.335938 -55.036983 335.570190
v -611.338684 82.312912 161.680252
v -687.046265 93.597420 224.999969
v -731.674438 -45.760132 248.740173
v -707.948425 -47.968506 354.528900
v -535.273438 -12.362696 183.509399
v -728.811157 -23.053577 367.340546
v -735.535522 -47.907566 278.061920
v -635.559814 -59.559292 373.976562
v -766.771851 -15.815744 323.839478
v -751.717712 -23.045120 265.279572
v -690.790649 96.514893 221.254272
v -764.521240 -6.193201 347.026703
v -468.279175 -29.383770 272.725098
v -572.250305 1.940467 242.311401
v -701.575378 87.913055 221.190704
v -712.419373 -53.174644 283.506805
v -709.075012 -49.705303 238.712524
v -590.993591 1.577533 200.311752
v -724.368164 -23.172533 221.334778
v -693.809265 96.600403 216.015778
v -745.622437 -6.195884 366.838623
v -696.365784 94.770332 212.804321
v -642.154785 102.397461 210.177307
v -717.719116 -6.174093 376.301239
v -708.691711 -0.056001 201.163910
v -696.523254 93.427315 207.114273
v -698.673828 -53.344067 261.644531
v -754.579651 65.999992 317.827271
v -690.858887 96.689552 203.266861
v -635.128174 -46.030704 179.963211
v -706.132690 71.375908 369.020172
v -498.516235 -18.070108 345.129486
v -689.974609 97.875999 199.102570
v -750.096924 54.324409 354.021240
v -693.072388 -7.078080 183.806885
v -665.507935 -46.980946 191.689209
v -684.036804 104.777519 199.876343
v -724.313843 98.067345 318.724792
v -685.720947 98.063721 191.024109
v -560.543152 0.232385 174.196198
v -740.391418 88.593407 334.927429
v -679.833740 97.374817 189.044556
v -691.246216 98.588593 305.271149
v -657.446838 -15.440712 158.590759
v -696.224487 97.328339 346.632141
v -676.422424 99.213821 194.776672
v -753.778809 -6.193080 249.801971
v -672.803406 95.050095 202.994965
v -722.642517 89.605469 353.186829
v -759.219421 -15.870679 279.847534
v -516.937439 0.359950 206.815704
v -669.083679 94.714409 203.004608
v -663.147766 97.633308 190.856735
v -736.445618 -6.154964 222.436844
v -667.612610 -53.938698 229.864258
v -494.497131 -0.947933 248.779510
v -616.001465 -50.502865 209.411011
v -608.495667 -27.382221 173.258102
v -749.798950 69.242683 286.928528
v -552.640381 2.626092 217.080963
v -658.492920 37.843319 239.379700
v -574.511475 -47.715939 219.152466
v -666.547913 42.799480 239.717529
v -741.416687 54.695648 239.576996
v -532.377136 -18.073666 379.265381
v -675.458435 25.488914 239.277222
v -462.800903 -0.832981 298.068970
v -736.423950 89.696297 264.762878
v -594.827515 -50.724918 253.427582
v -727.127686 96.851501 285.388977
v -620.538330 -17.761700 409.397064
v -719.776855 90.994530 238.657272
v -643.499756 -6.196037 145.750061
v -701.501953 97.921829 244.748657
v -536.842834 1.825973 277.420959
v -712.037598 36.331303 210.165787
v -703.713867 100.295265 276.255737
v -710.041260 33.007439 205.230530
v -706.816528 34.415802 197.089355
v -674.918457 -6.159198 158.088654
v -568.576965 -42.263901 194.958344
v -706.114624 26.892498 191.148331
v -696.762207 34.192432 189.083038
v -528.418579 -69.762955 249.940338
v -613.787964 -6.196415 154.238052
v -686.154053 41.059200 175.645660
v -502.533234 -0.731847 327.731232
v -543.463867 -40.832821 197.031265
v -559.980713 -13.889673 175.425903
v -560.304260 -70.272209 258.097534
v -668.297424 97.731628 174.211975
v -629.830566 90.631653 158.192032
v -509.339294 -1.452378 365.049164
v -517.942505 -13.817925 204.691589
v -675.135620 -18.322067 396.768982
v -558.524780 -0.858371 381.289703
v -683.946533 68.253937 172.749222
v -694.130920 66.352417 176.880753
v -668.856567 96.957367 347.503143
v -694.690552 68.388733 190.582352
v -643.987549 102.659439 173.084229
v -697.248535 77.203842 192.742981
v -558.332886 -73.300674 287.482605
v -702.212158 76.277466 196.740677
v -623.825500 102.236954 189.320908
v -710.648560 71.170670 203.644012
v -620.223755 1.158282 228.553726
v -712.864075 69.713799 211.726807
v -547.265991 -4.545825 172.398376
v -511.051575 -64.638100 272.761475
v -499.637512 -37.333099 248.153107
v -573.069031 -4.456159 167.616028
v -505.812683 -3.193927 215.430298
v -547.480713 1.089741 345.136841
v -521.524780 -4.451268 191.552948
v -528.978027 -68.935509 296.094177
v -539.890381 -56.914139 329.983276
v -584.621216 1.803683 224.031525
v -498.474426 -38.142765 296.941132
v -578.858276 1.135225 181.243713
v -661.796692 67.365746 241.829712
v -657.024292 74.980667 235.732895
v -596.859558 59.675262 397.696228
v -536.762878 0.555343 186.538025
v -513.468079 1.328775 228.621567
v -566.041321 -58.409950 334.986969
v -650.572510 46.766624 408.350494
v -563.078613 2.425008 233.518829
v -535.314819 2.417107 235.578156
v -574.976440 2.281552 207.479050
v -557.315186 2.121857 193.808655
v -566.738953 -51.380543 357.479675
v -533.032410 2.160199 211.940506
v -486.177246 -7.346260 257.870911
v -686.813599 62.801857 381.502808
v -520.576721 -46.371307 345.449829
v -596.821838 99.597519 352.990234
v -461.008667 -14.141520 295.402771
v -647.752136 0.107235 317.388733
v -503.257629 -26.401201 328.023102
v -539.075928 -46.025688 364.018188
v -634.965576 101.184578 377.019348
v -656.961853 -83.170654 305.609161
v -463.309998 -0.980769 256.812897
v -511.067078 -22.704639 364.512115
v -630.937012 -84.443291 329.638977
v -558.392090 -26.582670 378.939941
v -660.192444 -52.178131 366.449097
v -565.575073 1.665284 274.728790
v -662.076965 -61.289482 338.870697
v -510.025208 1.262477 262.933716
v -601.015198 -61.180508 347.613525
v -515.227966 1.184472 287.310150
v -546.460388 1.557352 296.037384
v -682.259583 -29.008007 380.204712
v -493.699768 -6.075154 335.341980
v -658.086792 -46.252407 387.137024
v -603.017029 -85.024422 314.543579
v -644.986938 -84.516151 274.090759
v -516.303101 -6.192994 376.769379
v -497.040527 -6.190706 357.015686
v -607.804138 -49.637512 377.287842
v -676.028564 -60.337952 277.688416
v -545.014160 -6.119454 385.710144
v -610.625366 -84.160118 277.819458
v -627.114319 -45.657558 394.379639
v -598.813904 -22.990547 396.864594
v -502.354095 -1.041922 345.132019
v -533.523987 -1.053768 376.573761
v -649.719666 -22.685991 407.094666
v -554.366516 1.136972 329.485260
v -587.313843 1.066511 353.886078
v -687.461914 -6.222073 391.071289
v -524.492310 0.730610 336.036346
v -526.447632 0.484393 355.727112
v -554.401001 0.669503 363.184143
v -603.848267 0.118411 407.711334
v -581.514526 -5.426871 394.292328
v -667.130554 -6.199537 407.198120
v -635.611755 -6.191700 414.581726
v -603.223328 1.339455 268.226837
v -621.696289 54.623695 406.580688
v -672.490906 55.579697 395.215088
v -663.045959 13.292686 325.139862
v -629.483765 1.864861 333.452759
v -663.296692 92.097153 377.762634
v -672.069092 1.852470 294.877350
v -610.662659 100.376488 367.688416
v -614.061707 91.261787 386.873810
v -625.349426 1.905086 271.554321
v -602.167725 1.887647 294.829041
v -644.010254 88.627319 393.250061
v -603.925049 -54.488056 357.005066
v -615.094543 -57.329552 363.424713
v -630.078918 -63.107235 361.428375
v -634.607849 -68.497154 350.992126
v -598.526367 -49.374569 357.084625
v -660.880310 98.588989 353.910309
v -641.988770 105.762543 359.399658
v -652.337769 101.216354 360.956238
v -639.182495 110.775063 345.973724
v -624.468018 110.615463 347.322662
v -610.564026 102.095268 360.923370
v -616.758667 105.116364 358.179810
v -604.756348 99.812874 361.184387
v -596.377930 97.703041 356.919464
v -593.647339 96.991608 356.162567
v -594.458191 97.198158 356.116241
v -666.451538 -47.470936 348.887573
v -662.464844 -50.714703 353.690308
v -658.547485 -55.136551 351.002686
v -648.923523 -58.680256 356.608215
v -569.425476 -52.052441 317.733063
v -591.007080 98.123062 353.410309
v -612.443909 6.888286 340.334900
v -596.843018 1.159676 348.115997
v -598.966736 1.056897 353.424133
v -582.736145 1.382889 318.369019
v -571.939880 1.177315 319.434601
v -590.675659 96.401245 356.841492
v -565.996826 1.120811 320.957458
v -592.570496 -46.468964 356.009430
v -592.741150 -42.143818 360.356689
v -585.371704 -48.774628 354.343628
v -588.546021 -53.650616 347.636810
v -580.026428 -63.656670 322.803192
v -577.249268 -56.829132 335.920441
v -574.117065 -58.760124 327.905670
v -573.683655 -57.943619 331.112732
v -569.254517 -1.506562 389.298645
v -574.679749 -6.801051 388.984589
v -585.214172 77.910866 383.581543
v -591.354675 87.763672 378.600098
v -589.965698 92.411324 370.811005
v -584.220642 95.638359 358.767944
v -579.032104 92.874611 366.444641
v -570.694763 48.178070 384.041168
v -573.745544 69.944077 382.364777
v -574.233337 5.273948 388.609497
v -572.323914 -12.095191 384.291016
v -581.229553 -21.919910 385.582428
v -587.653809 -37.317406 374.326935
v -575.011780 -27.927784 379.071655
v -584.849060 -41.375626 366.792328
v -592.563171 -42.393826 365.183594
v -567.208496 -49.787567 316.476105
v -569.004456 -53.198872 312.466797
v -587.986816 -35.755550 246.069489
v -589.872437 -44.495300 251.592896
v -594.043396 1.263822 267.874847
v -578.854919 1.450231 273.517242
v -580.870728 1.546040 293.436768
v -576.147278 1.524890 281.443268
v -566.331177 1.366594 301.016724
v -568.329773 1.180713 312.716888
v -566.458252 1.123375 317.247253
v -596.564331 1.127263 263.762878
v -591.709595 0.828066 255.544373
v -588.561035 -49.850693 255.458893
v -581.554260 -72.345848 298.198975
v -570.251526 -65.467468 298.138916
v -585.510315 -72.934143 285.154938
v -574.705261 -68.226646 280.133911
v -577.357849 -61.622402 264.202576
v -558.427856 1.136689 319.761108
v -524.879395 0.907331 322.830444
v -517.799194 0.899765 310.906647
v -509.279846 0.319219 312.536896
v -505.687042 -0.137468 318.772552
v -537.518005 1.167512 314.014496
v -549.054443 1.175470 318.942596
v -551.986816 1.241273 313.783966
v -501.603088 -0.851525 319.150330
v -471.071289 -2.026003 313.173798
v -466.869476 -4.196544 321.558838
v -463.300903 -7.240355 312.150879
v -495.196716 -12.090956 312.573120
v -501.818756 -21.560959 319.558014
v -504.772949 -29.034012 321.082092
v -512.559387 -39.491997 320.334839
v -528.062012 -53.128307 319.118225
v -523.073059 -52.944206 314.186340
v -535.032593 -54.900749 321.639465
v -507.042999 -37.074436 314.468658
v -540.416809 -56.319099 321.651550
v -544.592285 -59.300133 312.294006
v -558.037659 -57.541744 310.321350
v -590.469421 -30.711521 238.405563
v -500.848511 -0.189569 238.704956
v -508.030884 1.112867 238.641006
v -511.062164 1.514834 250.613937
v -541.871094 2.088964 264.219421
v -534.972290 2.230657 252.708588
v -514.868835 1.691546 254.108536
v -526.951721 2.115725 249.886505
v -512.531372 1.597182 247.771027
v -553.840088 2.161595 254.978455
v -562.138062 1.875255 263.377625
v -572.746094 1.681998 252.285889
v -575.536316 1.360553 260.126465
v -568.717102 1.847238 253.008347
v -571.275024 1.805703 250.018921
v -586.541870 0.851892 254.151810
v -497.860901 -2.423312 231.045822
v -500.313171 -1.948513 228.624146
v -592.723877 0.538321 248.432678
v -494.303070 -5.882163 233.367340
v -499.392120 -3.707541 223.912170
v -499.590668 -11.232905 230.291824
v -507.843628 -19.499554 221.374802
v -509.751129 -35.562660 229.106644
v -582.098206 -37.185505 238.315582
v -524.728943 -56.513653 230.852081
v -518.554749 -41.316589 222.413879
v -537.006104 -57.499866 225.045166
v -530.847900 -53.081036 220.293823
v -538.579712 -62.727417 234.180206
v -550.193054 -60.380520 230.009521
v -560.302795 -60.930859 238.769745
v -569.024414 -51.958633 229.521378
v -575.554565 -45.451706 230.160416
v -675.297913 -50.399574 258.089813
v -604.272583 -43.111958 235.327026
v -607.770386 -52.091061 243.739029
v -646.212158 1.494764 250.407944
v -642.763489 1.376391 237.924591
v -624.334290 1.438510 248.670105
v -627.999939 1.320604 240.154037
v -618.461609 1.204769 240.386108
v -612.911865 1.105274 241.597534
v -603.807129 1.052244 254.730957
v -677.504272 1.380875 265.132660
v -670.756653 101.106209 256.951416
v -593.767395 0.712776 252.489471
v -598.133545 0.930456 256.481812
v -598.670837 0.852768 250.962296
v -675.452332 98.153954 256.372253
v -616.249084 -65.077728 248.651245
v -633.440186 -68.076118 246.812683
v -621.733337 -60.340771 235.068329
v -656.564392 -60.113518 242.243912
v -640.757996 -63.265263 236.195984
v -657.022034 -64.886230 252.308121
v -667.327026 -54.545555 246.315384
v -590.865723 -10.774288 171.362976
v -594.756836 -13.971542 174.534698
v -591.231628 -14.673353 176.971344
v -596.740662 -5.501235 164.056931
v -588.527954 -2.780298 167.297256
v -596.932068 -0.793062 170.266357
v -590.294922 0.659568 180.077499
v -599.816833 11.273322 187.437637
v -598.102539 1.023424 191.604156
v -596.334473 1.232471 220.133881
v -599.454651 1.190812 203.110062
v -601.872009 1.056622 227.486847
v -594.968079 1.003143 231.397675
v -595.544861 0.723202 241.826401
v -607.536438 1.540439 201.218781
v -586.361206 -35.463810 194.887619
v -596.588989 -27.499676 182.054352
v -588.177246 -38.558903 209.081360
v -594.504761 -39.050339 214.375717
v -588.471069 -35.138027 223.836990
v -680.335571 -43.306862 253.906937
v -683.981934 -45.828976 260.719879
v -684.479248 -48.862148 268.917725
v -693.649109 1.179733 282.098022
v -689.845337 100.033661 277.252777
v -677.574768 99.161491 263.708374
v -677.576904 97.409615 257.967224
v -685.571472 -49.677238 272.581390
v -695.823608 -43.693668 290.519043
v -690.625793 -47.722012 275.517975
v -690.149170 -36.667862 205.348938
v -695.617188 -27.126194 199.631958
v -706.964966 -22.302015 208.826324
v -681.191406 94.684761 240.737946
v -689.316040 95.342621 232.283112
v -687.847717 96.316460 245.512634
v -679.705933 96.802345 254.098495
v -680.528381 -45.410213 245.503204
v -686.662170 -45.997490 244.262421
v -692.498718 -44.258224 231.124603
v -690.433960 -42.096748 224.232452
v -696.754944 -39.414192 218.826721
v -670.237061 -48.692318 343.994263
v -675.798767 -52.611115 338.546204
v -673.079346 -54.777020 337.088501
v -680.818359 97.964485 340.740570
v -695.425415 -39.807640 298.413666
v -689.462585 -47.746723 297.149963
v -670.601624 -42.212265 349.858459
v -691.994263 -51.544239 309.940704
v -680.348022 -60.075161 313.924286
v -681.129578 -55.122173 327.954163
v -686.860107 -31.129707 372.355682
v -687.947266 -40.783607 360.644379
v -674.737427 -43.995159 357.486023
v -688.894226 -26.989332 375.858154
v -680.316711 94.578674 354.362915
v -677.016968 91.106659 365.806488
v -690.700623 81.821869 369.375366
v -692.586914 77.083656 373.483032
v -694.062622 51.945042 377.385376
v -696.039429 75.187035 373.708435
v -699.375061 -1.311687 381.407898
v -697.204529 -12.687490 376.653931
v -696.088745 -21.943661 374.953766
v -674.156860 -44.252495 349.733948
v -750.858887 -27.778225 306.149994
v -739.915344 -41.110184 297.956268
v -753.273010 -22.392998 300.553467
v -755.527649 -15.918619 300.953949
v -758.584412 -10.580886 305.457001
v -761.579956 -12.208295 302.637268
v -731.847534 92.641365 299.021729
v -725.572144 96.581924 306.416199
v -721.980225 97.023064 301.015228
v -744.617188 80.761368 299.267731
v -752.715149 63.851204 301.237854
v -756.348816 39.048534 306.639313
v -749.996460 74.328270 305.470947
v -700.817505 -43.692097 301.983154
v -708.111877 -47.385605 300.177246
v -712.399902 -48.916843 304.361969
v -720.247742 -48.231468 301.491241
v -734.445068 -45.429256 308.499939
v -463.621735 -10.211090 263.294495
v -485.295135 -0.152799 268.474792
v -483.618958 -0.284443 304.956848
v -481.845337 -4.301121 255.254333
v -483.113037 -1.472453 315.990631
v -483.995056 -34.098484 285.759888
v -481.993347 -5.580898 331.715668
v -479.987061 -0.960299 251.805069
v -482.822876 -10.577406 312.011597
v -485.133667 -0.019269 259.436401
v -483.632263 -23.717419 293.779449
v -481.659058 -15.937350 260.315063
v -484.569824 -42.281174 272.738403
v -484.142090 -0.002688 293.641113
v -476.932648 -32.829731 262.073364
v -679.165649 75.910049 299.317627
v -592.858521 59.696121 343.219971
v -619.710754 72.016548 338.332764
v -583.637146 47.751431 353.215332
v -590.605774 53.527847 350.069916
v -566.593262 32.706448 364.798065
v -575.357422 39.665451 357.198181
v -568.105530 43.708298 381.966400
v -662.440308 80.705521 338.970886
v -642.706177 81.462364 335.713806
v -686.310730 71.222832 294.364380
v -633.942261 79.654869 336.354431
v -685.121277 67.684456 281.943024
v -566.590088 44.319706 375.269958
v -677.587952 68.746452 273.510803
v -670.359070 68.322403 250.619720
v -671.160767 68.088882 262.088684
v -641.649353 43.356144 337.705597
v -603.619507 62.845856 342.153717
v -668.100586 70.894058 254.288223
v -578.184143 44.542850 353.245636
v -587.398743 51.856712 350.307526
v -677.281250 80.111023 310.020081
v -671.645569 70.640808 267.177704
v -676.407654 36.721874 270.176575
v -675.128235 35.985039 300.138977
v -677.272583 48.440010 321.990173
v -571.782288 33.277023 385.445190
v -609.982178 36.061123 349.772156
v -632.344543 38.352131 341.216858
v -562.486450 23.783741 371.201111
v -676.112793 37.728088 254.261597
v -592.060425 16.458431 357.779114
v -678.636963 36.457092 245.369202
v -601.509949 20.752544 350.730347
v -685.866699 29.619389 278.681519
v -672.483032 49.397537 338.758514
v -564.655151 20.227982 364.541504
v -689.693604 45.665337 290.456146
v -581.503296 15.497855 366.515076
v -674.772949 33.875950 261.709991
v -565.773438 29.506775 381.801697
v -678.738464 34.661510 249.503571
v -621.087585 35.490314 345.422058
v -689.336121 27.823174 282.620117
v -658.108154 47.649471 343.079529
v -583.843689 17.003723 360.748108
v -594.302856 19.497208 355.502045
v -616.199097 71.489723 214.157623
v -607.302368 61.054810 201.447357
v -601.788391 75.449951 169.331940
v -642.450256 79.323875 223.647308
v -604.302063 84.538185 182.371719
v -622.993286 69.488487 156.506866
v -613.156860 65.777443 156.673950
v -605.960022 75.060684 190.462402
v -635.474121 70.149788 153.055161
v -652.223633 81.834091 151.888855
v -664.507019 82.228981 156.748032
v -672.035217 79.918259 165.245483
v -631.529663 79.329216 219.080261
v -618.389893 41.790897 209.716034
v -596.229614 37.677479 167.421707
v -614.576965 18.814194 199.842468
v -600.832092 43.249760 174.303833
v -638.632812 44.190147 224.922638
v -602.007080 39.801449 182.184570
v -676.204834 19.999504 163.348480
v -612.137817 17.274742 157.542099
v -608.190674 39.742119 190.197647
v -687.720093 22.914322 174.424606
v -647.683105 27.060982 148.693787
v -617.934082 19.445957 155.259949
v -670.132751 23.392323 157.472427
v -626.358032 36.694439 223.413696
v -639.663940 25.846237 149.241470
v -678.539917 25.051517 244.987640
v -678.583374 18.317772 247.904266
v -655.240051 84.992226 211.155884
v -662.472412 83.937836 217.188019
v -658.510620 80.400948 225.423660
v -680.819214 82.057579 237.441833
v -681.071594 85.872345 232.438690
v -677.529297 79.052948 244.234421
v -656.014832 91.904633 193.963684
v -647.063477 87.981956 197.070435
v -656.376587 88.585464 207.247894
v -669.466370 89.053192 187.033661
v -660.463196 92.738632 185.162704
v -666.095215 91.190712 190.406036
v -687.014465 84.814209 183.094940
v -685.165039 86.923531 184.808563
v -677.933533 92.984779 182.533997
v -699.245056 89.645256 224.918335
v -719.972107 69.002792 222.295654
v -711.646484 77.917267 220.694489
v -717.735474 25.753487 212.267319
v -726.051270 21.471722 214.075409
v -674.473694 1.258694 247.358200
v -681.616455 90.510612 230.623840
v -682.994385 91.473640 225.753296
v -653.033142 23.441124 233.433533
v -654.832275 14.582486 238.802322
v -658.607117 3.151022 239.858871
v -672.603760 10.396955 242.369614
v -669.321716 30.720497 239.325500
v -663.083496 9.504884 242.493393
v -673.351746 71.874596 248.401459
v -682.536682 83.229553 178.042267
v -692.082581 91.709137 225.086853
v -716.659668 58.144951 217.390594
v -672.934204 43.739910 248.408783
v -672.711975 61.524277 249.516800
v -678.691589 8.707723 251.304977
v -679.300720 92.060814 185.012939
v -690.107300 40.712242 183.310486
v -683.792175 29.564259 175.360336
v -682.578430 38.116158 173.649506
v -676.745056 66.116211 168.434204
v -682.352173 44.689972 172.573669
v -682.215454 57.559593 173.375092
v -653.650024 69.642982 228.408783
v -656.711975 53.028893 229.400482
v -651.684326 42.009563 229.088974
v -675.220154 17.801468 241.149307
v -688.735535 30.555305 183.141800
v -691.765686 19.612392 183.911682
v -675.405029 91.985168 186.118988
v -673.061035 89.568680 191.483551
v -655.815796 34.755657 233.409363
v -682.006409 78.604218 175.804245
v -679.312927 74.973747 172.856583
v -654.304443 75.173943 228.269470
vn -0.3487 -0.8767 0.3313
vn 0.5030 -0.6226 0.5995
vn -0.4399 -0.8887 -0.1292
vn 0.0574 -0.8946 -0.4431
vn 0.4589 -0.8809 -0.1158
vn 0.5502 -0.5900 0.5909
vn -0.4491 -0.5706 0.6876
vn -0.5764 -0.7199 -0.3866
vn 0.6206 -0.5527 -0.5563
vn 0.7530 -0.6278 0.1969
vn 0.6813 -0.4904 -0.5435
vn -0.3952 0.8785 0.2683
vn 0.3301 0.4003 -0.8549
vn 0.0014 0.9999 -0.0145
vn -0.0102 0.9999 -0.0058
vn 0.6948 -0.0087 -0.7192
vn -0.0595 0.9974 -0.0415
vn -0.1147 0.9159 -0.3846
vn 0.0171 0.9998 0.0078
vn -0.0259 0.9993 0.0265
vn 0.0223 0.9995 -0.0215
vn 0.0222 0.9997 -0.0113
vn 0.0244 0.9984 0.0511
vn -0.0072 0.9999 -0.0123
vn 0.6850 0.1038 0.7211
vn 0.4544 0.7800 -0.4303
vn 0.9345 0.1345 -0.3295
vn 0.3880 0.7581 -0.5242
vn 0.0899 0.3194 -0.9433
vn 0.3218 0.9069 0.2720
vn 0.0768 0.8941 0.4412
vn 0.0096 1.0000 -0.0005
vn 0.0068 0.9993 -0.0374
vn 0.0116 0.9995 -0.0295
vn 0.0266 0.9995 -0.0167
vn -0.4916 0.8322 -0.2565
vn 0.3773 0.8502 0.3673
vn 0.3295 -0.4983 -0.8020
vn -0.6132 -0.7124 -0.3413
vn -0.7288 -0.6820 -0.0618
vn -0.5563 -0.5959 0.5791
vn -0.7073 -0.6973 0.1162
vn 0.1856 0.8423 0.5061
vn 0.4256 -0.6331 0.6466
vn -0.1068 -0.7795 0.6173
vn 0.6178 -0.7527 0.2275
vn 0.4506 -0.8875 -0.0966
vn 0.3325 -0.3376 -0.8806
vn 0.5268 -0.5792 -0.6221
vn 0.0628 -0.8663 -0.4955
vn -0.2396 -0.7833 -0.5735
vn -0.6047 -0.7284 -0.3223
vn -0.6163 -0.7612 -0.2017
vn -0.5757 -0.8152 -0.0627
vn 0.3753 -0.8022 0.4643
vn 0.2810 -0.7864 0.5500
vn 0.1897 -0.9029 0.3857
vn -0.5191 -0.7833 0.3420
vn -0.4468 -0.7774 0.4427
vn -0.3979 -0.8180 0.4154
vn -0.3401 -0.9154 0.2154
vn -0.0783 -0.8439 0.5308
vn 0.2780 -0.8945 0.3501
vn 0.2456 -0.8454 0.4743
vn -0.1234 -0.7956 0.5932
vn -0.5340 -0.6834 0.4977
vn 0.4181 -0.3097 0.8540
vn -0.4022 -0.4298 0.8084
vn 0.4594 -0.5137 0.7246
vn 0.2338 -0.1274 0.9639
vn -0.6007 -0.2552 0.7577
vn 0.3463 0.9080 0.2357
vn 0.3553 0.5886 0.7262
vn -0.0361 0.3441 0.9382
vn -0.4724 0.4741 0.7431
vn -0.2526 0.8283 0.5001
vn -0.4985 0.4728 0.7266
vn -0.3657 0.3660 0.8558
vn 0.0671 0.7707 0.6337
vn 0.1490 0.4441 0.8835
vn 0.2273 0.4241 0.8766
vn 0.2014 0.8704 0.4492
vn 0.2342 0.8159 0.5286
vn 0.2184 0.9412 0.2577
vn 0.0438 0.9034 0.4265
vn 0.3394 0.9105 0.2363
vn -0.2832 0.9082 0.3081
vn -0.3176 0.9351 0.1573
vn -0.2962 0.6902 0.6602
vn -0.6580 0.1095 0.7450
vn -0.6185 0.0976 0.7797
vn -0.4713 0.1284 0.8726
vn 0.0270 0.1243 0.9919
vn 0.1947 0.0840 0.9773
vn 0.3123 0.1218 0.9422
vn 0.4785 0.0477 0.8768
vn 0.2774 0.2966 0.9138
vn -0.5793 0.0791 0.8113
vn -0.2278 0.0501 0.9724
vn -0.2214 -0.2397 0.9453
vn -0.0025 -0.4116 0.9114
vn 0.5279 0.0802 0.8455
vn 0.4342 -0.3035 0.8481
vn 0.5227 -0.4049 0.7503
vn -0.5953 0.1194 0.7946
vn -0.6716 -0.3911 0.6292
vn -0.6922 -0.4333 0.5772
vn -0.3978 -0.5066 0.7650
vn -0.1711 -0.6007 0.7810
vn 0.0109 -0.4760 0.8794
vn 0.3361 -0.5066 0.7940
vn 0.4424 -0.6231 0.6450
vn 0.4712 -0.6199 0.6274
vn 0.5322 -0.8285 0.1743
vn 0.7926 -0.6067 -0.0606
vn -0.5703 -0.5565 0.6043
vn -0.6094 -0.7437 0.2750
vn -0.3551 -0.8885 0.2906
vn -0.7315 -0.6798 0.0523
vn -0.4525 -0.8885 -0.0769
vn 0.0237 -0.9851 -0.1705
vn -0.1275 -0.9828 0.1333
vn 0.4063 -0.9070 0.1109
vn 0.3597 -0.8547 0.3743
vn 0.0415 -0.8518 0.5222
vn 0.9109 -0.4092 -0.0532
vn 0.4453 -0.4384 0.7807
vn 0.2574 -0.1071 0.9603
vn 0.9535 -0.2641 0.1456
vn 0.2910 -0.1971 0.9362
vn -0.0020 1.0000 0.0009
vn 0.0622 0.9974 0.0372
vn 0.0852 0.9951 0.0504
vn 0.0247 0.9957 0.0896
vn 0.6390 0.1010 -0.7626
vn 0.0049 0.9997 0.0252
vn 0.8435 0.1552 -0.5142
vn 0.7629 0.4333 -0.4798
vn 0.0143 0.9995 0.0288
vn 0.0288 0.9961 0.0833
vn 0.0612 0.9937 0.0941
vn 0.0214 0.9997 0.0146
vn 0.0718 0.9972 0.0196
vn 0.0728 0.9972 0.0170
vn 0.0143 0.9999 -0.0033
vn 0.0090 0.9999 0.0131
vn -0.0040 1.0000 0.0016
vn 0.0001 1.0000 0.0030
vn 0.0076 0.9999 0.0073
vn -0.0016 0.9998 0.0187
vn 0.1176 0.7983 0.5906
vn 0.2077 0.7211 0.6610
vn 0.2450 0.8394 0.4851
vn 0.4522 0.8743 0.1766
vn 0.5773 0.8112 0.0933
vn 0.5112 0.8594 0.0101
vn 0.1718 0.9851 0.0049
vn 0.3632 0.9317 -0.0012
vn 0.0225 -0.3273 0.9447
vn 0.1119 -0.3773 0.9193
vn 0.5935 0.5592 0.5788
vn 0.6874 -0.2796 0.6703
vn 0.7816 -0.4870 0.3897
vn 0.0929 0.9742 0.2056
vn 0.1621 -0.9581 0.2361
vn 0.9242 -0.3773 -0.0587
vn 0.0229 -0.6586 0.7521
vn -0.0563 -0.6425 0.7643
vn 0.1533 -0.5013 0.8516
vn 0.4117 -0.5105 0.7549
vn 0.5320 -0.6504 0.5421
vn 0.7426 -0.5750 0.3434
vn 0.7866 -0.6122 0.0801
vn 0.4004 -0.9085 0.1193
vn 0.2056 -0.9719 -0.1148
vn 0.7992 -0.5988 0.0527
vn 0.0360 -0.9133 0.4057
vn -0.1095 -0.9497 0.2934
vn -0.1888 -0.9390 0.2876
vn 0.2536 -0.9636 -0.0848
vn -0.6292 -0.4832 -0.6088
vn -0.1927 -0.9444 0.2665
vn -0.0947 -0.8995 -0.4265
vn -0.5220 -0.7697 -0.3675
vn 0.4475 -0.8829 -0.1423
vn 0.4494 -0.8741 0.1843
vn 0.0121 -0.9079 0.4190
vn -0.6227 -0.7309 -0.2793
vn 0.5292 0.0372 -0.8477
vn 0.8669 -0.3321 0.3717
vn 0.2888 -0.4781 -0.8294
vn 0.1328 0.9911 -0.0091
vn 0.0405 0.9991 -0.0078
vn 0.0048 0.9998 0.0193
vn -0.0158 0.9999 -0.0040
vn -0.0066 0.9999 0.0110
vn -0.0062 0.9999 0.0112
vn -0.0047 0.9999 0.0151
vn 0.0187 0.9995 0.0241
vn 0.0158 0.9998 0.0138
vn 0.0304 0.9993 0.0235
vn 0.0257 0.9996 0.0087
vn 0.0459 0.9988 0.0156
vn 0.0347 0.9925 -0.1170
vn 0.0279 0.9994 0.0205
vn 0.0495 0.9988 0.0034
vn -0.0116 0.9996 0.0243
vn -0.0446 0.9987 0.0256
vn -0.0152 0.9998 -0.0105
vn 0.0385 0.9980 0.0509
vn 0.9906 0.1360 -0.0127
vn 0.9908 -0.0986 -0.0927
vn 0.1339 -0.7486 -0.6494
vn 0.3396 0.9295 -0.1441
vn -0.0088 0.9989 -0.0452
vn 0.9894 0.1157 0.0878
vn 0.5939 -0.4676 0.6547
vn 0.6132 -0.4962 0.6146
vn 0.7486 0.6286 -0.2107
vn 0.7587 -0.5850 -0.2866
vn 0.8246 -0.3205 -0.4661
vn -0.5711 -0.7334 -0.3687
vn -0.0328 -0.8224 0.5679
vn -0.1877 -0.8073 0.5595
vn 0.3377 -0.8893 0.3084
vn 0.6553 -0.6592 0.3688
vn 0.6519 -0.6562 0.3800
vn 0.5769 -0.6829 0.4482
vn 0.5652 -0.6700 -0.4813
vn 0.6819 -0.6260 -0.3783
vn 0.7028 -0.6408 -0.3089
vn -0.1677 -0.9455 -0.2792
vn -0.5086 -0.8220 -0.2561
vn -0.3784 -0.9230 -0.0697
vn 0.2771 -0.8538 -0.4408
vn -0.1641 -0.8881 -0.4293
vn -0.8712 -0.3564 -0.3377
vn -0.3686 -0.9123 -0.1782
vn -0.3705 -0.8825 -0.2897
vn 0.0939 -0.8108 -0.5777
vn 0.1930 -0.8212 -0.5370
vn 0.0182 -0.7152 -0.6986
vn 0.2788 -0.6176 -0.7354
vn 0.5452 -0.7039 -0.4553
vn 0.0622 -0.6328 -0.7718
vn 0.5832 -0.2177 -0.7826
vn 0.3932 0.8865 -0.2440
vn -0.0233 0.9996 0.0164
vn -0.0451 0.9990 0.0026
vn 0.0114 0.9951 -0.0978
vn 0.0871 0.9933 -0.0755
vn 0.0476 0.9988 -0.0068
vn 0.0214 0.9997 -0.0088
vn 0.0478 0.9988 -0.0062
vn 0.0924 0.9940 -0.0589
vn 0.0172 0.9995 -0.0251
vn 0.0510 0.9962 -0.0704
vn 0.0396 0.9940 -0.1023
vn -0.0067 0.9998 -0.0203
vn -0.0222 0.9989 -0.0404
vn -0.0261 0.9989 -0.0398
vn -0.0162 0.9999 0.0019
vn -0.0331 0.9994 0.0096
vn -0.0364 0.9992 0.0171
vn -0.0006 0.9999 0.0119
vn -0.0006 0.9999 0.0126
vn 0.0180 0.9998 0.0105
vn 0.0810 0.9966 -0.0130
vn 0.2374 0.9529 -0.1889
vn 0.3724 0.9227 -0.1002
vn 0.3996 0.8330 -0.3827
vn 0.4195 0.7086 -0.5673
vn 0.2384 0.8435 -0.4814
vn -0.1169 0.9004 -0.4191
vn 0.1033 0.9367 -0.3346
vn -0.0278 0.9988 -0.0409
vn -0.0438 0.9990 0.0056
vn -0.0578 0.9980 0.0273
vn -0.0557 0.9980 0.0302
vn -0.0430 0.9988 0.0229
vn 0.5434 0.7399 -0.3966
vn 0.7780 -0.3916 -0.4913
vn 0.6343 -0.5372 -0.5559
vn 0.1387 0.6625 -0.7361
vn 0.1571 -0.4913 -0.8567
vn 0.0275 -0.6146 -0.7884
vn 0.0454 0.9989 -0.0092
vn -0.0478 0.9986 0.0235
vn 0.7055 -0.3950 -0.5885
vn 0.6418 -0.4255 -0.6380
vn 0.6683 -0.4672 -0.5789
vn 0.2996 -0.4783 -0.8255
vn 0.0998 -0.5845 -0.8052
vn 0.0300 -0.5729 -0.8191
vn 0.0896 -0.5537 -0.8279
vn -0.3457 -0.9066 -0.2419
vn -0.4378 -0.6973 0.5675
vn 0.0028 -0.8681 -0.4963
vn -0.6681 -0.7187 0.1924
vn -0.6997 -0.7100 0.0797
vn -0.1259 -0.9080 -0.3997
vn -0.5600 -0.6378 -0.5288
vn 0.2521 -0.9190 -0.3033
vn 0.2537 -0.9208 -0.2964
vn -0.2380 -0.9638 -0.1198
vn -0.0577 -0.7794 -0.6238
vn 0.4653 -0.4016 -0.7888
vn -0.7540 -0.3662 -0.5453
vn 0.2435 -0.4630 -0.8523
vn -0.2024 0.9727 -0.1138
vn 0.4380 0.8114 -0.3870
vn 0.0218 0.9997 0.0136
vn -0.7990 0.6013 0.0103
vn 0.9991 0.0355 -0.0233
vn -0.3144 0.9490 0.0241
vn 0.0053 0.9999 -0.0104
vn 0.0126 0.9997 -0.0193
vn 0.0194 0.9998 -0.0068
vn 0.5080 0.6140 0.6041
vn 0.0059 1.0000 0.0061
vn 0.6724 0.3725 0.6397
vn 0.0159 0.9999 0.0063
vn 0.3280 0.8627 -0.3849
vn 0.4081 0.8599 -0.3065
vn -0.5335 0.6612 -0.5274
vn -0.2807 0.8934 0.3509
vn 0.0339 0.9993 -0.0174
vn 0.7056 0.6379 -0.3086
vn 0.2509 0.1573 -0.9551
vn 0.2738 0.0825 -0.9583
vn 0.0826 0.0982 -0.9917
vn -0.7207 0.1024 -0.6856
vn -0.8159 0.0751 -0.5733
vn -0.6258 0.7426 -0.2387
vn 0.6864 0.1406 -0.7135
vn 0.5375 -0.4850 -0.6898
vn 0.3114 -0.5906 -0.7445
vn -0.3690 0.0358 -0.9287
vn -0.2945 -0.5948 -0.7480
vn -0.3816 -0.7478 -0.5433
vn -0.4886 -0.8722 -0.0237
vn -0.5345 -0.7540 -0.3819
vn 0.8207 -0.5269 -0.2212
vn 0.4619 -0.8859 0.0436
vn -0.1269 -0.9647 -0.2306
vn 0.4504 -0.7917 -0.4128
vn 0.2631 -0.6364 -0.7251
vn 0.1311 -0.9736 -0.1871
vn -0.4162 -0.8902 -0.1852
vn -0.3511 -0.9176 -0.1866
vn -0.0895 -0.6135 -0.7846
vn -0.2489 -0.6702 -0.6992
vn -0.4530 -0.5877 -0.6704
vn -0.4858 -0.8647 -0.1273
vn -0.7963 -0.5982 -0.0901
vn -0.3077 -0.8868 -0.3447
vn 0.2316 -0.9391 -0.2540
vn 0.3074 -0.9302 0.2005
vn -0.9441 -0.3294 0.0102
vn -0.8568 -0.4017 -0.3233
vn -0.8041 -0.5780 0.1393
vn -0.8332 -0.1642 -0.5280
vn -0.9077 0.3602 -0.2153
vn -0.7396 0.4278 -0.5196
vn -0.0588 0.9188 -0.3902
vn -0.4242 0.8962 0.1299
vn -0.0887 0.9856 0.1442
vn -0.0517 0.9986 0.0061
vn 0.1298 0.9894 -0.0654
vn -0.1553 0.9668 -0.2029
vn 0.1747 0.9804 -0.0915
vn -0.2283 0.9090 -0.3487
vn -0.2138 0.8993 -0.3814
vn -0.6236 0.4702 -0.6246
vn -0.4978 0.8220 -0.2766
vn -0.7652 0.4444 -0.4659
vn -0.8845 0.3490 -0.3096
vn -0.5016 0.8620 -0.0730
vn -0.7634 0.6338 0.1242
vn -0.6812 0.7320 -0.0098
vn -0.2858 0.1557 -0.9456
vn -0.7652 0.1159 -0.6333
vn -0.8420 0.0814 -0.5332
vn -0.9158 0.1216 -0.3829
vn -0.9930 0.1055 0.0535
vn -0.9825 0.1205 -0.1418
vn -0.9027 0.4297 -0.0221
vn -0.8011 0.1242 -0.5855
vn -0.5293 -0.3249 -0.7837
vn -0.6482 -0.4189 -0.6359
vn -0.9855 0.0572 -0.1600
vn -0.8888 -0.3643 -0.2783
vn -0.7039 -0.7102 -0.0127
vn 0.6796 -0.6712 0.2961
vn 0.3469 -0.8687 0.3535
vn -0.1019 -0.9000 0.4238
vn 0.0964 -0.9953 -0.0055
vn 0.2177 -0.9439 -0.2485
vn 0.1165 -0.9097 -0.3986
vn -0.5818 0.1538 -0.7987
vn -0.3997 -0.6522 -0.6441
vn -0.6315 -0.5073 -0.5864
vn 0.4783 -0.8605 0.1752
vn -0.1521 -0.9847 0.0856
vn -0.2712 -0.9287 0.2529
vn -0.8139 -0.4809 -0.3259
vn -0.7925 -0.5917 -0.1477
vn -0.8299 -0.5569 -0.0325
vn -0.2498 -0.9156 -0.3151
vn -0.7605 -0.6347 -0.1371
vn 0.1599 -0.9671 -0.1978
vn 0.0941 -0.9010 0.4234
vn -0.2028 -0.8666 0.4559
vn -0.5784 -0.8030 -0.1438
vn -0.2053 -0.2007 0.9579
vn -0.4599 -0.4356 0.7738
vn -0.7182 -0.5160 -0.4668
vn -0.1441 -0.4048 0.9030
vn -0.7116 -0.1810 0.6788
vn -0.7054 0.6996 0.1138
vn -0.3902 0.3764 0.8403
vn -0.8335 0.4296 0.3474
vn -0.4092 0.8422 0.3511
vn -0.6324 0.5060 0.5866
vn -0.4575 0.3751 0.8062
vn -0.1314 0.8632 0.4875
vn -0.0035 0.6539 0.7565
vn -0.4686 0.6728 0.5725
vn 0.1719 0.9838 0.0507
vn -0.0310 0.9992 0.0267
vn -0.0735 0.9871 -0.1423
vn -0.0618 0.9916 -0.1134
vn -0.4350 0.8957 0.0921
vn -0.6898 0.6594 -0.2989
vn -0.8815 0.4532 0.1326
vn -0.8693 0.1528 0.4702
vn -0.7205 0.0923 0.6873
vn -0.5457 0.1348 0.8270
vn -0.1302 0.1120 0.9851
vn -0.3961 0.1443 0.9068
vn -0.4973 0.7181 0.4869
vn -0.9851 0.1169 -0.1259
vn -0.9691 0.1159 -0.2176
vn -0.9598 0.1245 -0.2516
vn -0.3205 0.0645 0.9450
vn -0.3081 -0.2802 0.9092
vn -0.1991 -0.3542 0.9137
vn -0.9173 -0.3035 -0.2578
vn -0.9952 0.0705 0.0673
vn -0.8605 -0.4355 0.2643
vn -0.7887 -0.4902 0.3711
vn -0.4541 -0.5219 0.7220
vn -0.2650 -0.6071 0.7491
vn -0.1617 -0.5550 0.8160
vn -0.3439 -0.6992 0.6268
vn 0.1150 -0.9925 0.0416
vn 0.0204 -0.8214 0.5700
vn -0.0605 -0.6085 0.7913
vn -0.6250 -0.7464 0.2287
vn -0.1772 -0.7916 -0.5847
vn -0.7285 -0.5744 0.3733
vn -0.7140 -0.6917 0.1081
vn -0.3979 -0.9091 0.1235
vn 0.4908 -0.7964 -0.3535
vn -0.0693 -0.9964 -0.0486
vn -0.7911 -0.6080 -0.0672
vn 0.0340 0.9991 0.0233
vn 0.0397 0.9992 -0.0078
vn 0.0777 -0.7111 -0.6988
vn 0.0538 0.9984 0.0147
vn 0.1880 -0.7542 -0.6292
vn 0.0316 0.9944 -0.1013
vn 0.5630 -0.7107 0.4218
vn 0.1521 -0.9063 0.3943
vn 0.0318 0.9994 -0.0105
vn 0.3189 -0.8308 0.4562
vn 0.2110 -0.1632 -0.9638
vn 0.8447 -0.5286 0.0841
vn 0.0606 0.9927 0.1041
vn 0.6020 -0.7606 -0.2430
vn 0.7456 0.1408 -0.6513
vn 0.1697 -0.5702 -0.8038
vn 0.9515 -0.2865 -0.1125
vn 0.2692 -0.8528 0.4474
vn 0.2330 -0.9016 0.3645
vn 0.2269 -0.7612 0.6075
vn -0.1854 -0.6982 0.6915
vn -0.5157 -0.7929 -0.3247
vn -0.5154 -0.6764 -0.5262
vn 0.4777 -0.6925 -0.5406
vn 0.5019 -0.5865 -0.6357
vn -0.3551 0.8977 0.2609
vn -0.2080 0.3453 -0.9152
vn -0.4275 0.8841 0.1887
vn 0.9065 -0.1544 0.3930
vn 0.0050 1.0000 -0.0081
vn 0.0010 0.9998 -0.0203
vn -0.0100 0.9999 -0.0060
vn 0.0074 0.9998 -0.0209
vn 0.0148 0.9997 -0.0187
vn 0.2832 0.9500 0.1317
vn 0.3401 0.2633 -0.9028
vn 0.0908 0.0752 -0.9930
vn 0.0136 0.9999 0.0102
vn 0.0037 0.9999 0.0165
vn 0.0165 0.9998 0.0078
vn 0.0180 0.9998 0.0102
vn 0.0209 0.9997 -0.0134
vn 0.0226 0.9996 -0.0194
vn 0.0254 0.9994 -0.0224
vn -0.0102 0.9998 -0.0140
vn 0.6758 0.2258 0.7016
vn -0.0244 0.9996 -0.0114
vn 0.7791 0.4875 -0.3942
vn 0.0887 0.9960 -0.0086
vn 0.2635 0.2495 -0.9318
vn 0.3368 0.8916 0.3027
vn 0.3967 0.8436 0.3619
vn 0.2893 0.2508 -0.9238
vn 0.3165 0.9177 0.2401
vn 0.1758 0.8397 0.5138
vn 0.0128 0.9999 0.0074
vn 0.0095 0.9990 -0.0441
vn 0.0120 0.9995 -0.0296
vn 0.0284 0.9993 -0.0225
vn -0.4847 0.8367 -0.2551
vn -0.7281 -0.5997 0.3319
vn -0.5585 -0.8290 0.0291
vn -0.3517 -0.9359 0.0178
vn -0.5783 -0.5650 0.5884
vn -0.6734 -0.5617 0.4808
vn 0.4218 -0.6198 0.6617
vn 0.3677 -0.6111 0.7009
vn 0.5030 -0.8243 0.2599
vn 0.7965 -0.4918 0.3518
vn 0.7651 -0.6138 0.1948
vn 0.4323 -0.8949 -0.1106
vn 0.2013 -0.8925 -0.4035
vn 0.4584 -0.8443 -0.2775
vn 0.0976 -0.6162 -0.7815
vn 0.5507 -0.6459 -0.5287
vn 0.1986 -0.8977 -0.3933
vn 0.2001 -0.8018 -0.5631
vn -0.3285 -0.8475 -0.4169
vn -0.1944 -0.9369 -0.2905
vn -0.7611 -0.5666 -0.3157
vn -0.5826 -0.7550 -0.3010
vn -0.8462 -0.4414 -0.2985
vn -0.7147 -0.6948 -0.0802
vn 0.4167 -0.6919 0.5895
vn 0.4931 -0.7196 0.4890
vn 0.3628 -0.8457 0.3913
vn 0.2386 -0.9483 0.2092
vn -0.3040 -0.9035 0.3020
vn -0.5751 -0.7213 0.3861
vn -0.5405 -0.6764 0.5003
vn -0.4185 -0.7607 0.4961
vn -0.3210 -0.7775 0.5408
vn -0.2632 -0.9523 0.1543
vn -0.5995 -0.7449 0.2929
vn -0.6355 -0.5658 0.5254
vn 0.2895 -0.8805 0.3754
vn 0.3053 0.4532 0.8375
vn 0.2945 0.8419 0.4522
vn 0.0761 0.9534 0.2918
vn 0.0322 0.9615 0.2730
vn 0.2195 0.9684 -0.1185
vn 0.2477 0.9687 -0.0169
vn 0.3328 0.9221 0.1976
vn 0.3227 0.9222 0.2132
vn -0.0215 0.9381 0.3457
vn 0.0364 0.9707 0.2377
vn 0.1660 0.9209 0.3526
vn -0.3298 0.8734 0.3584
vn -0.0211 0.9550 0.2958
vn -0.2662 0.9366 0.2279
vn -0.4322 0.8803 0.1958
vn -0.0081 0.4871 0.8733
vn -0.5748 0.5399 0.6149
vn 0.5048 0.1364 0.8524
vn 0.3719 0.4079 0.8338
vn 0.5353 0.0822 0.8407
vn -0.1765 0.4267 0.8870
vn 0.5179 -0.3679 0.7723
vn 0.4919 -0.4447 0.7485
vn -0.6143 0.1140 0.7808
vn -0.7661 -0.2043 0.6093
vn -0.5369 -0.6749 0.5062
vn -0.5112 -0.4623 0.7245
vn 0.3087 -0.7261 0.6144
vn 0.5264 -0.3122 0.7908
vn 0.0160 -0.8778 0.4788
vn 0.5715 -0.7809 0.2523
vn 0.3864 -0.8776 0.2838
vn 0.6554 -0.6965 0.2919
vn -0.4082 -0.9036 0.1296
vn -0.0482 0.1444 -0.9883
vn -0.6518 -0.7579 0.0292
vn -0.3853 -0.9228 0.0018
vn 0.0625 -0.7030 0.7084
vn -0.0020 1.0000 0.0008
vn 0.0611 0.9975 0.0357
vn 0.0568 0.9983 0.0117
vn 0.0806 0.9960 0.0377
vn -0.0290 0.8923 0.4506
vn 0.0736 0.1158 -0.9905
vn 0.7183 0.1670 -0.6754
vn 0.6126 0.6259 0.4827
vn 0.4699 0.5740 0.6707
vn 0.2451 0.6848 0.6863
vn 0.9513 0.2010 0.2336
vn 0.0082 0.9998 0.0177
vn 0.0115 0.9999 0.0095
vn -0.0029 0.9999 0.0144
vn 0.0379 0.9802 -0.1945
vn 0.2424 0.9469 0.2111
vn 0.0063 1.0000 0.0057
vn -0.0018 1.0000 0.0005
vn 0.1857 0.2334 0.9545
vn 0.1120 -0.1728 0.9786
vn 0.0991 -0.6351 0.7661
vn 0.0774 0.9660 0.2469
vn 0.3499 -0.8443 0.4059
vn 0.0474 -0.5006 0.8644
vn 0.2191 -0.8227 0.5246
vn 0.2174 -0.9585 0.1842
vn 0.7697 -0.6344 0.0719
vn 0.7881 -0.6097 0.0846
vn 0.7070 -0.5575 0.4351
vn -0.9968 -0.0725 0.0330
vn -0.1930 -0.8943 0.4037
vn -0.1877 -0.8294 0.5262
vn -0.2110 -0.7404 0.6382
vn -0.0124 -0.9680 0.2507
vn 0.7102 -0.6976 -0.0947
vn 0.0782 -0.9905 0.1128
vn 0.0577 -0.9982 -0.0164
vn -0.1187 -0.9902 -0.0734
vn 0.7002 -0.7003 -0.1389
vn -0.5288 0.0473 -0.8474
vn -0.3899 -0.5998 -0.6987
vn -0.6585 -0.2954 -0.6922
vn -0.3743 -0.6084 -0.6998
vn 0.5140 0.0547 -0.8561
vn 0.8959 -0.2846 0.3411
vn 0.7447 -0.5366 0.3968
vn 0.1783 0.9839 0.0086
vn 0.1582 0.9874 0.0069
vn 0.0355 0.9994 -0.0040
vn 0.0049 0.9999 0.0099
vn 0.0110 0.9999 0.0026
vn -0.0068 0.9999 0.0112
vn -0.0065 0.9999 0.0153
vn -0.0045 0.9999 0.0126
vn -0.0056 0.9999 0.0161
vn 0.0149 0.9999 0.0082
vn 0.0327 0.9991 0.0265
vn 0.0643 0.9977 0.0190
vn 0.0231 0.9940 -0.1070
vn 0.0236 0.9994 0.0265
vn 0.0127 0.9998 0.0151
vn 0.0364 0.9989 0.0286
vn 0.0604 0.9981 0.0154
vn -0.0115 0.9997 0.0227
vn -0.0071 0.9998 0.0163
vn -0.0454 0.9987 0.0250
vn -0.0454 0.9987 0.0248
vn -0.0399 0.9992 0.0064
vn -0.0230 0.9988 -0.0426
vn -0.0149 0.9992 -0.0381
vn 0.0027 0.9994 -0.0348
vn -0.0090 0.9999 -0.0089
vn 0.1475 0.9630 0.2254
vn 0.0512 0.9932 0.1046
vn 0.1351 -0.7471 -0.6508
vn 0.3182 0.9379 -0.1384
vn -0.0125 0.9995 -0.0293
vn 0.1667 0.9716 0.1680
vn 0.8941 0.3948 0.2114
vn 0.1249 -0.8075 0.5764
vn 0.7559 0.5966 -0.2697
vn 0.7216 0.6651 -0.1922
vn 0.8806 -0.2687 -0.3904
vn 0.8232 -0.3226 -0.4671
vn -0.1516 -0.7183 0.6790
vn -0.1666 -0.7417 0.6496
vn -0.0174 -0.8666 0.4987
vn 0.2520 -0.9554 0.1536
vn 0.2635 -0.9469 0.1841
vn 0.1715 -0.7653 0.6204
vn 0.6726 -0.6420 0.3680
vn 0.6517 -0.6710 0.3537
vn 0.5362 -0.7252 0.4320
vn 0.4163 -0.8076 -0.4177
vn 0.7170 -0.5377 -0.4437
vn 0.6989 -0.5755 -0.4246
vn 0.3706 -0.9261 -0.0706
vn 0.3338 -0.5417 0.7715
vn -0.2614 -0.9618 -0.0816
vn 0.2759 -0.8556 -0.4381
vn 0.2419 -0.8184 -0.5213
vn -0.1233 -0.9713 -0.2033
vn -0.0783 -0.9282 -0.3639
vn -0.7073 -0.7055 -0.0448
vn -0.7008 -0.7127 -0.0305
vn -0.6904 -0.6513 -0.3148
vn -0.1877 -0.9427 -0.2758
vn -0.4747 -0.8118 -0.3399
vn 0.1919 -0.8302 -0.5234
vn 0.0333 -0.9466 -0.3208
vn 0.7447 -0.4555 -0.4878
vn 0.8054 -0.2034 -0.5568
vn 0.7711 -0.3303 -0.5443
vn 0.1305 -0.7512 -0.6471
vn 0.0856 0.6454 -0.7590
vn 0.4233 0.8683 -0.2584
vn -0.0227 0.9997 0.0117
vn -0.0290 0.9993 0.0248
vn 0.0357 0.9994 -0.0017
vn 0.0336 0.9993 -0.0157
vn -0.0023 0.9999 0.0109
vn 0.0718 0.9973 -0.0175
vn 0.1786 0.9810 -0.0758
vn 0.2389 0.9587 -0.1546
vn 0.4920 0.7491 -0.4437
vn -0.0282 0.9914 -0.1277
vn 0.1083 0.9350 -0.3376
vn -0.0358 0.9978 -0.0558
vn -0.0500 0.9987 0.0039
vn -0.0041 0.9998 0.0208
vn -0.0474 0.9986 0.0242
vn -0.1252 0.9888 0.0811
vn -0.0573 0.9981 0.0205
vn -0.0540 0.9982 0.0266
vn -0.0569 0.9981 0.0230
vn -0.0525 0.9984 -0.0207
vn 0.7378 -0.3619 -0.5698
vn 0.6270 -0.5571 -0.5445
vn 0.6037 -0.5222 -0.6024
vn -0.3415 -0.8960 -0.2839
vn -0.2065 -0.2847 -0.9361
vn -0.3757 -0.8801 -0.2905
vn -0.2776 -0.8677 -0.4123
vn 0.0803 -0.9398 -0.3321
vn -0.6033 -0.7823 0.1549
vn -0.6489 -0.7551 0.0938
vn -0.5478 -0.5957 -0.5874
vn 0.1068 -0.8759 -0.4705
vn 0.1392 -0.9741 -0.1780
vn -0.3367 -0.9275 -0.1622
vn -0.6681 -0.4662 -0.5799
vn -0.7483 -0.2942 -0.5945
vn 0.5139 -0.4929 -0.7021
vn -0.0072 0.9996 0.0264
vn 0.0056 1.0000 0.0009
vn 0.0277 0.9995 -0.0152
vn 0.0221 0.9997 -0.0066
vn 0.4570 0.8883 0.0464
vn 0.4329 -0.0677 0.8989
vn 0.1191 0.9785 -0.1683
vn 0.7798 0.3215 -0.5371
vn 0.7382 0.2471 -0.6277
vn 0.9239 0.0478 0.3796
vn 0.3781 0.1961 0.9048
vn 0.0123 0.9999 -0.0058
vn -0.0281 0.9996 0.0027
vn 0.0360 0.9989 0.0307
vn 0.8394 0.3736 0.3948
vn 0.7830 0.3421 0.5195
vn 0.7794 0.1708 0.6027
vn 0.6300 0.4410 0.6393
vn 0.0388 0.9987 -0.0330
vn 0.0547 0.9985 0.0046
vn -0.6094 0.4208 -0.6720
vn 0.3203 -0.0583 0.9455
vn 0.4544 -0.4718 -0.7556
vn 0.4421 -0.5200 -0.7308
vn 0.2349 -0.8136 -0.5319
vn -0.8454 -0.5133 0.1479
vn -0.6031 -0.7950 -0.0645
vn -0.4667 -0.8841 -0.0245
vn 0.6468 -0.6002 -0.4705
vn 0.5794 -0.7959 -0.1757
vn 0.4813 -0.8748 0.0548
vn 0.5972 -0.7410 0.3071
vn -0.1135 -0.9676 -0.2255
vn 0.5015 -0.7724 -0.3898
vn 0.5195 -0.4762 -0.7095
vn -0.3526 -0.8576 -0.3746
vn -0.3447 -0.9140 0.2138
vn -0.3152 -0.9438 -0.0998
vn -0.5369 -0.7357 -0.4130
vn -0.9136 -0.4066 0.0029
vn -0.8207 -0.5712 0.0145
vn -0.5445 -0.3106 -0.7791
vn 0.3307 -0.9258 0.1830
vn -0.8202 -0.5542 0.1422
vn -0.3377 0.8861 -0.3176
vn 0.0151 0.9985 0.0523
vn -0.3706 0.9127 -0.1719
vn -0.1052 0.9891 0.1034
vn 0.2495 0.9262 -0.2827
vn 0.1246 0.9769 -0.1734
vn 0.0928 0.9909 -0.0977
vn 0.0241 0.9970 -0.0734
vn 0.7314 0.2089 0.6492
vn 0.1211 0.9889 -0.0862
vn -0.7553 0.6063 -0.2488
vn -0.3355 0.2706 -0.9023
vn -0.2024 0.3512 -0.9142
vn -0.4978 0.0969 -0.8619
vn -0.9867 0.1101 -0.1199
vn -0.9813 0.1092 -0.1588
vn -0.8568 0.3682 -0.3611
vn 0.4090 -0.8949 0.1783
vn 0.4217 -0.8848 0.1983
vn 0.3061 -0.9308 0.1997
vn 0.4209 -0.8588 -0.2922
vn 0.3474 -0.9319 -0.1038
vn 0.7352 -0.6613 0.1487
vn 0.4512 -0.8901 -0.0644
vn 0.2121 -0.9521 -0.2203
vn -0.1165 -0.9372 -0.3288
vn -0.5178 -0.6381 -0.5698
vn -0.4916 -0.7742 -0.3987
vn -0.4413 -0.6556 -0.6127
vn -0.1568 -0.9676 0.1977
vn -0.7105 -0.6988 0.0824
vn -0.2535 -0.9553 0.1522
vn 0.4961 -0.8679 -0.0262
vn -0.1074 -0.2868 0.9520
vn -0.7171 0.6716 0.1867
vn -0.6323 0.7742 -0.0288
vn -0.6679 0.7216 0.1822
vn -0.0557 0.9685 0.2428
vn 0.0514 0.9696 0.2391
vn -0.4512 0.8095 0.3757
vn -0.1439 0.8010 0.5811
vn -0.0569 0.9974 0.0437
vn -0.2916 0.1009 0.9512
vn -0.4505 0.1020 0.8869
vn -0.3371 0.6897 0.6408
vn -0.9419 0.3030 -0.1451
vn -0.9769 0.1333 -0.1667
vn -0.8058 -0.5604 -0.1917
vn -0.9161 -0.3065 -0.2585
vn -0.2036 -0.1161 0.9721
vn -0.2510 -0.5377 0.8049
vn 0.0852 -0.7727 0.6290
vn 0.0142 -0.6708 0.7415
vn 0.1624 -0.8656 0.4736
vn 0.3324 -0.6225 0.7085
vn -0.0053 -0.7927 0.6096
vn 0.0127 -0.9996 0.0266
vn -0.0328 -0.9991 -0.0285
vn 0.0481 -0.9738 -0.2224
vn -0.4417 -0.1922 -0.8763
vn -0.4400 -0.8334 -0.3345
vn -0.0114 -0.9352 -0.3539
vn -0.2385 -0.9383 -0.2504
vn -0.2834 -0.9381 -0.1990
vn -0.3349 -0.9201 -0.2031
vn -0.7675 -0.6314 -0.1104
vn 0.0536 0.9984 0.0157
vn 0.2915 -0.7821 0.5507
vn 0.1121 0.8698 0.4805
vn 0.1795 0.9549 0.2367
vn 0.6402 -0.4835 0.5970
vn 0.1287 -0.9608 0.2454
vn 0.1149 -0.9640 0.2396
vn 0.9125 -0.4021 -0.0748
vn 0.0732 0.9903 0.1183
vn 0.9339 0.2392 -0.2656
vn 0.9693 -0.1048 0.2224
vn 0.4245 -0.2311 -0.8754
vn 0.7903 0.5101 -0.3394
vn 0.5350 -0.3227 -0.7808
vn 0.9654 0.2562 0.0484
vn -0.1648 0.0595 -0.9845
vn 0.7483 -0.0712 0.6596
vn 0.0251 -0.2237 -0.9743
vn 0.1061 -0.0595 -0.9926
vn 0.7350 -0.0434 0.6767
vn 0.9862 0.1550 0.0573
vn 0.5752 0.0487 -0.8166
vn 0.9318 -0.2253 0.2845
vn 0.9581 -0.1010 -0.2679
vn 0.2795 -0.0632 0.9581
vn 0.9712 0.1431 -0.1905
vn -0.0686 -0.1259 -0.9897
vn 0.3847 -0.4156 -0.8242
vn 0.1520 -0.1409 -0.9783
vn 0.1677 0.2501 -0.9536
vn 0.0541 -0.0381 -0.9978
vn 0.9644 0.1494 0.2183
vn -0.2372 0.2598 -0.9361
vn 0.4500 0.0924 0.8882
vn 0.9070 -0.2138 -0.3628
vn 0.7671 0.1555 0.6224
vn 0.9761 -0.0601 0.2087
vn 0.0381 0.2560 -0.9659
vn 0.6542 -0.0807 -0.7520
vn 0.5949 0.0970 -0.7979
vn 0.9868 -0.0570 -0.1514
vn 0.2264 0.5882 -0.7764
vn 0.3901 0.2208 -0.8939
vn 0.6501 0.0241 0.7594
vn 0.9227 -0.0357 -0.3838
vn 0.5462 -0.0439 -0.8365
vn 0.9791 -0.1505 0.1366
vn 0.3080 0.4052 -0.8608
vn 0.9400 0.2473 0.2350
vn -0.1588 0.4748 -0.8656
vn 0.0478 -0.0360 -0.9982
vn 0.3973 0.0986 -0.9124
vn 0.8834 -0.0309 -0.4676
vn 0.7123 -0.1208 0.6914
vn 0.7735 -0.1373 0.6187
vn 0.3423 -0.4731 -0.8118
vn 0.8992 0.3392 -0.2762
vn 0.4853 0.0561 0.8725
vn 0.9996 0.0068 0.0275
vn 0.9242 0.3636 -0.1166
vn 0.2710 0.1632 -0.9486
vn 0.1974 0.1870 -0.9623
vn -0.6566 0.6335 -0.4094
vn -0.3048 0.9352 0.1804
vn -0.6293 0.4507 -0.6331
vn 0.8774 -0.1336 0.4607
vn -0.3254 0.4033 -0.8553
vn 0.3402 0.4708 0.8140
vn 0.8677 0.4244 0.2589
vn 0.6272 0.4393 0.6431
vn 0.9868 0.0530 0.1533
vn 0.9971 -0.0633 0.0412
vn 0.0274 0.0277 -0.9992
vn 0.2808 0.0523 -0.9583
vn 0.0797 0.0780 -0.9938
vn -0.7556 0.0642 -0.6519
vn -0.8836 -0.0459 -0.4660
vn 0.2867 0.1039 0.9524
vn 0.9816 0.0707 0.1773
vn 0.4472 0.0938 -0.8895
vn 0.6757 0.1284 0.7259
vn 0.3969 0.1005 -0.9124
vn -0.3671 0.0238 -0.9299
vn 0.3847 0.0752 0.9200
vn 0.9792 0.2026 -0.0083
vn 0.7468 -0.1519 0.6475
vn 0.5730 -0.1084 -0.8124
vn -0.9211 0.2331 -0.3117
vn 0.7907 -0.0545 0.6098
vn 0.8059 0.2187 0.5502
vn 0.5043 0.2270 -0.8331
vn 0.1301 0.2955 -0.9464
vn 0.6708 0.0935 -0.7357
vn 0.8789 0.1399 -0.4559
vn 0.9706 0.1963 -0.1390
vn 0.6458 0.5150 0.5636
vn -0.0922 0.9172 0.3876
vn 0.1202 0.2755 -0.9537
vn 0.2854 0.0700 -0.9559
vn -0.7025 -0.0953 -0.7053
vn 0.5313 -0.0040 -0.8472
vn -0.3652 0.0397 -0.9301
vn -0.1639 0.4070 -0.8986
vn 0.2971 0.2535 -0.9206
vn 0.1126 0.0752 -0.9908
vn 0.7608 0.5106 -0.4005
vn 0.3368 0.2084 -0.9182
vn 0.3962 0.0994 0.9128
vn 0.3977 0.2387 -0.8859
vn 0.0640 0.0932 -0.9936
vn 0.2703 0.2558 0.9282
vn 0.9713 0.0626 0.2295
vn 0.8765 0.1655 0.4522
vn 0.7177 0.2015 0.6666
vn 0.9138 0.1497 -0.3775
vn 0.9800 -0.1238 0.1555
vn 0.4971 -0.2548 -0.8295
vn 0.8208 -0.3749 -0.4310
vn 0.9528 0.2032 -0.2256
vn 0.2390 -0.3094 -0.9204
vn 0.7642 -0.0699 0.6412
vn -0.3034 0.0290 -0.9524
vn 0.2614 -0.1794 -0.9484
vn 0.6883 -0.0500 0.7237
vn 0.9871 0.1516 0.0513
vn 0.5520 0.0387 -0.8329
vn 0.9690 -0.0998 -0.2259
vn 0.8585 -0.2724 -0.4345
vn 0.3411 -0.3117 -0.8868
vn -0.1170 0.0023 -0.9931
vn 0.2716 -0.2833 -0.9198
vn 0.5063 -0.2409 -0.8280
vn 0.9604 0.1550 0.2315
vn 0.5396 0.0477 0.8405
vn 0.8917 -0.2151 -0.3982
vn 0.3030 0.3204 -0.8975
vn 0.4976 0.1755 -0.8495
vn 0.9941 0.1013 0.0398
vn -0.1183 0.0069 -0.9930
vn 0.5536 0.0813 0.8288
vn 0.9595 -0.0970 0.2645
vn 0.9583 0.2258 0.1752
vn 0.5069 -0.5510 -0.6629
vn 0.3047 0.2210 -0.9264
vn 0.7203 -0.1149 0.6841
vn 0.0533 -0.1520 -0.9869
vn 0.9859 -0.0972 -0.1362
vn 0.1241 0.3496 -0.9287
vn -0.5762 0.4607 -0.6751
vn -0.9910 -0.1339 0.0019
vn 0.3661 0.1379 0.9203
vn 0.5876 0.7587 -0.2814
vn 0.9844 0.0498 0.1686
vn 0.9516 -0.1735 0.2536
vn 0.3634 -0.0090 -0.9316
vn 0.2689 0.0573 -0.9615
vn 0.1160 0.0674 -0.9910
vn -0.7140 0.0717 -0.6964
vn 0.3429 0.0642 0.9372
vn 0.9905 0.0945 0.1000
vn 0.4427 0.0870 -0.8925
vn 0.7006 0.3357 0.6296
vn -0.3674 0.0237 -0.9297
vn 0.1944 0.1225 0.9732
vn 0.7480 -0.1534 0.6457
vn 0.8854 0.3404 0.3165
vn -0.9246 0.0468 -0.3780
vn 0.9658 0.0485 0.2547
vn 0.4540 0.8642 -0.2168
vn 0.6539 0.4988 0.5688
vn 0.7279 0.3149 0.6091
vn -0.0098 -0.0838 0.9964
vn 0.5933 0.2696 0.7585
vn 0.6500 -0.1733 0.7399
vn 0.2338 0.0127 0.9722
vn 0.7393 0.6340 0.2267
vn 0.1344 0.5666 0.8129
vn 0.5324 0.7232 0.4399
vn -0.3052 0.8074 0.5050
vn -0.7792 0.5351 0.3263
vn 0.1031 0.5014 0.8590
vn -0.2609 0.9274 -0.2679
vn -0.9283 -0.0056 -0.3717
vn -0.9275 -0.0303 -0.3726
vn -0.5712 0.1472 -0.8075
vn -0.6970 0.5737 -0.4302
vn -0.9278 0.1740 -0.3299
vn -0.8259 0.5493 -0.1274
vn -0.2730 0.0785 -0.9588
vn -0.7066 0.5228 -0.4768
vn -0.6936 0.0734 -0.7166
vn -0.7650 -0.1588 -0.6242
vn -0.6152 0.4214 -0.6662
vn -0.5551 -0.1157 -0.8237
vn 0.0171 0.2427 -0.9699
vn -0.9537 0.2895 -0.0820
vn -0.5921 0.4527 -0.6667
vn -0.3660 0.8434 -0.3934
vn -0.6870 0.3585 -0.6321
vn 0.2444 0.8801 0.4071
vn 0.8844 0.4504 -0.1227
vn 0.8614 -0.1294 0.4912
vn 0.8327 0.3017 0.4642
vn 0.7668 0.0326 0.6410
vn 0.9270 0.2286 0.2974
vn 0.5178 0.0101 0.8554
vn 0.3234 0.5655 0.7587
vn 0.1135 -0.4571 0.8822
vn -0.2001 0.2260 0.9534
vn -0.3276 0.0446 0.9438
vn 0.8669 0.4945 -0.0634
vn 0.6821 0.3345 0.6502
vn -0.8298 -0.0010 -0.5581
vn -0.9629 -0.0265 -0.2687
vn -0.6555 0.0658 -0.7523
vn -0.9249 0.0090 -0.3802
vn -0.7012 0.6997 0.1365
vn -0.6331 0.0632 -0.7715
vn -0.9301 0.0072 -0.3672
vn -0.8321 0.5445 -0.1055
vn -0.4965 0.0680 -0.8654
vn -0.9864 0.0347 -0.1605
vn -0.6634 0.5359 -0.5222
vn -0.9536 -0.3010 0.0058
vn -0.2858 0.0963 -0.9534
vn -0.8672 0.4961 -0.0428
vn -0.2387 0.0629 -0.9691
vn -0.6137 -0.0698 -0.7864
vn -0.8730 -0.1680 -0.4579
vn -0.3317 0.3821 -0.8626
vn -0.5386 -0.1358 -0.8316
vn -0.5412 -0.0904 -0.8360
vn -0.9564 0.2896 -0.0377
vn -0.4588 0.3296 -0.8252
vn 0.9033 0.3756 -0.2075
vn 0.4233 0.8120 0.4019
vn 0.4402 0.8523 -0.2824
vn -0.3328 0.8984 -0.2866
vn 0.4029 0.8846 0.2349
vn -0.2846 0.8726 -0.3970
vn 0.5369 0.8234 0.1839
vn 0.5482 0.5900 0.5927
vn -0.3278 0.9034 -0.2766
vn 0.6332 0.7663 0.1094
vn 0.3086 0.8368 -0.4522
vn 0.0857 0.9406 -0.3284
vn 0.0491 0.7631 0.6444
vn 0.1187 0.8109 0.5731
vn 0.2813 0.7151 0.6400
vn -0.4971 0.6188 0.6083
vn -0.5769 0.7984 -0.1725
vn -0.7592 0.6505 0.0241
vn -0.1040 0.8019 -0.5884
vn -0.7625 0.6470 0.0092
vn -0.4868 0.8670 -0.1066
vn -0.4453 0.8476 -0.2887
vn -0.1095 0.9383 0.3281
vn 0.6222 0.7677 0.1532
vn 0.0116 0.9999 0.0097
vn -0.5855 0.7315 0.3493
vn -0.2611 0.9118 -0.3170
vn -0.2003 0.6943 -0.6913
vn -0.5630 0.0981 -0.8206
vn 0.9995 0.0074 0.0320
vn 0.2391 0.9585 -0.1552
vn 0.1413 0.9325 0.3325
vn 0.9136 0.1277 -0.3860
vn -0.9583 0.2815 0.0493
vn -0.6054 0.4904 0.6269
vn -0.0151 0.8537 0.5205
vn -0.2984 0.8960 0.3289
vn -0.4031 0.8997 -0.1673
vn -0.6593 0.6363 -0.4005
vn -0.2173 0.8918 -0.3969
vn -0.5230 0.5589 -0.6436
vn -0.6032 0.4795 -0.6373
vn -0.0075 0.9999 -0.0081
vn -0.7677 -0.2611 -0.5852
vn 0.6877 0.6604 -0.3015
vn -0.0071 0.9999 -0.0114
vn 0.0010 0.1480 0.9890
vn 0.0329 0.4737 0.8801
vn 0.4765 0.3829 0.7914
vn 0.1265 0.0498 0.9907
vn 0.1587 0.8241 0.5437
vn 0.8105 -0.5443 -0.2165
vn 0.9757 -0.0654 -0.2093
vn 0.9989 0.0050 0.0459
vn 0.1283 0.4988 0.8572
vn -0.4134 0.3618 -0.8356
vn -0.5656 0.4329 -0.7019
vn -0.6934 0.0710 -0.7171
vn -0.7123 0.0512 -0.7000
vn -0.8413 0.0113 -0.5404
vn -0.7414 0.0650 -0.6679
vn 0.2461 0.0125 0.9692
vn -0.0288 0.1526 0.9879
vn 0.8825 0.3065 -0.3567
vn 0.1494 0.5574 0.8167
vn -0.1713 0.9234 0.3434
vn 0.4126 0.6725 -0.6144
vn 0.4036 0.8872 0.2233
vn 0.9933 0.0864 -0.0774
vn 0.1689 0.2715 0.9475
vn 0.2156 0.4061 0.8880
vn 0.7864 -0.1761 -0.5921
vn 0.8923 0.4262 0.1492
vn -0.7214 0.2329 -0.6522
vn -0.7523 0.1065 -0.6502
vn -0.7280 0.0164 -0.6854
vn 0.3378 0.0708 0.9385
vn 0.1282 0.5518 0.8241
vn 0.8525 -0.1971 0.4842
vn 0.4509 -0.2928 0.8432
vn 0.2333 -0.2822 0.9306
vn 0.6761 0.6879 0.2642
vn 0.8803 -0.0084 0.4744
vn 0.5651 0.5429 0.6212
vn 0.5380 0.6349 0.5544
vn -0.2508 0.8995 -0.3578
vn -0.7676 0.5214 -0.3728
vn -0.8880 -0.0264 -0.4592
vn -0.5442 -0.1312 -0.8286
vn -0.4071 0.3279 -0.8525
vn 0.2319 0.4828 -0.8445
vn -0.4302 0.3527 -0.8309
vn -0.5999 0.4532 -0.6594
vn -0.4215 0.3043 -0.8542
vn 0.0856 0.9384 -0.3347
vn 0.7391 0.5039 0.4470
vn 0.9319 0.1189 0.3427
vn 0.9901 -0.0256 0.1377
vn 0.8105 0.5293 0.2509
vn 0.8616 0.1234 0.4923
vn 0.8050 0.1572 0.5721
vn 0.6921 -0.1936 0.6953
vn 0.0987 0.0929 0.9908
vn 0.9135 0.2046 -0.3516
vn 0.9611 0.0052 -0.2761
vn 0.7398 0.3555 0.5712
vn 0.8912 0.1332 0.4336
vn 0.8555 0.2011 0.4771
vn 0.8037 0.1499 0.5759
vn 0.8903 0.1430 0.4323
vn 0.0800 0.7340 0.6744
vn 0.0586 0.7112 0.7005
vn -0.4332 0.7061 0.5602
vn 0.1076 0.7682 0.6311
vn -0.8354 0.0050 -0.5496
vn -0.6066 -0.0124 -0.7949
vn -0.6919 0.7067 0.1481
vn -0.3556 -0.1119 -0.9279
vn -0.6552 0.7511 -0.0814
vn -0.3579 0.4413 -0.8229
vn -0.1979 0.5798 -0.7904
vn 0.8924 0.3993 -0.2101
vn -0.2288 0.6438 0.7302
vn -0.1131 0.7259 0.6785
vn -0.8536 0.4127 -0.3179
vn -0.6667 0.0356 -0.7445
vt 0.245291 0.707383
vt 0.214687 0.698500
vt 0.240282 0.666428
vt 0.193952 0.734494
vt 0.182846 0.728162
vt 0.175787 0.711526
vt 0.272879 0.686687
vt 0.269455 0.732065
vt 0.230734 0.738547
vt 0.182354 0.735374
vt 0.198696 0.633485
vt 0.206643 0.632448
vt 0.204648 0.649253
vt 0.292432 0.640309
vt 0.270817 0.639163
vt 0.281018 0.625806
vt 0.298982 0.752567
vt 0.319259 0.740199
vt 0.318378 0.758372
vt 0.227767 0.783125
vt 0.233751 0.784323
vt 0.229246 0.786416
vt 0.301911 0.759223
vt 0.309243 0.761693
vt 0.808752 0.606930
vt 0.809739 0.558837
vt 0.822328 0.570787
vt 0.731932 0.529167
vt 0.723520 0.562227
vt 0.715719 0.553805
vt 0.657472 0.647894
vt 0.654209 0.680261
vt 0.642058 0.676030
vt 0.720146 0.740776
vt 0.701693 0.749443
vt 0.681623 0.723388
vt 0.793655 0.684697
vt 0.811699 0.698056
vt 0.814754 0.705208
vt 0.782311 0.660414
vt 0.722469 0.707590
vt 0.757244 0.635739
vt 0.759015 0.735058
vt 0.750156 0.758488
vt 0.687762 0.675539
vt 0.682369 0.709372
vt 0.662449 0.710186
vt 0.643593 0.698184
vt 0.723202 0.603064
vt 0.658648 0.561856
vt 0.662596 0.586340
vt 0.646261 0.574044
vt 0.768922 0.607399
vt 0.728433 0.585324
vt 0.811868 0.634526
vt 0.787673 0.614290
vt 0.833179 0.648965
vt 0.838507 0.661219
vt 0.822992 0.689593
vt 0.823879 0.701019
vt 0.829089 0.695747
vt 0.830480 0.701464
vt 0.757322 0.761003
vt 0.760760 0.752043
vt 0.763214 0.761359
vt 0.675580 0.720049
vt 0.663299 0.728419
vt 0.664870 0.718556
vt 0.656776 0.718407
vt 0.646243 0.567542
vt 0.830564 0.690229
vt 0.828990 0.694155
vt 0.297040 0.761224
vt 0.277039 0.624004
vt 0.250787 0.614175
vt 0.193020 0.637673
vt 0.190787 0.650670
vt 0.187595 0.643499
vt 0.183339 0.743996
vt 0.177896 0.742671
vt 0.193442 0.751803
vt 0.185294 0.755251
vt 0.221909 0.767902
vt 0.248826 0.768881
vt 0.262826 0.764642
vt 0.286429 0.777323
vt 0.301682 0.724997
vt 0.308832 0.735489
vt 0.302810 0.702344
vt 0.297062 0.669353
vt 0.232137 0.627725
vt 0.236714 0.609874
vt 0.212436 0.775904
vt 0.206939 0.770068
vt 0.190953 0.687497
vt 0.184409 0.664320
vt 0.164211 0.681046
vt 0.172962 0.645149
vt 0.155300 0.603594
vt 0.179547 0.603163
vt 0.183119 0.623478
vt 0.158631 0.719142
vt 0.138239 0.687352
vt 0.148100 0.643189
vt 0.160534 0.593987
vt 0.165046 0.599127
vt 0.114758 0.688815
vt 0.130794 0.725901
vt 0.112793 0.712038
vt 0.133368 0.607170
vt 0.119956 0.645279
vt 0.117780 0.612934
vt 0.874957 0.748958
vt 0.881939 0.728866
vt 0.873159 0.740675
vt 0.106519 0.661092
vt 0.139324 0.584941
vt 0.851754 0.660288
vt 0.838959 0.672924
vt 0.888048 0.653046
vt 0.880206 0.711291
vt 0.872173 0.698483
vt 0.914604 0.599615
vt 0.915755 0.646895
vt 0.897931 0.597100
vt 0.867179 0.564068
vt 0.867198 0.537473
vt 0.891389 0.561786
vt 0.869251 0.612107
vt 0.902180 0.691301
vt 0.857661 0.701412
vt 0.834609 0.600873
vt 0.836600 0.583433
vt 0.843390 0.543085
vt 0.848054 0.523604
vt 0.854795 0.522038
vt 0.871022 0.566022
vt 0.898205 0.593379
vt 0.912414 0.640444
vt 0.904498 0.690234
vt 0.875440 0.742237
vt 0.874888 0.741759
vt 0.874811 0.740199
vt 0.854726 0.517229
vt 0.857591 0.532142
vt 0.130672 0.751567
vt 0.144438 0.768588
vt 0.855858 0.548298
vt 0.846932 0.557217
vt 0.160426 0.748180
vt 0.172110 0.742406
vt 0.207914 0.786875
vt 0.213427 0.826504
vt 0.198426 0.811740
vt 0.194649 0.855590
vt 0.172472 0.825159
vt 0.181344 0.783249
vt 0.205719 0.904741
vt 0.193542 0.894291
vt 0.215333 0.886267
vt 0.150294 0.835242
vt 0.169233 0.871585
vt 0.151578 0.863329
vt 0.144382 0.755080
vt 0.152611 0.792777
vt 0.177336 0.897865
vt 0.140685 0.813548
vt 0.761356 0.773606
vt 0.760090 0.860103
vt 0.749978 0.854517
vt 0.766520 0.828022
vt 0.836657 0.851079
vt 0.803460 0.864150
vt 0.820595 0.822976
vt 0.832130 0.775933
vt 0.862088 0.767396
vt 0.855241 0.809409
vt 0.834473 0.713739
vt 0.813742 0.716591
vt 0.802540 0.788993
vt 0.815826 0.723639
vt 0.849596 0.723090
vt 0.818638 0.733335
vt 0.836300 0.757615
vt 0.848422 0.760315
vt 0.788050 0.827705
vt 0.774727 0.864829
vt 0.776973 0.779224
vt 0.760100 0.788798
vt 0.806238 0.709231
vt 0.869304 0.789441
vt 0.855560 0.838092
vt 0.823059 0.871843
vt 0.787248 0.878563
vt 0.760742 0.866832
vt 0.755705 0.898068
vt 0.764967 0.925038
vt 0.751165 0.918563
vt 0.749737 0.930603
vt 0.781485 0.898602
vt 0.749638 0.896996
vt 0.225848 0.889676
vt 0.223877 0.883870
vt 0.169894 0.753828
vt 0.225988 0.845420
vt 0.223074 0.834546
vt 0.224683 0.870370
vt 0.223073 0.826362
vt 0.216110 0.775642
vt 0.236045 0.800958
vt 0.275407 0.829735
vt 0.292261 0.802516
vt 0.301656 0.848799
vt 0.277857 0.873269
vt 0.251553 0.844973
vt 0.260523 0.802949
vt 0.312555 0.769137
vt 0.298558 0.926433
vt 0.309009 0.894808
vt 0.302659 0.920613
vt 0.252562 0.894169
vt 0.234779 0.902362
vt 0.282334 0.945289
vt 0.296222 0.957720
vt 0.671799 0.856237
vt 0.650075 0.881944
vt 0.634932 0.872206
vt 0.726536 0.933363
vt 0.679912 0.896419
vt 0.719556 0.897438
vt 0.751868 0.784530
vt 0.752268 0.807958
vt 0.723840 0.794994
vt 0.691228 0.766636
vt 0.689716 0.746089
vt 0.694715 0.811962
vt 0.731792 0.762844
vt 0.709811 0.846295
vt 0.747324 0.840541
vt 0.737749 0.897847
vt 0.661267 0.933263
vt 0.665870 0.897046
vt 0.652319 0.829824
vt 0.658371 0.848938
vt 0.652955 0.855276
vt 0.648681 0.853073
vt 0.673900 0.773100
vt 0.674556 0.804976
vt 0.658564 0.763867
vt 0.669505 0.752639
vt 0.723455 0.933083
vt 0.673055 0.930341
vt 0.660191 0.901811
vt 0.664932 0.894076
vt 0.620299 0.873308
vt 0.658881 0.725660
vt 0.661065 0.736440
vt 0.652916 0.727725
vt 0.257411 0.920530
vt 0.266199 0.918441
vt 0.623906 0.877068
vt 0.628092 0.882167
vt 0.625183 0.873118
vt 0.342332 0.885410
vt 0.334162 0.899169
vt 0.317650 0.771214
vt 0.249291 0.784560
vt 0.233742 0.820810
vt 0.231701 0.853409
vt 0.280607 0.916658
vt 0.324172 0.856070
vt 0.268691 0.780029
vt 0.319177 0.835422
vt 0.329794 0.838475
vt 0.314000 0.803880
vt 0.325250 0.782082
vt 0.325007 0.791879
vt 0.336573 0.784739
vt 0.338448 0.815961
vt 0.363390 0.795166
vt 0.362664 0.831440
vt 0.335867 0.847940
vt 0.552111 0.754153
vt 0.553568 0.734370
vt 0.547864 0.739971
vt 0.561051 0.820733
vt 0.552273 0.784641
vt 0.543667 0.803732
vt 0.601518 0.865023
vt 0.613766 0.874759
vt 0.539055 0.765778
vt 0.568558 0.841641
vt 0.660941 0.786854
vt 0.642824 0.759471
vt 0.583407 0.735539
vt 0.616770 0.742522
vt 0.592369 0.758747
vt 0.545315 0.783633
vt 0.556101 0.755586
vt 0.571877 0.786796
vt 0.588524 0.848299
vt 0.560722 0.818782
vt 0.596366 0.822842
vt 0.620063 0.852637
vt 0.631159 0.817570
vt 0.604806 0.791982
vt 0.629381 0.774416
vt 0.656851 0.816840
vt 0.634833 0.860783
vt 0.543067 0.730304
vt 0.539158 0.743055
vt 0.571860 0.726041
vt 0.611923 0.725430
vt 0.587980 0.722732
vt 0.628101 0.726224
vt 0.654217 0.760212
vt 0.590049 0.845612
vt 0.585703 0.710999
vt 0.657662 0.757723
vt 0.362008 0.871024
vt 0.330349 0.880329
vt 0.336295 0.866792
vt 0.384989 0.845568
vt 0.391947 0.808637
vt 0.392075 0.777441
vt 0.379206 0.755147
vt 0.348544 0.765474
vt 0.364263 0.769237
vt 0.342600 0.755921
vt 0.333480 0.763239
vt 0.323630 0.819045
vt 0.337565 0.690519
vt 0.361481 0.662130
vt 0.374819 0.704287
vt 0.356517 0.615042
vt 0.348859 0.624441
vt 0.344694 0.727694
vt 0.316310 0.718338
vt 0.308056 0.670235
vt 0.314203 0.692912
vt 0.529367 0.688931
vt 0.537640 0.649302
vt 0.516271 0.668083
vt 0.388325 0.762172
vt 0.387780 0.739115
vt 0.390921 0.757198
vt 0.570091 0.595007
vt 0.534790 0.623326
vt 0.559869 0.611990
vt 0.524993 0.708582
vt 0.484856 0.630576
vt 0.511647 0.596603
vt 0.504791 0.635392
vt 0.494275 0.696865
vt 0.486404 0.664937
vt 0.529145 0.667089
vt 0.643323 0.724200
vt 0.622776 0.716346
vt 0.599384 0.609247
vt 0.565031 0.631869
vt 0.574636 0.615641
vt 0.619551 0.569927
vt 0.610298 0.568893
vt 0.621194 0.562952
vt 0.649244 0.563952
vt 0.642926 0.561512
vt 0.625134 0.689030
vt 0.639441 0.654764
vt 0.642039 0.690089
vt 0.587770 0.655218
vt 0.581680 0.683382
vt 0.562555 0.722727
vt 0.567056 0.613235
vt 0.550312 0.630666
vt 0.530519 0.609183
vt 0.528937 0.620763
vt 0.524710 0.705329
vt 0.508612 0.712827
vt 0.494410 0.681214
vt 0.515934 0.698538
vt 0.506177 0.654364
vt 0.506750 0.666247
vt 0.531630 0.613144
vt 0.521735 0.621693
vt 0.534896 0.571709
vt 0.533378 0.570027
vt 0.523124 0.727238
vt 0.495551 0.697663
vt 0.413567 0.730812
vt 0.410101 0.710705
vt 0.321396 0.655687
vt 0.304364 0.653879
vt 0.320945 0.619584
vt 0.306155 0.633741
vt 0.307222 0.625858
vt 0.328466 0.622758
vt 0.403544 0.670155
vt 0.385927 0.631977
vt 0.284450 0.590121
vt 0.270784 0.556025
vt 0.301586 0.565525
vt 0.260146 0.517885
vt 0.250040 0.543657
vt 0.241687 0.521315
vt 0.311872 0.598217
vt 0.287957 0.609388
vt 0.264875 0.587502
vt 0.247987 0.510255
vt 0.248112 0.516613
vt 0.317064 0.540123
vt 0.286536 0.526254
vt 0.305348 0.518632
vt 0.704460 0.492499
vt 0.733916 0.493031
vt 0.739999 0.485315
vt 0.646757 0.522221
vt 0.661540 0.501218
vt 0.623686 0.529660
vt 0.664733 0.470453
vt 0.674698 0.470055
vt 0.704713 0.456861
vt 0.620995 0.502679
vt 0.601354 0.516346
vt 0.633369 0.489625
vt 0.628003 0.526933
vt 0.598047 0.539414
vt 0.592827 0.537381
vt 0.721897 0.466797
vt 0.724813 0.479582
vt 0.697852 0.475407
vt 0.658337 0.495954
vt 0.680947 0.514323
vt 0.682315 0.537525
vt 0.629025 0.550090
vt 0.607495 0.551101
vt 0.601951 0.518026
vt 0.596084 0.526648
vt 0.723631 0.454157
vt 0.600233 0.543623
vt 0.604465 0.533456
vt 0.738865 0.460764
vt 0.728470 0.452148
vt 0.592002 0.568477
vt 0.625714 0.552686
vt 0.271332 0.509710
vt 0.258180 0.605268
vt 0.249805 0.603147
vt 0.245686 0.596523
vt 0.274031 0.616104
vt 0.290029 0.626845
vt 0.334294 0.614349
vt 0.333742 0.571295
vt 0.347574 0.596583
vt 0.242847 0.582353
vt 0.247451 0.588284
vt 0.245955 0.572103
vt 0.238479 0.550764
vt 0.220532 0.545771
vt 0.228346 0.590104
vt 0.210851 0.581955
vt 0.231073 0.505792
vt 0.209264 0.500807
vt 0.208518 0.609044
vt 0.187329 0.579068
vt 0.196713 0.541454
vt 0.222203 0.489843
vt 0.158416 0.575932
vt 0.163784 0.568762
vt 0.161356 0.581721
vt 0.185179 0.502497
vt 0.171428 0.536832
vt 0.171156 0.504521
vt 0.243166 0.502360
vt 0.846423 0.524909
vt 0.813164 0.485449
vt 0.830858 0.487427
vt 0.800508 0.465739
vt 0.734567 0.448354
vt 0.756037 0.470234
vt 0.817997 0.469162
vt 0.840254 0.480189
vt 0.845160 0.503792
vt 0.783874 0.440686
vt 0.815619 0.448436
vt 0.784717 0.445734
vt 0.785510 0.480169
vt 0.807346 0.510908
vt 0.796797 0.538849
vt 0.734341 0.472486
vt 0.755495 0.443513
vt 0.766449 0.473083
vt 0.736091 0.482736
vt 0.158819 0.542873
vt 0.195209 0.482329
vt 0.192050 0.625661
vt 0.205006 0.627790
vt 0.216861 0.622918
vt 0.654144 0.905635
vt 0.256278 0.960526
vt 0.670107 0.899764
vt 0.294246 0.930870
vt 0.178784 0.691361
vt 0.297605 0.632095
vt 0.704698 0.574498
vt 0.702167 0.570346
vt 0.712258 0.560815
vt 0.803203 0.663571
vt 0.810950 0.681136
vt 0.813356 0.710732
vt 0.679693 0.600428
vt 0.681309 0.573421
vt 0.670390 0.583511
vt 0.741620 0.561060
vt 0.792566 0.657290
vt 0.788953 0.630210
vt 0.191765 0.630036
vt 0.822081 0.538222
vt 0.876750 0.734243
vt 0.864569 0.745500
vt 0.153151 0.766344
vt 0.818701 0.723397
vt 0.838220 0.753289
vt 0.825268 0.738332
vt 0.870847 0.747590
vt 0.858768 0.751044
vt 0.231739 0.879718
vt 0.235526 0.923601
vt 0.556842 0.739231
vt 0.614874 0.859672
vt 0.536473 0.731753
vt 0.555482 0.738823
vt 0.608260 0.577400
vt 0.605889 0.566328
vt 0.597727 0.564680
vt 0.596035 0.557248
vt 0.654116 0.607755
vt 0.642438 0.631104
vt 0.644993 0.622390
vt 0.643997 0.589788
vt 0.639673 0.584011
vt 0.649195 0.591698
vt 0.608170 0.673340
vt 0.578541 0.698009
vt 0.544182 0.716190
vt 0.556471 0.705544
vt 0.565064 0.701863
vt 0.542005 0.703101
vt 0.525972 0.578759
vt 0.531078 0.718510
vt 0.597155 0.549926
vt 0.597752 0.529464
vt 0.593716 0.547629
vt 0.750580 0.876239
vt 0.681460 0.588719
vt 0.668931 0.593801
vt 0.819815 0.709414
vt 0.828766 0.726320
vt 0.791437 0.576492
vt 0.793178 0.579650
vt 0.695523 0.560026
vt 0.695835 0.575569
vt 0.799007 0.599594
vt 0.790026 0.628916
vt 0.656866 0.591732
vt 0.763255 0.572649
vt 0.650415 0.589772
vt 0.646486 0.595448
vt 0.644001 0.588911
vt 0.801413 0.706666
vt 0.823437 0.713272
vt 0.838454 0.729667
vt 0.799407 0.687257
vt 0.795967 0.645033
vt 0.867949 0.753006
vt 0.658444 0.598631
vt 0.651544 0.596103
vt 0.643782 0.590021
vt 0.490245 0.661723
vt 0.484096 0.632093
vt 0.507191 0.599017
vt 0.492489 0.611620
vt 0.527912 0.581205
vt 0.532337 0.578884
vt 0.585481 0.686632
vt 0.595861 0.636329
vt 0.539073 0.596397
vt 0.534836 0.594632
vt 0.608897 0.652231
vt 0.614119 0.620725
vt 0.616549 0.631972
vt 0.519516 0.707140
vt 0.555807 0.588467
vt 0.546514 0.594070
vt 0.561066 0.587861
vt 0.631238 0.575139
vt 0.533746 0.584976
vt 0.625238 0.627113
vt 0.628075 0.634591
vt 0.552312 0.582775
vt 0.605406 0.617415
vt 0.607351 0.620317
vt 0.550587 0.603345
vt 0.544423 0.615141
vt 0.559751 0.601680
vt 0.633547 0.621093
vt 0.629786 0.605552
vt 0.633175 0.607111
vt 0.574605 0.602325
vt 0.585201 0.603040
vt 0.635707 0.607058
vt 0.638164 0.633569
vt 0.579504 0.579985
vt 0.617596 0.611679
vt 0.595662 0.589399
vt 0.603763 0.578663
vt 0.589227 0.566940
vt 0.585133 0.530821
vt 0.587582 0.552869
vt 0.572187 0.535243
vt 0.575342 0.558475
vt 0.552266 0.555358
vt 0.569517 0.563602
vt 0.576563 0.544239
vt 0.563406 0.574515
vt 0.568014 0.545898
vt 0.559118 0.547262
vt 0.552388 0.563573
vt 0.552903 0.556117
vt 0.540989 0.589799
vt 0.550645 0.562473
vt 0.539621 0.564667
vt 0.532845 0.567993
vt 0.543031 0.588668
vt 0.558900 0.584564
vt 0.535980 0.595549
vt 0.537514 0.601862
vt 0.540001 0.599553
vt 0.566853 0.603934
vt 0.581849 0.595097
vt 0.637159 0.599726
vt 0.641673 0.602349
vt 0.589570 0.573584
vt 0.560117 0.554331
vt 0.530510 0.590069
vt 0.544952 0.597262
vt 0.525012 0.583533
vt 0.518975 0.596152
vt 0.524670 0.581890
vt 0.521673 0.588069
vt 0.544247 0.578562
vt 0.558753 0.590812
vt 0.536272 0.574953
vt 0.589162 0.550572
vt 0.580852 0.546774
vt 0.645798 0.594332
vt 0.644987 0.608355
s 0
usemtl 材質.003
f 1/1/1 185/2/1 182/3/1
f 191/4/2 232/5/2 233/6/2
f 1/1/3 182/3/3 198/7/3
f 1/1/4 198/7/4 204/8/4
f 1/1/5 204/8/5 197/9/5
f 236/10/6 232/5/6 191/4/6
f 426/11/7 428/12/7 189/13/7
f 361/14/8 202/15/8 406/16/8
f 108/17/9 362/18/9 327/19/9
f 252/20/10 286/21/10 285/22/10
f 288/23/11 327/19/11 287/24/11
f 240/25/12 138/26/12 237/27/12
f 82/28/13 483/29/13 493/30/13
f 364/31/14 366/32/14 367/33/14
f 291/34/15 292/35/15 289/36/15
f 254/37/16 517/38/16 256/39/16
f 224/40/17 230/41/17 178/42/17
f 257/43/18 224/40/18 254/37/18
f 291/34/19 257/43/19 294/44/19
f 230/41/20 229/45/20 178/42/20
f 220/46/21 229/45/21 230/41/21
f 370/47/22 369/48/22 366/32/22
f 229/45/23 226/49/23 178/42/23
f 226/49/24 229/45/24 364/31/24
f 409/50/25 499/51/25 372/52/25
f 226/49/26 223/53/26 178/42/26
f 508/54/27 223/53/27 226/49/27
f 223/53/28 224/40/28 178/42/28
f 241/55/29 492/56/29 240/25/29
f 243/57/30 242/58/30 176/59/30
f 253/60/31 246/61/31 259/62/31
f 295/63/32 258/64/32 260/65/32
f 220/46/33 289/36/33 296/66/33
f 297/67/34 374/68/34 296/66/34
f 370/47/35 374/68/35 375/69/35
f 376/70/36 409/50/36 372/52/36
f 245/71/37 247/72/37 176/59/37
f 288/23/38 298/73/38 108/17/38
f 406/16/39 202/15/39 411/74/39
f 411/74/40 202/15/40 431/75/40
f 248/76/41 426/11/41 189/13/41
f 248/76/42 250/77/42 249/78/42
f 176/59/43 247/72/43 246/61/43
f 236/10/44 261/79/44 262/80/44
f 261/79/45 264/81/45 263/82/45
f 265/83/46 197/9/46 299/84/46
f 197/9/47 301/85/47 299/84/47
f 108/17/48 298/73/48 303/86/48
f 108/17/49 377/87/49 363/88/49
f 204/8/50 198/7/50 378/89/50
f 378/89/51 198/7/51 382/90/51
f 382/90/52 198/7/52 202/15/52
f 202/15/53 198/7/53 182/3/53
f 202/15/54 434/91/54 433/92/54
f 268/93/55 266/94/55 191/4/55
f 191/4/56 185/2/56 197/9/56
f 185/2/57 1/1/57 197/9/57
f 189/13/58 428/12/58 434/91/58
f 189/13/59 182/3/59 185/2/59
f 189/13/60 235/95/60 251/96/60
f 47/97/61 187/98/61 251/96/61
f 194/99/62 437/100/62 438/101/62
f 47/97/63 233/6/63 201/102/63
f 205/103/64 47/97/64 201/102/64
f 47/97/65 205/103/65 196/104/65
f 439/105/66 436/106/66 194/99/66
f 110/107/67 206/108/67 216/109/67
f 134/110/68 209/111/68 218/112/68
f 269/113/69 217/114/69 270/115/69
f 110/107/70 216/109/70 219/116/70
f 134/110/71 218/112/71 212/117/71
f 227/118/72 244/119/72 242/58/72
f 228/120/73 271/121/73 272/122/73
f 166/123/74 221/124/74 231/125/74
f 225/126/75 174/127/75 222/128/75
f 181/129/76 225/126/76 231/125/76
f 225/126/77 222/128/77 231/125/77
f 222/128/78 166/123/78 231/125/78
f 181/129/79 231/125/79 228/120/79
f 231/125/80 221/124/80 228/120/80
f 221/124/81 162/130/81 228/120/81
f 227/118/82 181/129/82 228/120/82
f 227/118/83 272/122/83 273/131/83
f 245/71/84 273/131/84 259/62/84
f 243/57/85 241/55/85 238/132/85
f 242/58/86 243/57/86 227/118/86
f 181/129/87 239/133/87 225/126/87
f 237/27/88 138/26/88 441/134/88
f 441/134/89 442/135/89 443/136/89
f 174/127/90 212/137/90 222/128/90
f 212/137/91 218/138/91 222/128/91
f 218/138/92 166/123/92 222/128/92
f 219/139/93 221/124/93 166/123/93
f 219/139/94 216/140/94 221/124/94
f 216/140/95 162/130/95 221/124/95
f 276/141/96 162/130/96 510/142/96
f 278/143/97 217/114/97 269/113/97
f 174/127/98 445/144/98 444/145/98
f 218/138/99 219/139/99 166/123/99
f 218/112/100 209/111/100 219/116/100
f 209/111/101 110/107/101 219/116/101
f 162/130/102 216/140/102 217/114/102
f 216/109/103 206/108/103 217/146/103
f 206/108/104 279/147/104 217/146/104
f 212/137/105 444/145/105 446/148/105
f 212/137/106 446/148/106 447/149/106
f 212/117/107 194/99/107 134/110/107
f 196/104/108 209/111/108 134/110/108
f 209/111/109 196/104/109 205/103/109
f 205/103/110 110/107/110 209/111/110
f 205/103/111 206/108/111 110/107/111
f 205/103/112 201/102/112 206/108/112
f 206/108/113 201/102/113 281/150/113
f 284/151/114 281/150/114 201/102/114
f 236/10/115 262/80/115 284/151/115
f 134/110/116 194/99/116 196/104/116
f 194/99/117 187/98/117 196/104/117
f 196/104/118 187/98/118 47/97/118
f 250/77/119 187/98/119 249/78/119
f 187/98/120 438/101/120 248/76/120
f 165/152/121 156/153/121 28/154/121
f 268/93/122 165/152/122 266/94/122
f 156/153/123 175/155/123 28/154/123
f 28/154/124 175/155/124 180/156/124
f 28/154/125 180/156/125 171/157/125
f 195/158/126 71/159/126 179/160/126
f 104/161/127 184/162/127 199/163/127
f 280/164/128 186/165/128 279/147/128
f 71/159/129 195/158/129 200/166/129
f 104/161/130 199/163/130 203/167/130
f 260/65/131 304/168/131 295/63/131
f 308/169/132 307/170/132 305/171/132
f 132/172/133 207/173/133 214/174/133
f 215/175/134 135/176/134 208/177/134
f 274/178/135 504/179/135 253/60/135
f 153/180/136 211/181/136 215/175/136
f 275/182/137 503/183/137 274/178/137
f 215/175/138 520/184/138 513/185/138
f 215/175/139 214/174/139 153/180/139
f 215/175/140 208/177/140 214/174/140
f 208/177/141 132/172/141 214/174/141
f 214/174/142 213/186/142 153/180/142
f 213/186/143 214/174/143 207/173/143
f 126/187/144 213/186/144 207/173/144
f 210/188/145 153/180/145 213/186/145
f 310/189/146 213/186/146 305/171/146
f 310/189/147 304/168/147 210/188/147
f 210/188/148 211/181/148 153/180/148
f 260/65/149 258/64/149 255/190/149
f 255/190/150 256/39/150 211/181/150
f 203/191/151 208/177/151 135/176/151
f 203/191/152 199/192/152 208/177/152
f 199/192/153 132/172/153 208/177/153
f 200/193/154 207/173/154 132/172/154
f 200/193/155 195/194/155 207/173/155
f 126/187/156 207/173/156 195/194/156
f 308/169/157 126/187/157 312/195/157
f 135/176/158 278/143/158 203/191/158
f 279/147/159 186/165/159 203/167/159
f 203/167/160 186/165/160 104/161/160
f 199/192/161 200/193/161 132/172/161
f 199/163/162 184/162/162 200/166/162
f 184/162/163 71/159/163 200/166/163
f 472/196/164 314/197/164 313/198/164
f 315/199/165 474/200/165 476/201/165
f 317/202/166 179/160/166 318/203/166
f 283/204/167 171/157/167 186/165/167
f 171/157/168 180/156/168 186/165/168
f 104/161/169 186/165/169 180/156/169
f 180/156/170 184/162/170 104/161/170
f 180/156/171 175/155/171 184/162/171
f 175/155/172 71/159/172 184/162/172
f 179/160/173 71/159/173 175/155/173
f 175/155/174 156/153/174 320/205/174
f 156/153/175 322/206/175 320/205/175
f 319/207/176 318/203/176 179/160/176
f 283/204/177 284/151/177 261/79/177
f 266/94/178 165/152/178 171/157/178
f 171/157/179 165/152/179 28/154/179
f 156/153/180 324/208/180 322/206/180
f 267/209/181 252/20/181 326/210/181
f 268/93/182 267/209/182 165/152/182
f 16/211/183 129/212/183 123/213/183
f 129/212/184 303/86/184 298/73/184
f 16/211/185 123/213/185 149/214/185
f 16/211/186 149/214/186 155/215/186
f 16/211/187 155/215/187 142/216/187
f 22/217/188 287/24/188 327/19/188
f 479/218/189 150/219/189 173/220/189
f 158/221/190 316/222/190 317/202/190
f 52/223/191 479/218/191 468/224/191
f 190/225/192 95/226/192 328/227/192
f 106/228/193 469/229/193 481/230/193
f 311/231/194 309/232/194 193/233/194
f 188/234/195 290/235/195 292/35/195
f 114/236/196 188/234/196 193/233/196
f 293/237/197 188/234/197 292/35/197
f 293/237/198 294/44/198 311/231/198
f 114/236/199 193/233/199 192/238/199
f 306/239/200 193/233/200 309/232/200
f 307/170/201 470/240/201 481/230/201
f 190/225/202 114/236/202 192/238/202
f 183/241/203 477/242/203 469/229/203
f 477/242/204 95/226/204 190/225/204
f 334/243/205 114/236/205 333/244/205
f 333/244/206 330/245/206 335/246/206
f 337/247/207 114/236/207 331/248/207
f 337/247/208 340/249/208 339/250/208
f 290/235/209 188/234/209 339/250/209
f 470/240/210 307/170/210 308/169/210
f 177/251/211 183/241/211 106/228/211
f 177/251/212 468/252/212 183/241/212
f 95/226/213 471/253/213 173/254/213
f 95/226/214 344/255/214 328/227/214
f 373/256/215 342/257/215 345/258/215
f 315/199/216 177/251/216 106/228/216
f 478/259/217 316/222/217 158/221/217
f 158/221/218 473/260/218 478/259/218
f 343/261/219 173/254/219 346/262/219
f 173/254/220 348/263/220 346/262/220
f 150/219/221 349/264/221 348/265/221
f 327/19/222 351/266/222 22/217/222
f 300/267/223 142/216/223 326/210/223
f 142/216/224 325/268/224 326/210/224
f 321/269/225 320/205/225 322/206/225
f 321/269/226 155/215/226 158/221/226
f 158/221/227 155/215/227 149/214/227
f 480/270/228 158/221/228 149/214/228
f 150/219/229 480/270/229 149/214/229
f 150/219/230 149/214/230 123/213/230
f 150/219/231 123/213/231 352/271/231
f 302/272/232 142/216/232 299/84/232
f 129/212/233 302/272/233 303/86/233
f 129/212/234 16/211/234 142/216/234
f 352/271/235 356/273/235 354/274/235
f 356/273/236 129/212/236 358/275/236
f 22/217/237 351/266/237 360/276/237
f 359/277/238 101/278/238 13/279/238
f 101/278/239 120/280/239 13/279/239
f 13/279/240 120/280/240 127/281/240
f 355/282/241 13/279/241 127/281/241
f 31/283/242 385/284/242 384/285/242
f 44/286/243 128/287/243 148/288/243
f 152/289/244 347/290/244 346/262/244
f 151/291/245 31/283/245 384/285/245
f 44/286/246 148/288/246 154/292/246
f 152/289/247 343/261/247 347/290/247
f 336/293/248 53/294/248 340/249/248
f 57/295/249 157/296/249 169/297/249
f 79/298/250 159/299/250 170/300/250
f 90/301/251 163/302/251 172/303/251
f 164/304/252 168/305/252 334/243/252
f 168/305/253 172/303/253 99/306/253
f 172/303/254 168/305/254 164/304/254
f 90/301/255 172/303/255 164/304/255
f 172/303/256 170/300/256 99/306/256
f 172/303/257 163/302/257 170/300/257
f 163/302/258 79/298/258 170/300/258
f 170/300/259 169/297/259 99/306/259
f 170/300/260 159/299/260 169/297/260
f 159/299/261 57/295/261 169/297/261
f 169/297/262 167/307/262 99/306/262
f 169/297/263 157/296/263 167/307/263
f 167/307/264 157/296/264 53/294/264
f 167/307/265 168/305/265 99/306/265
f 168/305/266 167/307/266 336/293/266
f 168/305/267 332/308/267 334/243/267
f 329/309/268 335/246/268 330/245/268
f 344/255/269 152/289/269 164/304/269
f 90/301/270 164/304/270 152/289/270
f 163/302/271 90/301/271 154/292/271
f 154/292/272 148/288/272 163/302/272
f 148/288/273 79/298/273 163/302/273
f 151/291/274 159/299/274 79/298/274
f 389/310/275 159/299/275 388/311/275
f 159/299/276 392/312/276 57/295/276
f 393/313/277 57/295/277 394/314/277
f 393/313/278 396/315/278 157/296/278
f 53/294/279 157/296/279 396/315/279
f 53/294/280 341/316/280 340/249/280
f 90/301/281 152/289/281 154/292/281
f 154/292/282 152/289/282 133/317/282
f 154/292/283 133/317/283 44/286/283
f 148/288/284 151/291/284 79/298/284
f 148/288/285 128/287/285 151/291/285
f 128/287/286 31/283/286 151/291/286
f 394/314/287 392/312/287 398/318/287
f 341/316/288 53/294/288 338/319/288
f 133/320/289 350/321/289 353/322/289
f 127/281/290 133/320/290 353/322/290
f 44/323/291 133/320/291 127/281/291
f 127/281/292 128/324/292 44/323/292
f 127/281/293 120/280/293 128/324/293
f 120/280/294 31/325/294 128/324/294
f 31/325/295 120/280/295 400/326/295
f 120/280/296 401/327/296 399/328/296
f 402/329/297 101/278/297 403/330/297
f 357/331/298 354/274/298 356/273/298
f 403/330/299 360/276/299 351/266/299
f 360/276/300 101/278/300 359/277/300
f 7/332/301 75/333/301 69/334/301
f 415/335/302 75/333/302 414/336/302
f 69/334/303 96/337/303 7/332/303
f 7/332/304 96/337/304 379/338/304
f 380/339/305 7/332/305 381/340/305
f 14/341/306 83/342/306 112/343/306
f 386/344/307 97/345/307 385/346/307
f 74/347/308 119/348/308 12/349/308
f 14/341/309 112/343/309 124/350/309
f 34/351/310 130/352/310 140/353/310
f 40/354/311 131/355/311 144/356/311
f 397/357/312 395/358/312 369/48/312
f 563/359/313 62/360/313 561/361/313
f 564/362/314 565/363/314 417/364/314
f 410/365/315 376/70/315 420/366/315
f 146/367/316 365/368/316 367/33/316
f 368/369/317 367/33/317 366/32/317
f 146/367/318 368/369/318 369/48/318
f 543/370/319 531/371/319 144/356/319
f 146/367/320 395/358/320 394/314/320
f 398/318/321 392/312/321 391/372/321
f 144/356/322 140/353/322 62/360/322
f 131/355/323 140/353/323 144/356/323
f 131/355/324 34/351/324 140/353/324
f 569/373/325 62/360/325 568/374/325
f 571/375/326 6/376/326 140/353/326
f 375/69/327 374/68/327 373/256/327
f 40/354/328 535/377/328 533/378/328
f 40/354/329 536/379/329 131/355/329
f 112/343/330 555/380/330 124/350/330
f 112/343/331 554/381/331 558/382/331
f 119/348/332 550/383/332 556/384/332
f 550/383/333 119/348/333 74/347/333
f 574/385/334 130/352/334 573/386/334
f 545/387/335 537/388/335 40/354/335
f 385/346/336 97/345/336 124/389/336
f 124/389/337 97/345/337 14/390/337
f 112/343/338 556/384/338 554/381/338
f 112/343/339 83/342/339 119/348/339
f 119/348/340 83/342/340 12/349/340
f 94/391/341 383/392/341 361/14/341
f 383/392/342 380/339/342 382/90/342
f 96/337/343 362/18/343 363/88/343
f 362/18/344 96/337/344 402/329/344
f 402/329/345 97/345/345 399/328/345
f 97/345/346 96/337/346 69/334/346
f 69/334/347 14/390/347 97/345/347
f 423/393/348 421/394/348 422/395/348
f 75/333/349 94/391/349 424/396/349
f 75/333/350 7/332/350 94/391/350
f 69/334/351 83/397/351 14/390/351
f 69/334/352 75/333/352 83/397/352
f 75/333/353 12/398/353 83/397/353
f 4/399/354 46/400/354 42/401/354
f 5/402/355 451/403/355 450/404/355
f 42/401/356 56/405/356 4/399/356
f 56/405/357 66/406/357 4/399/357
f 55/407/358 4/399/358 66/406/358
f 453/408/359 5/402/359 452/409/359
f 10/410/360 49/411/360 86/412/360
f 89/413/361 453/414/361 454/415/361
f 10/416/362 86/417/362 93/418/362
f 107/419/363 19/420/363 98/421/363
f 111/422/364 25/423/364 103/424/364
f 113/425/365 576/426/365 54/427/365
f 456/428/366 458/429/366 109/430/366
f 37/431/367 109/430/367 116/432/367
f 82/28/368 109/430/368 458/429/368
f 113/425/369 37/431/369 116/432/369
f 408/433/370 409/50/370 420/366/370
f 419/434/371 417/364/371 418/435/371
f 37/431/372 113/425/372 111/422/372
f 113/425/373 54/427/373 111/422/373
f 577/436/374 111/422/374 578/437/374
f 37/431/375 111/422/375 107/419/375
f 107/419/376 111/422/376 103/424/376
f 103/424/377 19/420/377 107/419/377
f 37/431/378 107/419/378 109/430/378
f 107/419/379 98/421/379 109/430/379
f 109/430/380 459/438/380 456/428/380
f 579/439/381 580/440/381 25/423/381
f 103/424/382 25/423/382 93/418/382
f 93/418/383 86/417/383 103/424/383
f 86/417/384 19/420/384 103/424/384
f 19/420/385 89/413/385 98/421/385
f 89/413/386 461/441/386 98/421/386
f 460/442/387 459/438/387 98/421/387
f 25/423/388 580/440/388 93/418/388
f 93/418/389 64/443/389 58/444/389
f 93/418/390 58/444/390 10/416/390
f 86/417/391 89/413/391 19/420/391
f 86/412/392 49/411/392 89/445/392
f 89/445/393 49/411/393 5/402/393
f 412/446/394 430/447/394 463/448/394
f 55/407/395 413/449/395 412/446/395
f 411/74/396 413/449/396 66/406/396
f 405/450/397 422/395/397 421/394/397
f 56/405/398 422/395/398 66/406/398
f 425/451/399 423/393/399 56/405/399
f 58/452/400 416/453/400 415/335/400
f 58/452/401 56/405/401 42/401/401
f 42/401/402 10/410/402 58/452/402
f 465/454/403 55/407/403 464/455/403
f 46/400/404 466/456/404 467/457/404
f 46/400/405 4/399/405 55/407/405
f 42/401/406 49/411/406 10/410/406
f 42/401/407 46/400/407 49/411/407
f 49/411/408 46/400/408 5/402/408
f 29/458/409 26/459/409 2/460/409
f 3/461/410 29/458/410 33/462/410
f 26/459/411 39/463/411 2/460/411
f 2/460/412 39/463/412 43/464/412
f 2/460/413 43/464/413 35/465/413
f 3/461/414 33/462/414 48/466/414
f 447/467/415 8/468/415 448/469/415
f 11/470/416 45/471/416 60/472/416
f 48/466/417 454/473/417 3/461/417
f 63/474/418 447/149/418 446/148/418
f 11/475/419 60/476/419 51/477/419
f 459/438/420 462/478/420 77/479/420
f 88/480/421 17/481/421 70/482/421
f 20/483/422 73/484/422 80/485/422
f 23/486/423 80/485/423 88/480/423
f 80/485/424 73/484/424 88/480/424
f 73/484/425 17/481/425 88/480/425
f 88/480/426 84/487/426 23/486/426
f 84/487/427 88/480/427 70/482/427
f 84/487/428 70/482/428 442/135/428
f 82/28/429 23/486/429 84/487/429
f 82/28/430 84/487/430 429/488/430
f 77/479/431 23/486/431 82/28/431
f 82/28/432 457/489/432 77/479/432
f 77/479/433 80/485/433 23/486/433
f 77/479/434 67/490/434 80/485/434
f 67/490/435 20/483/435 80/485/435
f 51/477/436 73/484/436 20/483/436
f 51/477/437 60/476/437 73/484/437
f 60/476/438 17/481/438 73/484/438
f 17/481/439 63/474/439 70/482/439
f 63/474/440 444/145/440 70/482/440
f 445/144/441 442/135/441 70/482/441
f 67/490/442 460/442/442 461/441/442
f 48/491/443 461/441/443 455/492/443
f 48/491/444 20/483/444 67/490/444
f 60/476/445 63/474/445 17/481/445
f 60/472/446 45/471/446 63/493/446
f 63/493/447 45/471/447 8/468/447
f 3/461/448 453/408/448 452/409/448
f 48/491/449 51/477/449 20/483/449
f 48/466/450 33/462/450 51/494/450
f 33/462/451 11/470/451 51/494/451
f 35/465/452 45/471/452 11/470/452
f 35/465/453 43/464/453 45/471/453
f 8/468/454 45/471/454 43/464/454
f 436/106/455 439/105/455 8/468/455
f 43/464/456 449/495/456 438/101/456
f 39/463/457 427/496/457 426/11/457
f 39/463/458 428/12/458 427/496/458
f 433/92/459 434/91/459 435/497/459
f 433/92/460 26/459/460 463/448/460
f 33/462/461 35/465/461 11/470/461
f 33/462/462 29/458/462 35/465/462
f 35/465/463 29/458/463 2/460/463
f 26/459/464 464/455/464 463/448/464
f 29/458/465 466/456/465 465/454/465
f 29/458/466 450/404/466 451/403/466
f 481/230/467 470/240/467 106/228/467
f 481/230/468 469/229/468 192/238/468
f 471/253/469 468/252/469 173/254/469
f 469/229/470 190/225/470 192/238/470
f 471/253/471 475/498/471 183/241/471
f 475/498/472 477/242/472 183/241/472
f 473/260/473 480/270/473 52/223/473
f 476/201/474 177/251/474 315/199/474
f 472/196/475 312/195/475 126/187/475
f 478/259/476 52/223/476 177/499/476
f 468/252/477 479/500/477 173/254/477
f 316/222/478 195/158/478 317/202/478
f 472/196/479 106/228/479 470/240/479
f 480/270/480 482/501/480 52/223/480
f 482/501/481 479/218/481 52/223/481
f 183/241/482 468/252/482 471/253/482
f 468/224/483 177/499/483 52/223/483
f 233/6/484 234/502/484 191/4/484
f 234/502/485 235/95/485 191/4/485
f 235/95/486 185/2/486 191/4/486
f 426/11/487 427/496/487 428/12/487
f 406/16/488 405/450/488 361/14/488
f 405/450/489 404/503/489 361/14/489
f 108/17/490 363/88/490 362/18/490
f 288/23/491 108/17/491 327/19/491
f 239/133/492 238/132/492 240/25/492
f 492/56/493 138/26/493 240/25/493
f 237/27/494 239/133/494 240/25/494
f 407/504/495 527/505/495 521/506/495
f 367/33/496 365/368/496 364/31/496
f 364/31/497 229/45/497 366/32/497
f 292/35/498 290/235/498 289/36/498
f 289/36/499 220/46/499 230/41/499
f 230/41/500 291/34/500 289/36/500
f 256/39/501 255/190/501 254/37/501
f 254/37/502 526/507/502 511/508/502
f 253/60/503 487/509/503 176/59/503
f 257/43/504 230/41/504 224/40/504
f 294/44/505 293/237/505 291/34/505
f 291/34/506 230/41/506 257/43/506
f 257/43/507 258/64/507 294/44/507
f 369/48/508 368/369/508 366/32/508
f 366/32/509 229/45/509 220/46/509
f 220/46/510 370/47/510 366/32/510
f 371/510/511 226/49/511 364/31/511
f 409/50/512 497/511/512 506/512/512
f 407/504/513 226/49/513 371/510/513
f 138/26/514 505/513/514 82/28/514
f 82/28/515 429/488/515 138/26/515
f 241/55/516 485/514/516 494/515/516
f 242/58/517 244/119/517 176/59/517
f 244/119/518 245/71/518 176/59/518
f 176/59/519 485/514/519 241/55/519
f 243/57/520 176/59/520 241/55/520
f 253/60/521 176/59/521 246/61/521
f 295/63/522 294/44/522 258/64/522
f 373/256/523 374/68/523 297/67/523
f 374/68/524 220/46/524 296/66/524
f 370/47/525 220/46/525 374/68/525
f 376/70/526 410/365/526 409/50/526
f 431/75/527 430/447/527 412/446/527
f 412/446/528 413/449/528 431/75/528
f 413/449/529 411/74/529 431/75/529
f 248/76/530 432/516/530 426/11/530
f 248/76/531 189/13/531 250/77/531
f 236/10/532 191/4/532 261/79/532
f 261/79/533 191/4/533 264/81/533
f 299/84/534 300/267/534 265/83/534
f 300/267/535 286/21/535 265/83/535
f 286/21/536 252/20/536 265/83/536
f 197/9/537 204/8/537 301/85/537
f 303/86/538 302/272/538 301/85/538
f 301/85/539 204/8/539 303/86/539
f 204/8/540 108/17/540 303/86/540
f 108/17/541 204/8/541 377/87/541
f 378/89/542 379/338/542 377/87/542
f 377/87/543 204/8/543 378/89/543
f 380/339/544 381/340/544 382/90/544
f 381/340/545 378/89/545 382/90/545
f 361/14/546 383/392/546 202/15/546
f 383/392/547 382/90/547 202/15/547
f 433/92/548 431/75/548 202/15/548
f 202/15/549 182/3/549 434/91/549
f 266/94/550 264/81/550 191/4/550
f 191/4/551 197/9/551 265/83/551
f 265/83/552 267/209/552 191/4/552
f 267/209/553 268/93/553 191/4/553
f 435/497/554 434/91/554 428/12/554
f 434/91/555 182/3/555 189/13/555
f 251/96/556 250/77/556 189/13/556
f 189/13/557 185/2/557 235/95/557
f 251/96/558 235/95/558 234/502/558
f 234/502/559 47/97/559 251/96/559
f 438/101/560 187/98/560 194/99/560
f 194/99/561 436/106/561 437/100/561
f 47/97/562 234/502/562 233/6/562
f 228/120/563 162/130/563 271/121/563
f 227/118/564 228/120/564 272/122/564
f 275/182/565 274/178/565 273/131/565
f 274/178/566 259/62/566 273/131/566
f 259/62/567 246/61/567 245/71/567
f 246/61/568 247/72/568 245/71/568
f 245/71/569 244/119/569 273/131/569
f 244/119/570 227/118/570 273/131/570
f 241/55/571 240/25/571 238/132/571
f 238/132/572 181/129/572 243/57/572
f 181/129/573 227/118/573 243/57/573
f 181/129/574 238/132/574 239/133/574
f 440/517/575 441/134/575 138/26/575
f 441/134/576 225/126/576 237/27/576
f 225/126/577 239/133/577 237/27/577
f 443/136/578 174/127/578 441/134/578
f 174/127/579 225/126/579 441/134/579
f 276/141/580 277/518/580 162/130/580
f 277/518/581 271/121/581 162/130/581
f 162/130/582 217/114/582 278/143/582
f 174/127/583 443/136/583 445/144/583
f 280/164/584 279/147/584 206/108/584
f 279/519/585 270/115/585 217/114/585
f 212/137/586 174/127/586 444/145/586
f 447/467/587 448/469/587 212/117/587
f 448/469/588 439/105/588 194/99/588
f 212/117/589 448/469/589 194/99/589
f 281/150/590 282/520/590 206/108/590
f 282/520/591 280/164/591 206/108/591
f 284/151/592 283/204/592 281/150/592
f 284/151/593 201/102/593 236/10/593
f 201/102/594 233/6/594 232/5/594
f 236/10/595 201/102/595 232/5/595
f 250/77/596 251/96/596 187/98/596
f 432/516/597 248/76/597 449/495/597
f 248/76/598 249/78/598 187/98/598
f 449/495/599 248/76/599 438/101/599
f 280/164/600 282/520/600 186/165/600
f 260/65/601 210/188/601 304/168/601
f 307/170/602 306/239/602 305/171/602
f 305/171/603 213/186/603 308/169/603
f 213/186/604 126/187/604 308/169/604
f 259/62/605 274/178/605 253/60/605
f 274/178/606 503/183/606 486/521/606
f 275/182/607 488/522/607 489/523/607
f 272/122/608 271/121/608 273/131/608
f 271/121/609 277/518/609 275/182/609
f 273/131/610 271/121/610 275/182/610
f 277/518/611 490/524/611 496/525/611
f 305/171/612 309/232/612 310/189/612
f 310/189/613 210/188/613 213/186/613
f 310/189/614 311/231/614 304/168/614
f 257/43/615 254/37/615 258/64/615
f 254/37/616 255/190/616 258/64/616
f 255/190/617 211/181/617 260/65/617
f 211/181/618 210/188/618 260/65/618
f 278/143/619 269/113/619 203/191/619
f 269/113/620 270/115/620 203/191/620
f 270/115/621 279/519/621 203/191/621
f 472/196/622 474/200/622 314/197/622
f 315/199/623 314/197/623 474/200/623
f 282/520/624 281/150/624 186/165/624
f 281/150/625 283/204/625 186/165/625
f 320/205/626 321/269/626 175/155/626
f 321/269/627 319/207/627 175/155/627
f 319/207/628 179/160/628 175/155/628
f 319/207/629 323/526/629 318/203/629
f 284/151/630 262/80/630 261/79/630
f 261/79/631 263/82/631 171/157/631
f 171/157/632 283/204/632 261/79/632
f 263/82/633 264/81/633 171/157/633
f 264/81/634 266/94/634 171/157/634
f 325/268/635 324/208/635 156/153/635
f 156/153/636 165/152/636 325/268/636
f 165/152/637 267/209/637 326/210/637
f 325/268/638 165/152/638 326/210/638
f 267/209/639 265/83/639 252/20/639
f 252/20/640 285/22/640 326/210/640
f 298/73/641 288/23/641 22/217/641
f 288/23/642 287/24/642 22/217/642
f 22/217/643 129/212/643 298/73/643
f 479/218/644 482/501/644 150/219/644
f 317/202/645 318/203/645 158/221/645
f 318/203/646 323/526/646 158/221/646
f 328/227/647 329/309/647 190/225/647
f 329/309/648 330/245/648 190/225/648
f 106/228/649 183/241/649 469/229/649
f 311/231/650 310/189/650 309/232/650
f 292/35/651 291/34/651 293/237/651
f 293/237/652 193/233/652 188/234/652
f 295/63/653 304/168/653 294/44/653
f 304/168/654 311/231/654 294/44/654
f 311/231/655 193/233/655 293/237/655
f 309/232/656 305/171/656 306/239/656
f 306/239/200 192/238/200 193/233/200
f 481/230/657 192/238/657 307/170/657
f 192/238/658 306/239/658 307/170/658
f 477/242/659 475/498/659 95/226/659
f 334/243/660 332/308/660 331/248/660
f 331/248/661 114/236/661 334/243/661
f 114/236/662 190/225/662 333/244/662
f 333/244/663 190/225/663 330/245/663
f 331/248/664 336/293/664 337/247/664
f 337/247/665 188/234/665 114/236/665
f 341/316/666 338/319/666 340/249/666
f 338/319/667 339/250/667 340/249/667
f 339/250/668 188/234/668 337/247/668
f 339/250/669 342/257/669 289/36/669
f 342/257/670 297/67/670 289/36/670
f 297/67/671 296/66/671 289/36/671
f 289/36/672 290/235/672 339/250/672
f 308/169/673 312/195/673 470/240/673
f 312/195/674 472/196/674 470/240/674
f 95/226/675 475/498/675 471/253/675
f 95/226/676 343/261/676 344/255/676
f 373/256/677 297/67/677 342/257/677
f 313/198/678 314/197/678 106/228/678
f 314/197/679 315/199/679 106/228/679
f 478/259/680 476/527/680 316/222/680
f 346/262/681 347/290/681 343/261/681
f 343/261/682 95/226/682 173/254/682
f 173/220/683 150/219/683 348/265/683
f 150/219/684 350/321/684 349/264/684
f 285/22/685 286/21/685 326/210/685
f 286/21/686 300/267/686 326/210/686
f 142/216/687 155/215/687 325/268/687
f 322/206/688 324/208/688 321/269/688
f 324/208/689 325/268/689 321/269/689
f 325/268/690 155/215/690 321/269/690
f 323/526/691 319/207/691 158/221/691
f 319/207/692 321/269/692 158/221/692
f 480/270/693 473/260/693 158/221/693
f 150/219/694 482/501/694 480/270/694
f 352/271/695 353/322/695 150/219/695
f 353/322/696 350/321/696 150/219/696
f 299/84/697 301/85/697 302/272/697
f 142/216/698 300/267/698 299/84/698
f 129/212/699 142/216/699 302/272/699
f 354/274/700 355/282/700 352/271/700
f 352/271/701 123/213/701 356/273/701
f 358/275/702 357/331/702 356/273/702
f 356/273/703 123/213/703 129/212/703
f 360/276/704 359/277/704 22/217/704
f 359/277/705 358/275/705 22/217/705
f 358/275/706 129/212/706 22/217/706
f 357/331/707 358/275/707 13/279/707
f 358/275/708 359/277/708 13/279/708
f 355/282/709 354/274/709 13/279/709
f 31/283/710 386/528/710 385/284/710
f 346/262/711 348/263/711 133/317/711
f 348/263/712 349/529/712 133/317/712
f 133/317/713 152/289/713 346/262/713
f 384/285/714 387/530/714 151/291/714
f 387/530/715 388/311/715 151/291/715
f 152/289/716 344/255/716 343/261/716
f 340/249/717 337/247/717 336/293/717
f 336/293/718 167/307/718 53/294/718
f 334/243/719 333/244/719 335/246/719
f 335/246/720 164/304/720 334/243/720
f 336/293/721 331/248/721 332/308/721
f 332/308/721 168/305/721 336/293/721
f 329/309/722 164/304/722 335/246/722
f 329/309/723 328/227/723 164/304/723
f 328/227/724 344/255/724 164/304/724
f 389/310/725 391/372/725 390/531/725
f 390/531/726 159/299/726 389/310/726
f 159/299/727 151/291/727 388/311/727
f 159/299/728 390/531/728 392/312/728
f 393/313/729 157/296/729 57/295/729
f 393/313/730 395/358/730 396/315/730
f 396/315/731 397/357/731 342/257/731
f 397/357/732 345/258/732 342/257/732
f 342/257/733 339/250/733 338/319/733
f 396/315/734 342/257/734 53/294/734
f 338/319/735 53/294/735 342/257/735
f 394/314/736 57/295/736 392/312/736
f 133/320/737 349/264/737 350/321/737
f 353/322/738 352/271/738 355/282/738
f 355/282/739 127/281/739 353/322/739
f 399/328/740 400/326/740 120/280/740
f 400/326/741 386/344/741 31/325/741
f 120/280/742 101/278/742 401/327/742
f 402/329/743 401/327/743 101/278/743
f 357/331/744 13/279/744 354/274/744
f 351/266/745 327/19/745 403/330/745
f 403/330/746 101/278/746 360/276/746
f 415/335/747 12/398/747 75/333/747
f 379/338/748 378/89/748 381/340/748
f 381/340/749 7/332/749 379/338/749
f 380/339/750 94/391/750 7/332/750
f 415/335/751 416/453/751 12/398/751
f 416/532/752 74/347/752 12/349/752
f 386/344/753 400/326/753 97/345/753
f 397/357/754 396/315/754 395/358/754
f 395/358/755 146/367/755 369/48/755
f 369/48/756 370/47/756 375/69/756
f 375/69/757 397/357/757 369/48/757
f 582/533/758 583/534/758 41/535/758
f 581/536/759 586/537/759 589/538/759
f 417/364/760 419/434/760 420/366/760
f 420/366/761 498/539/761 590/540/761
f 376/70/762 502/541/762 498/539/762
f 372/52/763 499/51/763 502/541/763
f 557/542/764 365/368/764 146/367/764
f 368/369/765 146/367/765 367/33/765
f 393/313/766 394/314/766 395/358/766
f 394/314/767 398/318/767 146/367/767
f 546/543/768 146/367/768 398/318/768
f 392/312/769 390/531/769 391/372/769
f 391/372/770 549/544/770 552/545/770
f 144/356/771 532/546/771 538/547/771
f 373/256/772 345/258/772 375/69/772
f 345/258/773 397/357/773 375/69/773
f 591/548/774 573/386/774 130/352/774
f 388/311/775 547/549/775 389/310/775
f 388/311/776 387/530/776 124/350/776
f 387/530/777 384/285/777 124/350/777
f 384/285/778 385/284/778 124/350/778
f 361/14/779 404/503/779 421/394/779
f 421/394/780 94/391/780 361/14/780
f 383/392/781 94/391/781 380/339/781
f 363/88/782 377/87/782 379/338/782
f 379/338/783 96/337/783 363/88/783
f 402/329/784 403/330/784 362/18/784
f 403/330/785 327/19/785 362/18/785
f 399/328/786 401/327/786 402/329/786
f 402/329/787 96/337/787 97/345/787
f 97/345/788 400/326/788 399/328/788
f 423/393/789 424/396/789 94/391/789
f 423/393/790 94/391/790 421/394/790
f 424/396/791 425/451/791 75/333/791
f 425/451/792 414/336/792 75/333/792
f 450/404/793 452/409/793 5/402/793
f 5/402/794 46/400/794 451/403/794
f 64/443/795 416/532/795 58/444/795
f 454/415/796 455/492/796 89/413/796
f 89/445/797 5/402/797 453/408/797
f 418/435/798 41/535/798 592/550/798
f 408/433/799 116/432/799 82/28/799
f 456/428/800 457/489/800 458/429/800
f 82/28/801 116/432/801 109/430/801
f 410/365/802 420/366/802 409/50/802
f 113/425/803 420/366/803 419/434/803
f 113/425/804 408/433/804 420/366/804
f 113/425/805 116/432/805 408/433/805
f 408/433/806 497/511/806 409/50/806
f 113/425/807 419/434/807 418/435/807
f 109/430/808 98/421/808 459/438/808
f 64/443/809 580/440/809 579/439/809
f 577/436/810 593/551/810 25/423/810
f 579/439/811 25/423/811 115/552/811
f 455/492/812 461/441/812 89/413/812
f 461/441/813 460/442/813 98/421/813
f 460/442/814 462/478/814 459/438/814
f 463/448/815 464/455/815 412/446/815
f 464/455/816 55/407/816 412/446/816
f 55/407/817 66/406/817 413/449/817
f 66/406/818 405/450/818 406/16/818
f 66/406/819 406/16/819 411/74/819
f 421/394/820 404/503/820 405/450/820
f 405/450/821 66/406/821 422/395/821
f 56/405/822 423/393/822 422/395/822
f 425/451/823 424/396/823 423/393/823
f 415/335/824 414/336/824 58/452/824
f 414/336/825 425/451/825 58/452/825
f 425/451/826 56/405/826 58/452/826
f 465/454/827 466/456/827 55/407/827
f 467/457/828 451/403/828 46/400/828
f 46/400/829 55/407/829 466/456/829
f 48/491/830 455/492/830 454/415/830
f 63/493/831 8/468/831 447/467/831
f 462/478/832 67/490/832 77/479/832
f 77/479/833 457/489/833 459/438/833
f 457/489/834 456/428/834 459/438/834
f 138/26/835 429/488/835 440/517/835
f 429/488/836 84/487/836 440/517/836
f 442/135/837 441/134/837 440/517/837
f 440/517/838 84/487/838 442/135/838
f 82/28/839 458/429/839 457/489/839
f 446/148/840 444/145/840 63/474/840
f 444/145/841 445/144/841 70/482/841
f 445/144/842 443/136/842 442/135/842
f 67/490/843 462/478/843 460/442/843
f 48/491/844 67/490/844 461/441/844
f 452/409/845 450/404/845 3/461/845
f 3/461/846 454/473/846 453/408/846
f 439/105/847 448/469/847 8/468/847
f 8/468/848 43/464/848 436/106/848
f 43/464/849 437/100/849 436/106/849
f 438/101/850 437/100/850 43/464/850
f 43/464/851 39/463/851 449/495/851
f 432/516/852 449/495/852 426/11/852
f 449/495/853 39/463/853 426/11/853
f 39/463/854 435/497/854 428/12/854
f 435/497/855 39/463/855 26/459/855
f 26/459/856 433/92/856 435/497/856
f 463/448/857 430/447/857 431/75/857
f 431/75/858 433/92/858 463/448/858
f 26/459/859 465/454/859 464/455/859
f 465/454/860 26/459/860 29/458/860
f 29/458/861 467/457/861 466/456/861
f 451/403/862 467/457/862 29/458/862
f 29/458/863 3/461/863 450/404/863
f 469/229/864 477/242/864 190/225/864
f 476/527/865 478/259/865 177/499/865
f 195/194/866 474/200/866 126/187/866
f 474/200/867 472/196/867 126/187/867
f 478/259/868 473/260/868 52/223/868
f 316/553/869 476/201/869 195/194/869
f 476/201/870 474/200/870 195/194/870
f 195/158/871 179/160/871 317/202/871
f 472/196/872 313/198/872 106/228/872
f 513/185/873 488/522/873 496/525/873
f 499/51/874 507/554/874 523/555/874
f 486/521/875 530/556/875 504/179/875
f 505/513/876 483/29/876 82/28/876
f 489/523/877 529/557/877 503/183/877
f 496/525/878 275/182/878 277/518/878
f 492/56/879 519/558/879 491/559/879
f 495/560/880 518/561/880 497/511/880
f 494/515/881 528/562/881 492/56/881
f 485/514/882 500/563/882 494/515/882
f 497/511/883 507/554/883 506/512/883
f 493/30/884 408/433/884 82/28/884
f 493/30/885 508/54/885 521/506/885
f 499/51/886 514/564/886 502/541/886
f 505/513/887 519/558/887 509/565/887
f 525/566/888 594/567/888 595/568/888
f 487/509/889 484/569/889 176/59/889
f 503/183/890 515/570/890 486/521/890
f 488/522/891 522/571/891 489/523/891
f 501/572/892 512/573/892 485/514/892
f 484/569/893 501/572/893 176/59/893
f 504/179/894 517/38/894 487/509/894
f 496/525/895 524/574/895 513/185/895
f 593/551/896 115/552/896 25/423/896
f 524/574/897 278/143/897 135/176/897
f 498/539/898 514/564/898 525/566/898
f 490/524/899 277/518/899 276/141/899
f 523/555/900 507/554/900 371/510/900
f 515/570/901 211/181/901 256/39/901
f 530/556/902 515/570/902 256/39/902
f 508/54/903 407/504/903 521/506/903
f 509/565/904 483/29/904 505/513/904
f 522/571/905 215/175/905 211/181/905
f 512/573/906 526/507/906 224/40/906
f 510/142/907 490/524/907 276/141/907
f 529/557/908 522/571/908 211/181/908
f 517/38/909 530/556/909 256/39/909
f 521/506/910 495/560/910 493/30/910
f 519/558/911 528/562/911 223/53/911
f 513/185/912 135/176/912 215/175/912
f 528/562/913 500/563/913 223/53/913
f 511/508/914 487/509/914 517/38/914
f 512/573/915 223/53/915 500/563/915
f 514/564/916 596/575/916 525/566/916
f 518/561/917 371/510/917 507/554/917
f 518/561/918 527/505/918 407/504/918
f 526/507/919 484/569/919 511/508/919
f 509/565/920 519/558/920 223/53/920
f 510/142/921 162/130/921 278/143/921
f 525/566/922 560/576/922 516/577/922
f 508/54/923 509/565/923 223/53/923
f 536/379/924 539/578/924 131/355/924
f 540/579/925 131/355/925 539/578/925
f 542/580/926 34/351/926 541/581/926
f 130/352/927 575/582/927 597/583/927
f 130/352/928 542/580/928 591/548/928
f 531/371/929 557/542/929 544/584/929
f 540/579/930 541/581/930 34/351/930
f 62/360/931 534/585/931 543/370/931
f 531/371/932 532/546/932 144/356/932
f 535/377/933 144/356/933 538/547/933
f 535/377/934 547/549/934 533/378/934
f 532/546/935 552/545/935 538/547/935
f 537/388/936 555/380/936 536/379/936
f 558/382/937 536/379/937 555/380/937
f 554/381/938 539/578/938 558/382/938
f 542/580/939 541/581/939 556/384/939
f 550/383/940 600/586/940 602/587/940
f 548/588/941 605/589/941 606/590/941
f 549/544/942 389/310/942 547/549/942
f 551/591/943 388/311/943 124/350/943
f 546/543/944 391/372/944 552/545/944
f 555/380/945 551/591/945 124/350/945
f 554/381/946 541/581/946 540/579/946
f 548/588/947 543/370/947 534/585/947
f 409/50/948 506/512/948 499/51/948
f 531/371/949 544/584/949 532/546/949
f 547/549/950 40/354/950 533/378/950
f 608/592/951 553/593/951 609/594/951
f 549/544/952 538/547/952 552/545/952
f 544/584/953 557/542/953 146/367/953
f 254/37/954 511/508/954 517/38/954
f 241/55/955 494/515/955 492/56/955
f 274/178/956 486/521/956 504/179/956
f 275/182/957 489/523/957 503/183/957
f 420/366/958 566/595/958 417/364/958
f 62/360/959 543/370/959 144/356/959
f 130/352/960 597/583/960 610/596/960
f 40/354/961 537/388/961 536/379/961
f 112/343/962 558/382/962 555/380/962
f 553/593/963 550/383/963 74/347/963
f 545/387/964 551/591/964 537/388/964
f 112/343/965 119/348/965 556/384/965
f 492/56/966 491/559/966 138/26/966
f 254/37/967 224/40/967 526/507/967
f 253/60/968 504/179/968 487/509/968
f 138/26/969 491/559/969 505/513/969
f 176/59/970 501/572/970 485/514/970
f 548/588/971 612/597/971 584/598/971
f 420/366/972 376/70/972 498/539/972
f 376/70/973 372/52/973 502/541/973
f 557/542/974 548/588/974 365/368/974
f 544/584/975 146/367/975 546/543/975
f 388/311/976 545/387/976 547/549/976
f 408/433/977 495/560/977 497/511/977
f 513/185/978 520/184/978 488/522/978
f 499/51/979 506/512/979 507/554/979
f 486/521/980 515/570/980 530/556/980
f 489/523/981 522/571/981 529/557/981
f 496/525/982 488/522/982 275/182/982
f 492/56/983 528/562/983 519/558/983
f 495/560/984 527/505/984 518/561/984
f 494/515/985 500/563/985 528/562/985
f 485/514/986 512/573/986 500/563/986
f 497/511/987 518/561/987 507/554/987
f 493/30/988 495/560/988 408/433/988
f 493/30/989 483/29/989 508/54/989
f 499/51/990 523/555/990 514/564/990
f 505/513/991 491/559/991 519/558/991
f 503/183/992 529/557/992 515/570/992
f 488/522/993 520/184/993 522/571/993
f 501/572/994 526/507/994 512/573/994
f 504/179/995 530/556/995 517/38/995
f 496/525/996 490/524/996 524/574/996
f 524/574/997 510/142/997 278/143/997
f 498/539/998 502/541/998 514/564/998
f 515/570/999 529/557/999 211/181/999
f 508/54/1000 226/49/1000 407/504/1000
f 509/565/1001 508/54/1001 483/29/1001
f 522/571/1002 520/184/1002 215/175/1002
f 510/142/1003 524/574/1003 490/524/1003
f 521/506/1004 527/505/1004 495/560/1004
f 513/185/1005 524/574/1005 135/176/1005
f 511/508/1006 484/569/1006 487/509/1006
f 512/573/1007 224/40/1007 223/53/1007
f 518/561/1008 407/504/1008 371/510/1008
f 526/507/1009 501/572/1009 484/569/1009
f 371/510/1010 596/575/1010 523/555/1010
f 540/579/1011 34/351/1011 131/355/1011
f 130/352/1012 34/351/1012 542/580/1012
f 553/593/1013 608/592/1013 598/599/1013
f 531/371/1014 543/370/1014 557/542/1014
f 535/377/1015 40/354/1015 144/356/1015
f 535/377/1016 549/544/1016 547/549/1016
f 532/546/1017 546/543/1017 552/545/1017
f 537/388/1018 551/591/1018 555/380/1018
f 558/382/1019 539/578/1019 536/379/1019
f 554/381/1020 540/579/1020 539/578/1020
f 542/580/1021 556/384/1021 550/383/1021
f 534/585/1022 615/600/1022 604/601/1022
f 549/544/1023 391/372/1023 389/310/1023
f 551/591/1024 545/387/1024 388/311/1024
f 546/543/1025 398/318/1025 391/372/1025
f 554/381/1026 556/384/1026 541/581/1026
f 548/588/1027 557/542/1027 543/370/1027
f 532/546/1028 544/584/1028 546/543/1028
f 547/549/1029 545/387/1029 40/354/1029
f 609/594/1030 553/593/1030 74/347/1030
f 549/544/1031 535/377/1031 538/547/1031
f 9/602/1032 568/374/1032 567/603/1032
f 15/604/1033 569/373/1033 568/374/1033
f 100/605/1034 606/590/1034 605/589/1034
f 160/606/1035 102/607/1035 100/605/1035
f 21/608/1036 562/609/1036 561/361/1036
f 588/610/1037 102/607/1037 595/568/1037
f 585/611/1038 100/605/1038 586/537/1038
f 27/612/1039 161/613/1039 563/359/1039
f 30/614/1040 160/606/1040 161/613/1040
f 160/606/1041 590/540/1041 498/539/1041
f 32/615/1042 564/362/1042 566/595/1042
f 582/533/1043 38/616/1043 583/534/1043
f 41/535/1044 583/534/1044 38/616/1044
f 54/427/1045 576/426/1045 592/550/1045
f 147/617/1046 117/618/1046 115/552/1046
f 145/619/1047 118/620/1047 117/618/1047
f 579/439/1048 115/552/1048 64/443/1048
f 578/437/1049 147/617/1049 577/436/1049
f 118/620/1050 141/621/1050 121/622/1050
f 145/619/1051 147/617/1051 61/623/1051
f 141/621/1052 122/624/1052 121/622/1052
f 65/625/1053 143/626/1053 145/619/1053
f 139/627/1054 598/599/1054 122/624/1054
f 121/622/1055 74/347/1055 64/443/1055
f 143/626/1056 72/628/1056 141/621/1056
f 125/629/1057 602/587/1057 600/586/1057
f 141/621/1058 76/630/1058 139/627/1058
f 78/631/1059 137/632/1059 139/627/1059
f 137/632/1060 573/386/1060 591/548/1060
f 611/633/1061 87/634/1061 570/635/1061
f 92/636/1062 571/375/1062 572/637/1062
f 568/374/1063 6/376/1063 567/603/1063
f 18/638/1064 569/373/1064 15/604/1064
f 604/601/1065 161/613/1065 605/589/1065
f 21/608/1066 569/373/1066 18/638/1066
f 160/606/1067 100/605/1067 161/613/1067
f 100/605/1068 584/598/1068 612/597/1068
f 100/605/1069 589/538/1069 586/537/1069
f 563/359/1070 24/639/1070 27/612/1070
f 594/567/1071 516/577/1071 105/640/1071
f 105/640/1072 607/641/1072 588/610/1072
f 102/607/1073 588/610/1073 589/538/1073
f 27/612/1074 30/614/1074 161/613/1074
f 36/642/1075 582/533/1075 565/363/1075
f 147/617/1076 593/551/1076 577/436/1076
f 145/619/1077 117/618/1077 147/617/1077
f 145/619/1078 143/626/1078 118/620/1078
f 117/618/1079 64/443/1079 115/552/1079
f 54/427/1080 61/623/1080 578/437/1080
f 118/620/1081 143/626/1081 141/621/1081
f 118/620/1082 64/443/1082 117/618/1082
f 65/625/1083 145/619/1083 61/623/1083
f 139/627/1084 122/624/1084 141/621/1084
f 118/620/1085 121/622/1085 64/443/1085
f 65/625/1086 68/643/1086 143/626/1086
f 137/632/1087 125/629/1087 139/627/1087
f 121/622/1088 122/624/1088 74/347/1088
f 72/628/1089 143/626/1089 68/643/1089
f 137/632/1090 603/644/1090 602/587/1090
f 122/624/1091 598/599/1091 608/592/1091
f 598/599/1092 125/629/1092 599/645/1092
f 72/628/1093 76/630/1093 141/621/1093
f 136/646/1094 601/647/1094 603/644/1094
f 600/586/1095 599/645/1095 125/629/1095
f 78/631/1096 139/627/1096 76/630/1096
f 136/646/1097 613/648/1097 614/649/1097
f 87/634/1098 610/596/1098 85/650/1098
f 92/636/1099 91/651/1099 6/376/1099
f 9/602/1100 15/604/1100 568/374/1100
f 9/602/1101 6/376/1101 91/651/1101
f 27/612/1102 18/638/1102 15/604/1102
f 27/612/1103 15/604/1103 91/651/1103
f 27/612/1104 24/639/1104 21/608/1104
f 27/612/1105 21/608/1105 18/638/1105
f 15/604/1106 9/602/1106 91/651/1106
f 76/630/1107 87/634/1107 85/650/1107
f 76/630/1108 85/650/1108 81/652/1108
f 27/612/1109 91/651/1109 87/634/1109
f 32/615/1110 30/614/1110 27/612/1110
f 38/616/1111 36/642/1111 27/612/1111
f 36/642/1112 32/615/1112 27/612/1112
f 592/550/1113 50/653/1113 54/427/1113
f 68/643/1114 65/625/1114 61/623/1114
f 76/630/1115 72/628/1115 68/643/1115
f 76/630/1116 81/652/1116 78/631/1116
f 76/630/1117 68/643/1117 50/653/1117
f 68/643/1118 61/623/1118 59/654/1118
f 27/612/1119 87/634/1119 38/616/1119
f 50/653/1120 38/616/1120 76/630/1120
f 76/630/1121 38/616/1121 87/634/1121
f 68/643/1122 59/654/1122 50/653/1122
f 59/654/1123 54/427/1123 50/653/1123
f 91/651/1124 572/637/1124 570/635/1124
f 92/636/1125 6/376/1125 571/375/1125
f 609/594/1126 122/624/1126 608/592/1126
f 516/577/1127 560/576/1127 559/655/1127
f 418/435/1128 417/364/1128 41/535/1128
f 561/361/1129 562/609/1129 563/359/1129
f 417/364/1130 566/595/1130 564/362/1130
f 140/353/1131 568/374/1131 62/360/1131
f 561/361/1132 62/360/1132 569/373/1132
f 6/376/1133 568/374/1133 140/353/1133
f 140/353/1134 570/635/1134 571/375/1134
f 571/375/1135 570/635/1135 572/637/1135
f 574/385/1136 575/582/1136 130/352/1136
f 113/425/1137 418/435/1137 576/426/1137
f 111/422/1138 54/427/1138 578/437/1138
f 577/436/1139 25/423/1139 111/422/1139
f 371/510/1140 364/31/1140 581/536/1140
f 416/532/1141 64/443/1141 74/347/1141
f 417/364/1142 582/533/1142 41/535/1142
f 364/31/1143 365/368/1143 581/536/1143
f 589/538/1144 588/610/1144 587/656/1144
f 587/656/1145 581/536/1145 589/538/1145
f 365/368/1146 584/598/1146 585/611/1146
f 365/368/1147 585/611/1147 586/537/1147
f 581/536/1148 365/368/1148 586/537/1148
f 525/566/1149 516/577/1149 594/567/1149
f 514/564/1150 523/555/1150 596/575/1150
f 525/566/1151 596/575/1151 560/576/1151
f 534/585/1152 62/360/1152 563/359/1152
f 553/593/1153 598/599/1153 599/645/1153
f 550/383/1154 553/593/1154 599/645/1154
f 601/647/1155 542/580/1155 550/383/1155
f 602/587/1156 603/644/1156 601/647/1156
f 550/383/1157 599/645/1157 600/586/1157
f 602/587/1158 601/647/1158 550/383/1158
f 548/588/1159 604/601/1159 605/589/1159
f 588/610/1160 607/641/1160 587/656/1160
f 420/366/1161 590/540/1161 566/595/1161
f 570/635/1162 140/353/1162 610/596/1162
f 140/353/1163 130/352/1163 610/596/1163
f 81/652/1164 85/650/1164 610/596/1164 597/583/1164
f 610/596/1165 611/633/1165 570/635/1165
f 417/364/1166 565/363/1166 582/533/1166
f 584/598/1167 365/368/1167 548/588/1167
f 548/588/1168 606/590/1168 612/597/1168
f 525/566/1169 595/568/1169 498/539/1169
f 371/510/1170 581/536/1170 596/575/1170
f 591/548/1171 542/580/1171 613/648/1171
f 542/580/1172 601/647/1172 614/649/1172
f 613/648/1173 542/580/1173 614/649/1173
f 604/601/1174 548/588/1174 534/585/1174
f 534/585/1175 563/359/1175 615/600/1175
f 100/605/1176 612/597/1176 606/590/1176
f 102/607/1177 498/539/1177 595/568/1177
f 595/568/1178 105/640/1178 588/610/1178
f 161/613/1179 615/600/1179 563/359/1179
f 516/577/1180 559/655/1180 105/640/1180
f 160/606/1181 30/614/1181 590/540/1181
f 590/540/1182 32/615/1182 566/595/1182
f 576/426/1183 418/435/1183 592/550/1183
f 578/437/1184 61/623/1184 147/617/1184
f 139/627/1185 125/629/1185 598/599/1185
f 125/629/1186 137/632/1186 602/587/1186
f 136/646/1187 137/632/1187 613/648/1187
f 78/631/1188 574/385/1188 573/386/1188
f 591/548/1189 613/648/1189 137/632/1189
f 137/632/1190 78/631/1190 573/386/1190
f 136/646/1191 614/649/1191 601/647/1191
f 87/634/1192 91/651/1192 570/635/1192
f 6/376/1193 9/602/1193 567/603/1193
f 604/601/1194 615/600/1194 161/613/1194
f 161/613/1195 100/605/1195 605/589/1195
f 21/608/1196 561/361/1196 569/373/1196
f 100/605/1197 585/611/1197 584/598/1197
f 21/608/1198 24/639/1198 562/609/1198
f 498/539/1199 102/607/1199 160/606/1199
f 100/605/1200 102/607/1200 589/538/1200
f 563/359/1201 562/609/1201 24/639/1201
f 105/640/1202 595/568/1202 594/567/1202
f 587/656/1203 607/641/1203 596/575/1203
f 607/641/1204 105/640/1204 560/576/1204
f 560/576/1205 105/640/1205 559/655/1205
f 596/575/1206 581/536/1206 587/656/1206
f 560/576/1207 596/575/1207 607/641/1207
f 30/614/1208 32/615/1208 590/540/1208
f 32/615/1209 36/642/1209 564/362/1209
f 564/362/1210 36/642/1210 565/363/1210
f 36/642/1211 38/616/1211 582/533/1211
f 147/617/1212 115/552/1212 593/551/1212
f 93/418/1213 580/440/1213 64/443/1213
f 54/427/1214 59/654/1214 61/623/1214
f 137/632/1215 136/646/1215 603/644/1215
f 575/582/1216 574/385/1216 597/583/1216
f 574/385/1217 78/631/1217 597/583/1217
f 78/631/1218 81/652/1218 597/583/1218
f 87/634/1219 611/633/1219 610/596/1219
f 592/550/1220 41/535/1220 50/653/1220
f 38/616/1221 50/653/1221 41/535/1221
f 91/651/1222 92/636/1222 572/637/1222
f 609/594/1223 74/347/1223 122/624/1223
