# Blender 5.2.1 LTS
# www.blender.org
mtllib roadCross.mtl
o Ico_球體.008
v -547.209717 78.995308 -287.770874
v -539.193359 65.435326 -430.076477
v -704.967896 78.995308 -284.496490
v -682.211792 82.948067 -446.409821
v -577.828247 57.667336 -477.276184
v -626.074280 58.805275 -464.284393
v -623.363586 -82.083931 -373.230225
v -609.985229 61.165695 -431.522949
v -502.130280 76.318008 -310.205688
v -498.449280 76.318008 -356.283356
v -525.457825 37.335571 -395.561127
v -540.508972 -43.754868 -406.564178
v -496.684387 58.805271 -429.417938
v -615.369202 47.563805 -475.158936
v -742.655701 75.180077 -438.224823
v -621.914001 47.823273 -446.151245
v -535.827454 76.317993 -330.687134
v -584.776672 54.848305 -261.635803
v -545.731812 39.420704 -399.527283
v -518.287964 44.173710 -450.702362
v -711.282043 76.318008 -311.265961
v -756.862061 76.318008 -390.322327
v -602.800232 60.759239 -458.091187
v -562.934448 76.318008 -238.813858
v -582.930298 64.281792 -475.263672
v -490.415771 65.076538 -343.309692
v -609.001404 59.185558 -470.966400
v -525.007141 59.185551 -445.425842
v -720.527161 78.678436 -386.865692
v -515.032898 70.711250 -352.549164
v -517.825928 60.759235 -430.941956
v -561.827332 64.281776 -417.942963
v -493.739624 -6.199472 -388.787170
v -645.615784 54.848305 -440.029694
v -616.012939 59.185555 -448.873962
v -522.158936 60.759239 -417.288147
v -577.508240 58.708843 -284.670593
v -536.351807 59.185555 -409.679596
v -540.344849 70.711952 -261.247742
v -537.753906 -43.510468 -337.214203
v -528.011597 57.711460 -465.308105
v -509.972382 78.271980 -335.134918
v -503.632874 50.860634 -438.550476
v -757.394775 76.318008 -314.478210
v -627.633179 56.639240 -472.309631
v -601.210388 56.639240 -477.277557
v -513.191040 78.271980 -307.715210
v -612.554810 56.639244 -441.531036
v -659.383057 76.318008 -482.274872
v -495.995667 76.698296 -338.114380
v -631.966431 56.639240 -458.655701
v -760.517517 65.076538 -405.137573
v -550.375183 57.711464 -394.844849
v -731.419800 76.317993 -277.362244
v -585.095154 38.779823 -480.563538
v -619.447998 37.662636 -466.154358
v -540.680908 76.698288 -262.545959
v -556.452393 78.271980 -258.994873
v -598.797546 39.131615 -429.681152
v -484.532410 -7.145758 -362.583069
v -503.670319 39.131554 -430.572418
v -739.236572 65.336014 -384.367340
v -583.522705 22.072269 -438.722290
v -517.866394 21.346756 -420.347809
v -551.244812 78.271965 -303.360718
v -536.085938 26.134892 -445.001068
v -668.298767 76.318016 -248.316544
v -515.802429 76.698296 -350.153076
v -599.033813 20.701145 -477.513275
v -604.233582 17.832069 -464.251221
v -659.614441 56.933441 -424.837524
v -568.693726 78.271980 -266.434814
v -596.600830 22.315022 -456.179932
v -572.728882 76.698288 -282.024719
v -538.860046 24.788174 -404.672821
v -607.792969 -45.260921 -286.612732
v -688.830322 61.686447 -475.022064
v -580.916809 21.903320 -477.158142
v -527.403076 74.151978 -275.732056
v -556.320618 22.529663 -417.877350
v -552.417358 74.151978 -243.404785
v -522.099731 19.810570 -427.649261
v -739.394775 78.271980 -406.903412
v -573.794556 23.298855 -473.089874
v -490.283051 74.151985 -355.899536
v -743.614075 81.794525 -432.824554
v -491.706665 74.151985 -329.051575
v -655.853516 76.318008 -269.270477
v -523.754944 74.151985 -348.530121
v -508.227875 -3.421134 -310.395142
v -502.524353 74.151985 -363.339752
v -567.016418 74.151985 -299.809662
v -753.610535 76.698296 -408.365570
v -744.503479 65.076538 -322.643219
v -506.040833 56.644295 -308.081055
v -687.855408 76.698288 -466.534485
v -498.199890 55.175365 -349.402802
v -534.444763 56.644352 -325.345001
v -671.755981 78.271980 -465.064392
v -560.160095 56.644291 -245.328400
v -501.469727 -3.399509 -428.724274
v -547.358521 -1.736842 -455.027222
v -533.351807 39.585007 -320.986450
v -753.492126 70.711250 -297.933411
v -566.736328 38.859493 -261.540283
v -683.732666 81.794518 -420.773834
v -533.371399 1.635216 -447.194366
v -538.472778 43.647625 -273.410767
v -568.810608 0.310795 -247.627136
v -557.277344 44.237469 -472.452484
v -564.408081 -21.140278 -440.860107
v -738.464661 76.698296 -390.820190
v -491.992523 38.213879 -326.880981
v -568.612610 52.536789 -482.016479
v -698.653687 70.711250 -257.726990
v -555.620117 -10.683314 -452.425476
v -503.648102 35.344803 -335.070435
v -662.395203 78.271980 -454.221100
v -496.344238 29.321888 -334.103973
v -558.060120 -19.233936 -445.841064
v -513.295898 39.827759 -329.563629
v -564.477478 0.049985 -465.110626
v -651.950867 70.711189 -252.725677
v -663.348816 76.698288 -438.145721
v -561.048523 59.867062 -477.012573
v -577.000183 42.300911 -285.646149
v -496.623322 39.416058 -309.362213
v -553.033630 37.081291 -467.937134
v -698.867126 -41.509109 -289.499542
v -706.365356 75.224197 -474.390259
v -556.078613 6.430507 -459.642334
v -560.039978 40.042397 -299.487457
v -559.455322 29.909821 -466.322937
v -556.128235 23.248024 -459.101440
v -558.640686 37.323303 -263.926239
v -670.802246 68.373375 -481.139954
v -599.843323 48.723080 -421.056091
v -502.260956 40.811588 -303.404449
v -623.208679 0.263617 -200.207642
v -596.188110 63.240425 -447.986145
v -595.278259 61.825371 -443.764526
v -493.538544 16.929039 -332.273132
v -678.515930 70.711952 -291.630737
v -593.272522 64.721878 -454.711182
v -764.514709 74.151985 -393.198334
v -558.325928 61.429871 -471.446075
v -528.248779 21.507904 -325.302948
v -581.004395 20.598988 -270.733093
v -754.905334 74.151985 -418.308136
v -736.130249 78.271980 -303.170746
v -566.248230 16.941235 -258.142944
v -576.195740 15.989539 -257.674683
v -711.547363 -65.214966 -346.228851
v -730.398315 74.151985 -389.919434
v -573.596436 20.769115 -282.490112
v -522.323364 12.987601 -441.465240
v -492.154968 19.077065 -328.116455
v -755.153931 74.151985 -382.354797
v -508.109192 31.750175 -333.552826
v -506.420074 23.070961 -334.227600
v -658.058228 75.224205 -418.429382
v -546.578735 7.826892 -266.663177
v -708.679199 78.271980 -300.231079
v -739.251709 76.698296 -317.116455
v -567.517700 31.831272 -289.905884
v -749.262573 56.292561 -433.756744
v -498.712769 12.981257 -338.531281
v -754.983826 55.175365 -396.946259
v -496.749084 12.958496 -408.030273
v -544.359131 16.369522 -267.797791
v -713.097778 56.644352 -395.430786
v -664.026001 56.644291 -476.928864
v -493.279114 12.459944 -322.442139
v -679.810669 76.698288 -291.281525
v -668.635315 -24.119850 -315.666840
v -529.817505 13.649287 -278.582031
v -502.067719 24.975147 -308.250153
v -712.797729 39.585007 -413.178223
v -676.099365 78.271980 -275.546936
v -499.630615 16.272869 -335.425842
v -662.752869 38.859493 -459.480377
v -536.236755 17.078449 -273.045593
v -518.709106 65.702957 -292.502869
v -693.297058 43.647625 -456.874878
v -720.515869 78.271973 -280.303101
v -753.965942 38.213879 -420.285645
v -745.392883 35.344803 -408.909271
v -510.746185 74.151978 -300.612335
v -752.045776 29.321888 -412.074554
v -751.088379 76.698296 -297.188293
v -683.414429 78.271980 -263.230621
v -512.217712 17.562721 -296.239410
v -734.519287 39.827759 -411.182983
v -543.774597 26.319065 -308.947327
v -545.626404 -39.621559 -390.495392
v -509.774872 75.662827 -299.778015
v -660.397827 42.300911 -433.386414
v -516.223267 59.715527 -290.521851
v -744.173096 39.416058 -435.532043
v -702.957397 -45.009251 -415.904388
v -519.517639 23.943241 -289.372437
v -680.792175 40.042397 -425.430206
v -698.962524 76.698296 -259.037109
v -516.272583 52.544052 -297.143158
v -515.183594 -33.851025 -397.862762
v -520.031433 40.760761 -289.548645
v -671.189941 37.323303 -459.699097
v -654.545654 76.698303 -254.280853
v -543.708923 68.515717 -326.060699
v -527.843628 77.618980 -319.838989
v -736.976746 40.811588 -439.467834
v -670.949036 0.961828 -247.223007
v -525.671814 79.338120 -331.215546
v -754.152649 16.929039 -414.679352
v -524.178833 78.547943 -317.065033
v -519.166748 76.483643 -293.290955
v -718.980713 21.507904 -410.639832
v -693.131104 74.151978 -304.424561
v -652.002380 20.598988 -446.345947
v -660.551086 74.151978 -279.740295
v -498.601562 -8.581614 -408.078827
v -662.172791 16.941235 -462.863190
v -757.093994 74.151985 -322.647888
v -652.563171 15.989539 -460.250336
v -662.666321 20.769115 -437.436096
v -593.998596 12.922788 -228.797653
v -754.191223 19.077065 -419.060089
v -730.232910 74.151978 -321.497406
v -740.681274 31.750175 -408.981720
v -515.924561 -31.249168 -419.399445
v -535.365417 15.445024 -335.781097
v -742.496033 23.070961 -408.858978
v -749.384583 74.151985 -289.252655
v -561.587219 -40.658813 -408.467407
v -764.409363 74.151985 -310.331543
v -670.730713 31.831272 -432.248566
v -644.807556 13.665434 -240.494812
v -679.702759 74.151985 -247.495575
v -716.804626 74.151985 -264.568420
v -685.970032 16.369522 -460.406128
v -520.248657 -31.381962 -321.637390
v -644.936218 74.151985 -256.872314
v -543.974731 -33.590336 -427.426117
v -751.376831 12.459944 -424.113892
v -703.123047 13.649287 -454.615265
v -716.649719 2.015476 -256.406616
v -738.650452 24.975147 -434.916260
v -652.251587 74.151978 -244.555969
v -709.117798 56.644291 -307.377228
v -749.782654 14.876653 -410.236816
v -695.312500 17.078449 -457.909821
v -523.112000 -8.675406 -440.237762
v -516.387634 -33.529396 -350.959106
v -750.517090 55.175365 -314.797516
v -727.781494 61.750206 -453.203583
v -726.091980 56.644352 -278.799194
v -616.363281 -45.181122 -446.873779
v -741.866150 70.049522 -448.557983
v -672.886658 56.644035 -254.316162
v -485.151306 8.246552 -396.736664
v -662.395935 56.644291 -271.978394
v -500.205444 -8.666948 -338.176788
v -725.299255 17.562721 -443.224487
v -493.753540 8.184971 -419.923920
v -721.744751 39.585007 -279.936432
v -699.178223 26.319065 -421.429565
v -678.540039 38.859493 -265.237640
v -733.641357 77.379807 -452.380005
v -783.643982 -15.005597 -345.622314
v -721.712219 54.594028 -454.453217
v -677.929199 41.835697 -250.670715
v -679.672852 16.318638 -315.208618
v -539.503784 -38.796474 -356.404022
v -716.241638 23.943241 -447.514343
v -690.697327 43.647625 -293.379028
v -723.701172 47.422558 -448.137451
v -715.806885 40.760761 -447.188690
v -542.848145 -35.327133 -311.609741
v -723.224609 38.213879 -323.658020
v -706.298645 66.235817 -390.021820
v -732.467529 35.344803 -312.818878
v -660.929565 15.955705 -273.208984
v -727.323425 80.753166 -407.242340
v -723.250793 79.338120 -405.805939
v -527.554993 -8.794361 -294.231995
v -684.625671 43.355442 -245.029465
v -731.524658 82.234619 -413.248718
v -731.182068 40.213402 -320.218079
v -727.473511 78.942612 -451.783234
v -511.304138 8.182287 -439.735870
v -609.768372 15.548731 -283.074524
v -689.042297 43.439301 -245.756012
v -730.525452 39.827755 -299.904022
v -534.203979 8.204079 -449.198456
v -553.249329 -38.965897 -334.541718
v -702.540344 42.300911 -254.729202
v -497.343506 13.818972 -390.724487
v -710.494629 39.416050 -316.781219
v -616.795044 -31.652534 -252.860413
v -716.553406 40.042397 -271.547760
v -681.008240 37.323299 -273.308594
v -753.406921 -3.691936 -418.026703
v -704.479858 40.811584 -311.204468
v -728.737671 18.390068 -322.622742
v -509.916626 13.278025 -424.656799
v -586.415283 -32.602776 -264.586426
v -725.042114 21.507904 -287.412994
v -692.219666 20.598988 -247.867569
v -527.609314 15.304700 -391.622009
v -691.380005 14.610557 -247.093414
v -678.605591 16.141184 -261.587036
v -679.100098 15.250500 -251.411392
v -511.531738 14.865759 -407.824646
v -555.394958 15.436301 -397.239746
v -703.232849 20.769115 -256.341919
v -594.476318 -1.062540 -204.522995
v -724.469849 19.077065 -323.611755
v -731.373535 31.750175 -308.235474
v -731.887512 23.070961 -309.980255
v -487.285400 8.231026 -347.510986
v -734.985718 14.738122 -279.712921
v -710.048035 31.831272 -263.087189
v -515.477539 8.223207 -295.334045
v -584.310547 -39.560528 -302.761475
v -757.426025 13.430239 -321.676727
v -635.921692 -36.124695 -282.308228
v -643.427490 -13.004050 -246.155304
v -502.124176 13.969210 -359.825745
v -705.616943 24.975147 -311.885620
v -677.411682 -33.337769 -292.049683
v -689.999756 16.905792 -291.961792
v -719.546021 -3.695494 -452.162628
v -789.122253 13.545191 -370.966187
v -555.200562 8.715086 -257.645203
v -515.559814 14.803032 -335.503754
v -657.095642 -36.346748 -326.324799
v -524.795410 15.248369 -358.286194
v -631.384827 -3.383527 -513.239502
v -605.302246 14.641994 -191.682327
v -550.421265 15.297957 -317.645874
v -715.080322 16.204144 -350.318176
v -548.209290 15.407923 -349.152924
v -583.225708 10.607510 -211.220993
v -683.346191 -27.885727 -267.855560
v -723.504639 -55.384781 -322.837555
v -632.415161 5.250877 -199.989761
v -749.389954 13.646325 -400.628448
v -708.459351 -26.454651 -269.928467
v -691.942444 0.488498 -248.323120
v -691.618896 -55.894039 -330.994751
v -572.271057 13.395650 -250.341339
v -622.092651 13.330008 -231.089249
v -742.583862 12.925794 -437.946411
v -733.980713 0.560247 -277.588806
v -576.787537 -3.943895 -469.666199
v -585.617371 15.357693 -416.468750
v -600.337524 14.884519 -253.235840
v -581.757080 15.228115 -282.562683
v -693.590271 -58.922504 -360.379822
v -628.097656 15.135386 -262.218109
v -631.699402 15.536454 -301.450928
v -704.657166 9.832347 -245.295593
v -740.871582 -50.259926 -345.658691
v -752.285645 -22.954929 -321.050323
v -678.854187 9.922013 -240.513229
v -746.110474 11.184245 -288.327515
v -730.398376 9.926904 -264.450165
v -722.945129 -54.557339 -368.991394
v -712.032837 -42.535969 -402.880493
v -667.301941 16.181854 -296.928741
v -753.448730 -23.764595 -369.838348
v -673.064880 15.513397 -254.140915
v -655.063599 13.073874 -470.593475
v -715.160339 14.933515 -259.435242
v -738.455078 15.706947 -301.518799
v -685.881836 -44.031780 -407.884186
v -601.350647 12.927860 -498.812836
v -688.844543 16.803181 -306.416046
v -676.946716 16.659725 -280.376282
v -685.184204 -37.002373 -430.376923
v -765.745911 7.031912 -330.768127
v -731.346436 -31.993137 -418.347046
v -655.101318 15.375595 -425.887451
v -790.914490 0.236652 -368.299988
v -623.042114 16.599945 -373.121704
v -748.665527 -12.023029 -400.920319
v -712.847229 -31.647518 -436.915405
v -616.957581 15.449125 -449.916565
v -594.961304 -68.792480 -378.506378
v -788.613159 13.397403 -329.710114
v -740.856079 -8.326468 -437.409332
v -620.986145 -70.065117 -402.536194
v -693.531067 -12.204498 -451.837189
v -591.730652 -37.799961 -439.346313
v -686.348083 16.043457 -347.626007
v -589.846191 -46.911312 -411.767944
v -741.897949 15.640649 -335.830933
v -650.907898 -46.802338 -420.510742
v -736.695190 15.562644 -360.207367
v -705.462769 15.935524 -368.934631
v -758.223389 8.303019 -408.239197
v -593.836304 -31.874237 -460.034241
v -648.906128 -70.646248 -387.440796
v -606.936218 -70.137978 -346.987976
v -735.620056 8.185179 -449.666626
v -754.882629 8.187466 -429.912903
v -644.119019 -35.259342 -450.185059
v -575.894592 -45.959782 -350.585632
v -706.908997 8.258718 -458.607361
v -641.297791 -69.781944 -350.716675
v -624.808838 -31.279388 -467.276855
v -653.109253 -8.612374 -469.761810
v -749.569092 13.336250 -418.029236
v -718.399170 13.324404 -449.471008
v -600.720215 -3.833144 -510.937042
v -697.556641 15.515144 -402.382477
v -680.648621 15.444683 -419.821808
v -648.074829 8.239745 -511.553772
v -670.408630 8.951301 -467.189545
v -584.792603 8.178635 -500.728546
v -616.311401 8.186472 -518.424133
v -574.897766 15.639826 -378.533447
v -648.699829 15.717627 -341.124054
v -630.226807 13.291891 -510.423096
v -603.797913 16.233931 -392.832092
v -638.478699 16.243032 -399.388458
v -595.893311 16.230642 -360.813049
v -641.260498 15.411686 -440.585632
v -637.861389 14.989388 -459.771027
v -626.573730 16.283257 -344.451538
v -649.755432 16.265820 -367.726257
v -607.912903 14.867329 -466.147278
v -647.998108 -40.109886 -429.902313
v -636.828552 -42.951382 -436.321960
v -621.844238 -48.729065 -434.325592
v -617.315308 -54.118984 -423.889343
v -653.396790 -34.996399 -429.981873
v -585.556396 15.268837 -421.955017
v -591.042847 15.328868 -426.807526
v -609.934387 15.661230 -432.296875
v -599.585388 15.450598 -433.853485
v -612.740601 15.893467 -418.870941
v -627.455139 15.886073 -420.219879
v -641.359070 15.491320 -433.820618
v -635.164429 15.631291 -431.077026
v -647.166809 15.385572 -434.081604
v -655.545166 15.287821 -429.816711
v -658.275818 15.254860 -429.059784
v -657.464966 15.264430 -429.013489
v -585.471619 -33.092766 -421.784790
v -589.458252 -36.336533 -426.587524
v -593.375671 -40.758381 -423.899933
v -602.999634 -44.302086 -429.505432
v -682.497681 -37.674271 -390.630280
v -660.916077 15.307281 -426.307526
v -664.513367 15.757047 -402.685150
v -671.119385 15.537848 -414.051697
v -668.995667 15.435069 -419.359833
v -669.187012 15.761061 -391.266235
v -679.983276 15.555487 -392.331848
v -661.247498 15.227507 -429.738739
v -685.926331 15.498983 -393.854706
v -659.352661 -32.090794 -428.906647
v -659.182007 -27.765644 -433.253906
v -666.551453 -34.396458 -427.240845
v -663.377136 -39.272446 -420.534058
v -671.896729 -49.278500 -395.700409
v -674.673889 -42.450962 -408.817688
v -677.806091 -44.381954 -400.802917
v -678.239502 -43.565449 -404.009949
v -682.668640 9.750080 -462.195892
v -677.243408 7.577121 -461.881805
v -667.702454 15.192161 -431.665192
v -677.689819 11.005445 -461.506714
v -679.599243 2.282980 -457.188263
v -670.693604 -7.541739 -458.479645
v -664.269348 -22.939236 -447.224152
v -676.911377 -13.549613 -451.968903
v -667.074097 -26.997452 -439.689545
v -659.359985 -28.015656 -438.080811
v -684.714661 -35.409397 -389.373322
v -682.918701 -38.820702 -385.364014
v -663.936340 -21.377380 -318.966705
v -662.050720 -30.117130 -324.490112
v -657.879761 15.641994 -340.772064
v -673.068237 15.828403 -346.414459
v -671.052490 15.924212 -366.333984
v -675.775879 15.903062 -354.340485
v -685.591980 15.744766 -373.913940
v -683.593384 15.558885 -385.614136
v -685.464905 15.501547 -390.144470
v -655.358826 15.505435 -336.660095
v -660.213562 15.206238 -328.441589
v -663.362122 -35.472523 -328.356110
v -670.368896 -57.967678 -371.096191
v -681.671631 -51.089298 -371.036133
v -666.412842 -58.555973 -358.052155
v -677.217896 -53.848473 -353.031128
v -674.565308 -47.244232 -337.099823
v -693.495361 15.514861 -392.658325
v -727.043762 15.285502 -395.727692
v -734.123962 15.277937 -383.803864
v -742.643311 14.697391 -385.434143
v -746.236084 14.240704 -391.669769
v -714.405151 15.545684 -386.911713
v -702.868713 15.553642 -391.839813
v -699.936401 15.619445 -386.681183
v -750.320068 13.526647 -392.047546
v -780.851929 12.352169 -386.071045
v -785.053711 10.181627 -394.456085
v -788.622253 7.137816 -385.048126
v -756.726440 2.287217 -385.470337
v -750.104370 -7.182787 -392.455231
v -747.150208 -14.655839 -393.979309
v -739.363770 -25.113823 -393.232056
v -723.861206 -38.750137 -392.015442
v -728.850098 -38.566036 -387.083588
v -716.890625 -40.522579 -394.536682
v -744.880127 -22.696262 -387.365875
v -711.506348 -41.940929 -394.548767
v -707.330872 -44.921963 -385.191223
v -693.885498 -43.163574 -383.218567
v -661.453735 -16.333351 -311.302765
v -751.074646 14.188602 -311.602173
v -743.892273 15.491039 -311.538208
v -740.861023 15.893006 -323.511169
v -710.052063 16.467136 -337.116638
v -716.950867 16.608829 -325.605804
v -737.054321 16.069717 -327.005768
v -726.689392 16.472511 -326.363953
v -739.391846 15.975354 -320.668243
v -698.083069 16.539768 -327.875671
v -689.785156 16.253426 -336.274841
v -679.177063 16.060169 -325.183105
v -676.386841 15.738725 -333.023682
v -683.206055 16.225410 -325.905579
v -680.648132 16.183876 -322.916138
v -665.381287 15.230064 -327.049042
v -754.062256 11.954860 -303.943054
v -751.609985 12.429659 -301.521362
v -659.199280 14.916493 -321.329895
v -757.620117 8.496010 -306.264557
v -752.531006 10.670631 -296.809387
v -752.332520 3.145266 -303.189056
v -744.079529 -5.121383 -294.272034
v -742.172058 -21.184490 -302.003845
v -669.824951 -22.807331 -311.212799
v -727.194214 -42.135483 -303.749298
v -733.368408 -26.938416 -295.311096
v -714.917053 -43.121696 -297.942383
v -721.075256 -38.702866 -293.191040
v -713.343445 -48.349247 -307.077423
v -701.730103 -46.002350 -302.906738
v -691.620361 -46.552689 -311.666962
v -682.898743 -37.580463 -302.418579
v -676.368591 -31.073536 -303.057617
v -576.625244 -36.021404 -330.987030
v -647.650574 -28.733784 -308.224243
v -644.152771 -37.712891 -316.636230
v -605.710999 15.872936 -323.305176
v -609.159668 15.754563 -310.821808
v -627.588867 15.816682 -321.567322
v -623.923218 15.698776 -313.051239
v -633.461548 15.582941 -313.283325
v -639.011292 15.483446 -314.494751
v -648.116028 15.430416 -327.628174
v -590.458191 15.759047 -331.068359
v -591.309204 15.621832 -313.211578
v -581.166504 15.445494 -329.848633
v -658.155762 15.090948 -325.386688
v -653.789612 15.308628 -329.379028
v -653.252319 15.230940 -323.859497
v -576.470825 15.308712 -329.269470
v -635.674072 -50.699554 -321.548462
v -618.482971 -53.697945 -319.709900
v -630.189819 -45.962601 -307.965546
v -595.358765 -45.735348 -315.141113
v -611.165161 -48.887093 -309.093201
v -594.901123 -50.508060 -325.205322
v -584.596130 -40.167385 -319.212585
v -661.057434 3.603884 -244.260193
v -657.166382 0.406630 -247.431915
v -660.691528 -0.295181 -249.868561
v -661.145142 2.853243 -236.954178
v -663.395203 11.597874 -240.194458
v -654.991089 13.585110 -243.163559
v -661.628235 15.037740 -252.974701
v -654.109131 14.294440 -245.793701
v -653.820618 15.401596 -264.501343
v -655.588684 15.610642 -293.031097
v -652.468567 15.568984 -276.007263
v -650.051147 15.434793 -300.384064
v -656.955078 15.381315 -304.294891
v -656.378296 15.101374 -314.723602
v -645.111084 15.375143 -267.732605
v -665.561951 -21.085640 -267.784821
v -655.334229 -13.121503 -254.951569
v -663.745972 -24.180729 -281.978577
v -657.418396 -24.672169 -287.272919
v -663.452087 -20.759853 -296.734192
v -571.587524 -28.928692 -326.804138
v -567.941223 -31.450806 -333.617096
v -567.443909 -34.483978 -341.814941
v -574.313354 15.557905 -348.033722
v -562.077820 15.395802 -350.149994
v -563.966309 15.367421 -360.370239
v -574.348389 15.355393 -336.605591
v -574.346252 15.274227 -330.864441
v -559.801941 15.280990 -360.013062
v -566.351685 -35.299068 -345.478607
v -556.099548 -29.315498 -363.416260
v -561.297363 -33.343842 -348.415192
v -561.774048 -22.289688 -278.246155
v -556.305969 -12.748023 -272.529175
v -544.958130 -7.923843 -281.723511
v -549.008545 3.584538 -273.321716
v -568.442871 15.210172 -304.957489
v -562.607117 15.178459 -305.180328
v -564.075439 15.223578 -318.409851
v -572.217224 15.246090 -326.995697
v -571.394775 -31.032043 -318.400421
v -565.260986 -31.619320 -317.159637
v -559.424438 -29.880054 -304.021820
v -561.489197 -27.718578 -297.129669
v -555.168213 -25.036018 -291.723938
v -581.686096 -34.314148 -416.891479
v -576.124390 -38.232944 -411.443420
v -578.843811 -40.398849 -409.985718
v -566.111267 15.405335 -399.660095
v -564.519897 15.445098 -392.907745
v -568.269592 15.482439 -384.200500
v -580.759705 15.258393 -417.951324
v -571.104797 15.299934 -413.637787
v -566.969116 15.366993 -379.067261
v -560.581482 15.110594 -369.494354
v -561.169067 15.129305 -372.924774
v -568.640991 15.452553 -381.581909
v -582.447693 15.240091 -419.496429
v -582.721863 15.216369 -422.193848
v -582.929993 15.229579 -420.370331
v -556.497681 -25.429470 -371.310883
v -562.460571 -33.368553 -370.047180
v -582.412292 -32.408928 -420.329651
v -559.928833 -37.166069 -382.837921
v -571.575134 -45.696991 -386.821503
v -570.793579 -40.744003 -400.851379
v -577.185730 -29.616989 -430.383240
v -581.432983 15.201942 -424.366882
v -571.606445 15.143064 -427.260132
v -577.766296 -29.874325 -422.631165
v -501.064270 -13.400054 -379.047211
v -512.007812 -26.732010 -370.853485
v -485.038513 -9.301418 -385.167877
v -473.618073 -1.540448 -386.277649
v -470.561310 3.797286 -390.780701
v -490.343201 9.266190 -375.534454
v -520.075623 15.053307 -371.918945
v -526.351013 15.235878 -379.313416
v -529.942932 15.256317 -373.912445
v -548.242188 15.248051 -368.717987
v -537.159241 15.266988 -378.000366
v -559.523071 15.100172 -372.011688
v -554.906921 15.200657 -377.802368
v -507.305969 14.502888 -372.164948
v -499.208008 13.719416 -374.135071
v -495.574341 12.570271 -379.536530
v -501.926666 14.204833 -378.368164
v -551.105652 -29.313927 -374.880371
v -543.811279 -33.007435 -373.074463
v -539.523254 -34.538673 -377.259155
v -531.675415 -33.853298 -374.388458
v -517.478088 -31.051086 -381.397156
v -788.301453 4.167082 -336.191711
v -766.628052 14.225373 -341.372009
v -768.304199 14.093729 -377.854065
v -770.077820 10.077051 -328.151550
v -768.810120 12.905719 -388.887878
v -767.928101 -19.720310 -358.657104
v -769.929810 8.797274 -404.612915
v -771.936157 13.417872 -324.702301
v -769.100281 3.800766 -384.908844
v -766.789490 14.358903 -332.333618
v -768.290894 -9.339246 -366.676666
v -770.264099 -1.559178 -333.212280
v -767.353333 -27.903004 -345.635620
v -767.781067 14.375484 -366.538361
v -774.990540 -18.451557 -334.970581
v -469.951935 5.907257 -364.165955
v -471.454041 3.058497 -361.981537
v -675.705139 15.743817 -255.884857
v -679.872070 15.285048 -252.612961
v -692.188232 15.083639 -252.003937
v -687.802124 14.786929 -248.470154
v -721.385071 16.037800 -281.244873
v -733.565002 15.954009 -303.584717
v -724.187012 16.522165 -321.441650
v -724.234375 16.519627 -321.400146
v -732.887878 16.031868 -310.298767
v -730.499084 16.045052 -294.735291
v -728.757751 15.889820 -289.380005
v -706.951904 15.544026 -262.207825
v -715.138184 15.750563 -270.976135
v -711.391907 15.530026 -265.143036
v -697.091492 15.303547 -256.038727
v -683.258362 16.644588 -277.554321
v -685.895142 16.795517 -284.112793
v -694.457764 16.900703 -298.471497
v -697.262085 16.860600 -301.994995
v -715.047729 16.793373 -308.542633
v -708.450684 16.793427 -308.202698
v -722.343445 16.539230 -322.979126
v -717.616943 16.643623 -321.158081
v -716.757935 16.713863 -315.955505
v -681.927246 13.146184 -246.583374
v -685.440063 13.863036 -247.143890
v -729.181763 16.333216 -321.573425
v -732.082458 16.162182 -316.887726
v -650.882263 14.710185 -458.285004
v -649.043335 14.909577 -455.696686
v -661.549072 15.049930 -443.646606
v -654.974182 14.996631 -448.335785
v -661.940369 15.047097 -443.371948
v -661.836182 15.047285 -443.445496
v -677.877991 11.111149 -461.263794
v -671.653381 13.022758 -461.935455
v -735.387573 13.983589 -429.223633
v -731.889404 14.136469 -432.119171
v -736.041870 14.098940 -425.839111
v -749.413818 13.346086 -418.097504
v -749.328918 13.322141 -418.713898
v -749.234619 13.341132 -418.498322
v -747.229492 13.198773 -424.700195
v -714.525452 13.644156 -446.986542
v -707.399719 13.410372 -451.545837
v -686.474365 15.307612 -425.435547
v -697.247620 15.410090 -420.727966
v -702.686890 15.461830 -418.351166
v -703.102295 15.466605 -418.134735
v -698.411438 15.413270 -420.553925
v -669.035034 15.159274 -433.636749
v -672.979675 15.215256 -431.164032
v -674.008423 15.170803 -433.719208
v -670.868469 15.114028 -436.349365
v -669.204041 15.155104 -433.886810
v -676.760437 15.253938 -429.605469
v -721.223328 13.993647 -440.488861
v -719.853088 13.778047 -443.541809
v -721.527405 14.004381 -440.255280
v -749.461670 13.344849 -417.985107
v -747.385986 13.646935 -409.170258
v -736.733032 14.489263 -405.415405
v -749.566040 13.341432 -417.738464
v -749.509705 13.438973 -412.264618
v -748.659363 13.530602 -410.535797
v -716.333984 15.275146 -411.196350
v -704.228088 15.469383 -417.546906
v -721.293579 15.192265 -407.587738
v -727.357544 15.142251 -406.432495
v -724.332214 15.164904 -406.777100
v -698.122803 11.680077 -455.732666
v -704.053955 12.706068 -453.164337
v -750.572266 11.643784 -423.838989
v -750.395447 12.881544 -414.878662
v -684.281006 10.506354 -460.678711
v -682.255920 10.827435 -460.690979
v -678.349792 11.111089 -461.199158
v -694.788696 11.175235 -457.244690
v -687.009399 10.570445 -459.945251
v -654.442017 14.254500 -461.014740
v -651.602356 14.559801 -459.318359
v -660.702026 13.810969 -462.857208
v -662.133545 13.861256 -462.024384
v -659.457764 13.909825 -462.402557
v -656.507996 14.554151 -457.935669
v -650.188049 14.989831 -451.725861
v -648.283325 14.948209 -454.639008
v -668.598633 15.157012 -433.910217
v -662.209351 15.049204 -443.180115
v -665.111206 15.067762 -441.114197
v -661.700073 15.048615 -443.540771
v -669.817566 13.666121 -460.807220
v -671.219482 13.076698 -461.989777
v -668.846252 14.060987 -458.109039
v -730.652649 14.960060 -405.975891
v -736.041992 14.554344 -405.173431
v -679.619446 15.268688 -428.428345
v -722.048096 15.188741 -407.040741
v -565.263062 15.126969 -292.448639
v -579.418579 14.440457 -266.724030
v -574.651733 13.933197 -259.686401
v -581.478088 14.265304 -260.251648
v -565.174805 13.638586 -285.688293
v -560.603455 13.374394 -264.326202
v -551.021179 9.822365 -265.195801
v -545.356445 6.311769 -274.069580
v -497.718933 5.103269 -322.479187
v -540.156311 3.484047 -279.352905
v -535.156799 6.725581 -281.048645
v -548.552979 15.048429 -306.568634
v -558.769653 15.001724 -297.535217
v -536.704651 14.958095 -317.790405
v -545.218262 15.070732 -309.358124
v -530.651611 15.127964 -323.927887
v -526.411011 15.099461 -329.732483
v -500.535278 12.976464 -334.314117
v -502.422241 13.292908 -335.514893
v -521.774597 10.430584 -293.591705
v -511.980072 11.791698 -307.393250
v -507.911804 12.209416 -314.894318
v -499.259460 11.349700 -330.634308
v -499.670898 10.259539 -326.595520
v -529.484985 8.864414 -284.873535
v -570.450012 13.335544 -277.288513
v -568.364197 13.643639 -257.689392
v -569.677368 3.629913 -466.740540
v -599.148682 15.027842 -457.182373
v -593.456238 15.095399 -450.692932
v -602.135620 14.638154 -461.823578
v -604.292786 14.709062 -466.072144
v -604.954895 14.424375 -472.115723
v -599.447449 13.889034 -477.353058
v -586.753723 13.217240 -477.173462
v -589.631653 14.985748 -444.346191
v -576.960999 15.044233 -435.394196
v -575.728516 11.328579 -472.623322
v -582.305054 13.110818 -472.989258
v -571.562683 -11.781154 -457.517639
v -574.875549 -18.348007 -454.596649
v -583.415466 -26.833847 -450.573608
v -540.387939 6.487232 -449.485413
v -546.555115 9.431780 -454.544952
v -532.302307 13.033904 -442.239136
v -522.560669 14.041482 -429.199371
v -517.235168 14.964200 -408.675964
v -516.519409 14.316051 -419.529846
v -544.594849 15.380241 -412.046387
v -546.646301 15.359345 -413.512146
v -542.768677 15.996897 -408.407776
v -548.964539 15.340924 -414.464172
v -555.242188 15.284997 -417.925293
v -559.164429 15.247939 -420.755585
v -535.990845 15.426784 -405.570465
v -519.293823 15.072447 -401.099121
v -524.141602 15.180933 -401.220490
v -532.642334 15.358690 -404.051208
v -536.789978 10.083873 -446.769531
v -540.395996 9.615404 -449.227142
v -531.806580 -8.090055 -442.358887
v -533.546265 -3.337606 -444.580444
v -538.180908 2.266546 -448.938843
v -531.776123 -8.126350 -442.328186
v -545.986511 -14.623507 -440.725189
v -534.525146 -11.853630 -440.337830
v -573.172424 15.066720 -432.691101
v -585.604187 15.105783 -440.239563
v -563.337830 15.144201 -425.178101
vn 0.3487 -0.8767 -0.3313
vn -0.5030 -0.6226 -0.5995
vn 0.4399 -0.8887 0.1292
vn -0.0574 -0.8946 0.4431
vn -0.4589 -0.8809 0.1158
vn -0.5502 -0.5900 -0.5909
vn 0.4491 -0.5706 -0.6876
vn 0.5764 -0.7199 0.3866
vn -0.6206 -0.5527 0.5563
vn -0.7530 -0.6278 -0.1969
vn -0.6813 -0.4904 0.5435
vn 0.0210 0.9997 -0.0138
vn 0.0299 0.9996 0.0021
vn -0.0014 0.9999 0.0145
vn 0.0102 0.9999 0.0058
vn -0.0043 0.9998 -0.0182
vn -0.0136 0.9999 -0.0056
vn -0.0177 0.9998 -0.0076
vn -0.0171 0.9998 -0.0078
vn -0.0105 0.9999 0.0097
vn -0.0223 0.9995 0.0215
vn -0.0222 0.9997 0.0113
vn 0.0081 0.9999 0.0120
vn 0.0079 0.9999 0.0116
vn 0.0313 0.9993 0.0183
vn 0.0153 0.9999 -0.0037
vn 0.0234 0.9997 -0.0057
vn 0.0052 0.9999 -0.0089
vn 0.0032 0.9999 -0.0155
vn 0.0007 0.9999 -0.0133
vn -0.0164 0.9998 -0.0139
vn -0.0040 0.9997 -0.0229
vn -0.0096 1.0000 0.0005
vn -0.0068 0.9993 0.0374
vn -0.0116 0.9995 0.0295
vn -0.0266 0.9995 0.0167
vn 0.0274 0.9995 0.0143
vn 0.0528 0.9986 -0.0085
vn 0.0351 0.9993 0.0107
vn 0.0126 0.9996 -0.0256
vn 0.0381 0.9991 0.0168
vn 0.0181 0.9998 -0.0052
vn -0.0206 0.9996 -0.0200
vn -0.3295 -0.4983 0.8020
vn 0.6132 -0.7124 0.3413
vn 0.7288 -0.6820 0.0618
vn 0.0168 0.9996 -0.0213
vn 0.5563 -0.5959 -0.5791
vn 0.7073 -0.6973 -0.1162
vn -0.0102 0.9996 -0.0278
vn -0.4256 -0.6331 -0.6466
vn 0.1068 -0.7795 -0.6173
vn -0.6178 -0.7527 -0.2275
vn -0.4506 -0.8875 0.0966
vn -0.3325 -0.3376 0.8806
vn -0.5268 -0.5792 0.6221
vn -0.0628 -0.8663 0.4955
vn 0.2396 -0.7833 0.5735
vn 0.6047 -0.7284 0.3223
vn 0.6163 -0.7612 0.2017
vn 0.5757 -0.8152 0.0627
vn -0.3753 -0.8022 -0.4643
vn -0.2810 -0.7864 -0.5500
vn -0.1897 -0.9029 -0.3857
vn 0.5191 -0.7833 -0.3420
vn 0.4468 -0.7774 -0.4427
vn 0.3979 -0.8180 -0.4154
vn 0.3401 -0.9154 -0.2154
vn -0.2780 -0.8945 -0.3501
vn -0.2456 -0.8454 -0.4743
vn 0.1234 -0.7956 -0.5932
vn -0.5562 -0.7453 -0.3676
vn 0.7019 -0.5835 -0.4086
vn -0.2794 -0.7789 -0.5615
vn -0.2089 -0.1601 -0.9647
vn 0.0141 0.9999 -0.0036
vn -0.0177 0.9998 -0.0120
vn -0.0279 0.9980 -0.0571
vn 0.0337 0.9981 -0.0525
vn 0.0438 0.9990 -0.0056
vn 0.0502 0.9975 -0.0491
vn -0.0040 0.9993 -0.0381
vn -0.0032 0.9994 -0.0340
vn -0.0821 0.9956 -0.0457
vn -0.0107 0.9997 -0.0239
vn -0.0133 0.9995 -0.0300
vn -0.0107 0.9999 -0.0127
vn -0.0022 0.9998 -0.0219
vn -0.0173 0.9998 -0.0120
vn 0.0397 0.9992 -0.0066
vn 0.0153 0.9999 -0.0081
vn 0.8482 0.4215 -0.3208
vn 0.2345 0.9570 -0.1710
vn 0.1473 0.9299 -0.3372
vn -0.1514 0.6926 -0.7052
vn -0.2598 0.9529 -0.1568
vn -0.2973 0.7695 -0.5652
vn -0.1468 0.8551 -0.4972
vn 0.2140 0.8996 -0.3807
vn 0.4875 0.0915 -0.8683
vn 0.0592 -0.4714 -0.8799
vn -0.2892 0.9437 -0.1607
vn -0.6945 -0.6344 -0.3395
vn -0.5227 -0.4049 -0.7503
vn 0.6951 -0.4299 -0.5763
vn 0.7077 -0.5740 -0.4119
vn 0.0980 -0.8660 -0.4903
vn 0.0266 -0.8529 -0.5214
vn -0.5610 -0.7409 -0.3694
vn -0.4424 -0.6231 -0.6450
vn -0.4712 -0.6199 -0.6274
vn -0.5322 -0.8285 -0.1743
vn -0.7926 -0.6067 0.0606
vn 0.5703 -0.5565 -0.6043
vn 0.3551 -0.8885 -0.2906
vn 0.7315 -0.6798 -0.0523
vn 0.4525 -0.8885 0.0769
vn -0.0237 -0.9851 0.1705
vn 0.1275 -0.9828 -0.1333
vn -0.4063 -0.9070 -0.1109
vn -0.3597 -0.8547 -0.3743
vn -0.0415 -0.8518 -0.5222
vn -0.9109 -0.4092 0.0532
vn -0.4453 -0.4384 -0.7807
vn -0.2574 -0.1071 -0.9603
vn -0.9535 -0.2641 -0.1456
vn -0.2910 -0.1971 -0.9362
vn 0.0020 1.0000 -0.0009
vn -0.0622 0.9974 -0.0372
vn -0.0852 0.9951 -0.0504
vn -0.0247 0.9957 -0.0896
vn -0.0013 0.9998 -0.0199
vn -0.0008 0.9997 -0.0236
vn 0.0026 0.9998 -0.0185
vn 0.0026 0.9998 -0.0184
vn -0.0288 0.9961 -0.0833
vn -0.0612 0.9937 -0.0941
vn -0.0718 0.9972 -0.0196
vn -0.0729 0.9972 -0.0170
vn -0.0728 0.9972 -0.0170
vn -0.0143 0.9999 0.0033
vn -0.0090 0.9999 -0.0131
vn 0.0040 1.0000 -0.0016
vn 0.0007 1.0000 -0.0033
vn -0.0084 1.0000 -0.0042
vn 0.0016 0.9998 -0.0187
vn -0.1176 0.7983 -0.5906
vn -0.2077 0.7211 -0.6610
vn -0.2450 0.8394 -0.4851
vn -0.4522 0.8743 -0.1766
vn -0.5773 0.8112 -0.0933
vn -0.5112 0.8594 -0.0101
vn -0.1718 0.9851 -0.0049
vn -0.1326 0.8148 -0.5644
vn -0.0225 -0.3273 -0.9447
vn -0.1119 -0.3773 -0.9193
vn -0.5935 0.5592 -0.5788
vn -0.6874 -0.2796 -0.6703
vn -0.7816 -0.4870 -0.3897
vn -0.0929 0.9742 -0.2056
vn -0.1621 -0.9581 -0.2361
vn -0.9242 -0.3773 0.0587
vn -0.0229 -0.6586 -0.7521
vn 0.0563 -0.6425 -0.7643
vn -0.1533 -0.5013 -0.8516
vn -0.4117 -0.5105 -0.7549
vn -0.5320 -0.6504 -0.5421
vn -0.7426 -0.5750 -0.3434
vn -0.7866 -0.6122 -0.0801
vn -0.4004 -0.9085 -0.1193
vn -0.2056 -0.9719 0.1148
vn -0.7992 -0.5988 -0.0527
vn -0.0360 -0.9133 -0.4057
vn 0.1095 -0.9497 -0.2934
vn 0.1888 -0.9390 -0.2876
vn -0.2536 -0.9636 0.0848
vn 0.6292 -0.4832 0.6088
vn 0.1927 -0.9444 -0.2665
vn 0.0947 -0.8995 0.4265
vn 0.5220 -0.7697 0.3675
vn -0.4475 -0.8829 0.1423
vn -0.4494 -0.8741 -0.1843
vn -0.0121 -0.9079 -0.4190
vn 0.6227 -0.7309 0.2793
vn -0.5292 0.0372 0.8477
vn -0.8669 -0.3321 -0.3717
vn -0.2888 -0.4781 0.8294
vn -0.1328 0.9911 0.0091
vn -0.0405 0.9991 0.0078
vn -0.0048 0.9998 -0.0193
vn 0.0158 0.9999 0.0040
vn 0.0066 0.9999 -0.0110
vn 0.0062 0.9999 -0.0112
vn 0.0047 0.9999 -0.0151
vn -0.0187 0.9995 -0.0241
vn -0.0158 0.9998 -0.0138
vn -0.0304 0.9993 -0.0235
vn -0.0257 0.9996 -0.0087
vn -0.0459 0.9988 -0.0156
vn -0.0347 0.9925 0.1170
vn -0.0370 0.9989 -0.0291
vn -0.0495 0.9988 -0.0034
vn 0.0116 0.9996 -0.0243
vn 0.0446 0.9987 -0.0256
vn 0.0152 0.9998 0.0105
vn -0.0385 0.9980 -0.0509
vn -0.9906 0.1360 0.0127
vn -0.9908 -0.0986 0.0927
vn -0.1339 -0.7486 0.6494
vn -0.3396 0.9295 0.1441
vn 0.0088 0.9989 0.0452
vn -0.9894 0.1157 -0.0878
vn -0.5939 -0.4676 -0.6547
vn -0.6132 -0.4962 -0.6146
vn -0.7486 0.6286 0.2107
vn -0.7587 -0.5850 0.2866
vn -0.8246 -0.3205 0.4661
vn 0.5711 -0.7334 0.3687
vn 0.0328 -0.8224 -0.5679
vn 0.1877 -0.8073 -0.5595
vn -0.3377 -0.8893 -0.3084
vn -0.6553 -0.6592 -0.3688
vn -0.6519 -0.6562 -0.3800
vn -0.5769 -0.6829 -0.4482
vn -0.5652 -0.6700 0.4813
vn -0.6819 -0.6260 0.3783
vn -0.7028 -0.6408 0.3089
vn 0.1677 -0.9455 0.2792
vn 0.5086 -0.8220 0.2561
vn 0.3784 -0.9230 0.0697
vn -0.2771 -0.8538 0.4408
vn 0.1641 -0.8881 0.4293
vn 0.8711 -0.3564 0.3377
vn 0.3686 -0.9123 0.1782
vn 0.3705 -0.8825 0.2897
vn -0.0939 -0.8108 0.5777
vn -0.1930 -0.8212 0.5370
vn -0.0182 -0.7152 0.6986
vn -0.2788 -0.6176 0.7354
vn -0.5452 -0.7039 0.4553
vn -0.0622 -0.6328 0.7718
vn -0.5832 -0.2177 0.7826
vn -0.3932 0.8865 0.2440
vn 0.0233 0.9996 -0.0164
vn 0.0451 0.9990 -0.0026
vn -0.0114 0.9951 0.0978
vn -0.0476 0.9988 0.0068
vn -0.0431 0.9990 0.0119
vn -0.0478 0.9988 0.0063
vn -0.0924 0.9940 0.0589
vn -0.0510 0.9962 0.0704
vn -0.0395 0.9940 0.1019
vn 0.0679 0.9971 0.0335
vn 0.0261 0.9989 0.0398
vn 0.0331 0.9994 -0.0096
vn 0.0364 0.9992 -0.0171
vn -0.0138 0.9999 -0.0019
vn -0.0810 0.9966 0.0130
vn -0.2374 0.9529 0.1889
vn -0.3724 0.9227 0.1002
vn -0.3996 0.8330 0.3827
vn -0.4195 0.7086 0.5673
vn -0.2384 0.8435 0.4814
vn 0.1169 0.9004 0.4191
vn -0.1033 0.9367 0.3346
vn 0.0278 0.9988 0.0409
vn 0.0578 0.9980 -0.0273
vn 0.0557 0.9980 -0.0302
vn 0.0430 0.9988 -0.0229
vn -0.5434 0.7399 0.3966
vn -0.7780 -0.3916 0.4913
vn -0.6343 -0.5372 0.5559
vn -0.1387 0.6625 0.7361
vn -0.1571 -0.4913 0.8567
vn -0.0275 -0.6146 0.7884
vn 0.0088 0.9998 0.0156
vn 0.0478 0.9986 -0.0235
vn -0.7055 -0.3950 0.5885
vn -0.6418 -0.4255 0.6380
vn -0.6683 -0.4672 0.5789
vn -0.2996 -0.4783 0.8255
vn -0.0998 -0.5845 0.8052
vn -0.0300 -0.5729 0.8191
vn -0.0896 -0.5537 0.8279
vn 0.3457 -0.9066 0.2419
vn 0.4378 -0.6973 -0.5675
vn -0.0028 -0.8681 0.4963
vn 0.6681 -0.7187 -0.1924
vn 0.6997 -0.7100 -0.0797
vn 0.1259 -0.9080 0.3997
vn 0.5600 -0.6378 0.5288
vn -0.2521 -0.9190 0.3033
vn -0.2537 -0.9208 0.2964
vn 0.2380 -0.9638 0.1198
vn 0.6859 -0.5667 0.4564
vn 0.0931 -0.5910 0.8013
vn -0.4653 -0.4016 0.7888
vn 0.6829 -0.5860 0.4361
vn -0.1643 -0.3436 0.9246
vn 0.0458 0.9966 0.0681
vn -0.0100 0.9982 0.0598
vn -0.0218 0.9997 -0.0136
vn 0.0113 0.9999 0.0093
vn 0.0186 0.9998 -0.0015
vn 0.0153 0.9999 -0.0012
vn -0.0053 0.9999 0.0104
vn -0.0126 0.9997 0.0193
vn -0.0194 0.9998 0.0068
vn -0.0099 0.9999 0.0111
vn -0.0059 1.0000 -0.0061
vn 0.0251 0.9979 0.0594
vn 0.0020 0.9998 0.0216
vn -0.0104 0.9982 0.0599
vn 0.0081 0.9969 0.0779
vn 0.0111 0.9998 0.0187
vn 0.0457 0.9984 0.0347
vn -0.0339 0.9993 0.0174
vn -0.0700 0.9688 0.2378
vn -0.0792 0.9709 0.2259
vn -0.3579 0.9258 0.1217
vn 0.0178 0.9990 -0.0408
vn 0.0673 0.9937 0.0897
vn 0.3231 0.9333 0.1570
vn -0.1038 0.9670 0.2326
vn -0.6570 -0.6343 0.4075
vn -0.4249 -0.8026 0.4187
vn 0.1905 0.9816 0.0125
vn 0.6336 -0.1787 0.7528
vn 0.7597 -0.4816 0.4370
vn 0.8585 0.1343 0.4949
vn 0.4886 -0.8722 0.0237
vn 0.5345 -0.7540 0.3819
vn -0.8207 -0.5269 0.2212
vn -0.4619 -0.8859 -0.0436
vn 0.1269 -0.9647 0.2306
vn -0.4504 -0.7917 0.4128
vn -0.4455 -0.7886 0.4238
vn -0.1311 -0.9736 0.1871
vn 0.4162 -0.8902 0.1852
vn 0.3511 -0.9176 0.1866
vn 0.0390 -0.8524 0.5214
vn 0.1565 -0.8656 0.4756
vn 0.7054 -0.5842 0.4014
vn 0.4858 -0.8647 0.1273
vn 0.6115 -0.7129 -0.3432
vn 0.3077 -0.8868 0.3447
vn -0.2316 -0.9391 0.2540
vn -0.3074 -0.9302 -0.2005
vn 0.5652 -0.8223 0.0658
vn 0.7927 -0.5150 0.3262
vn 0.5142 -0.3948 0.7613
vn 0.6945 0.1699 0.6991
vn 0.1125 0.9933 0.0281
vn 0.0113 0.9997 0.0206
vn 0.0213 0.9997 -0.0067
vn 0.0219 0.9997 -0.0067
vn 0.0042 1.0000 -0.0068
vn -0.0003 1.0000 0.0006
vn -0.0147 0.9999 0.0056
vn -0.0061 1.0000 0.0031
vn 0.0074 0.9999 0.0097
vn 0.0055 1.0000 0.0028
vn 0.0251 0.9993 0.0289
vn 0.0106 0.9997 0.0207
vn 0.0280 0.9995 0.0156
vn 0.0323 0.9995 0.0064
vn 0.0561 0.9984 -0.0032
vn 0.0431 0.9991 0.0006
vn 0.4818 0.8510 0.2092
vn 0.3726 0.9278 -0.0166
vn 0.3294 0.9432 0.0425
vn 0.0969 0.9953 0.0024
vn 0.4063 0.7667 0.4971
vn 0.5669 -0.3541 0.7438
vn 0.6482 -0.4189 0.6359
vn 0.8309 -0.4769 0.2867
vn 0.8008 -0.3399 0.4931
vn -0.6796 -0.6712 -0.2961
vn -0.3469 -0.8687 -0.3535
vn 0.1019 -0.9000 -0.4238
vn -0.0964 -0.9953 0.0055
vn -0.2177 -0.9439 0.2485
vn -0.1165 -0.9097 0.3986
vn 0.5818 0.1538 0.7987
vn 0.3997 -0.6522 0.6441
vn 0.6315 -0.5073 0.5864
vn -0.4783 -0.8605 -0.1752
vn 0.1521 -0.9847 -0.0856
vn 0.2712 -0.9287 -0.2529
vn 0.8139 -0.4809 0.3259
vn 0.7925 -0.5917 0.1477
vn 0.6677 -0.6346 0.3892
vn 0.2498 -0.9156 0.3151
vn 0.8038 -0.5804 -0.1309
vn -0.1599 -0.9671 0.1978
vn -0.0941 -0.9010 -0.4234
vn 0.2028 -0.8666 -0.4559
vn 0.8167 -0.5607 -0.1366
vn 0.5048 -0.3298 -0.7977
vn 0.1666 -0.5496 -0.8187
vn 0.2252 -0.6974 -0.6804
vn 0.7485 0.0051 -0.6631
vn 0.0467 0.9989 -0.0075
vn 0.0056 0.9997 0.0218
vn 0.0033 1.0000 -0.0091
vn 0.0112 0.9963 -0.0854
vn 0.1264 0.9887 -0.0811
vn 0.0900 0.9923 -0.0850
vn -0.0049 1.0000 -0.0074
vn -0.0019 0.9999 -0.0105
vn -0.0016 1.0000 -0.0055
vn 0.0426 0.9943 0.0981
vn -0.0036 0.9999 0.0122
vn 0.0035 1.0000 0.0052
vn 0.0225 0.9997 -0.0048
vn 0.0484 0.9986 0.0210
vn 0.1272 0.9909 -0.0449
vn 0.3600 0.8936 -0.2680
vn 0.3699 0.8693 -0.3278
vn 0.4204 0.8471 -0.3250
vn 0.0486 0.8143 -0.5784
vn 0.1996 0.8663 -0.4580
vn 0.0162 0.9999 0.0027
vn 0.3633 0.9305 0.0464
vn 0.4891 0.8688 0.0780
vn 0.4025 0.9149 -0.0317
vn 0.3358 0.4780 -0.8116
vn 0.3712 -0.2332 -0.8988
vn 0.2098 -0.4339 -0.8762
vn 0.5284 0.8255 -0.1982
vn 0.8335 -0.4586 -0.3080
vn 0.8812 -0.4149 -0.2266
vn 0.4989 -0.4967 -0.7102
vn 0.2650 -0.6071 -0.7491
vn 0.1617 -0.5550 -0.8160
vn -0.1150 -0.9925 -0.0416
vn -0.0204 -0.8214 -0.5700
vn 0.0605 -0.6085 -0.7913
vn 0.6250 -0.7464 -0.2287
vn 0.1772 -0.7916 0.5847
vn 0.8255 -0.5097 -0.2426
vn 0.8136 -0.5732 -0.0972
vn 0.3979 -0.9091 -0.1235
vn -0.4908 -0.7964 0.3535
vn 0.0693 -0.9964 0.0486
vn 0.7911 -0.6080 0.0672
vn -0.0340 0.9991 -0.0233
vn -0.0397 0.9992 0.0078
vn -0.0777 -0.7111 0.6988
vn -0.0538 0.9984 -0.0147
vn -0.1880 -0.7542 0.6292
vn -0.0316 0.9944 0.1013
vn -0.5630 -0.7107 -0.4218
vn -0.1521 -0.9063 -0.3943
vn -0.0318 0.9994 0.0105
vn -0.3189 -0.8308 -0.4562
vn -0.2110 -0.1632 0.9638
vn -0.8447 -0.5286 -0.0841
vn -0.0606 0.9927 -0.1041
vn -0.6020 -0.7606 0.2430
vn -0.7456 0.1408 0.6513
vn -0.1697 -0.5702 0.8038
vn -0.9515 -0.2865 0.1125
vn -0.2692 -0.8528 -0.4474
vn -0.2330 -0.9016 -0.3645
vn -0.2269 -0.7612 -0.6075
vn 0.1854 -0.6982 -0.6915
vn 0.5157 -0.7929 0.3247
vn 0.5154 -0.6764 0.5262
vn -0.4777 -0.6925 0.5406
vn -0.5019 -0.5865 0.6357
vn 0.0183 0.9997 -0.0135
vn 0.0216 0.9996 -0.0205
vn 0.0250 0.9996 -0.0159
vn 0.0224 0.9997 -0.0099
vn 0.0124 0.9999 -0.0051
vn 0.0211 0.9998 0.0023
vn -0.0050 1.0000 0.0081
vn -0.0010 0.9998 0.0203
vn 0.0100 0.9999 0.0060
vn -0.0074 0.9998 0.0209
vn -0.0148 0.9997 0.0187
vn 0.0001 0.9998 -0.0193
vn -0.0158 0.9996 -0.0228
vn -0.0096 0.9995 -0.0296
vn -0.0175 0.9998 -0.0070
vn -0.0037 0.9999 -0.0165
vn -0.0165 0.9998 -0.0078
vn -0.0180 0.9998 -0.0102
vn -0.0209 0.9997 0.0134
vn -0.0226 0.9996 0.0194
vn -0.0254 0.9994 0.0224
vn 0.0117 0.9999 0.0082
vn 0.0142 0.9998 0.0133
vn 0.0312 0.9994 0.0178
vn 0.0244 0.9996 0.0114
vn 0.0104 0.9994 -0.0329
vn 0.0282 0.9995 -0.0154
vn 0.0221 0.9998 -0.0019
vn -0.0024 1.0000 -0.0053
vn 0.0059 0.9999 -0.0096
vn 0.0032 0.9999 -0.0154
vn -0.0175 0.9997 -0.0157
vn -0.0218 0.9996 -0.0199
vn -0.0135 0.9996 -0.0243
vn -0.0160 0.9998 -0.0121
vn -0.0097 0.9996 -0.0283
vn -0.0128 0.9999 -0.0074
vn -0.0095 0.9990 0.0441
vn -0.0120 0.9995 0.0296
vn -0.0284 0.9993 0.0225
vn 0.0268 0.9995 0.0141
vn 0.0430 0.9991 -0.0019
vn 0.0340 0.9994 -0.0055
vn 0.0224 0.9996 -0.0198
vn 0.0245 0.9996 -0.0159
vn 0.7281 -0.5997 -0.3319
vn 0.5585 -0.8290 -0.0291
vn 0.3517 -0.9359 -0.0178
vn 0.4105 -0.7581 -0.5068
vn 0.6734 -0.5617 -0.4808
vn -0.4218 -0.6198 -0.6617
vn -0.3677 -0.6111 -0.7009
vn -0.5030 -0.8243 -0.2599
vn -0.7965 -0.4918 -0.3518
vn -0.7651 -0.6138 -0.1948
vn -0.4323 -0.8949 0.1106
vn -0.2013 -0.8925 0.4035
vn -0.4584 -0.8443 0.2775
vn -0.0976 -0.6162 0.7815
vn -0.5507 -0.6459 0.5287
vn -0.1986 -0.8977 0.3933
vn -0.2001 -0.8018 0.5631
vn 0.3285 -0.8475 0.4169
vn 0.1944 -0.9369 0.2905
vn 0.7611 -0.5666 0.3157
vn 0.5826 -0.7550 0.3010
vn 0.8462 -0.4414 0.2985
vn 0.7147 -0.6948 0.0802
vn -0.4167 -0.6919 -0.5895
vn -0.4931 -0.7196 -0.4890
vn -0.3628 -0.8457 -0.3913
vn -0.2386 -0.9483 -0.2092
vn 0.3040 -0.9035 -0.3020
vn 0.5751 -0.7213 -0.3861
vn 0.5405 -0.6764 -0.5003
vn 0.4185 -0.7607 -0.4961
vn 0.3210 -0.7775 -0.5408
vn 0.2632 -0.9523 -0.1543
vn 0.3901 -0.8882 -0.2428
vn -0.2895 -0.8805 -0.3754
vn 0.0189 0.9998 0.0046
vn -0.0350 0.9922 -0.1200
vn -0.0162 0.9996 -0.0249
vn -0.0037 0.9999 -0.0142
vn -0.0015 0.9999 -0.0132
vn -0.0105 0.9999 0.0057
vn -0.0118 0.9999 0.0008
vn -0.0167 0.9998 -0.0099
vn -0.0162 0.9998 -0.0107
vn 0.0011 0.9999 -0.0171
vn -0.0017 0.9999 -0.0113
vn -0.0084 0.9998 -0.0177
vn 0.0175 0.9997 -0.0190
vn 0.0017 0.9999 -0.0145
vn 0.0134 0.9998 -0.0112
vn 0.0285 0.9994 -0.0173
vn -0.1537 0.9450 -0.2888
vn -0.0455 0.9907 -0.1286
vn -0.3279 0.6727 -0.6633
vn -0.5179 -0.3679 -0.7723
vn -0.4919 -0.4447 -0.7485
vn -0.3087 -0.7261 -0.6144
vn -0.5264 -0.3122 -0.7908
vn -0.0160 -0.8778 -0.4788
vn -0.5715 -0.7809 -0.2523
vn -0.3864 -0.8776 -0.2838
vn -0.6554 -0.6965 -0.2919
vn 0.4082 -0.9036 -0.1296
vn 0.3403 -0.8925 -0.2960
vn 0.6518 -0.7579 -0.0292
vn 0.3853 -0.9228 -0.0018
vn -0.0625 -0.7030 -0.7084
vn 0.0020 1.0000 -0.0008
vn -0.0611 0.9975 -0.0357
vn -0.0568 0.9983 -0.0117
vn -0.0806 0.9960 -0.0377
vn 0.0015 0.9997 -0.0234
vn 0.0016 0.9998 -0.0196
vn -0.0034 0.9998 -0.0209
vn -0.0082 0.9998 -0.0177
vn -0.0115 0.9999 -0.0095
vn 0.0029 0.9999 -0.0144
vn -0.0183 0.9998 -0.0078
vn -0.0187 0.9998 -0.0084
vn -0.0076 1.0000 -0.0036
vn 0.0025 1.0000 -0.0016
vn -0.0600 0.8975 -0.4370
vn -0.1321 0.8252 -0.5491
vn -0.1095 -0.4046 -0.9079
vn -0.0991 -0.6351 -0.7661
vn -0.0774 0.9660 -0.2469
vn -0.3499 -0.8443 -0.4059
vn -0.0474 -0.5006 -0.8644
vn -0.2191 -0.8227 -0.5246
vn -0.2174 -0.9585 -0.1842
vn -0.7697 -0.6344 -0.0719
vn -0.7881 -0.6097 -0.0846
vn -0.7070 -0.5575 -0.4351
vn 0.9968 -0.0725 -0.0330
vn 0.1930 -0.8943 -0.4037
vn 0.1877 -0.8294 -0.5262
vn 0.2110 -0.7404 -0.6382
vn 0.0124 -0.9680 -0.2507
vn -0.7102 -0.6976 0.0947
vn -0.0782 -0.9905 -0.1128
vn -0.0577 -0.9982 0.0164
vn 0.1187 -0.9902 0.0734
vn -0.7002 -0.7003 0.1389
vn 0.5288 0.0473 0.8474
vn 0.3899 -0.5998 0.6987
vn 0.6585 -0.2954 0.6922
vn 0.3743 -0.6084 0.6998
vn -0.5140 0.0547 0.8561
vn -0.8959 -0.2846 -0.3411
vn -0.7447 -0.5366 -0.3968
vn -0.1783 0.9839 -0.0086
vn -0.1582 0.9874 -0.0069
vn -0.0355 0.9994 0.0040
vn -0.0049 0.9999 -0.0099
vn -0.0110 0.9999 -0.0026
vn 0.0068 0.9999 -0.0112
vn 0.0065 0.9999 -0.0153
vn 0.0045 0.9999 -0.0126
vn 0.0056 0.9999 -0.0161
vn -0.0149 0.9999 -0.0082
vn -0.0327 0.9991 -0.0265
vn -0.0643 0.9977 -0.0190
vn -0.0231 0.9940 0.1070
vn -0.0125 0.9997 -0.0198
vn -0.0101 0.9998 -0.0161
vn -0.0364 0.9989 -0.0286
vn -0.0604 0.9981 -0.0154
vn 0.0115 0.9997 -0.0227
vn 0.0071 0.9998 -0.0163
vn 0.0454 0.9987 -0.0250
vn 0.0454 0.9987 -0.0248
vn 0.0399 0.9992 -0.0064
vn 0.0230 0.9988 0.0426
vn 0.0149 0.9992 0.0381
vn -0.0027 0.9994 0.0348
vn 0.0090 0.9999 0.0089
vn -0.1475 0.9630 -0.2254
vn -0.0512 0.9932 -0.1046
vn -0.1351 -0.7471 0.6508
vn -0.3182 0.9379 0.1384
vn 0.0125 0.9995 0.0293
vn -0.1667 0.9716 -0.1680
vn -0.8941 0.3948 -0.2114
vn -0.1249 -0.8075 -0.5764
vn -0.7559 0.5966 0.2697
vn -0.7216 0.6651 0.1922
vn -0.8806 -0.2687 0.3904
vn -0.8232 -0.3226 0.4671
vn 0.1516 -0.7183 -0.6790
vn 0.1666 -0.7417 -0.6496
vn 0.0174 -0.8666 -0.4987
vn -0.2520 -0.9554 -0.1536
vn -0.2635 -0.9469 -0.1841
vn -0.1715 -0.7653 -0.6204
vn -0.6726 -0.6420 -0.3680
vn -0.6517 -0.6710 -0.3537
vn -0.5362 -0.7252 -0.4320
vn -0.4163 -0.8076 0.4177
vn -0.7170 -0.5377 0.4437
vn -0.6989 -0.5755 0.4246
vn -0.3706 -0.9261 0.0706
vn -0.3338 -0.5417 -0.7715
vn 0.2614 -0.9618 0.0816
vn -0.2759 -0.8556 0.4381
vn -0.2419 -0.8184 0.5213
vn 0.1233 -0.9713 0.2033
vn 0.0783 -0.9282 0.3639
vn 0.7073 -0.7055 0.0448
vn 0.7008 -0.7127 0.0305
vn 0.6904 -0.6513 0.3148
vn 0.1877 -0.9427 0.2758
vn 0.4747 -0.8118 0.3399
vn -0.1919 -0.8302 0.5234
vn -0.0333 -0.9466 0.3208
vn -0.7447 -0.4555 0.4878
vn -0.8054 -0.2034 0.5568
vn -0.7711 -0.3303 0.5443
vn -0.3515 -0.9309 -0.0999
vn -0.0556 0.3343 0.9408
vn -0.4233 0.8683 0.2584
vn 0.0227 0.9997 -0.0117
vn 0.0290 0.9993 -0.0248
vn -0.0389 0.9992 0.0005
vn 0.0023 0.9999 -0.0109
vn 0.0022 0.9999 -0.0112
vn -0.0718 0.9973 0.0175
vn -0.1786 0.9810 0.0758
vn -0.2389 0.9587 0.1546
vn -0.1164 0.9681 0.2221
vn 0.0282 0.9914 0.1277
vn -0.1083 0.9350 0.3376
vn 0.0358 0.9978 0.0558
vn 0.0500 0.9987 -0.0039
vn 0.0041 0.9998 -0.0208
vn 0.0474 0.9986 -0.0242
vn 0.1252 0.9888 -0.0811
vn 0.0573 0.9981 -0.0205
vn 0.0540 0.9982 -0.0266
vn 0.0569 0.9981 -0.0230
vn 0.0525 0.9984 0.0207
vn -0.7378 -0.3619 0.5698
vn -0.6270 -0.5571 0.5445
vn -0.6037 -0.5222 0.6024
vn 0.3415 -0.8960 0.2839
vn 0.2065 -0.2847 0.9361
vn 0.3757 -0.8801 0.2905
vn 0.2776 -0.8677 0.4123
vn -0.0803 -0.9398 0.3321
vn 0.6033 -0.7823 -0.1549
vn 0.6489 -0.7551 -0.0938
vn 0.5478 -0.5957 0.5874
vn -0.1068 -0.8759 0.4705
vn -0.1392 -0.9741 0.1780
vn 0.3367 -0.9275 0.1622
vn 0.6681 -0.4662 0.5799
vn 0.7921 -0.1527 0.5910
vn -0.5139 -0.4929 0.7021
vn 0.0072 0.9996 -0.0264
vn -0.0056 1.0000 -0.0009
vn -0.0277 0.9995 0.0152
vn -0.0221 0.9997 0.0066
vn 0.0090 0.9999 0.0120
vn 0.0085 0.9999 0.0076
vn 0.0013 1.0000 0.0014
vn 0.0168 0.9999 -0.0039
vn 0.0283 0.9996 0.0067
vn 0.0325 0.9994 0.0092
vn 0.0151 0.9999 0.0082
vn -0.0067 1.0000 0.0073
vn -0.0123 0.9999 0.0058
vn 0.0281 0.9996 -0.0027
vn 0.0145 0.9998 0.0105
vn 0.0111 0.9999 0.0092
vn 0.0416 0.9974 0.0597
vn 0.0201 0.9964 0.0829
vn -0.0017 0.9988 0.0485
vn 0.1150 0.9875 0.1078
vn 0.1530 0.9879 0.0265
vn -0.0388 0.9987 0.0330
vn -0.0547 0.9985 -0.0046
vn 0.3555 0.8868 0.2953
vn -0.0982 0.9329 0.3465
vn -0.7901 0.0237 0.6125
vn 0.2067 -0.9735 -0.0975
vn -0.4368 -0.8430 0.3140
vn 0.8454 -0.5133 -0.1479
vn 0.6031 -0.7950 0.0645
vn 0.4667 -0.8841 0.0245
vn -0.6468 -0.6002 0.4705
vn -0.5794 -0.7959 0.1757
vn -0.4813 -0.8748 -0.0548
vn -0.5972 -0.7410 -0.3071
vn 0.1135 -0.9676 0.2255
vn -0.5015 -0.7724 0.3898
vn -0.5195 -0.4762 0.7095
vn 0.3526 -0.8576 0.3746
vn 0.3447 -0.9140 -0.2138
vn 0.3152 -0.9438 0.0998
vn 0.5369 -0.7357 0.4130
vn 0.2773 -0.9570 0.0851
vn 0.6019 -0.7868 -0.1363
vn 0.5298 -0.3705 0.7629
vn 0.2063 0.9750 -0.0820
vn 0.4301 -0.5915 0.6820
vn 0.0268 0.9996 0.0096
vn -0.0000 0.9999 -0.0116
vn 0.0188 0.9998 0.0087
vn 0.0002 1.0000 0.0023
vn 0.0036 1.0000 -0.0082
vn -0.0106 0.9999 -0.0086
vn -0.0101 0.9998 -0.0171
vn -0.0033 1.0000 -0.0082
vn -0.0125 0.9998 0.0141
vn -0.0059 0.9999 0.0082
vn -0.0043 1.0000 0.0046
vn -0.0011 1.0000 0.0034
vn 0.0163 0.9997 0.0178
vn -0.0057 1.0000 0.0040
vn 0.0576 0.9982 0.0190
vn 0.5496 0.8349 -0.0291
vn 0.3837 0.9214 0.0621
vn 0.1071 0.9932 0.0451
vn -0.4090 -0.8949 -0.1783
vn -0.4217 -0.8848 -0.1983
vn -0.3061 -0.9308 -0.1997
vn -0.4209 -0.8588 0.2922
vn -0.3474 -0.9319 0.1038
vn -0.7352 -0.6613 -0.1487
vn -0.4512 -0.8901 0.0644
vn -0.2121 -0.9521 0.2203
vn 0.1165 -0.9372 0.3288
vn 0.5178 -0.6381 0.5698
vn 0.4916 -0.7742 0.3987
vn 0.4413 -0.6556 0.6127
vn 0.1568 -0.9676 -0.1977
vn 0.7105 -0.6988 -0.0824
vn 0.2535 -0.9553 -0.1522
vn 0.2829 0.9589 0.0232
vn 0.0714 -0.0913 -0.9933
vn 0.0494 0.9987 -0.0129
vn 0.0378 0.9993 0.0017
vn 0.0428 0.9990 -0.0117
vn 0.0066 0.9999 0.0120
vn 0.0192 0.9998 0.0040
vn 0.0280 0.9995 0.0154
vn 0.0117 0.9997 0.0195
vn 0.0108 0.9995 0.0285
vn -0.0031 1.0000 -0.0085
vn -0.0072 0.9999 -0.0081
vn 0.0009 0.9999 -0.0115
vn 0.0037 0.9999 -0.0151
vn -0.0012 1.0000 -0.0073
vn -0.0038 1.0000 -0.0025
vn 0.0037 1.0000 0.0053
vn 0.0026 1.0000 -0.0020
vn 0.2145 0.9355 -0.2808
vn 0.1425 0.9896 0.0220
vn 0.4289 0.9028 0.0329
vn -0.0296 -0.7930 -0.6085
vn 0.2460 -0.7034 -0.6668
vn 0.1999 -0.5482 -0.8121
vn -0.0325 -0.7572 -0.6523
vn -0.1624 -0.8656 -0.4736
vn 0.2054 -0.8370 -0.5072
vn 0.0053 -0.7927 -0.6096
vn -0.0127 -0.9996 -0.0266
vn 0.0328 -0.9991 0.0285
vn -0.0481 -0.9738 0.2224
vn 0.4417 -0.1922 0.8763
vn 0.4400 -0.8334 0.3345
vn 0.0114 -0.9352 0.3539
vn 0.2385 -0.9383 0.2504
vn 0.2834 -0.9381 0.1990
vn 0.3349 -0.9201 0.2031
vn 0.7675 -0.6314 0.1104
vn -0.0536 0.9984 -0.0157
vn -0.2915 -0.7821 -0.5507
vn -0.1121 0.8698 -0.4805
vn -0.1795 0.9549 -0.2367
vn -0.6402 -0.4835 -0.5970
vn -0.1287 -0.9608 -0.2454
vn -0.1149 -0.9640 -0.2396
vn -0.9125 -0.4021 0.0748
vn -0.0732 0.9903 -0.1183
vn 0.6097 -0.7870 0.0947
vn 0.8894 -0.4568 0.0159
vn 0.1517 0.9882 0.0200
vn 0.0050 0.9989 -0.0471
vn 0.1149 0.9732 -0.1994
vn -0.0392 0.9989 0.0268
vn -0.0293 0.9975 0.0636
vn 0.0212 0.9997 0.0126
vn 0.2673 0.8587 -0.4373
vn -0.0577 0.9645 -0.2578
vn -0.3386 0.8724 0.3526
vn -0.1387 0.8928 0.4285
vn 0.2443 0.9686 -0.0459
vn 0.3531 0.5353 -0.7673
vn -0.4164 0.8749 -0.2473
vn -0.5102 0.5350 0.6734
vn -0.0777 0.6839 0.7254
vn 0.6033 0.6828 -0.4120
vn 0.4413 0.3803 -0.8128
vn -0.7259 -0.5649 0.3923
vn -0.6530 0.1673 0.7386
vn -0.2831 0.3191 0.9045
vn 0.6542 -0.2483 -0.7144
vn -0.2373 0.0801 -0.9681
vn 0.7554 -0.6475 0.1006
vn -0.0685 -0.6562 -0.7515
vn -0.3869 0.7860 0.4823
vn -0.5504 -0.0447 0.8337
vn -0.8870 -0.2518 0.3870
vn -0.4782 -0.3484 -0.8062
vn -0.9973 0.0480 0.0550
vn -0.4366 -0.2512 -0.8639
vn 0.7114 0.3550 -0.6065
vn 0.5596 -0.3845 -0.7342
vn 0.7826 -0.3194 -0.5344
vn 0.5502 -0.7877 0.2771
vn 0.5037 -0.7894 0.3510
vn -0.0979 -0.3941 0.9138
vn -0.3571 -0.4565 0.8149
vn -0.3884 -0.4483 0.8051
vn -0.5739 -0.3113 0.7575
vn -0.6492 -0.5501 0.5252
vn -0.6770 -0.5969 0.4305
vn -0.7662 -0.4538 -0.4551
vn -0.3284 -0.4560 -0.8272
vn 0.2974 -0.3558 -0.8860
vn 0.4075 -0.2228 -0.8856
vn 0.5558 -0.3830 -0.7379
vn 0.5677 -0.7510 0.3372
vn 0.2962 0.9388 0.1759
vn 0.0755 0.9688 0.2359
vn -0.3883 -0.3705 0.8438
vn -0.3022 0.6909 0.6567
vn -0.2595 0.8587 0.4419
vn -0.7306 -0.4417 0.5208
vn -0.5052 0.7843 0.3601
vn -0.2552 0.9642 0.0719
vn 0.0427 0.0588 -0.9974
vn 0.0202 0.8819 -0.4710
vn 0.0878 0.9291 -0.3593
vn 0.5610 -0.3703 -0.7404
vn 0.4367 0.6906 -0.5764
vn 0.3127 0.8925 -0.3250
vn 0.1066 0.9937 -0.0345
vn 0.0460 0.9986 0.0273
vn 0.0201 0.9938 0.1098
vn -0.0508 0.9823 0.1802
vn -0.0631 0.9885 0.1371
vn -0.1217 0.9732 0.1954
vn -0.1344 0.9792 0.1521
vn -0.0822 0.9950 0.0561
vn -0.0990 0.9950 0.0142
vn 0.1351 0.9822 -0.1301
vn 0.0912 0.9885 -0.1204
vn 0.0423 0.9975 -0.0558
vn -0.0360 0.9939 -0.1041
vn 0.0123 0.9933 -0.1148
vn 0.0523 0.9811 -0.1861
vn 0.7438 -0.6634 0.0812
vn 0.5923 0.3490 -0.7262
vn -0.1137 0.6346 0.7644
vn -0.6121 -0.6076 -0.5061
vn -0.8457 -0.0861 -0.5267
vn -0.7158 -0.6193 0.3226
vn -0.9672 -0.0997 -0.2337
vn -0.7705 0.0448 0.6359
vn -0.8188 -0.2433 0.5200
vn 0.9396 -0.2670 -0.2139
vn 0.7204 -0.6878 -0.0894
vn -0.8470 -0.0637 0.5277
vn 0.4252 -0.4899 -0.7611
vn 0.3574 0.0673 -0.9315
vn 0.6820 -0.0175 -0.7312
vn -0.5152 -0.5873 -0.6243
vn 0.6402 -0.0290 0.7677
vn -0.9817 -0.0766 0.1742
vn -0.1632 -0.0683 0.9842
vn -0.0689 0.1140 0.9911
vn -0.9709 0.0094 0.2391
vn 0.9577 -0.0483 -0.2837
vn 0.9274 -0.0242 -0.3734
vn -0.4830 -0.4790 0.7329
vn -0.3918 0.0233 -0.9198
vn 0.4022 0.4137 -0.8168
vn 0.4775 -0.0332 -0.8780
vn -0.6097 0.0115 0.7926
vn -0.9154 0.0005 0.4025
vn -0.8415 -0.0363 0.5391
vn 0.5134 -0.1768 -0.8397
vn -0.8422 0.4565 0.2871
vn -0.7497 -0.1492 0.6447
vn -0.7665 -0.0234 0.6418
vn -0.3573 0.9337 -0.0252
vn -0.9546 -0.0927 0.2831
vn -0.1703 -0.0658 0.9832
vn 0.6427 -0.5851 -0.4946
vn -0.6522 -0.5202 0.5515
vn 0.7825 -0.0036 -0.6227
vn 0.0466 -0.4234 -0.9047
vn 0.9985 -0.0431 -0.0331
vn -0.5644 -0.4973 0.6588
vn 0.6369 -0.0495 0.7694
vn -0.7198 0.2493 0.6478
vn -0.0209 0.9997 -0.0096
vn -0.6611 0.4147 -0.6252
vn 0.0164 0.9988 0.0459
vn 0.2510 0.9662 0.0584
vn 0.1715 0.9740 -0.1480
vn -0.2451 0.9695 -0.0054
vn -0.2628 0.9645 -0.0270
vn -0.1831 -0.2432 0.9525
vn -0.6617 0.6502 -0.3734
vn -0.3666 0.8749 0.3164
vn 0.4440 0.2930 0.8468
vn 0.4537 -0.7260 -0.5168
vn -0.9329 -0.0250 -0.3592
vn -0.0733 -0.7290 0.6806
vn 0.4264 -0.4732 0.7709
vn -0.1916 -0.6721 -0.7152
vn -0.9852 0.1502 0.0823
vn 0.1475 0.0895 0.9850
vn 0.8267 -0.3628 -0.4301
vn -0.7049 -0.6393 -0.3073
vn 0.3923 -0.9198 -0.0066
vn 0.5436 -0.2101 0.8126
vn 0.0556 -0.7194 0.6924
vn -0.9170 -0.3407 0.2076
vn 0.4216 -0.0754 0.9036
vn -0.9862 -0.1512 0.0669
vn -0.0973 0.1020 -0.9900
vn -0.5122 -0.0914 -0.8540
vn -0.1526 -0.4109 -0.8988
vn 0.8469 0.3436 -0.4058
vn 0.4564 -0.3285 0.8269
vn 0.4681 -0.6620 0.5854
vn 0.4246 0.1379 0.8948
vn -0.2318 -0.5943 0.7702
vn -0.6745 -0.4538 0.5823
vn -0.8886 -0.4560 0.0491
vn -0.9270 0.0306 -0.3739
vn -0.9138 0.0589 -0.4019
vn -0.4209 -0.5102 -0.7500
vn 0.6829 -0.2926 0.6694
vn 0.7602 0.6305 -0.1568
vn 0.0816 0.9953 0.0525
vn 0.2792 0.2955 0.9136
vn 0.1813 0.7843 0.5933
vn -0.0128 0.9642 0.2649
vn -0.9323 0.0587 -0.3568
vn -0.4403 0.8819 -0.1685
vn -0.3751 0.9086 -0.1838
vn -0.2268 -0.2498 -0.9414
vn 0.0987 0.9097 -0.4033
vn -0.4168 0.4897 -0.7658
vn 0.4937 0.8296 0.2607
vn 0.7490 0.1448 -0.6466
vn 0.7765 0.6210 0.1069
vn 0.3293 0.9376 0.1113
vn 0.6628 0.1519 0.7332
vn -0.0463 0.9981 0.0414
vn 0.1297 0.8651 0.4845
vn -0.0179 0.9950 0.0984
vn -0.0805 0.9822 -0.1694
vn -0.0702 0.9626 -0.2616
vn -0.0810 0.9552 -0.2848
vn -0.1101 0.9939 0.0011
vn -0.1243 0.9803 0.1535
vn -0.9258 0.1494 -0.3473
vn -0.4718 -0.0497 -0.8803
vn 0.0423 -0.5010 0.8644
vn -0.7182 -0.0241 0.6954
vn 0.3321 -0.3643 0.8701
vn -0.3662 -0.0826 0.9269
vn 0.3757 -0.2746 0.8851
vn 0.3285 0.1526 -0.9321
vn 0.2665 -0.6926 0.6703
vn -0.0640 -0.3747 -0.9249
vn -0.1351 0.0934 -0.9864
vn 0.1437 -0.6878 -0.7115
vn 0.3524 -0.2060 0.9129
vn -0.3801 -0.7960 -0.4711
vn -0.8637 0.0174 -0.5038
vn -0.2709 0.0796 0.9593
vn -0.4387 -0.2051 -0.8749
vn -0.2102 -0.6291 -0.7484
vn 0.5176 -0.7455 0.4199
vn -0.7212 -0.5873 0.3673
vn -0.4125 0.0667 -0.9085
vn 0.1379 0.1611 0.9773
vn -0.4839 0.1026 -0.8691
vn 0.6410 -0.4125 0.6473
vn 0.0226 0.0094 0.9997
vn -0.0021 0.1525 -0.9883
vn 0.5021 -0.6105 0.6126
vn -0.0128 0.0428 -0.9990
vn -0.6732 -0.6429 0.3652
vn 0.5306 -0.0287 0.8471
vn -0.9663 0.0278 0.2560
vn -0.8192 -0.1901 -0.5411
vn -0.5613 -0.5960 0.5742
vn -0.8402 -0.0248 -0.5416
vn 0.2545 0.1456 -0.9560
vn 0.6180 -0.2525 0.7445
vn 0.0921 0.1075 0.9899
vn -0.3975 -0.6316 -0.6656
vn 0.3786 -0.0935 0.9208
vn 0.4599 0.1167 0.8803
vn -0.5512 -0.4601 -0.6960
vn 0.0973 0.4565 0.8844
vn 0.3452 -0.6128 0.7109
vn 0.3754 -0.2094 0.9029
vn -0.3391 0.1452 0.9295
vn 0.0817 0.0987 0.9918
vn 0.8090 -0.2491 0.5325
vn -0.2653 -0.5851 -0.7664
vn 0.0544 -0.7187 0.6932
vn -0.3425 0.0270 -0.9391
vn -0.2537 0.0569 -0.9656
vn -0.4950 -0.2342 -0.8367
vn 0.7990 0.1589 -0.5799
vn -0.0317 -0.5075 -0.8611
vn -0.9188 -0.3584 -0.1654
vn 0.5888 0.2878 -0.7553
vn -0.3343 -0.1348 -0.9328
vn 0.4960 -0.5121 0.7012
vn -0.2602 -0.0301 -0.9651
vn 0.5774 0.1746 0.7976
vn 0.4565 0.1031 0.8837
vn -0.5921 0.2681 -0.7600
vn -0.2972 -0.4705 -0.8309
vn -0.4956 -0.4134 -0.7639
vn 0.4862 -0.0437 0.8728
vn -0.4489 -0.5897 -0.6714
vn -0.4298 0.0730 -0.8999
vn -0.2902 -0.5859 -0.7567
vn -0.4509 0.0405 -0.8917
vn -0.5746 -0.3589 -0.7355
vn -0.1168 -0.3676 0.9226
vn -0.1322 -0.4141 0.9006
vn -0.0724 0.9922 0.1013
vn -0.1209 0.9913 0.0519
vn -0.1790 0.9188 0.3518
vn -0.3236 0.9291 0.1789
vn 0.0009 0.9890 -0.1480
vn -0.0247 0.9915 -0.1278
vn 0.0228 0.9997 0.0027
vn 0.2153 0.9542 0.2075
vn -0.0298 0.9988 -0.0386
vn -0.0633 0.9975 -0.0299
vn -0.0128 0.9997 0.0210
vn 0.2486 0.9381 0.2412
vn 0.2584 0.9645 -0.0551
vn -0.3491 0.8724 -0.3421
vn 0.6358 -0.6438 0.4257
vn 0.2515 0.8749 -0.4138
vn -0.6829 0.2930 -0.6692
vn 0.1119 -0.7750 0.6220
vn 0.8720 0.2171 0.4387
vn -0.3849 -0.5649 -0.7299
vn -0.6859 0.0220 -0.7273
vn 0.7077 -0.2483 0.6615
vn 0.9122 0.1502 -0.3812
vn -0.6578 0.1220 -0.7433
vn -0.4510 -0.5044 0.7363
vn 0.6734 -0.7281 -0.1279
vn -0.3713 -0.9198 0.1269
vn -0.9593 -0.1832 -0.2150
vn -0.3780 -0.2518 -0.8909
vn 0.8087 -0.3407 -0.4795
vn -0.6790 -0.0754 -0.7302
vn 0.9179 -0.1512 -0.3669
vn 0.3970 0.1020 0.9121
vn 0.6127 0.3549 0.7062
vn 0.7285 -0.3845 0.5670
vn -0.5534 0.1548 0.8184
vn -0.6740 -0.2302 -0.7019
vn -0.6768 -0.5571 -0.4812
vn -0.5186 -0.5501 -0.6545
vn -0.4236 -0.5969 -0.6814
vn 0.4628 -0.4538 -0.7615
vn 0.8305 -0.4560 -0.3200
vn 0.8829 -0.3558 0.3064
vn 0.7941 0.0727 0.6035
vn 0.7344 -0.3716 0.5679
vn -0.8929 0.3954 -0.2155
vn -0.9230 0.2049 -0.3258
vn -0.2882 0.9306 -0.2258
vn -0.5133 -0.4417 -0.7358
vn -0.3550 0.7843 -0.5089
vn -0.0693 0.9642 -0.2560
vn 0.9969 0.0587 0.0529
vn 0.4708 0.8819 0.0250
vn 0.3584 0.9291 0.0914
vn 0.7346 -0.3703 0.5685
vn 0.5720 0.6906 0.4426
vn 0.3218 0.8925 0.3160
vn -0.6252 0.7702 -0.1262
vn -0.4586 0.4695 0.7545
vn -0.8007 0.5803 0.1487
vn -0.1364 0.9885 -0.0645
vn -0.3029 0.9231 -0.2369
vn -0.2884 0.9297 -0.2292
vn 0.1509 0.9728 0.1758
vn -0.0132 0.9950 -0.0991
vn 0.1287 0.9822 0.1365
vn 0.1230 0.9864 0.1092
vn 0.0443 0.9982 0.0393
vn 0.1045 0.9939 -0.0349
vn 0.1147 0.9933 0.0135
vn 0.1855 0.9811 0.0542
vn 0.7201 0.3490 0.5997
vn -0.3060 -0.5010 -0.8095
vn 0.4617 -0.0265 -0.8866
vn -0.5835 -0.3643 -0.7258
vn 0.0635 -0.0826 -0.9946
vn -0.6297 -0.2746 -0.7267
vn -0.6126 -0.2323 -0.7555
vn 0.4319 0.0934 0.8971
vn 0.0821 -0.6878 0.7212
vn -0.6160 -0.2060 -0.7603
vn 0.6192 -0.6919 0.3712
vn 0.9767 0.0174 0.2138
vn -0.0594 0.1154 -0.9915
vn 0.6865 -0.2051 0.6976
vn 0.6719 0.0667 0.7377
vn -0.4317 0.1611 -0.8875
vn 0.7277 0.1026 0.6782
vn -0.9530 -0.0115 -0.3027
vn -0.3288 0.0094 -0.9443
vn 0.3059 0.1525 0.9398
vn -0.6726 -0.6004 -0.4325
vn 0.3194 0.0428 0.9467
vn 0.5327 -0.6901 -0.4898
vn 0.8407 0.0278 -0.5407
vn 0.8663 0.4589 0.1975
vn 0.9661 -0.0248 0.2571
vn 0.0462 0.1479 0.9879
vn -0.8454 0.0482 -0.5320
vn -0.3920 0.1075 -0.9136
vn 0.5829 -0.6316 0.5112
vn 0.7258 -0.4694 0.5030
vn -0.6360 -0.1860 -0.7490
vn -0.6348 -0.2094 -0.7437
vn 0.0023 0.0277 -0.9996
vn -0.3826 0.0987 -0.9186
vn -0.9919 -0.0839 -0.0955
vn 0.4881 -0.5851 0.6477
vn -0.5448 -0.5202 -0.6577
vn 0.6146 0.0270 0.7884
vn 0.5383 0.0569 0.8408
vn -0.0916 -0.7307 0.6766
vn 0.1044 0.1236 0.9868
vn 0.6049 -0.1348 0.7848
vn -0.6792 -0.5152 -0.5227
vn 0.5443 -0.0301 0.8384
vn -0.7947 0.1740 -0.5815
vn -0.7001 0.0917 -0.7081
vn 0.6598 0.2470 0.7097
vn 0.8063 -0.2418 0.5398
vn -0.7310 -0.0437 -0.6810
vn 0.6088 -0.6434 0.4642
vn 0.6857 0.0730 0.7242
vn 0.7032 0.0405 0.7099
vn 0.8008 0.4595 0.3840
vn -0.7296 0.4145 -0.5440
vn -0.5844 -0.4948 -0.6431
vn -0.0941 0.9933 -0.0675
vn 0.6423 0.7302 0.2330
vn -0.2871 0.9169 -0.2774
vn -0.1486 0.9801 -0.1318
vn 0.4009 0.8740 0.2745
vn -0.0028 0.9997 -0.0228
vn 0.1863 0.4147 -0.8907
vn -0.0305 0.9988 0.0380
vn 0.0818 0.9662 0.2444
vn 0.2159 0.9740 0.0685
vn -0.1238 0.9695 -0.2116
vn -0.1146 0.9645 -0.2380
vn -0.9073 -0.2432 0.3430
vn -0.0285 0.6502 -0.7592
vn -0.4616 0.8749 -0.1465
vn -0.4887 0.2930 0.8218
vn 0.6779 -0.7260 0.1158
vn -0.1827 -0.0250 -0.9829
vn -0.6181 -0.7290 0.2941
vn -0.4333 -0.4732 0.7670
vn 0.5089 -0.6721 -0.5379
vn 0.7994 -0.3628 0.4789
vn 0.3324 -0.9410 0.0635
vn -0.4075 -0.2101 0.8887
vn -0.5607 -0.7194 0.4100
vn -0.6572 -0.3407 -0.6723
vn -0.8288 0.2189 0.5150
vn 0.7936 0.0979 -0.6005
vn 0.4592 -0.0914 -0.8836
vn 0.6857 -0.4109 -0.6008
vn 0.7893 0.3436 0.5088
vn -0.4653 -0.3285 0.8219
vn -0.2535 -0.6620 0.7054
vn -0.5398 0.1379 0.8304
vn -0.7774 -0.5943 0.2060
vn -0.8494 -0.4538 -0.2696
vn -0.5073 -0.4560 -0.7312
vn -0.1671 0.0306 -0.9855
vn 0.1989 0.3480 -0.9162
vn 0.4183 -0.5102 -0.7514
vn -0.2125 -0.2926 0.9323
vn 0.5318 0.6305 0.5654
vn -0.0020 0.9953 0.0970
vn -0.6320 0.2955 0.7164
vn -0.4104 0.7843 0.4653
vn -0.2323 0.9642 0.1279
vn -0.1845 0.0588 -0.9811
vn -0.0871 0.8819 -0.4634
vn -0.0399 0.9086 -0.4159
vn 0.6831 -0.2498 -0.6863
vn 0.3952 0.9097 -0.1272
vn 0.4340 0.4897 -0.7562
vn 0.0365 0.8296 0.5571
vn 0.9431 0.1448 0.2993
vn 0.3157 0.6210 0.7174
vn 0.0777 0.9376 0.3388
vn -0.2773 0.1519 0.9487
vn -0.0596 0.9981 -0.0178
vn -0.3447 0.8651 0.3643
vn -0.0932 0.9950 0.0363
vn 0.1021 0.9822 -0.1574
vn 0.1861 0.9626 -0.1969
vn 0.2002 0.9552 -0.2182
vn -0.0586 0.9939 -0.0932
vn -0.1958 0.9803 -0.0255
vn -0.1892 0.1494 -0.9705
vn 0.5027 -0.0497 -0.8630
vn -0.9928 -0.0459 0.1109
vn -0.5672 -0.3643 0.7387
vn -0.5571 -0.2746 0.7837
vn -0.4314 -0.6926 0.5781
vn 0.6183 -0.4143 -0.6679
vn 0.6814 -0.6878 -0.2503
vn -0.5930 -0.2060 0.7784
vn -0.0781 -0.5049 -0.8596
vn 0.5560 0.0669 -0.8285
vn -0.7350 0.0320 0.6773
vn -0.2156 -0.4125 0.8851
vn -0.8676 -0.2381 0.4365
vn 0.8509 0.1031 -0.5151
vn -0.4808 -0.0774 0.8734
vn -0.6876 0.0247 -0.7256
vn 0.0319 -0.1901 -0.9812
vn 0.0129 -0.0243 -0.9996
vn -0.3104 -0.2525 0.9164
vn 0.3588 -0.6316 -0.6873
vn 0.3041 -0.4601 -0.8342
vn -0.4247 -0.6128 0.6664
vn -0.7417 0.1701 0.6488
vn -0.0298 -0.2491 0.9680
vn 0.5138 -0.5851 -0.6274
vn -0.5620 -0.7187 0.4095
vn 0.6206 0.0270 -0.7837
vn 0.6935 0.0488 -0.7188
vn 0.9465 0.1988 0.2543
vn 0.5839 -0.1585 -0.7962
vn 0.3372 0.2681 -0.9025
vn 0.5521 -0.4705 -0.6884
vn 0.3911 -0.4134 -0.8223
vn 0.2872 -0.9579 -0.0006
vn 0.3213 -0.6336 -0.7038
vn 0.3757 -0.5614 -0.7373
vn 0.6375 0.1960 -0.7451
vn 0.4925 -0.5859 -0.6435
vn 0.5113 0.0616 -0.8572
vn 0.3255 -0.3589 -0.8748
vn -0.8471 -0.3676 0.3838
vn -0.8364 -0.4141 0.3591
vn -0.1242 0.9922 -0.0086
vn -0.1075 0.9913 -0.0758
vn -0.3934 0.9188 0.0318
vn -0.3219 0.9291 -0.1819
vn 0.1265 0.9890 -0.0767
vn 0.0959 0.9915 -0.0880
vn 0.7400 -0.5397 -0.4013
vn 0.0469 0.9989 -0.0097
vn 0.0143 0.9996 -0.0229
vn -0.0084 0.9969 -0.0783
vn 0.0447 0.9977 -0.0519
vn 0.0535 0.9973 -0.0494
vn -0.0108 0.9999 -0.0127
vn 0.0145 0.9998 -0.0158
vn 0.2660 0.9285 -0.2592
vn 0.2507 0.9498 -0.1873
vn -0.2973 0.7696 -0.5651
vn 0.6094 -0.7436 -0.2750
vn 0.6094 -0.7437 -0.2750
vn 0.0095 0.9931 0.1168
vn -0.0865 0.9934 0.0750
vn -0.0881 0.9942 0.0617
vn -0.0698 0.9951 0.0703
vn -0.0501 0.9962 0.0710
vn -0.0396 0.9940 0.1023
vn 0.0067 0.9998 0.0203
vn 0.0619 0.9974 0.0380
vn 0.0103 0.9995 0.0285
vn 0.0119 0.9999 0.0078
vn 0.0235 0.9997 -0.0052
vn 0.0083 0.9999 -0.0064
vn 0.0006 0.9999 -0.0119
vn 0.0006 0.9999 -0.0126
vn -0.0180 0.9998 -0.0105
vn -0.0124 0.9999 -0.0038
vn 0.1794 0.8590 0.4795
vn 0.0056 1.0000 0.0052
vn 0.0486 0.9979 0.0425
vn 0.0483 0.9978 0.0451
vn 0.4957 -0.4622 0.7353
vn 0.8065 -0.2118 0.5520
vn 0.0110 0.9998 0.0176
vn 0.0249 0.9996 0.0118
vn 0.0323 0.9994 0.0093
vn -0.0007 0.9996 0.0270
vn 0.1296 0.9899 0.0572
vn 0.1141 0.9927 0.0378
vn 0.3962 0.8428 0.3643
vn 0.7076 0.5714 0.4156
vn 0.6916 0.6130 0.3820
vn 0.8418 0.4934 0.2189
vn 0.8980 0.4144 0.1478
vn 0.5887 -0.1364 0.7967
vn 0.5727 0.7494 0.3323
vn 0.0259 0.9980 -0.0579
vn 0.0903 0.9923 -0.0846
vn 0.0899 0.9924 -0.0835
vn -0.0734 0.9968 -0.0329
vn -0.0010 1.0000 -0.0072
vn 0.0034 1.0000 0.0067
vn 0.0186 0.9998 -0.0092
vn 0.3024 -0.2429 -0.9217
vn 0.3816 -0.2251 -0.8965
vn 0.1991 -0.3543 -0.9137
vn 0.1268 -0.4650 -0.8762
vn 0.1618 -0.5546 -0.8163
vn 0.5981 -0.7480 -0.2877
vn -0.0016 0.9999 -0.0132
vn 0.0033 0.9999 -0.0130
vn -0.0091 0.9998 -0.0203
vn -0.1536 0.9450 -0.2888
vn -0.0336 0.9993 0.0157
vn -0.0340 0.9994 0.0114
vn 0.0088 1.0000 0.0044
vn 0.1327 0.9683 0.2115
vn 0.1152 0.9888 0.0946
vn 0.0302 0.9983 0.0497
vn 0.3803 0.8614 0.3368
vn 0.5913 -0.6678 0.4521
vn -0.0025 0.9999 -0.0114
vn 0.0076 0.9995 -0.0306
vn 0.8729 -0.4876 0.0146
vn -0.8540 0.0154 0.5200
vn -0.8618 -0.0383 0.5058
vn 0.4243 0.8789 -0.2182
vn -0.8857 -0.0445 -0.4621
vn 0.9020 0.0124 -0.4315
vn -0.8564 -0.0392 -0.5147
vn 0.9511 -0.2680 -0.1534
vn 0.9586 -0.0467 -0.2808
vn -0.9993 0.0363 -0.0081
vn -0.5151 -0.5873 -0.6243
vn 0.8250 -0.0084 -0.5650
vn 0.7531 -0.0258 -0.6574
vn -0.4263 -0.6217 0.6571
vn -0.5603 -0.4094 0.7200
vn -0.7392 0.0203 0.6732
vn -0.0319 0.9958 0.0856
vn 0.9988 0.0050 0.0490
vn -0.9849 0.1354 -0.1076
vn 0.7907 0.0054 -0.6122
vn 0.8861 -0.0014 -0.4634
vn 0.8524 0.0494 0.5206
vn -0.0440 -0.3340 -0.9415
vn 0.0423 0.9765 0.2113
vn -0.7085 0.6090 -0.3565
vn 0.3981 0.1289 0.9082
vn 0.3974 0.1279 0.9087
vn 0.2836 -0.1020 0.9535
vn -0.7049 -0.6393 -0.3072
vn -0.7049 -0.6392 -0.3073
vn -0.3024 -0.4759 -0.8259
vn -0.5174 -0.4824 -0.7069
vn -0.4730 -0.2538 -0.8437
vn -0.3418 -0.8216 -0.4563
vn -0.6403 -0.4945 -0.5878
vn -0.5671 -0.7995 -0.1981
vn -0.3855 -0.7968 -0.4652
vn -0.7213 -0.5873 0.3673
vn -0.4876 -0.1932 -0.8514
vn 0.5021 -0.6105 0.6125
vn 0.5306 -0.0268 0.8472
vn 0.4599 0.1168 0.8802
vn 0.0974 0.4560 0.8847
vn -0.3391 0.1453 0.9295
vn -0.0319 -0.5082 -0.8606
vn 0.4960 -0.5119 0.7014
vn 0.4945 -0.5170 0.6988
vn 0.4958 -0.5126 0.7010
vn 0.4951 -0.5149 0.6998
vn 0.5775 0.1740 0.7977
vn -0.3981 0.0280 -0.9169
vn -0.3056 -0.6366 -0.7080
vn -0.0930 0.5647 0.8201
vn -0.1561 0.8240 -0.5446
vn -0.1052 0.9765 -0.1881
vn -0.6382 0.1097 -0.7620
vn -0.5578 -0.0926 -0.8248
vn 0.7653 -0.6393 0.0756
vn -0.3184 -0.9174 0.2385
vn 0.5864 0.2983 0.7531
vn 0.7609 0.4655 0.4521
vn -0.0260 0.1526 0.9880
vn 0.4343 -0.3490 0.8304
vn 0.4447 -0.2727 0.8531
vn 0.6953 -0.6322 0.3419
vn 0.7802 -0.5301 0.3322
vn 0.5922 -0.3538 -0.7240
vn 0.5734 -0.5873 -0.5713
vn 0.7257 -0.1932 0.6603
vn -0.6787 -0.5825 -0.4472
vn 0.4555 -0.3942 -0.7982
vn -0.6715 -0.7254 -0.1509
vn -0.7717 -0.0178 -0.6357
vn 0.4457 -0.3935 -0.8041
vn -0.2274 -0.7629 0.6053
vn -0.6151 -0.0923 -0.7830
vn -0.7087 0.1170 -0.6957
vn -0.4137 0.4344 -0.8001
vn -0.3559 0.5139 -0.7805
vn -0.0103 0.1636 -0.9865
vn -0.8660 -0.4096 -0.2867
vn 0.6152 -0.2942 0.7314
vn -0.4372 -0.0049 0.8994
vn 0.9251 -0.3584 -0.1251
vn -0.7031 0.1159 -0.7015
vn 0.6581 -0.5821 0.4775
vn 0.6608 0.0280 0.7501
vn 0.6979 -0.2529 0.6701
vn 0.4881 0.8056 0.3359
vn -0.1578 0.9765 0.1467
vn -0.0674 0.6090 -0.7903
vn -0.5821 -0.0920 0.8079
vn -0.7274 0.0129 0.6861
vn 0.2111 -0.9198 0.3307
vn -0.3926 -0.2063 0.8963
vn -0.5736 -0.1512 -0.8051
vn 0.7923 0.1020 -0.6015
vn 0.5451 -0.4759 -0.6902
vn -0.1803 -0.8386 -0.5141
vn 0.4709 -0.2538 -0.8449
vn -0.7679 -0.5591 0.3127
vn -0.5733 -0.1541 0.8047
vn 0.3380 -0.6588 -0.6721
vn 0.2936 -0.5082 -0.8096
vn 0.2752 -0.6306 -0.7257
vn 0.5096 -0.1156 -0.8526
vn 0.3568 0.4374 -0.8255
vn 0.4999 0.1510 -0.8528
vn 0.4882 -0.2543 -0.8349
vn 0.5267 -0.1179 -0.8418
vn 0.4191 0.2062 -0.8842
vn 0.8447 0.0749 -0.5299
vn 0.0204 -0.0119 -0.9997
vn -0.7135 0.0612 0.6980
vn -0.7950 0.1075 0.5970
vn -0.8126 0.3077 0.4950
vn 0.3733 -0.5598 -0.7397
vn -0.5953 -0.0752 0.8000
vn -0.6423 -0.3284 0.6926
vn -0.0633 -0.4194 -0.9056
vn 0.9796 0.1938 0.0530
vn 0.9518 0.2878 0.1059
vn 0.5693 -0.1972 -0.7981
vn 0.5188 -0.4120 -0.7491
vn -0.4888 -0.0437 0.8713
vn 0.5210 -0.2890 -0.8032
vn 0.5401 0.1049 -0.8350
vn 0.4644 0.0298 -0.8851
vn 0.5684 0.0616 -0.8205
vn 0.4430 -0.6366 -0.6312
vn -0.7473 0.5647 0.3503
vn 0.3821 0.8240 -0.4183
vt 0.255280 0.736353
vt 0.227249 0.741761
vt 0.254158 0.774805
vt 0.200225 0.703959
vt 0.189661 0.708817
vt 0.186023 0.724694
vt 0.281923 0.758531
vt 0.273363 0.713965
vt 0.236938 0.704548
vt 0.187216 0.701268
vt 0.215506 0.802559
vt 0.223891 0.804247
vt 0.220950 0.787751
vt 0.303156 0.806311
vt 0.283437 0.804685
vt 0.293735 0.819384
vt 0.296189 0.693438
vt 0.317290 0.707362
vt 0.313342 0.687076
vt 0.223693 0.656908
vt 0.229392 0.656242
vt 0.224285 0.653355
vt 0.297743 0.686206
vt 0.304051 0.683329
vt 0.658239 0.772690
vt 0.663781 0.801983
vt 0.654772 0.796190
vt 0.695205 0.813312
vt 0.707183 0.791174
vt 0.719332 0.813834
vt 0.736380 0.780490
vt 0.736060 0.756368
vt 0.743242 0.760462
vt 0.694810 0.705910
vt 0.704448 0.700347
vt 0.717625 0.721640
vt 0.664867 0.713438
vt 0.646635 0.724383
vt 0.650150 0.707985
vt 0.670931 0.743830
vt 0.695971 0.730978
vt 0.694397 0.761436
vt 0.673936 0.707956
vt 0.676959 0.690651
vt 0.717514 0.757506
vt 0.718192 0.732299
vt 0.729388 0.733020
vt 0.740913 0.743484
vt 0.728305 0.813713
vt 0.731390 0.796862
vt 0.733077 0.806599
vt 0.680521 0.782605
vt 0.679487 0.822432
vt 0.655152 0.756248
vt 0.645110 0.747433
vt 0.641949 0.740310
vt 0.645448 0.717537
vt 0.643518 0.720632
vt 0.642510 0.717121
vt 0.672849 0.688333
vt 0.671677 0.694975
vt 0.669608 0.687736
vt 0.721276 0.724598
vt 0.727664 0.718975
vt 0.727448 0.726452
vt 0.732057 0.727101
vt 0.733892 0.811473
vt 0.710585 0.824519
vt 0.703776 0.827936
vt 0.695620 0.821475
vt 0.693461 0.819777
vt 0.661776 0.805319
vt 0.663223 0.807108
vt 0.691435 0.820179
vt 0.659403 0.802030
vt 0.661017 0.804806
vt 0.659586 0.805026
vt 0.643273 0.723837
vt 0.643674 0.721586
vt 0.293143 0.684258
vt 0.290201 0.820651
vt 0.266232 0.827265
vt 0.209559 0.797929
vt 0.207173 0.785021
vt 0.204426 0.791656
vt 0.186355 0.692515
vt 0.180583 0.693022
vt 0.196063 0.686162
vt 0.187111 0.681628
vt 0.222058 0.673189
vt 0.248290 0.675023
vt 0.262049 0.680339
vt 0.281900 0.668094
vt 0.303256 0.722743
vt 0.308073 0.711947
vt 0.307202 0.745669
vt 0.305277 0.777808
vt 0.248645 0.811438
vt 0.254016 0.829558
vt 0.211255 0.663872
vt 0.206715 0.669219
vt 0.204863 0.749717
vt 0.200256 0.771230
vt 0.180104 0.753219
vt 0.191239 0.788503
vt 0.167872 0.715348
vt 0.153001 0.744356
vt 0.167987 0.787873
vt 0.087969 0.740577
vt 0.134688 0.704343
vt 0.078019 0.715135
vt 0.598370 0.801028
vt 0.627269 0.805982
vt 0.591803 0.781634
vt 0.611131 0.706052
vt 0.614883 0.698061
vt 0.613029 0.691473
vt 0.584542 0.749236
vt 0.578246 0.731695
vt 0.578556 0.767233
vt 0.658016 0.806390
vt 0.636320 0.740388
vt 0.640898 0.733591
vt 0.622543 0.731272
vt 0.620901 0.744172
vt 0.620119 0.729105
vt 0.620440 0.777758
vt 0.595432 0.784501
vt 0.580474 0.752499
vt 0.717411 0.190989
vt 0.720354 0.181456
vt 0.714936 0.193632
vt 0.616768 0.779180
vt 0.632229 0.767880
vt 0.609538 0.724079
vt 0.630710 0.716672
vt 0.627786 0.724388
vt 0.630882 0.716211
vt 0.647675 0.775726
vt 0.635324 0.793677
vt 0.647888 0.787002
vt 0.638350 0.796346
vt 0.649011 0.809629
vt 0.621101 0.809727
vt 0.629716 0.821451
vt 0.619472 0.806870
vt 0.615551 0.801721
vt 0.614204 0.697155
vt 0.614083 0.704533
vt 0.614062 0.697383
vt 0.125146 0.676199
vt 0.137695 0.660475
vt 0.152924 0.821963
vt 0.158861 0.833945
vt 0.170011 0.825952
vt 0.099949 0.787751
vt 0.162582 0.685663
vt 0.175338 0.692852
vt 0.174235 0.818630
vt 0.201744 0.810639
vt 0.205686 0.652580
vt 0.205289 0.612441
vt 0.193759 0.627028
vt 0.181505 0.579371
vt 0.164978 0.609613
vt 0.180209 0.653550
vt 0.174882 0.514980
vt 0.167760 0.530312
vt 0.192457 0.542459
vt 0.615284 0.625995
vt 0.619465 0.648838
vt 0.629684 0.624132
vt 0.142624 0.675724
vt 0.146077 0.638264
vt 0.648148 0.597074
vt 0.629470 0.601160
vt 0.642996 0.607392
vt 0.612440 0.662118
vt 0.669641 0.678450
vt 0.669510 0.615887
vt 0.662434 0.635997
vt 0.663517 0.611168
vt 0.517085 0.240789
vt 0.516027 0.240573
vt 0.515533 0.240513
vt 0.501965 0.238093
vt 0.499795 0.235653
vt 0.492114 0.234329
vt 0.619557 0.651751
vt 0.616848 0.660755
vt 0.616804 0.646843
vt 0.639916 0.709442
vt 0.648063 0.693939
vt 0.642395 0.686789
vt 0.644825 0.673520
vt 0.483720 0.194130
vt 0.488934 0.198789
vt 0.489785 0.192798
vt 0.638042 0.707837
vt 0.639540 0.703125
vt 0.467823 0.226439
vt 0.467315 0.226242
vt 0.460491 0.224545
vt 0.624201 0.642805
vt 0.623006 0.615673
vt 0.629656 0.629459
vt 0.639649 0.606730
vt 0.639555 0.606792
vt 0.639594 0.606589
vt 0.639854 0.606596
vt 0.646413 0.607864
vt 0.655155 0.607020
vt 0.647806 0.609544
vt 0.660683 0.673316
vt 0.650337 0.649578
vt 0.652801 0.643282
vt 0.653076 0.639381
vt 0.669103 0.666798
vt 0.646191 0.666222
vt 0.654348 0.705481
vt 0.616229 0.665044
vt 0.634657 0.605746
vt 0.642399 0.605700
vt 0.662722 0.605969
vt 0.613810 0.689494
vt 0.125248 0.611767
vt 0.134991 0.592016
vt 0.663037 0.620046
vt 0.656112 0.598827
vt 0.663964 0.603753
vt 0.664649 0.595664
vt 0.649503 0.620008
vt 0.667989 0.623620
vt 0.201235 0.537670
vt 0.201793 0.546157
vt 0.171482 0.681131
vt 0.148945 0.555391
vt 0.213935 0.592877
vt 0.212940 0.604330
vt 0.206679 0.563507
vt 0.214280 0.613013
vt 0.214851 0.664486
vt 0.230089 0.639999
vt 0.266745 0.616234
vt 0.285315 0.643717
vt 0.288813 0.596285
vt 0.261978 0.568540
vt 0.240828 0.597619
vt 0.255194 0.641668
vt 0.306709 0.676024
vt 0.269491 0.496789
vt 0.287247 0.539761
vt 0.273393 0.500369
vt 0.230476 0.538647
vt 0.206174 0.520792
vt 0.252074 0.479984
vt 0.261806 0.458053
vt 0.713604 0.617379
vt 0.724570 0.597754
vt 0.734108 0.606119
vt 0.676451 0.591879
vt 0.706042 0.623390
vt 0.683198 0.621255
vt 0.673953 0.670509
vt 0.671873 0.652295
vt 0.688620 0.663749
vt 0.709055 0.687604
vt 0.711425 0.703654
vt 0.703703 0.651772
vt 0.686705 0.688308
vt 0.692593 0.623862
vt 0.672028 0.626951
vt 0.672917 0.620436
vt 0.714231 0.593615
vt 0.714146 0.623289
vt 0.721892 0.623758
vt 0.726754 0.639411
vt 0.724608 0.618866
vt 0.727259 0.620818
vt 0.718398 0.683493
vt 0.715700 0.658259
vt 0.727823 0.691605
vt 0.722401 0.699789
vt 0.680176 0.596436
vt 0.708517 0.598684
vt 0.717507 0.620751
vt 0.715604 0.627762
vt 0.742790 0.606198
vt 0.730372 0.721392
vt 0.728376 0.712920
vt 0.733639 0.720195
vt 0.229033 0.505182
vt 0.240094 0.511261
vt 0.740422 0.603085
vt 0.737805 0.599609
vt 0.740439 0.608378
vt 0.310586 0.527727
vt 0.321814 0.546478
vt 0.311517 0.674076
vt 0.245872 0.658562
vt 0.225602 0.619814
vt 0.218283 0.584796
vt 0.256126 0.516220
vt 0.309246 0.587164
vt 0.265197 0.664800
vt 0.307179 0.609990
vt 0.317108 0.606422
vt 0.305679 0.642460
vt 0.318485 0.664120
vt 0.317488 0.654585
vt 0.329793 0.662420
vt 0.328442 0.630586
vt 0.355995 0.652526
vt 0.350989 0.612859
vt 0.321865 0.595794
vt 0.790846 0.707119
vt 0.791109 0.722502
vt 0.794207 0.718272
vt 0.793171 0.667027
vt 0.781650 0.653638
vt 0.788990 0.683132
vt 0.754571 0.614036
vt 0.746656 0.605677
vt 0.798139 0.697837
vt 0.775856 0.634890
vt 0.724816 0.673324
vt 0.737179 0.695961
vt 0.773470 0.718498
vt 0.753431 0.710862
vt 0.766715 0.699505
vt 0.842684 0.208989
vt 0.846342 0.203493
vt 0.843813 0.203681
vt 0.744171 0.622426
vt 0.742361 0.628491
vt 0.736957 0.629462
vt 0.789299 0.287611
vt 0.790414 0.286138
vt 0.790370 0.286173
vt 0.743190 0.628914
vt 0.750757 0.632785
vt 0.755528 0.635150
vt 0.763339 0.627550
vt 0.772275 0.652785
vt 0.781983 0.653056
vt 0.777432 0.657602
vt 0.781003 0.662210
vt 0.785826 0.675440
vt 0.788555 0.704365
vt 0.780651 0.697239
vt 0.743940 0.684879
vt 0.785313 0.289073
vt 0.788672 0.287396
vt 0.734883 0.615190
vt 0.793422 0.682553
vt 0.793861 0.694004
vt 0.797816 0.725466
vt 0.799400 0.715771
vt 0.780889 0.726776
vt 0.757377 0.724582
vt 0.771561 0.728280
vt 0.747955 0.722923
vt 0.730576 0.694727
vt 0.762948 0.632549
vt 0.778676 0.736739
vt 0.728781 0.696487
vt 0.344569 0.562215
vt 0.311001 0.556166
vt 0.319275 0.572805
vt 0.372846 0.592344
vt 0.384821 0.635259
vt 0.388533 0.670332
vt 0.377053 0.695395
vt 0.343918 0.682782
vt 0.359744 0.679698
vt 0.338931 0.692497
vt 0.328510 0.683587
vt 0.313420 0.627105
vt 0.342135 0.760789
vt 0.369037 0.792263
vt 0.378087 0.750159
vt 0.368984 0.840783
vt 0.360246 0.829584
vt 0.344760 0.723096
vt 0.318000 0.730568
vt 0.315485 0.778106
vt 0.319043 0.756096
vt 0.789188 0.830816
vt 0.794281 0.814709
vt 0.776776 0.835194
vt 0.794275 0.748452
vt 0.791056 0.777847
vt 0.806115 0.769917
vt 0.386153 0.687188
vt 0.387991 0.713544
vt 0.389554 0.692862
vt 0.789912 0.792131
vt 0.795992 0.739262
vt 0.792175 0.786100
vt 0.776858 0.781519
vt 0.795142 0.815087
vt 0.766257 0.726222
vt 0.774401 0.751466
vt 0.783905 0.755877
vt 0.739350 0.723523
vt 0.751674 0.730930
vt 0.768227 0.776053
vt 0.770118 0.805851
vt 0.745469 0.795910
vt 0.753447 0.819708
vt 0.735998 0.815873
vt 0.732805 0.813679
vt 0.752077 0.751787
vt 0.746116 0.776726
vt 0.742331 0.749773
vt 0.795893 0.726494
vt 0.788783 0.809531
vt 0.787324 0.805843
vt 0.447824 0.731710
vt 0.445689 0.745247
vt 0.783682 0.836637
vt 0.778283 0.838906
vt 0.329862 0.794155
vt 0.313440 0.794061
vt 0.333079 0.830585
vt 0.316951 0.814619
vt 0.318947 0.822575
vt 0.340092 0.828454
vt 0.442187 0.788454
vt 0.398013 0.827845
vt 0.301899 0.854040
vt 0.292117 0.886033
vt 0.320375 0.881261
vt 0.286166 0.942762
vt 0.273350 0.895861
vt 0.266683 0.917972
vt 0.326861 0.850258
vt 0.302680 0.836076
vt 0.283287 0.854467
vt 0.263502 0.961809
vt 0.262973 0.941535
vt 0.327238 0.932607
vt 0.337114 0.912135
vt 0.308797 0.920490
vt 0.367645 0.871267
vt 0.373210 0.858585
vt 0.350569 0.882558
vt 0.726664 0.872559
vt 0.717363 0.884291
vt 0.715948 0.887156
vt 0.716503 0.861694
vt 0.732107 0.872468
vt 0.732615 0.887514
vt 0.753645 0.825684
vt 0.753457 0.839870
vt 0.744845 0.838130
vt 0.718742 0.826437
vt 0.711250 0.828761
vt 0.705767 0.868328
vt 0.703307 0.858778
vt 0.715721 0.863731
vt 0.732041 0.853296
vt 0.720714 0.840528
vt 0.705564 0.840519
vt 0.697849 0.833788
vt 0.701913 0.829023
vt 0.743289 0.824236
vt 0.743362 0.855026
vt 0.751666 0.842814
vt 0.741409 0.857746
vt 0.737302 0.861918
vt 0.706775 0.857119
vt 0.738607 0.886210
vt 0.735665 0.885791
vt 0.702388 0.867324
vt 0.706054 0.864437
vt 0.768860 0.857916
vt 0.762986 0.869227
vt 0.765117 0.863319
vt 0.354410 0.909025
vt 0.367204 0.880131
vt 0.302285 0.949483
vt 0.327093 0.933699
vt 0.273872 0.837087
vt 0.265738 0.838398
vt 0.263112 0.844071
vt 0.288086 0.828149
vt 0.302065 0.819560
vt 0.346765 0.837792
vt 0.361796 0.858905
vt 0.262787 0.856990
vt 0.266204 0.851983
vt 0.266857 0.867284
vt 0.262145 0.886982
vt 0.246498 0.888983
vt 0.248994 0.847365
vt 0.234532 0.852641
vt 0.257650 0.932513
vt 0.236961 0.925351
vt 0.228593 0.826859
vt 0.212017 0.853273
vt 0.224916 0.890160
vt 0.249956 0.954442
vt 0.214125 0.925774
vt 0.198480 0.893970
vt 0.198004 0.920588
vt 0.259129 0.970023
vt 0.646040 0.852106
vt 0.645128 0.845153
vt 0.642303 0.841875
vt 0.667003 0.877948
vt 0.656110 0.874101
vt 0.672917 0.890420
vt 0.702616 0.862138
vt 0.689952 0.861197
vt 0.701035 0.827351
vt 0.656993 0.816706
vt 0.652618 0.865665
vt 0.651165 0.856454
vt 0.658034 0.862574
vt 0.679329 0.876749
vt 0.680960 0.889897
vt 0.666908 0.877675
vt 0.671236 0.872247
vt 0.682593 0.833447
vt 0.669868 0.840017
vt 0.667463 0.835194
vt 0.667851 0.817247
vt 0.665764 0.832659
vt 0.665301 0.831954
vt 0.684983 0.824071
vt 0.678280 0.853035
vt 0.677397 0.851163
vt 0.699463 0.851664
vt 0.699518 0.862330
vt 0.683593 0.869285
vt 0.682966 0.864603
vt 0.693806 0.866375
vt 0.647557 0.850999
vt 0.650295 0.855351
vt 0.645189 0.846995
vt 0.646846 0.849607
vt 0.690885 0.874933
vt 0.705914 0.870501
vt 0.182338 0.888774
vt 0.223305 0.943804
vt 0.196628 0.876778
vt 0.194303 0.882598
vt 0.209666 0.809525
vt 0.222647 0.808614
vt 0.234508 0.814530
vt 0.720462 0.616825
vt 0.220185 0.455932
vt 0.713012 0.625245
vt 0.669374 0.601639
vt 0.665682 0.613054
vt 0.266789 0.497723
vt 0.192479 0.744736
vt 0.308634 0.815349
vt 0.208471 0.805334
vt 0.183187 0.809038
vt 0.188911 0.818972
vt 0.617364 0.724909
vt 0.623545 0.732164
vt 0.637876 0.708356
vt 0.632301 0.712463
vt 0.631003 0.715893
vt 0.630776 0.716494
vt 0.652479 0.815058
vt 0.644739 0.801956
vt 0.640380 0.798121
vt 0.614093 0.705050
vt 0.615154 0.706723
vt 0.428124 0.171249
vt 0.428606 0.182694
vt 0.434895 0.182951
vt 0.619991 0.695571
vt 0.150819 0.665632
vt 0.652894 0.631240
vt 0.652891 0.624315
vt 0.640865 0.695125
vt 0.653173 0.642319
vt 0.426506 0.187635
vt 0.426030 0.187180
vt 0.426548 0.188162
vt 0.211767 0.553172
vt 0.725039 0.649626
vt 0.203451 0.496270
vt 0.788899 0.718567
vt 0.747734 0.621380
vt 0.799790 0.718202
vt 0.733452 0.649975
vt 0.739203 0.651406
vt 0.789901 0.717791
vt 0.772472 0.818401
vt 0.766720 0.819106
vt 0.780768 0.809781
vt 0.773990 0.816817
vt 0.784098 0.834011
vt 0.784609 0.829492
vt 0.696840 0.885735
vt 0.289142 0.967060
vt 0.760680 0.828016
vt 0.763652 0.822932
vt 0.647180 0.846429
vt 0.645548 0.845611
vt 0.657281 0.245232
vt 0.654447 0.251291
vt 0.667234 0.241895
vt 0.666102 0.833176
vt 0.644664 0.846146
vt 0.194381 0.859782
vt 0.189737 0.835661
vt 0.200557 0.829900
vt 0.869783 0.291552
vt 0.854161 0.305649
vt 0.845501 0.303113
vt 0.842271 0.314694
vt 0.872238 0.305907
vt 0.868912 0.283262
vt 0.896723 0.277746
vt 0.889867 0.293618
vt 0.852273 0.311455
vt 0.831407 0.310662
vt 0.831703 0.315650
vt 0.823111 0.317815
vt 0.868166 0.277325
vt 0.847761 0.294439
vt 0.853734 0.285613
vt 0.917537 0.269793
vt 0.892675 0.266594
vt 0.908858 0.260507
vt 0.910406 0.300878
vt 0.925645 0.287769
vt 0.933791 0.299743
vt 0.827799 0.319977
vt 0.833310 0.304952
vt 0.881045 0.266022
vt 0.934285 0.278143
vt 0.893821 0.304684
vt 0.831396 0.297941
vt 0.802775 0.301311
vt 0.819683 0.314719
vt 0.820831 0.301709
vt 0.825270 0.279048
vt 0.843774 0.292183
vt 0.855222 0.268242
vt 0.866515 0.235326
vt 0.889148 0.261073
vt 0.885767 0.251923
vt 0.868539 0.229885
vt 0.923191 0.282776
vt 0.874549 0.273437
vt 0.833132 0.274448
vt 0.866751 0.301592
vt 0.790360 0.288278
vt 0.807455 0.299367
vt 0.790121 0.289833
vt 0.851832 0.240915
vt 0.875270 0.227149
vt 0.846920 0.220569
vt 0.842586 0.258899
vt 0.805835 0.279583
vt 0.812740 0.282678
vt 0.815021 0.290046
vt 0.809181 0.294770
vt 0.875721 0.226254
vt 0.811000 0.289315
vt 0.794972 0.283327
vt 0.791566 0.286517
vt 0.850935 0.236258
vt 0.850188 0.250729
vt 0.793934 0.279562
vt 0.800458 0.271902
vt 0.843123 0.247520
vt 0.823999 0.255545
vt 0.799160 0.269693
vt 0.801368 0.278971
vt 0.800783 0.262619
vt 0.789433 0.284822
vt 0.851205 0.209258
vt 0.829850 0.214220
vt 0.816398 0.234043
vt 0.813259 0.239518
vt 0.839276 0.223515
vt 0.837137 0.227513
vt 0.832963 0.234196
vt 0.807881 0.269158
vt 0.814936 0.260490
vt 0.807110 0.270104
vt 0.796116 0.282035
vt 0.801459 0.276213
vt 0.841266 0.198010
vt 0.803403 0.257550
vt 0.802086 0.260035
vt 0.798844 0.270805
vt 0.800156 0.271366
vt 0.838001 0.203754
vt 0.819317 0.254850
vt 0.822266 0.250147
vt 0.430353 0.337110
vt 0.468933 0.305129
vt 0.512800 0.315468
vt 0.457864 0.297312
vt 0.425038 0.301911
vt 0.489696 0.341518
vt 0.408717 0.352861
vt 0.386767 0.335838
vt 0.424462 0.297931
vt 0.567961 0.309358
vt 0.526448 0.305027
vt 0.562090 0.305080
vt 0.573093 0.323757
vt 0.565789 0.314175
vt 0.567910 0.314159
vt 0.435255 0.289233
vt 0.504239 0.299438
vt 0.586526 0.310144
vt 0.568017 0.312487
vt 0.490235 0.365439
vt 0.344191 0.346041
vt 0.448193 0.323429
vt 0.353767 0.312805
vt 0.472263 0.278572
vt 0.506815 0.264679
vt 0.536295 0.294159
vt 0.556829 0.288006
vt 0.527496 0.268125
vt 0.583056 0.304077
vt 0.558876 0.295295
vt 0.477303 0.258511
vt 0.486160 0.312574
vt 0.368088 0.291532
vt 0.422178 0.258092
vt 0.373457 0.287262
vt 0.523844 0.246153
vt 0.527431 0.258354
vt 0.513404 0.246844
vt 0.509223 0.240158
vt 0.514788 0.223288
vt 0.514536 0.222533
vt 0.419842 0.239866
vt 0.641007 0.599155
vt 0.424863 0.177454
vt 0.481085 0.194517
vt 0.523289 0.265803
vt 0.536392 0.251607
vt 0.534277 0.260398
vt 0.419459 0.239231
vt 0.425046 0.204358
vt 0.441054 0.266089
vt 0.462514 0.260883
vt 0.425900 0.281702
vt 0.372344 0.299761
vt 0.446448 0.353130
vt 0.387388 0.316228
vt 0.529824 0.317734
vt 0.526543 0.317272
vt 0.528709 0.310686
vt 0.471771 0.260860
vt 0.533560 0.264666
vt 0.534604 0.244627
vt 0.485313 0.232840
vt 0.495911 0.258963
vt 0.428213 0.166546
vt 0.426750 0.168441
vt 0.503242 0.238579
vt 0.425780 0.183530
vt 0.485674 0.232568
vt 0.459891 0.231020
vt 0.476498 0.245083
vt 0.439337 0.163540
vt 0.435173 0.157400
vt 0.438398 0.152425
vt 0.433313 0.157703
vt 0.504069 0.237707
vt 0.429168 0.212758
vt 0.436805 0.213276
vt 0.449022 0.234798
vt 0.465000 0.171145
vt 0.426983 0.191816
vt 0.426721 0.193218
vt 0.530260 0.242596
vt 0.524343 0.241501
vt 0.495012 0.198444
vt 0.537406 0.243208
vt 0.534240 0.242997
vt 0.533881 0.243550
vt 0.435444 0.207181
vt 0.440287 0.212931
vt 0.497690 0.203189
vt 0.519763 0.226715
vt 0.520984 0.227484
vt 0.424664 0.273515
vt 0.546987 0.242314
vt 0.545394 0.240903
vt 0.450668 0.146312
vt 0.445072 0.257488
vt 0.447851 0.147901
vt 0.489899 0.191985
vt 0.427873 0.195967
vt 0.432604 0.203749
vt 0.469885 0.178169
vt 0.461772 0.164169
vt 0.534423 0.234649
vt 0.543502 0.237965
vt 0.542306 0.237531
vt 0.443425 0.216137
vt 0.453099 0.221153
vt 0.185849 0.340855
vt 0.211397 0.319922
vt 0.223628 0.324307
vt 0.214518 0.313444
vt 0.192668 0.320987
vt 0.206125 0.341565
vt 0.158489 0.361643
vt 0.148597 0.349291
vt 0.201009 0.315893
vt 0.274328 0.308922
vt 0.250732 0.310001
vt 0.273746 0.304269
vt 0.241363 0.325931
vt 0.266481 0.315722
vt 0.264368 0.315515
vt 0.238891 0.306608
vt 0.283465 0.306994
vt 0.235197 0.317427
vt 0.201633 0.348482
vt 0.122437 0.353225
vt 0.151434 0.315974
vt 0.128157 0.339403
vt 0.211329 0.289555
vt 0.235318 0.264597
vt 0.257214 0.294905
vt 0.264933 0.283704
vt 0.238816 0.265220
vt 0.269443 0.307186
vt 0.233833 0.293172
vt 0.181775 0.267539
vt 0.181457 0.320592
vt 0.130079 0.307106
vt 0.165994 0.274361
vt 0.151079 0.324313
vt 0.261233 0.083043
vt 0.244498 0.252938
vt 0.261399 0.090216
vt 0.205288 0.073529
vt 0.183930 0.070766
vt 0.238365 0.100792
vt 0.150334 0.261427
vt 0.243720 0.076066
vt 0.247957 0.073944
vt 0.156460 0.094714
vt 0.148973 0.102016
vt 0.155370 0.095771
vt 0.171120 0.081862
vt 0.227645 0.263943
vt 0.268786 0.086887
vt 0.243807 0.254355
vt 0.153401 0.259525
vt 0.178855 0.113976
vt 0.197048 0.285920
vt 0.204884 0.269041
vt 0.191371 0.305741
vt 0.169872 0.322480
vt 0.178764 0.362284
vt 0.152947 0.334436
vt 0.242035 0.325098
vt 0.227238 0.324533
vt 0.246978 0.316673
vt 0.212593 0.267099
vt 0.245872 0.259528
vt 0.258573 0.075660
vt 0.222689 0.118109
vt 0.199686 0.263068
vt 0.205933 0.094672
vt 0.224114 0.089939
vt 0.224529 0.109159
vt 0.246094 0.085322
vt 0.251044 0.113958
vt 0.190929 0.116535
vt 0.192761 0.108923
vt 0.227491 0.123551
vt 0.147440 0.079315
vt 0.173994 0.072297
vt 0.254130 0.073003
vt 0.129703 0.084585
vt 0.135012 0.089547
vt 0.249628 0.083835
vt 0.772266 0.849770
vt 0.771268 0.854265
vt 0.782617 0.839029
vt 0.188635 0.296723
vt 0.252497 0.068933
vt 0.255023 0.071699
vt 0.115490 0.066795
vt 0.186876 0.269149
vt 0.120903 0.074884
vt 0.152343 0.071362
vt 0.120518 0.064402
vt 0.234023 0.071399
vt 0.241518 0.068689
vt 0.211220 0.074082
vt 0.215716 0.073865
vt 0.202063 0.314209
vt 0.202022 0.094593
vt 0.676358 0.311228
vt 0.764941 0.311539
vt 0.728640 0.330815
vt 0.765630 0.322061
vt 0.754270 0.337861
vt 0.654721 0.321605
vt 0.650795 0.308740
vt 0.676344 0.302911
vt 0.764491 0.334531
vt 0.766364 0.343854
vt 0.762258 0.339455
vt 0.783981 0.353083
vt 0.689888 0.363287
vt 0.725774 0.372516
vt 0.707383 0.353016
vt 0.772135 0.338368
vt 0.769202 0.369274
vt 0.764308 0.387514
vt 0.657904 0.307415
vt 0.608935 0.318985
vt 0.672751 0.283674
vt 0.605701 0.328583
vt 0.688821 0.303497
vt 0.764129 0.334183
vt 0.747353 0.204498
vt 0.761829 0.297395
vt 0.723759 0.197959
vt 0.708703 0.219783
vt 0.715456 0.348261
vt 0.667373 0.271270
vt 0.619978 0.279030
vt 0.613295 0.295561
vt 0.672027 0.285423
vt 0.696174 0.265382
vt 0.710626 0.281360
vt 0.649668 0.274086
vt 0.187447 0.841321
vt 0.619979 0.270476
vt 0.617310 0.271974
vt 0.678963 0.241480
vt 0.711462 0.197595
vt 0.709760 0.201571
vt 0.673003 0.261180
vt 0.687674 0.255961
vt 0.662970 0.269214
vt 0.735961 0.255737
vt 0.745464 0.237472
vt 0.751473 0.349917
vt 0.740651 0.339397
vt 0.636624 0.312308
vt 0.703477 0.296872
vt 0.707310 0.331368
vt 0.716150 0.334142
vt 0.736107 0.334927
vt 0.751612 0.228609
vt 0.719349 0.194642
vt 0.730005 0.182164
vt 0.725535 0.187309
vt 0.643224 0.266272
vt 0.631561 0.265103
vt 0.748069 0.210880
vt 0.740808 0.215771
vt 0.159719 0.841468
vt 0.695659 0.250081
vt 0.700155 0.247082
vt 0.649332 0.268498
vt 0.635757 0.262477
vt 0.639756 0.259534
vt 0.744576 0.192507
vt 0.735477 0.187514
vt 0.747115 0.207103
vt 0.612413 0.275128
vt 0.178864 0.848729
vt 0.741154 0.265625
vt 0.697024 0.213757
vt 0.612397 0.276206
vt 0.720899 0.251282
vt 0.718103 0.232516
vt 0.689699 0.254579
vt 0.619876 0.274997
vt 0.194256 0.882577
vt 0.180157 0.869506
vt 0.190421 0.882893
vt 0.189915 0.833498
vt 0.178597 0.803456
vt 0.176100 0.804332
vt 0.701113 0.246510
vt 0.705559 0.243009
vt 0.635439 0.829844
vt 0.644923 0.838926
vt 0.631527 0.819413
vt 0.628894 0.814027
vt 0.625494 0.784042
vt 0.635037 0.793422
vt 0.627895 0.787190
vt 0.626551 0.785066
vt 0.615537 0.782629
vt 0.612927 0.786789
vt 0.614951 0.797909
vt 0.630836 0.716334
vt 0.742006 0.216659
vt 0.179402 0.802517
vt 0.516935 0.240741
vt 0.631703 0.624967
vt 0.634021 0.609641
vt 0.519315 0.226422
vt 0.646065 0.666741
vt 0.640292 0.698579
vt 0.621647 0.644962
vt 0.644752 0.606732
vt 0.652587 0.623423
vt 0.646535 0.664814
vt 0.652939 0.635473
vt 0.615336 0.672527
vt 0.517750 0.240880
vt 0.614758 0.676677
vt 0.613954 0.686197
vt 0.785942 0.698355
vt 0.789806 0.697780
vt 0.768832 0.649816
vt 0.760998 0.642763
vt 0.780395 0.661416
vt 0.841015 0.214709
vt 0.763260 0.688826
vt 0.767277 0.691307
vt 0.783844 0.698680
vt 0.770134 0.692569
vt 0.758129 0.685087
vt 0.762920 0.688594
vt 0.750674 0.678436
vt 0.755126 0.682790
vt 0.741262 0.661545
vt 0.746103 0.673429
vt 0.748038 0.675715
vt 0.749908 0.677691
vt 0.740463 0.659584
vt 0.843125 0.200687
vt 0.791242 0.696821
vt 0.784087 0.806305
vt 0.371804 0.866693
vt 0.751132 0.871015
vt 0.744172 0.885209
vt 0.757936 0.832510
vt 0.751405 0.843641
vt 0.749554 0.846286
vt 0.735009 0.869920
vt 0.734600 0.884153
vt 0.735557 0.885744
vt 0.733678 0.874107
vt 0.763895 0.864552
vt 0.754730 0.874206
vt 0.231183 0.086167
vt 0.237107 0.078366
vt 0.744793 0.884558
vt 0.238293 0.076912
vt 0.743729 0.885642
vt 0.365927 0.886759
vt 0.674687 0.871786
vt 0.665095 0.868651
vt 0.668937 0.871426
vt 0.660076 0.864336
vt 0.676824 0.850319
vt 0.679836 0.856323
vt 0.680762 0.870879
vt 0.185898 0.881988
vt 0.183774 0.880408
vt 0.188000 0.882654
vt 0.614897 0.717528
vt 0.615460 0.719000
vt 0.619173 0.728251
vt 0.615348 0.715844
vt 0.625684 0.729964
vt 0.474486 0.184670
vt 0.650372 0.812073
vt 0.731826 0.630381
vt 0.727001 0.634771
vt 0.730690 0.630371
vt 0.727839 0.633283
vt 0.765182 0.820948
vt 0.786025 0.824522
vt 0.789741 0.819816
vt 0.789669 0.818538
vt 0.789682 0.813831
vt 0.776693 0.839519
vt 0.662636 0.828171
vt 0.648602 0.254182
vt 0.699980 0.880217
vt 0.830106 0.238577
vt 0.790431 0.286562
vt 0.790442 0.287442
vt 0.813019 0.239950
vt 0.807533 0.250101
vt 0.838007 0.223912
vt 0.832375 0.208784
vt 0.830031 0.211258
vt 0.800720 0.271594
vt 0.505360 0.213445
vt 0.499779 0.206450
vt 0.425750 0.183062
vt 0.490403 0.192656
vt 0.544526 0.239918
vt 0.543943 0.238823
vt 0.546407 0.242370
vt 0.456302 0.152151
vt 0.441057 0.151318
vt 0.470722 0.179416
vt 0.470377 0.178906
vt 0.470075 0.178454
vt 0.470245 0.178709
vt 0.210161 0.073775
vt 0.775661 0.840695
vt 0.772737 0.843734
vt 0.790176 0.822395
vt 0.159590 0.088199
vt 0.235407 0.085335
vt 0.156663 0.071953
vt 0.169393 0.067707
vt 0.164830 0.066970
vt 0.172810 0.068124
vt 0.254385 0.073001
vt 0.127384 0.082713
vt 0.192163 0.094714
vt 0.173941 0.068434
vt 0.229881 0.072239
vt 0.248983 0.069296
vt 0.251505 0.069138
vt 0.136834 0.091336
vt 0.148133 0.093366
vt 0.641908 0.258275
vt 0.643706 0.257166
vt 0.621484 0.269577
vt 0.634156 0.263760
vt 0.670856 0.238813
vt 0.742470 0.216924
vt 0.648598 0.847548
vt 0.740183 0.218569
vt 0.627608 0.814325
vt 0.657850 0.265977
vt 0.679126 0.227807
vt 0.690997 0.218868
vt 0.696505 0.214220
vt 0.622583 0.269079
vt 0.635138 0.271960
vt 0.643903 0.269934
vt 0.186211 0.880832
vt 0.672914 0.236377
s 0
usemtl 材質.002
f 7/1/1 392/2/1 389/3/1
f 398/4/2 433/5/2 434/6/2
f 7/1/3 389/3/3 404/7/3
f 7/1/4 404/7/4 410/8/4
f 7/1/5 410/8/5 403/9/5
f 437/10/6 433/5/6 398/4/6
f 626/11/7 628/12/7 396/13/7
f 557/14/8 408/15/8 603/16/8
f 336/17/9 558/18/9 523/19/9
f 454/20/10 482/21/10 481/22/10
f 484/23/11 523/19/11 483/24/11
f 442/25/12 356/26/12 439/27/12
f 422/28/13 427/29/13 604/30/13
f 560/31/14 562/32/14 563/33/14
f 487/34/15 488/35/15 485/36/15
f 456/37/16 383/38/16 458/39/16
f 426/40/17 431/41/17 385/42/17
f 459/43/18 426/40/18 456/37/18
f 487/34/19 459/43/19 490/44/19
f 431/41/20 430/45/20 385/42/20
f 423/46/21 430/45/21 431/41/21
f 566/47/22 565/48/22 562/32/22
f 430/45/23 427/29/23 385/42/23
f 427/29/24 430/45/24 560/31/24
f 607/49/25 567/50/25 569/51/25
f 427/29/26 425/52/26 385/42/26
f 427/29/27 422/28/27 425/52/27
f 422/28/28 629/53/28 356/26/28
f 425/52/29 426/40/29 385/42/29
f 443/54/30 425/52/30 442/25/30
f 445/55/31 444/56/31 383/38/31
f 455/57/32 448/58/32 461/59/32
f 491/60/33 460/61/33 462/62/33
f 423/46/34 485/36/34 492/63/34
f 493/64/35 571/65/35 492/63/35
f 566/47/36 571/65/36 572/66/36
f 573/67/37 607/49/37 569/51/37
f 606/68/38 635/69/38 634/70/38
f 637/71/39 422/28/39 634/70/39
f 638/72/40 356/26/40 632/73/40
f 422/28/41 637/71/41 631/74/41
f 438/75/42 640/76/42 639/77/42
f 447/78/43 449/79/43 383/38/43
f 484/23/44 494/80/44 336/17/44
f 603/16/45 408/15/45 610/81/45
f 610/81/46 408/15/46 642/82/46
f 640/76/47 356/26/47 638/72/47
f 450/83/48 626/11/48 396/13/48
f 450/83/49 452/84/49 451/85/49
f 383/38/50 449/79/50 448/58/50
f 437/10/51 463/86/51 464/87/51
f 463/86/52 466/88/52 465/89/52
f 467/90/53 403/9/53 495/91/53
f 403/9/54 497/92/54 495/91/54
f 336/17/55 494/80/55 499/93/55
f 336/17/56 574/94/56 559/95/56
f 410/8/57 404/7/57 575/96/57
f 575/96/58 404/7/58 579/97/58
f 579/97/59 404/7/59 408/15/59
f 408/15/60 404/7/60 389/3/60
f 408/15/61 645/98/61 644/99/61
f 470/100/62 468/101/62 398/4/62
f 398/4/63 392/2/63 403/9/63
f 392/2/64 7/1/64 403/9/64
f 396/13/65 628/12/65 645/98/65
f 396/13/66 389/3/66 392/2/66
f 396/13/67 436/102/67 453/103/67
f 257/104/68 394/105/68 453/103/68
f 257/104/69 434/6/69 407/106/69
f 411/107/70 257/104/70 407/106/70
f 257/104/71 411/107/71 402/108/71
f 338/109/72 412/110/72 418/111/72
f 420/112/73 355/113/73 415/114/73
f 419/115/74 472/116/74 471/117/74
f 338/118/75 418/119/75 421/120/75
f 438/75/76 648/121/76 439/27/76
f 428/122/77 446/123/77 444/56/77
f 719/124/78 429/125/78 718/126/78
f 432/127/79 377/128/79 424/129/79
f 819/130/80 432/131/80 818/132/80
f 377/128/81 432/127/81 820/133/81
f 388/134/82 432/127/82 429/125/82
f 429/125/83 432/127/83 424/129/83
f 424/129/84 373/135/84 429/125/84
f 428/122/85 388/134/85 429/125/85
f 720/136/86 428/122/86 721/137/86
f 447/78/87 722/138/87 461/59/87
f 445/55/88 443/54/88 440/139/88
f 444/56/89 445/55/89 428/122/89
f 817/140/90 441/141/90 823/142/90
f 648/121/91 824/143/91 439/27/91
f 825/144/92 815/145/92 420/112/92
f 825/146/93 377/128/93 822/147/93
f 421/120/94 424/129/94 377/128/94
f 421/120/95 418/119/95 424/129/95
f 418/119/96 373/135/96 424/129/96
f 373/135/97 724/148/97 725/149/97
f 474/150/98 419/115/98 471/117/98
f 420/112/99 421/120/99 377/128/99
f 420/112/100 415/114/100 421/120/100
f 415/114/101 338/118/101 421/120/101
f 373/135/102 418/119/102 419/115/102
f 418/111/103 412/110/103 419/151/103
f 419/151/104 412/110/104 475/152/104
f 355/153/105 815/154/105 827/155/105
f 355/153/106 402/108/106 415/156/106
f 415/156/107 402/108/107 411/107/107
f 411/107/108 338/109/108 415/156/108
f 411/107/109 412/110/109 338/109/109
f 411/107/110 407/106/110 412/110/110
f 412/110/111 407/106/111 477/157/111
f 480/158/112 477/157/112 407/106/112
f 437/10/113 464/87/113 480/158/113
f 355/153/114 828/159/114 402/108/114
f 402/108/115 394/105/115 257/104/115
f 452/84/116 394/105/116 451/85/116
f 394/105/117 647/160/117 450/83/117
f 376/161/118 369/162/118 200/163/118
f 470/100/119 376/161/119 468/101/119
f 369/162/120 382/164/120 200/163/120
f 200/163/121 382/164/121 387/165/121
f 200/163/122 387/165/122 380/166/122
f 401/167/123 302/168/123 386/169/123
f 405/170/124 332/171/124 391/172/124
f 475/152/125 476/173/125 393/174/125
f 401/175/126 406/176/126 302/177/126
f 332/171/127 405/170/127 409/178/127
f 462/62/128 500/179/128 491/60/128
f 503/180/129 501/181/129 504/182/129
f 413/183/130 731/184/130 730/185/130
f 732/186/130 728/187/130 726/188/130
f 733/189/131 734/190/131 414/191/131
f 455/57/132 473/192/132 458/39/132
f 417/193/133 735/194/133 736/195/133
f 743/196/134 742/197/134 744/198/134
f 473/192/135 740/199/135 741/200/135
f 748/201/136 746/202/136 747/203/136
f 748/204/137 353/205/137 727/206/137
f 749/207/138 729/208/138 413/209/138
f 752/210/139 749/207/139 413/209/139
f 754/211/140 347/212/140 750/213/140
f 416/214/141 755/215/141 757/216/141
f 759/217/142 501/181/142 506/218/142
f 506/218/143 500/179/143 416/214/143
f 738/219/144 416/214/144 417/193/144
f 462/62/145 460/61/145 457/220/145
f 457/220/146 458/39/146 417/193/146
f 414/191/147 734/190/147 761/221/147
f 409/178/148 405/170/148 414/191/148
f 414/191/149 405/170/149 353/205/149
f 762/222/150 353/205/150 406/176/150
f 413/209/151 406/176/151 401/175/151
f 763/223/152 413/209/152 401/175/152
f 504/182/153 347/212/153 508/224/153
f 764/225/154 474/150/154 409/178/154
f 475/152/155 393/174/155 409/226/155
f 409/226/156 393/174/156 332/227/156
f 405/170/157 406/176/157 353/205/157
f 405/170/158 391/172/158 406/176/158
f 406/176/159 391/172/159 302/177/159
f 677/228/160 510/229/160 509/230/160
f 511/231/161 679/232/161 681/233/161
f 513/234/162 386/169/162 514/235/162
f 479/236/163 380/166/163 393/174/163
f 380/166/164 387/165/164 393/174/164
f 332/227/165 393/174/165 387/165/165
f 332/227/166 387/165/166 391/237/166
f 391/237/167 387/165/167 382/164/167
f 391/237/168 382/164/168 302/168/168
f 386/169/169 302/168/169 382/164/169
f 382/164/170 369/162/170 516/238/170
f 369/162/171 518/239/171 516/238/171
f 515/240/172 514/235/172 386/169/172
f 479/236/173 480/158/173 463/86/173
f 468/101/174 376/161/174 380/166/174
f 380/166/175 376/161/175 200/163/175
f 369/162/176 520/241/176 518/239/176
f 469/242/177 454/20/177 522/243/177
f 470/100/178 469/242/178 376/161/178
f 153/244/179 350/245/179 345/246/179
f 350/245/180 499/93/180 494/80/180
f 153/244/181 345/246/181 363/247/181
f 153/244/182 363/247/182 368/248/182
f 153/244/183 368/248/183 359/249/183
f 175/250/184 483/24/184 523/19/184
f 684/251/185 364/252/185 381/253/185
f 371/254/186 512/255/186 513/234/186
f 269/256/187 684/251/187 673/257/187
f 397/258/188 325/259/188 524/260/188
f 333/261/189 674/262/189 686/263/189
f 507/264/190 505/265/190 400/266/190
f 395/267/191 486/268/191 488/35/191
f 341/269/192 395/267/192 400/266/192
f 489/270/193 395/267/193 488/35/193
f 489/270/194 490/44/194 507/264/194
f 341/269/195 400/266/195 399/271/195
f 502/272/196 400/266/196 505/265/196
f 503/180/197 675/273/197 686/263/197
f 397/258/198 341/269/198 399/271/198
f 390/274/199 682/275/199 674/262/199
f 682/275/200 325/259/200 397/258/200
f 529/276/201 530/277/201 341/269/201
f 529/276/202 526/278/202 531/279/202
f 533/280/203 341/269/203 527/281/203
f 533/280/204 536/282/204 535/283/204
f 486/268/205 395/267/205 535/283/205
f 675/273/206 503/180/206 504/182/206
f 384/284/207 390/274/207 333/261/207
f 384/284/208 673/285/208 390/274/208
f 325/259/209 676/286/209 381/287/209
f 325/259/210 540/288/210 524/260/210
f 570/289/211 538/290/211 541/291/211
f 511/231/212 384/284/212 333/261/212
f 683/292/213 512/255/213 371/254/213
f 371/254/214 678/293/214 683/292/214
f 539/294/215 381/287/215 542/295/215
f 381/287/216 544/296/216 542/295/216
f 544/297/217 364/252/217 545/298/217
f 523/19/218 547/299/218 175/250/218
f 496/300/219 359/249/219 522/243/219
f 359/249/220 521/301/220 522/243/220
f 517/302/221 516/238/221 518/239/221
f 517/302/222 368/248/222 371/254/222
f 371/254/223 368/248/223 363/247/223
f 685/303/224 371/254/224 363/247/224
f 364/252/225 685/303/225 363/247/225
f 364/252/226 363/247/226 345/246/226
f 364/252/227 345/246/227 548/304/227
f 498/305/228 359/249/228 495/91/228
f 350/245/229 498/305/229 499/93/229
f 350/245/230 153/244/230 359/249/230
f 548/304/231 552/306/231 550/307/231
f 552/306/232 350/245/232 554/308/232
f 175/250/233 547/299/233 556/309/233
f 555/310/234 330/311/234 129/312/234
f 330/311/235 344/313/235 129/312/235
f 129/312/236 344/313/236 348/314/236
f 551/315/237 129/312/237 348/314/237
f 212/316/238 582/317/238 581/318/238
f 362/319/239 246/320/239 349/321/239
f 366/322/240 543/323/240 542/295/240
f 365/324/241 212/316/241 581/318/241
f 246/320/242 362/319/242 367/325/242
f 366/322/243 539/294/243 543/323/243
f 532/326/244 272/327/244 536/282/244
f 282/328/245 370/329/245 379/330/245
f 692/331/246 310/332/246 693/333/246
f 375/334/247 695/335/247 698/336/247
f 530/337/248 697/338/248 696/339/248
f 695/340/249 375/334/249 699/341/249
f 700/342/250 375/334/250 321/343/250
f 702/344/251 374/345/251 703/346/251
f 701/347/252 374/345/252 704/348/252
f 372/349/253 379/330/253 311/350/253
f 372/349/254 282/328/254 379/330/254
f 379/330/255 370/329/255 378/351/255
f 378/351/256 370/329/256 272/327/256
f 528/352/257 530/337/257 711/353/257
f 525/354/258 531/279/258 526/278/258
f 375/334/259 540/288/259 366/322/259
f 321/343/260 375/334/260 366/322/260
f 374/345/261 321/343/261 367/325/261
f 367/325/262 362/319/262 374/345/262
f 310/355/263 374/345/263 362/319/263
f 310/355/264 365/324/264 714/356/264
f 586/357/265 372/349/265 585/358/265
f 372/349/266 589/359/266 282/328/266
f 590/360/80 282/328/80 591/361/80
f 590/360/267 593/362/267 370/329/267
f 272/327/268 370/329/268 593/362/268
f 272/327/269 537/363/269 536/282/269
f 321/343/270 366/322/270 367/325/270
f 367/325/271 366/322/271 354/364/271
f 367/325/272 354/364/272 246/320/272
f 310/355/273 362/319/273 365/324/273
f 365/324/274 362/319/274 349/321/274
f 365/324/275 349/321/275 212/316/275
f 591/361/276 589/359/276 595/365/276
f 537/363/277 272/327/277 534/366/277
f 354/367/278 546/368/278 549/369/278
f 354/367/279 549/369/279 348/314/279
f 246/370/280 354/367/280 348/314/280
f 246/370/281 348/314/281 349/371/281
f 349/371/282 348/314/282 344/313/282
f 212/372/283 349/371/283 344/313/283
f 212/372/284 344/313/284 597/373/284
f 344/313/285 598/374/285 596/375/285
f 599/376/286 330/311/286 600/377/286
f 553/378/287 550/307/287 552/306/287
f 600/377/288 556/309/288 547/299/288
f 556/309/289 330/311/289 555/310/289
f 76/379/290 306/380/290 299/381/290
f 614/382/291 306/380/291 613/383/291
f 299/381/292 326/384/292 76/379/292
f 76/379/293 326/384/293 576/385/293
f 577/386/294 76/379/294 578/387/294
f 334/388/295 109/389/295 616/390/295
f 139/391/296 316/392/296 339/393/296
f 583/394/297 327/395/297 582/396/297
f 109/389/298 334/388/298 343/397/298
f 139/391/299 339/393/299 346/398/299
f 357/399/300 226/400/300 351/401/300
f 237/402/301 352/403/301 360/404/301
f 594/405/302 592/406/302 565/48/302
f 291/407/303 358/408/303 568/409/303
f 617/410/304 620/411/304 568/409/304
f 608/412/305 573/67/305 620/411/305
f 361/413/306 561/414/306 563/33/306
f 564/415/307 563/33/307 562/32/307
f 361/413/308 564/415/308 565/48/308
f 360/404/309 291/407/309 361/413/309
f 361/413/310 592/406/310 591/361/310
f 595/365/311 589/359/311 588/416/311
f 360/404/312 357/399/312 291/407/312
f 352/403/313 357/399/313 360/404/313
f 352/403/314 226/400/314 357/399/314
f 357/399/315 358/408/315 291/407/315
f 790/417/316 791/418/316 357/399/316
f 572/66/317 571/65/317 570/289/317
f 237/402/318 588/416/318 586/357/318
f 352/403/319 237/402/319 346/398/319
f 346/398/320 339/393/320 352/403/320
f 339/393/321 226/400/321 352/403/321
f 343/397/322 351/401/322 226/400/322
f 343/397/323 334/388/323 351/401/323
f 237/402/324 585/358/324 346/398/324
f 582/396/325 327/395/325 346/419/325
f 346/419/326 327/395/326 139/420/326
f 339/393/327 343/397/327 226/400/327
f 339/393/328 316/392/328 343/397/328
f 316/392/329 109/389/329 343/397/329
f 794/421/330 334/388/330 795/422/330
f 324/423/331 580/424/331 557/14/331
f 580/424/332 577/386/332 579/97/332
f 326/384/333 558/18/333 559/95/333
f 558/18/334 326/384/334 599/376/334
f 599/376/335 327/395/335 596/375/335
f 327/395/336 326/384/336 299/381/336
f 299/381/337 139/420/337 327/395/337
f 623/425/338 621/426/338 622/427/338
f 306/380/339 324/423/339 624/428/339
f 306/380/340 76/379/340 324/423/340
f 299/381/341 316/429/341 139/420/341
f 299/381/342 306/380/342 316/429/342
f 109/430/343 316/429/343 306/380/343
f 40/431/344 253/432/344 241/433/344
f 60/434/345 652/435/345 651/436/345
f 241/433/346 278/437/346 40/431/346
f 278/437/347 295/438/347 40/431/347
f 273/439/348 40/431/348 295/438/348
f 654/440/349 60/434/349 653/441/349
f 796/442/350 90/443/350 262/444/350
f 797/445/351 616/446/351 285/447/351
f 320/448/352 689/449/352 688/450/352
f 328/451/353 335/452/353 167/453/353
f 618/454/354 799/455/354 340/456/354
f 605/457/355 609/458/355 606/68/355
f 657/459/356 659/460/356 337/461/356
f 231/462/357 337/461/357 342/463/357
f 660/464/358 337/461/358 659/460/358
f 660/464/359 663/465/359 662/466/359
f 340/456/360 231/462/360 342/463/360
f 605/457/361 607/49/361 620/411/361
f 618/454/362 619/467/362 617/410/362
f 340/456/363 801/468/363 231/462/363
f 340/456/364 799/455/364 802/469/364
f 231/462/365 803/470/365 804/471/365
f 231/462/366 335/452/366 337/461/366
f 335/452/367 328/451/367 337/461/367
f 337/461/368 664/472/368 657/459/368
f 810/473/369 167/453/369 805/474/369
f 167/453/370 320/448/370 328/451/370
f 320/448/371 666/475/371 328/451/371
f 665/476/372 664/472/372 328/451/372
f 812/477/373 323/478/373 807/479/373
f 323/480/374 798/481/374 285/447/374
f 323/480/375 285/447/375 90/443/375
f 320/482/376 796/483/376 262/444/376
f 320/482/377 262/444/377 60/434/377
f 611/484/378 641/485/378 668/486/378
f 273/439/379 612/487/379 611/484/379
f 610/81/380 612/487/380 295/438/380
f 602/488/381 622/427/381 621/426/381
f 278/437/382 622/427/382 295/438/382
f 625/489/383 623/425/383 278/437/383
f 615/490/384 614/382/384 285/447/384
f 285/447/385 278/437/385 241/433/385
f 90/443/386 285/447/386 241/433/386
f 670/491/387 273/439/387 669/492/387
f 253/432/388 671/493/388 672/494/388
f 253/432/389 40/431/389 273/439/389
f 90/443/390 241/433/390 262/444/390
f 262/444/391 241/433/391 253/432/391
f 262/444/392 253/432/392 60/434/392
f 205/495/393 195/496/393 12/497/393
f 33/498/394 205/495/394 221/499/394
f 195/496/395 234/500/395 12/497/395
f 12/497/396 234/500/396 243/501/396
f 12/497/397 243/501/397 230/502/397
f 33/498/398 221/499/398 260/503/398
f 101/504/399 252/505/399 290/506/399
f 260/503/400 655/507/400 33/498/400
f 294/508/401 830/509/401 831/510/401
f 101/511/402 290/512/402 264/513/402
f 664/472/403 667/514/403 309/515/403
f 636/516/404 662/466/404 663/465/404
f 632/73/405 649/517/405 648/121/405
f 156/518/406 832/519/406 833/520/406
f 313/521/407 169/522/407 305/523/407
f 835/524/408 313/521/408 305/523/408
f 314/525/409 839/526/409 840/527/409
f 633/528/410 840/529/410 841/530/410
f 630/531/411 314/525/411 629/53/411
f 314/525/412 842/532/412 838/533/412
f 663/465/413 661/534/413 314/525/413
f 661/534/414 658/535/414 309/515/414
f 309/515/415 843/536/415 844/537/415
f 309/515/416 297/538/416 313/521/416
f 297/538/417 169/522/417 313/521/417
f 264/513/418 305/523/418 169/522/418
f 264/513/419 290/512/419 305/523/419
f 290/512/420 156/518/420 305/523/420
f 846/539/421 832/540/421 156/518/421
f 294/508/422 847/541/422 846/542/422
f 662/466/423 636/516/423 635/69/423
f 297/538/424 665/476/424 666/475/424
f 260/543/425 666/475/425 656/544/425
f 260/543/426 169/522/426 297/538/426
f 156/518/427 290/512/427 294/508/427
f 290/506/428 252/505/428 294/545/428
f 33/498/429 654/440/429 653/441/429
f 260/543/430 264/513/430 169/522/430
f 260/503/431 221/499/431 264/546/431
f 221/499/432 101/504/432 264/546/432
f 101/504/433 230/502/433 252/505/433
f 230/502/434 243/501/434 252/505/434
f 853/547/435 851/548/435 252/505/435
f 243/501/436 650/549/436 647/160/436
f 234/500/437 627/550/437 626/11/437
f 234/500/438 628/12/438 627/550/438
f 644/99/439 645/98/439 646/551/439
f 644/99/440 195/496/440 668/486/440
f 221/499/441 230/502/441 101/504/441
f 221/499/442 205/495/442 230/502/442
f 230/502/443 205/495/443 12/497/443
f 195/496/444 669/492/444 668/486/444
f 205/495/445 671/493/445 670/491/445
f 205/495/446 651/436/446 652/435/446
f 686/263/447 675/273/447 333/261/447
f 686/263/448 674/262/448 399/271/448
f 676/286/449 673/285/449 381/287/449
f 674/262/450 397/258/450 399/271/450
f 676/286/451 680/552/451 390/274/451
f 680/552/452 682/275/452 390/274/452
f 678/293/453 685/303/453 269/256/453
f 681/233/454 384/284/454 511/231/454
f 677/228/455 508/224/455 347/212/455
f 683/292/456 269/256/456 384/553/456
f 673/285/457 684/554/457 381/287/457
f 512/555/458 401/175/458 513/556/458
f 677/228/459 333/261/459 675/273/459
f 685/303/460 687/557/460 269/256/460
f 687/557/461 684/251/461 269/256/461
f 390/274/462 673/285/462 676/286/462
f 673/257/463 384/553/463 269/256/463
f 434/6/464 435/558/464 398/4/464
f 435/558/465 436/102/465 398/4/465
f 436/102/466 392/2/466 398/4/466
f 626/11/467 627/550/467 628/12/467
f 603/16/468 602/488/468 557/14/468
f 602/488/469 601/559/469 557/14/469
f 336/17/470 559/95/470 558/18/470
f 484/23/471 336/17/471 523/19/471
f 441/141/472 440/139/472 442/25/472
f 442/25/473 425/52/473 356/26/473
f 356/26/474 438/75/474 439/27/474
f 439/27/475 441/141/475 442/25/475
f 604/30/476 605/457/476 606/68/476
f 606/68/477 422/28/477 604/30/477
f 563/33/478 561/414/478 560/31/478
f 560/31/479 430/45/479 562/32/479
f 488/35/480 486/268/480 485/36/480
f 485/36/481 423/46/481 431/41/481
f 431/41/482 487/34/482 485/36/482
f 458/39/483 457/220/483 456/37/483
f 456/37/484 426/40/484 383/38/484
f 383/38/485 455/57/485 458/39/485
f 459/43/486 431/41/486 426/40/486
f 490/44/487 489/270/487 487/34/487
f 487/34/488 431/41/488 459/43/488
f 459/43/489 460/61/489 490/44/489
f 565/48/490 564/415/490 562/32/490
f 562/32/491 430/45/491 423/46/491
f 423/46/492 566/47/492 562/32/492
f 560/31/493 568/409/493 567/50/493
f 567/50/494 427/29/494 560/31/494
f 607/49/495 604/30/495 567/50/495
f 604/30/496 427/29/496 567/50/496
f 633/528/497 632/73/497 356/26/497
f 356/26/498 425/52/498 422/28/498
f 422/28/499 631/74/499 629/53/499
f 631/74/500 630/531/500 629/53/500
f 629/53/501 633/528/501 356/26/501
f 443/54/502 426/40/502 425/52/502
f 444/56/503 446/123/503 383/38/503
f 446/123/504 447/78/504 383/38/504
f 383/38/505 426/40/505 443/54/505
f 445/55/506 383/38/506 443/54/506
f 455/57/507 383/38/507 448/58/507
f 491/60/508 490/44/508 460/61/508
f 570/289/509 571/65/509 493/64/509
f 571/65/510 423/46/510 492/63/510
f 566/47/511 423/46/511 571/65/511
f 573/67/512 608/412/512 607/49/512
f 636/516/513 634/70/513 635/69/513
f 634/70/514 422/28/514 606/68/514
f 606/68/515 609/458/515 635/69/515
f 438/75/516 356/26/516 640/76/516
f 642/82/517 641/485/517 611/484/517
f 611/484/518 612/487/518 642/82/518
f 612/487/519 610/81/519 642/82/519
f 450/83/520 643/560/520 626/11/520
f 450/83/521 396/13/521 452/84/521
f 437/10/522 398/4/522 463/86/522
f 463/86/523 398/4/523 466/88/523
f 495/91/524 496/300/524 467/90/524
f 496/300/525 482/21/525 467/90/525
f 482/21/526 454/20/526 467/90/526
f 403/9/527 410/8/527 497/92/527
f 499/93/528 498/305/528 497/92/528
f 497/92/529 410/8/529 499/93/529
f 410/8/530 336/17/530 499/93/530
f 336/17/531 410/8/531 574/94/531
f 575/96/532 576/385/532 574/94/532
f 574/94/533 410/8/533 575/96/533
f 577/386/534 578/387/534 579/97/534
f 578/387/535 575/96/535 579/97/535
f 557/14/536 580/424/536 408/15/536
f 580/424/537 579/97/537 408/15/537
f 644/99/538 642/82/538 408/15/538
f 408/15/539 389/3/539 645/98/539
f 468/101/540 466/88/540 398/4/540
f 398/4/541 403/9/541 467/90/541
f 467/90/542 469/242/542 398/4/542
f 469/242/543 470/100/543 398/4/543
f 646/551/544 645/98/544 628/12/544
f 645/98/545 389/3/545 396/13/545
f 453/103/546 452/84/546 396/13/546
f 396/13/547 392/2/547 436/102/547
f 453/103/548 436/102/548 435/558/548
f 435/558/549 257/104/549 453/103/549
f 647/160/550 829/561/550 111/562/550
f 257/104/551 435/558/551 434/6/551
f 438/75/552 639/77/552 648/121/552
f 769/563/553 429/125/553 373/135/553
f 428/122/554 429/125/554 776/564/554
f 777/565/555 473/192/555 779/566/555
f 461/59/556 778/567/556 473/192/556
f 461/59/557 448/58/557 447/78/557
f 448/58/558 449/79/558 447/78/558
f 780/568/559 447/78/559 446/123/559
f 720/136/560 446/123/560 428/122/560
f 443/54/561 442/25/561 440/139/561
f 440/139/562 388/134/562 445/55/562
f 388/134/563 428/122/563 445/55/563
f 388/134/564 440/139/564 441/141/564
f 648/121/565 649/517/565 854/569/565
f 855/570/566 439/27/566 824/143/566
f 823/571/567 441/141/567 439/27/567
f 373/135/568 782/572/568 781/573/568
f 772/574/569 781/575/569 783/576/569
f 373/135/570 419/115/570 474/150/570
f 412/110/571 476/173/571 475/152/571
f 472/116/572 419/115/572 475/577/572
f 412/110/573 477/157/573 478/578/573
f 478/578/574 476/173/574 412/110/574
f 480/158/575 479/236/575 477/157/575
f 480/158/576 407/106/576 437/10/576
f 407/106/577 434/6/577 433/5/577
f 437/10/578 407/106/578 433/5/578
f 452/84/579 453/103/579 394/105/579
f 643/560/580 450/83/580 650/549/580
f 450/83/581 451/85/581 394/105/581
f 650/549/582 450/83/582 647/160/582
f 476/173/583 478/578/583 393/174/583
f 462/62/584 416/214/584 500/179/584
f 503/180/585 502/272/585 501/181/585
f 501/181/586 784/579/586 504/182/586
f 504/182/587 784/579/587 785/580/587
f 461/59/588 473/192/588 455/57/588
f 473/192/589 417/193/589 458/39/589
f 417/193/590 786/581/590 735/194/590
f 501/181/591 505/265/591 506/218/591
f 787/582/592 506/218/592 757/216/592
f 506/218/593 507/264/593 500/179/593
f 459/43/594 456/37/594 460/61/594
f 456/37/595 457/220/595 460/61/595
f 457/220/596 417/193/596 462/62/596
f 417/193/597 416/214/597 462/62/597
f 724/583/598 474/584/598 766/585/598
f 474/150/599 471/117/599 409/178/599
f 471/117/600 472/116/600 409/178/600
f 472/116/601 475/577/601 409/178/601
f 677/228/602 679/232/602 510/229/602
f 511/231/603 510/229/603 679/232/603
f 478/578/604 477/157/604 393/174/604
f 477/157/605 479/236/605 393/174/605
f 516/238/606 517/302/606 382/164/606
f 517/302/607 515/240/607 382/164/607
f 515/240/608 386/169/608 382/164/608
f 515/240/609 519/586/609 514/235/609
f 480/158/610 464/87/610 463/86/610
f 463/86/611 465/89/611 380/166/611
f 380/166/612 479/236/612 463/86/612
f 465/89/613 466/88/613 380/166/613
f 466/88/614 468/101/614 380/166/614
f 521/301/615 520/241/615 369/162/615
f 369/162/616 376/161/616 521/301/616
f 376/161/617 469/242/617 522/243/617
f 521/301/618 376/161/618 522/243/618
f 469/242/619 467/90/619 454/20/619
f 454/20/620 481/22/620 522/243/620
f 494/80/621 484/23/621 175/250/621
f 484/23/622 483/24/622 175/250/622
f 175/250/623 350/245/623 494/80/623
f 684/251/624 687/557/624 364/252/624
f 513/234/625 514/235/625 371/254/625
f 514/235/626 519/586/626 371/254/626
f 525/354/627 397/258/627 524/260/627
f 526/278/628 397/258/628 525/354/628
f 333/261/629 390/274/629 674/262/629
f 507/264/630 506/218/630 505/265/630
f 488/35/631 487/34/631 489/270/631
f 489/270/632 400/266/632 395/267/632
f 491/60/633 500/179/633 490/44/633
f 500/179/634 507/264/634 490/44/634
f 507/264/635 400/266/635 489/270/635
f 505/265/636 501/181/636 502/272/636
f 502/272/196 399/271/196 400/266/196
f 686/263/637 399/271/637 503/180/637
f 399/271/638 502/272/638 503/180/638
f 682/275/639 680/552/639 325/259/639
f 530/277/640 528/587/640 527/281/640
f 530/277/641 527/281/641 341/269/641
f 341/269/642 397/258/642 529/276/642
f 529/276/643 397/258/643 526/278/643
f 527/281/644 532/326/644 533/280/644
f 533/280/645 395/267/645 341/269/645
f 537/363/646 534/366/646 536/282/646
f 534/366/647 535/283/647 536/282/647
f 535/283/648 395/267/648 533/280/648
f 535/283/649 538/290/649 485/36/649
f 538/290/650 493/64/650 485/36/650
f 493/64/651 492/63/651 485/36/651
f 485/36/652 486/268/652 535/283/652
f 504/182/653 508/224/653 675/273/653
f 508/224/654 677/228/654 675/273/654
f 325/259/655 680/552/655 676/286/655
f 325/259/656 539/294/656 540/288/656
f 570/289/657 493/64/657 538/290/657
f 509/230/658 510/229/658 333/261/658
f 510/229/659 511/231/659 333/261/659
f 683/292/660 681/588/660 512/255/660
f 542/295/661 543/323/661 539/294/661
f 539/294/662 325/259/662 381/287/662
f 544/297/663 381/253/663 364/252/663
f 545/298/664 364/252/664 546/368/664
f 481/22/665 482/21/665 522/243/665
f 482/21/666 496/300/666 522/243/666
f 359/249/667 368/248/667 521/301/667
f 518/239/668 520/241/668 517/302/668
f 520/241/669 521/301/669 517/302/669
f 521/301/670 368/248/670 517/302/670
f 519/586/671 515/240/671 371/254/671
f 515/240/672 517/302/672 371/254/672
f 685/303/673 678/293/673 371/254/673
f 364/252/674 687/557/674 685/303/674
f 548/304/675 549/369/675 364/252/675
f 549/369/676 546/368/676 364/252/676
f 495/91/677 497/92/677 498/305/677
f 359/249/678 496/300/678 495/91/678
f 350/245/679 359/249/679 498/305/679
f 550/307/680 551/315/680 548/304/680
f 548/304/681 345/246/681 552/306/681
f 554/308/682 553/378/682 552/306/682
f 552/306/683 345/246/683 350/245/683
f 556/309/684 555/310/684 175/250/684
f 555/310/685 554/308/685 175/250/685
f 554/308/686 350/245/686 175/250/686
f 553/378/687 554/308/687 129/312/687
f 554/308/688 555/310/688 129/312/688
f 551/315/689 550/307/689 129/312/689
f 212/316/690 583/589/690 582/317/690
f 542/295/691 544/296/691 354/364/691
f 544/296/692 545/590/692 354/364/692
f 354/364/693 366/322/693 542/295/693
f 581/318/694 584/591/694 365/324/694
f 584/591/695 585/358/695 365/324/695
f 366/322/696 540/288/696 539/294/696
f 536/282/697 533/280/697 532/326/697
f 532/326/698 378/351/698 272/327/698
f 531/279/699 530/277/699 529/276/699
f 528/587/700 532/326/700 527/281/700
f 532/326/701 713/592/701 709/593/701
f 375/334/702 531/279/702 525/354/702
f 525/354/703 524/260/703 375/334/703
f 375/334/704 524/260/704 540/288/704
f 586/357/705 588/416/705 587/594/705
f 587/594/706 372/349/706 586/357/706
f 372/349/707 365/324/707 585/358/707
f 372/349/708 587/594/708 589/359/708
f 590/360/709 370/329/709 282/328/709
f 590/360/710 592/406/710 593/362/710
f 593/362/711 594/405/711 538/290/711
f 594/405/712 541/291/712 538/290/712
f 538/290/713 535/283/713 534/366/713
f 593/362/714 538/290/714 272/327/714
f 534/366/715 272/327/715 538/290/715
f 591/361/716 282/328/716 589/359/716
f 354/367/717 545/298/717 546/368/717
f 549/369/718 548/304/718 551/315/718
f 551/315/719 348/314/719 549/369/719
f 596/375/720 597/373/720 344/313/720
f 597/373/721 583/394/721 212/372/721
f 344/313/722 330/311/722 598/374/722
f 599/376/723 598/374/723 330/311/723
f 553/378/724 129/312/724 550/307/724
f 547/299/725 523/19/725 600/377/725
f 600/377/726 330/311/726 556/309/726
f 109/430/727 306/380/727 614/382/727
f 576/385/728 575/96/728 578/387/728
f 578/387/729 76/379/729 576/385/729
f 577/386/730 324/423/730 76/379/730
f 615/490/731 109/430/731 614/382/731
f 616/446/732 109/430/732 615/490/732
f 583/394/733 597/373/733 327/395/733
f 594/405/734 593/362/734 592/406/734
f 592/406/735 361/413/735 565/48/735
f 565/48/736 566/47/736 572/66/736
f 572/66/737 594/405/737 565/48/737
f 568/409/738 560/31/738 561/414/738
f 561/414/739 291/407/739 568/409/739
f 617/410/740 619/467/740 620/411/740
f 620/411/741 573/67/741 568/409/741
f 573/67/742 569/51/742 568/409/742
f 569/51/743 567/50/743 568/409/743
f 358/408/744 617/410/744 568/409/744
f 361/413/745 291/407/745 561/414/745
f 564/415/746 361/413/746 563/33/746
f 590/360/747 591/361/747 592/406/747
f 591/361/748 595/365/748 361/413/748
f 595/365/749 360/404/749 361/413/749
f 589/359/750 587/594/750 588/416/750
f 588/416/751 237/402/751 360/404/751
f 360/404/752 595/365/752 588/416/752
f 813/595/753 792/596/753 358/408/753
f 358/408/754 789/597/754 813/598/754
f 570/289/755 541/291/755 572/66/755
f 541/291/756 594/405/756 572/66/756
f 351/401/757 794/599/757 793/600/757
f 586/357/758 585/358/758 237/402/758
f 585/358/759 584/591/759 346/398/759
f 584/591/760 581/318/760 346/398/760
f 581/318/761 582/317/761 346/398/761
f 557/14/762 601/559/762 621/426/762
f 621/426/763 324/423/763 557/14/763
f 580/424/764 324/423/764 577/386/764
f 559/95/765 574/94/765 576/385/765
f 576/385/766 326/384/766 559/95/766
f 599/376/767 600/377/767 558/18/767
f 600/377/768 523/19/768 558/18/768
f 596/375/769 598/374/769 599/376/769
f 599/376/770 326/384/770 327/395/770
f 327/395/771 597/373/771 596/375/771
f 623/425/772 624/428/772 324/423/772
f 623/425/773 324/423/773 621/426/773
f 624/428/774 625/489/774 306/380/774
f 625/489/775 613/383/775 306/380/775
f 651/436/776 653/441/776 60/434/776
f 60/434/777 253/432/777 652/435/777
f 285/447/778 616/446/778 615/490/778
f 655/601/779 656/544/779 688/450/779
f 320/482/780 60/434/780 689/602/780
f 800/603/781 618/454/781 788/604/781
f 605/457/782 342/463/782 609/458/782
f 657/459/783 658/535/783 659/460/783
f 659/460/784 661/534/784 660/464/784
f 660/464/785 342/463/785 337/461/785
f 662/466/786 635/69/786 660/464/786
f 635/69/787 609/458/787 660/464/787
f 609/458/788 342/463/788 660/464/788
f 608/412/789 620/411/789 607/49/789
f 620/411/790 619/467/790 340/456/790
f 605/457/791 620/411/791 340/456/791
f 340/456/792 342/463/792 605/457/792
f 605/457/793 604/30/793 607/49/793
f 618/454/794 340/456/794 619/467/794
f 337/461/795 328/451/795 664/472/795
f 656/544/796 666/475/796 320/448/796
f 666/475/797 665/476/797 328/451/797
f 665/476/798 667/514/798 664/472/798
f 668/486/799 669/492/799 611/484/799
f 669/492/800 273/439/800 611/484/800
f 273/439/801 295/438/801 612/487/801
f 295/438/802 602/488/802 603/16/802
f 295/438/803 603/16/803 610/81/803
f 621/426/804 601/559/804 602/488/804
f 602/488/805 295/438/805 622/427/805
f 278/437/806 623/425/806 622/427/806
f 625/489/807 624/428/807 623/425/807
f 614/382/808 613/383/808 285/447/808
f 285/447/809 613/383/809 625/489/809
f 285/447/810 625/489/810 278/437/810
f 670/491/811 671/493/811 273/439/811
f 672/494/812 652/435/812 253/432/812
f 253/432/813 273/439/813 671/493/813
f 260/543/814 656/544/814 655/601/814
f 294/508/815 850/605/815 830/606/815
f 667/514/816 297/538/816 309/515/816
f 309/515/817 658/535/817 664/472/817
f 658/535/818 657/459/818 664/472/818
f 663/465/819 314/525/819 630/531/819
f 630/531/820 631/74/820 663/465/820
f 631/74/821 637/71/821 634/70/821
f 663/465/822 631/74/822 634/70/822
f 634/70/823 636/516/823 663/465/823
f 648/121/824 639/77/824 632/73/824
f 639/77/825 640/76/825 638/72/825
f 632/73/824 639/77/824 638/72/824
f 632/73/826 633/528/826 649/517/826
f 649/607/827 856/608/827 854/609/827
f 840/610/828 629/53/828 314/525/828
f 660/464/829 661/534/829 663/465/829
f 661/534/830 309/515/830 314/525/830
f 661/534/831 659/460/831 658/535/831
f 847/611/832 294/508/832 831/510/832
f 297/538/833 667/514/833 665/476/833
f 260/543/834 297/538/834 666/475/834
f 653/441/835 651/436/835 33/498/835
f 33/498/836 655/507/836 654/440/836
f 852/612/837 243/501/837 111/613/837
f 111/614/838 243/501/838 647/160/838
f 243/501/839 234/500/839 650/549/839
f 643/560/840 650/549/840 626/11/840
f 650/549/841 234/500/841 626/11/841
f 234/500/842 646/551/842 628/12/842
f 646/551/843 234/500/843 195/496/843
f 195/496/844 644/99/844 646/551/844
f 668/486/845 641/485/845 642/82/845
f 642/82/846 644/99/846 668/486/846
f 195/496/847 670/491/847 669/492/847
f 670/491/848 195/496/848 205/495/848
f 205/495/849 672/494/849 671/493/849
f 652/435/850 672/494/850 205/495/850
f 205/495/851 33/498/851 651/436/851
f 674/262/852 682/275/852 397/258/852
f 681/588/853 683/292/853 384/553/853
f 401/175/854 679/232/854 347/212/854
f 679/232/855 677/228/855 347/212/855
f 683/292/856 678/293/856 269/256/856
f 512/555/857 681/233/857 401/175/857
f 681/233/858 679/232/858 401/175/858
f 401/167/859 386/169/859 513/234/859
f 677/228/860 509/230/860 333/261/860
f 689/602/861 60/434/861 654/440/861
f 689/449/862 655/601/862 688/450/862
f 688/450/863 656/544/863 320/448/863
f 3/615/864 163/616/864 150/617/864
f 21/618/865 163/616/865 174/619/865
f 3/615/866 150/617/866 185/620/866
f 3/615/867 185/620/867 191/621/867
f 3/615/868 191/621/868 179/622/868
f 21/618/869 174/619/869 218/623/869
f 44/624/870 164/625/870 223/626/870
f 54/627/871 190/628/871 233/629/871
f 67/630/872 203/631/872 238/632/872
f 88/633/873 208/634/873 242/635/873
f 21/618/874 218/623/874 228/636/874
f 44/624/875 223/626/875 235/637/875
f 54/627/876 233/629/876 239/638/876
f 67/630/877 238/632/877 248/639/877
f 88/633/878 242/635/878 220/640/878
f 249/641/879 279/642/879 94/643/879
f 254/644/880 293/645/880 104/646/880
f 256/647/881 296/648/881 115/649/881
f 259/650/882 271/651/882 123/652/882
f 261/653/883 275/654/883 143/655/883
f 304/656/884 288/657/884 317/658/884
f 261/653/885 271/651/885 267/659/885
f 304/656/886 317/658/886 697/338/886
f 259/650/887 296/648/887 292/660/887
f 292/660/888 296/648/888 315/661/888
f 256/647/889 293/645/889 265/662/889
f 254/644/890 94/643/890 279/642/890
f 319/663/891 293/645/891 318/664/891
f 254/644/892 279/642/892 288/657/892
f 249/641/893 275/654/893 303/665/893
f 220/640/894 261/653/894 143/655/894
f 220/640/895 242/635/895 261/653/895
f 242/635/896 123/652/896 261/653/896
f 248/639/897 259/650/897 123/652/897
f 248/639/898 238/632/898 259/650/898
f 238/632/899 115/649/899 259/650/899
f 239/638/900 256/647/900 115/649/900
f 239/638/901 233/629/901 256/647/901
f 233/629/902 104/646/902 256/647/902
f 235/637/903 254/644/903 104/646/903
f 235/637/904 223/626/904 254/644/904
f 223/626/905 94/643/905 254/644/905
f 228/636/906 249/641/906 94/643/906
f 228/636/907 218/623/907 249/641/907
f 218/623/908 143/655/908 249/641/908
f 242/635/909 248/639/909 123/652/909
f 242/635/910 208/634/910 248/639/910
f 208/634/911 67/630/911 248/639/911
f 238/632/912 239/638/912 115/649/912
f 238/632/913 203/631/913 239/638/913
f 203/631/914 54/627/914 239/638/914
f 233/629/915 235/637/915 104/646/915
f 233/629/916 190/628/916 235/637/916
f 190/628/917 44/624/917 235/637/917
f 223/626/918 228/636/918 94/643/918
f 223/626/919 164/625/919 228/636/919
f 164/625/920 21/618/920 228/636/920
f 218/623/921 220/640/921 143/655/921
f 218/623/922 174/619/922 220/640/922
f 174/619/923 88/633/923 220/640/923
f 179/622/924 208/634/924 88/633/924
f 179/622/925 191/621/925 208/634/925
f 191/621/926 67/630/926 208/634/926
f 191/621/927 203/631/927 67/630/927
f 191/621/928 185/620/928 203/631/928
f 185/620/929 54/627/929 203/631/929
f 185/620/930 190/628/930 54/627/930
f 185/620/931 150/617/931 190/628/931
f 150/617/932 44/624/932 190/628/932
f 174/619/933 179/622/933 88/633/933
f 174/619/934 163/616/934 179/622/934
f 163/616/935 3/615/935 179/622/935
f 150/617/936 164/625/936 44/624/936
f 150/617/937 163/616/937 164/625/937
f 163/616/938 21/618/938 164/625/938
f 261/653/939 123/652/939 271/651/939
f 303/665/940 298/666/940 249/641/940
f 292/660/941 286/667/941 259/650/941
f 288/657/942 281/668/942 254/644/942
f 717/669/943 304/656/943 716/670/943
f 254/644/944 281/668/944 293/645/944
f 319/663/945 281/668/945 288/657/945
f 322/671/946 296/648/946 300/672/946
f 265/662/947 300/672/947 256/647/947
f 713/673/948 298/666/948 709/674/948
f 267/659/949 301/675/949 261/653/949
f 300/672/950 265/662/950 307/676/950
f 710/677/951 329/678/951 708/679/951
f 317/658/952 712/680/952 711/353/952
f 298/666/953 303/665/953 329/678/953
f 696/339/954 317/658/954 711/353/954
f 259/650/955 286/667/955 271/651/955
f 318/664/956 293/645/956 281/668/956
f 308/681/957 286/667/957 292/660/957
f 259/650/958 115/649/958 296/648/958
f 319/663/959 318/664/959 281/668/959
f 311/682/960 301/675/960 267/659/960
f 301/675/961 705/683/961 706/684/961
f 701/685/962 315/661/962 703/686/962
f 288/657/963 279/642/963 317/658/963
f 249/641/964 298/666/964 279/642/964
f 317/658/965 279/642/965 298/666/965
f 292/660/966 315/661/966 308/681/966
f 265/662/967 293/645/967 307/676/967
f 702/687/968 703/686/968 300/672/968
f 249/641/969 143/655/969 275/654/969
f 695/688/970 699/689/970 307/676/970
f 256/647/971 300/672/971 296/648/971
f 300/672/972 315/661/972 296/648/972
f 695/690/973 717/691/973 698/692/973
f 293/645/974 319/663/974 307/676/974
f 308/681/975 714/693/975 286/667/975
f 261/653/976 301/675/976 275/654/976
f 256/647/977 104/646/977 293/645/977
f 303/665/978 707/694/978 708/695/978
f 329/678/979 710/696/979 709/697/979
f 271/651/980 312/698/980 267/659/980
f 693/333/981 308/681/981 692/331/981
f 271/651/982 286/667/982 312/698/982
f 700/699/983 694/700/983 307/676/983
f 4/701/984 86/702/984 287/703/984
f 15/704/985 86/702/985 289/705/985
f 287/703/986 106/706/986 4/701/986
f 4/701/987 106/706/987 118/707/987
f 4/701/988 118/707/988 99/708/988
f 15/704/989 289/705/989 268/709/989
f 22/710/990 93/711/990 145/712/990
f 29/713/991 112/714/991 154/715/991
f 15/704/992 258/716/992 149/717/992
f 22/710/993 145/712/993 158/718/993
f 29/713/994 280/719/994 161/720/994
f 49/721/995 34/722/995 136/723/995
f 166/724/996 186/725/996 52/726/996
f 168/727/997 193/728/997 62/729/997
f 171/730/998 197/731/998 71/732/998
f 172/733/999 184/734/999 77/735/999
f 214/736/1000 189/737/1000 227/738/1000
f 266/739/1001 739/740/1001 736/741/1001
f 172/733/1002 34/722/1002 181/742/1002
f 214/743/1003 729/208/1003 749/207/1003
f 781/575/1004 222/744/1004 783/576/1004
f 34/722/1005 197/731/1005 225/745/1005
f 171/730/1006 193/728/1006 178/746/1006
f 168/727/1007 52/726/1007 186/725/1007
f 232/747/1008 193/728/1008 229/748/1008
f 168/727/1009 186/725/1009 189/737/1009
f 184/734/1010 207/749/1010 240/750/1010
f 276/751/1011 211/752/1011 166/724/1011
f 136/723/1012 172/733/1012 77/735/1012
f 136/723/1013 34/722/1013 172/733/1013
f 161/720/1014 171/730/1014 71/732/1014
f 161/720/1015 280/719/1015 171/730/1015
f 154/715/1016 62/729/1016 171/730/1016
f 158/718/1017 168/727/1017 62/729/1017
f 158/718/1018 145/712/1018 168/727/1018
f 145/712/1019 52/726/1019 168/727/1019
f 149/717/1020 166/724/1020 52/726/1020
f 258/716/1021 166/724/1021 149/717/1021
f 77/735/1022 255/753/1022 130/754/1022
f 34/722/1023 161/720/1023 71/732/1023
f 34/722/1024 124/755/1024 161/720/1024
f 124/755/1025 29/713/1025 161/720/1025
f 154/715/1026 158/718/1026 62/729/1026
f 154/715/1027 112/714/1027 158/718/1027
f 112/714/1028 22/710/1028 158/718/1028
f 145/712/1029 149/717/1029 52/726/1029
f 145/712/1030 93/711/1030 149/717/1030
f 93/711/1031 15/704/1031 149/717/1031
f 130/754/1032 136/723/1032 77/735/1032
f 130/754/1033 96/756/1033 136/723/1033
f 96/756/1034 49/721/1034 136/723/1034
f 99/708/1035 34/722/1035 49/721/1035
f 99/708/1036 118/707/1036 34/722/1036
f 118/707/1037 124/755/1037 34/722/1037
f 118/707/1038 106/706/1038 124/755/1038
f 106/706/1039 29/713/1039 124/755/1039
f 106/706/1040 284/757/1040 29/713/1040
f 106/706/1041 283/758/1041 284/757/1041
f 83/759/1042 22/710/1042 112/714/1042
f 96/756/1043 99/708/1043 49/721/1043
f 96/756/1044 86/702/1044 99/708/1044
f 86/702/1045 4/701/1045 99/708/1045
f 83/759/1046 93/711/1046 22/710/1046
f 83/759/1047 86/702/1047 93/711/1047
f 86/702/1048 15/704/1048 93/711/1048
f 211/752/1049 199/760/1049 166/724/1049
f 189/737/1050 187/761/1050 168/727/1050
f 189/737/1051 214/736/1051 250/762/1051
f 168/727/1052 187/761/1052 193/728/1052
f 232/747/1053 187/761/1053 189/737/1053
f 236/763/1054 197/731/1054 202/764/1054
f 222/744/1055 773/765/1055 771/766/1055
f 178/746/1056 202/764/1056 171/730/1056
f 732/186/1057 244/767/1057 199/760/1057
f 725/768/1058 724/583/1058 766/585/1058
f 181/742/1059 207/749/1059 172/733/1059
f 202/764/1060 178/746/1060 266/739/1060
f 748/201/1061 727/769/1061 263/770/1061
f 199/760/1062 244/767/1062 227/738/1062
f 232/747/1063 189/737/1063 250/762/1063
f 199/760/1064 211/752/1064 247/771/1064
f 774/772/1065 224/773/1065 770/774/1065
f 224/773/1066 774/772/1066 769/775/1066
f 244/767/1067 762/776/1067 730/185/1067
f 184/734/1068 251/777/1068 245/778/1068
f 229/748/1069 193/728/1069 187/761/1069
f 247/771/1070 274/779/1070 263/770/1070
f 34/722/1071 71/732/1071 197/731/1071
f 232/747/1072 229/748/1072 187/761/1072
f 222/744/1073 207/749/1073 181/742/1073
f 219/780/1074 225/745/1074 742/197/1074
f 240/750/1075 765/781/1075 764/782/1075
f 753/783/1076 250/762/1076 763/784/1076
f 225/745/1077 202/764/1077 741/785/1077
f 189/737/1078 186/725/1078 227/738/1078
f 166/724/1079 199/760/1079 186/725/1079
f 750/786/1080 250/762/1080 754/787/1080
f 227/738/1081 186/725/1081 199/760/1081
f 773/765/1082 224/773/1082 769/775/1082
f 34/722/1083 225/745/1083 219/780/1083
f 178/746/1084 193/728/1084 217/788/1084
f 245/778/1085 760/789/1085 761/790/1085
f 202/764/1086 745/791/1086 741/785/1086
f 738/792/1087 217/788/1087 756/793/1087
f 166/724/1088 270/794/1088 276/751/1088
f 232/747/1089 785/795/1089 784/796/1089
f 171/730/1090 202/764/1090 197/731/1090
f 202/764/1091 225/745/1091 197/731/1091
f 785/795/1092 232/747/1092 250/762/1092
f 193/728/1093 232/747/1093 217/788/1093
f 219/780/1094 776/797/1094 34/722/1094
f 172/733/1095 207/749/1095 184/734/1095
f 171/730/1096 62/729/1096 193/728/1096
f 211/752/1097 277/798/1097 274/779/1097
f 240/750/1098 251/777/1098 184/734/1098
f 772/574/1099 222/744/1099 771/766/1099
f 224/773/1100 776/797/1100 719/799/1100
f 777/800/1101 742/197/1101 225/745/1101
f 247/771/1102 728/187/1102 199/760/1102
f 181/742/1103 34/722/1103 224/773/1103
f 245/778/1104 768/801/1104 767/802/1104
f 720/803/1105 721/804/1105 219/780/1105
f 240/750/1106 768/801/1106 251/777/1106
f 755/805/1107 787/806/1107 757/807/1107
f 217/788/1108 739/740/1108 266/739/1108
f 258/716/1109 268/709/1109 130/754/1109
f 277/798/1110 276/751/1110 184/734/1110
f 255/753/1111 258/716/1111 130/754/1111
f 266/739/1112 178/746/1112 217/788/1112
f 734/808/1113 733/809/1113 245/778/1113
f 274/779/1114 184/734/1114 245/778/1114
f 270/794/1115 184/734/1115 276/751/1115
f 274/779/1116 245/778/1116 263/770/1116
f 255/753/1117 270/794/1117 166/724/1117
f 280/719/1118 29/713/1118 154/715/1118
f 171/730/1119 280/719/1119 154/715/1119
f 284/757/1120 83/759/1120 112/714/1120
f 29/713/1121 284/757/1121 112/714/1121
f 283/758/1122 287/703/1122 83/759/1122
f 287/703/1123 86/702/1123 83/759/1123
f 289/705/1124 86/702/1124 96/756/1124
f 268/709/1125 96/756/1125 130/754/1125
f 1/810/1126 47/811/1126 215/812/1126
f 9/813/1127 47/811/1127 216/814/1127
f 215/812/1128 65/815/1128 1/810/1128
f 1/810/1129 65/815/1129 72/816/1129
f 1/810/1130 72/816/1130 58/817/1130
f 9/813/1131 216/814/1131 196/818/1131
f 10/819/1132 50/820/1132 85/821/1132
f 17/822/1133 68/823/1133 89/824/1133
f 196/818/1134 87/825/1134 9/813/1134
f 10/819/1135 85/821/1135 91/826/1135
f 17/822/1136 209/827/1136 92/828/1136
f 24/829/1137 18/830/1137 81/831/1137
f 95/832/1138 113/833/1138 26/834/1138
f 97/835/1139 121/836/1139 30/837/1139
f 98/838/1140 126/839/1140 37/840/1140
f 100/841/1141 108/842/1141 39/843/1141
f 142/844/1142 119/845/1142 157/846/1142
f 799/847/1143 800/848/1143 194/849/1143
f 100/841/1144 18/830/1144 105/850/1144
f 142/844/1145 811/851/1145 810/852/1145
f 162/853/1146 151/854/1146 794/855/1146
f 18/830/1147 126/839/1147 155/856/1147
f 98/838/1148 121/836/1148 103/857/1148
f 97/835/1149 26/834/1149 113/833/1149
f 160/858/1150 121/836/1150 159/859/1150
f 97/835/1151 113/833/1151 119/845/1151
f 108/842/1152 135/860/1152 170/861/1152
f 204/862/1153 138/863/1153 95/832/1153
f 81/831/1154 100/841/1154 39/843/1154
f 81/831/1155 18/830/1155 100/841/1155
f 92/828/1156 98/838/1156 37/840/1156
f 92/828/1157 209/827/1157 98/838/1157
f 89/824/1158 30/837/1158 98/838/1158
f 91/826/1159 97/835/1159 30/837/1159
f 91/826/1160 85/821/1160 97/835/1160
f 85/821/1161 26/834/1161 97/835/1161
f 87/825/1162 95/832/1162 26/834/1162
f 87/825/1163 183/864/1163 95/832/1163
f 39/843/1164 183/864/1164 79/865/1164
f 18/830/1165 92/828/1165 37/840/1165
f 18/830/1166 74/866/1166 92/828/1166
f 74/866/1167 17/822/1167 92/828/1167
f 89/824/1168 91/826/1168 30/837/1168
f 89/824/1169 68/823/1169 91/826/1169
f 68/823/1170 10/819/1170 91/826/1170
f 85/821/1171 87/825/1171 26/834/1171
f 85/821/1172 50/820/1172 87/825/1172
f 50/820/1173 9/813/1173 87/825/1173
f 79/865/1174 81/831/1174 39/843/1174
f 79/865/1175 57/867/1175 81/831/1175
f 57/867/1176 24/829/1176 81/831/1176
f 58/817/1177 18/830/1177 24/829/1177
f 58/817/1178 72/816/1178 18/830/1178
f 72/816/1179 74/866/1179 18/830/1179
f 72/816/1180 65/815/1180 74/866/1180
f 65/815/1181 17/822/1181 74/866/1181
f 65/815/1182 213/868/1182 17/822/1182
f 65/815/1183 210/869/1183 213/868/1183
f 42/870/1184 10/819/1184 68/823/1184
f 57/867/1185 58/817/1185 24/829/1185
f 57/867/1186 47/811/1186 58/817/1186
f 47/811/1187 1/810/1187 58/817/1187
f 42/870/1188 50/820/1188 10/819/1188
f 42/870/1189 47/811/1189 50/820/1189
f 47/811/1190 9/813/1190 50/820/1190
f 138/863/1191 127/871/1191 95/832/1191
f 119/845/1192 117/872/1192 97/835/1192
f 119/845/1193 142/844/1193 180/873/1193
f 97/835/1194 117/872/1194 121/836/1194
f 160/858/1195 117/872/1195 119/845/1195
f 165/874/1196 126/839/1196 132/875/1196
f 103/857/1197 132/875/1197 98/838/1197
f 135/860/1198 151/854/1198 162/853/1198
f 105/850/1199 135/860/1199 100/841/1199
f 132/875/1200 103/857/1200 194/849/1200
f 807/876/1201 808/877/1201 192/878/1201
f 127/871/1202 173/879/1202 157/846/1202
f 119/845/1203 180/873/1203 160/858/1203
f 127/871/1204 138/863/1204 177/880/1204
f 182/881/1205 176/882/1205 108/842/1205
f 159/859/1206 121/836/1206 117/872/1206
f 177/880/1207 201/883/1207 192/878/1207
f 18/830/1208 37/840/1208 126/839/1208
f 160/858/1209 159/859/1209 117/872/1209
f 151/854/1210 135/860/1210 105/850/1210
f 148/884/1211 155/856/1211 792/885/1211
f 170/861/1212 135/860/1212 162/853/1212
f 805/886/1213 142/844/1213 810/852/1213
f 119/845/1214 113/833/1214 157/846/1214
f 95/832/1215 127/871/1215 113/833/1215
f 157/846/1216 113/833/1216 127/871/1216
f 152/887/1217 814/888/1217 105/850/1217
f 18/830/1218 155/856/1218 148/884/1218
f 103/857/1219 121/836/1219 147/889/1219
f 798/890/1220 812/891/1220 162/892/1220
f 95/832/1221 198/893/1221 204/862/1221
f 98/838/1222 132/875/1222 126/839/1222
f 132/875/1223 155/856/1223 126/839/1223
f 335/894/1224 180/873/1224 806/895/1224
f 121/836/1225 160/858/1225 147/889/1225
f 148/884/1226 791/896/1226 18/830/1226
f 100/841/1227 135/860/1227 108/842/1227
f 98/838/1228 30/837/1228 121/836/1228
f 138/863/1229 206/897/1229 201/883/1229
f 170/861/1230 182/881/1230 108/842/1230
f 152/887/1231 791/896/1231 790/898/1231
f 105/850/1232 18/830/1232 152/887/1232
f 182/881/1233 162/853/1233 176/882/1233
f 813/899/1234 789/900/1234 148/884/1234
f 170/861/1235 162/853/1235 182/881/1235
f 803/901/1236 147/889/1236 804/902/1236
f 802/903/1237 147/889/1237 801/904/1237
f 188/905/1134 196/818/1134 79/865/1134
f 206/897/1238 204/862/1238 108/842/1238
f 183/864/1239 188/905/1239 79/865/1239
f 194/849/1240 103/857/1240 147/889/1240
f 176/882/1241 807/906/1241 192/878/1241
f 201/883/1242 108/842/1242 176/882/1242
f 198/893/1221 108/842/1221 204/862/1221
f 201/883/1243 176/882/1243 192/878/1243
f 183/864/1244 198/893/1244 95/832/1244
f 209/827/1245 17/822/1245 89/824/1245
f 98/838/1246 209/827/1246 89/824/1246
f 210/869/1247 42/870/1247 68/823/1247
f 213/868/1248 210/869/1248 68/823/1248
f 17/822/1249 213/868/1249 68/823/1249
f 210/869/1250 215/812/1250 42/870/1250
f 215/812/1126 47/811/1126 42/870/1126
f 216/814/1251 47/811/1251 57/867/1251
f 216/814/1131 79/865/1131 196/818/1131
f 2/907/1252 25/908/1252 144/909/1252
f 5/910/1253 25/908/1253 146/911/1253
f 144/909/1254 32/912/1254 2/907/1254
f 2/907/1255 32/912/1255 36/913/1255
f 2/907/1256 36/913/1256 31/914/1256
f 5/910/1257 146/911/1257 125/915/1257
f 6/916/1258 27/917/1258 45/918/1258
f 8/919/1259 35/920/1259 48/921/1259
f 5/910/1260 114/922/1260 46/923/1260
f 6/916/1261 45/918/1261 51/924/1261
f 8/919/1262 137/925/1262 53/926/1262
f 13/927/1263 11/928/1263 43/929/1263
f 55/930/1264 69/931/1264 14/932/1264
f 56/933/1265 73/934/1265 16/935/1265
f 59/936/1266 75/937/1266 19/938/1266
f 61/939/1267 66/940/1267 20/941/1267
f 61/939/1268 11/928/1268 64/942/1268
f 120/943/1269 852/612/1269 111/613/1269
f 75/937/1270 842/944/1270 845/945/1270
f 59/936/1271 73/934/1271 63/946/1271
f 56/933/1272 14/932/1272 69/931/1272
f 73/934/1273 818/947/1273 816/948/1273
f 833/949/1274 832/950/1274 82/951/1274
f 133/952/1275 84/953/1275 55/930/1275
f 43/929/1276 61/939/1276 20/941/1276
f 43/929/1277 11/928/1277 61/939/1277
f 53/926/1278 59/936/1278 19/938/1278
f 53/926/1279 137/925/1279 59/936/1279
f 48/921/1280 16/935/1280 59/936/1280
f 51/924/1281 56/933/1281 16/935/1281
f 51/924/1282 45/918/1282 56/933/1282
f 45/918/1283 14/932/1283 56/933/1283
f 46/923/1284 55/930/1284 14/932/1284
f 46/923/1285 110/954/1285 55/930/1285
f 20/941/1286 110/954/1286 41/955/1286
f 11/928/1287 53/926/1287 19/938/1287
f 11/928/1288 38/956/1288 53/926/1288
f 38/956/1289 8/919/1289 53/926/1289
f 48/921/1290 51/924/1290 16/935/1290
f 48/921/1291 35/920/1291 51/924/1291
f 35/920/1292 6/916/1292 51/924/1292
f 45/918/1293 46/923/1293 14/932/1293
f 45/918/1294 27/917/1294 46/923/1294
f 27/917/1295 5/910/1295 46/923/1295
f 41/955/1296 43/929/1296 20/941/1296
f 41/955/1297 28/957/1297 43/929/1297
f 28/957/1298 13/927/1298 43/929/1298
f 31/914/1299 11/928/1299 13/927/1299
f 31/914/1300 36/913/1300 11/928/1300
f 36/913/1301 38/956/1301 11/928/1301
f 36/913/1302 32/912/1302 38/956/1302
f 32/912/1303 8/919/1303 38/956/1303
f 32/912/1304 141/958/1304 8/919/1304
f 32/912/1305 140/959/1305 141/958/1305
f 23/960/1306 6/916/1306 35/920/1306
f 28/957/1307 31/914/1307 13/927/1307
f 28/957/1308 25/908/1308 31/914/1308
f 25/908/1309 2/907/1309 31/914/1309
f 23/960/1310 27/917/1310 6/916/1310
f 23/960/1311 25/908/1311 27/917/1311
f 25/908/1312 5/910/1312 27/917/1312
f 84/953/1313 78/961/1313 55/930/1313
f 70/962/1314 820/963/1314 819/964/1314
f 56/933/1315 70/962/1315 73/934/1315
f 80/965/1316 836/966/1316 75/937/1316
f 63/946/1317 80/965/1317 59/936/1317
f 822/967/1318 78/961/1318 826/968/1318
f 64/942/1319 82/951/1319 61/939/1319
f 63/946/1320 854/609/1320 856/608/1320
f 815/154/1321 122/969/1321 827/155/1321
f 846/970/1322 847/971/1322 66/940/1322
f 70/962/1323 818/947/1323 73/934/1323
f 11/928/1324 19/938/1324 75/937/1324
f 818/132/1325 70/962/1325 819/130/1325
f 82/951/1326 64/942/1326 835/972/1326
f 839/973/1327 80/965/1327 840/974/1327
f 69/931/1328 821/975/1328 820/976/1328
f 55/930/1329 78/961/1329 69/931/1329
f 69/931/1330 822/977/1330 821/975/1330
f 11/928/1331 845/945/1331 844/978/1331
f 853/547/1332 120/943/1332 116/979/1332
f 55/930/1333 128/980/1333 133/952/1333
f 59/936/1334 80/965/1334 75/937/1334
f 816/948/1335 817/981/1335 73/934/1335
f 844/978/1336 843/982/1336 11/928/1336
f 61/939/1337 82/951/1337 66/940/1337
f 59/936/1338 16/935/1338 73/934/1338
f 134/983/1339 131/984/1339 84/953/1339
f 66/940/1340 832/985/1340 846/970/1340
f 834/986/1341 11/928/1341 843/982/1341
f 848/987/1342 102/988/1342 849/989/1342
f 114/922/1343 125/915/1343 41/955/1343
f 134/983/1344 133/952/1344 66/940/1344
f 110/954/1345 114/922/1345 41/955/1345
f 120/943/1346 111/990/1346 829/991/1346
f 120/943/1347 829/992/1347 116/979/1347
f 102/988/1348 116/979/1348 122/969/1348
f 134/983/1349 847/993/1349 831/994/1349
f 128/980/1350 66/940/1350 133/952/1350
f 131/995/1351 102/996/1351 122/997/1351
f 110/954/1352 128/980/1352 55/930/1352
f 137/925/1353 8/919/1353 48/921/1353
f 59/936/1354 137/925/1354 48/921/1354
f 141/958/1355 23/960/1355 35/920/1355
f 8/919/1356 141/958/1356 35/920/1356
f 140/959/1357 144/909/1357 23/960/1357
f 144/909/1358 25/908/1358 23/960/1358
f 146/911/1359 25/908/1359 28/957/1359
f 125/915/1360 28/957/1360 41/955/1360
f 815/998/1361 355/113/1361 420/112/1361
f 432/127/1362 388/134/1362 818/999/1362
f 817/1000/1363 816/1001/1363 388/134/1363
f 816/1001/1364 818/1002/1364 388/134/1364
f 820/1003/81 821/1004/81 377/128/81
f 432/131/1365 819/964/1365 820/963/1365
f 821/1004/1366 822/1005/1366 377/128/1366
f 447/78/1367 723/1006/1367 722/138/1367
f 817/140/1368 388/134/1368 441/141/1368
f 822/967/1369 826/968/1369 825/1007/1369
f 825/146/1370 420/112/1370 377/128/1370
f 373/135/1371 474/150/1371 724/148/1371
f 355/153/114 827/155/114 828/159/114
f 402/108/1372 828/159/1372 829/992/1372
f 829/1008/1373 394/105/1373 402/108/1373
f 413/183/130 729/1009/130 731/184/130
f 726/1010/130 727/206/130 353/205/130
f 353/205/130 732/1011/130 726/1010/130
f 739/740/133 737/1012/133 736/741/133
f 737/1013/133 738/219/133 417/193/133
f 736/195/133 737/1013/133 417/193/133
f 741/200/134 745/1014/134 417/193/134
f 417/193/134 473/192/134 741/200/134
f 747/1015/136 733/189/136 414/191/136
f 414/191/136 748/204/136 747/1015/136
f 748/204/137 414/191/137 353/205/137
f 754/211/140 753/1016/140 347/212/140
f 347/212/140 751/1017/140 750/213/140
f 416/214/141 756/1018/141 755/215/141
f 759/217/142 758/1019/142 501/181/142
f 738/219/144 756/1018/144 416/214/144
f 761/221/147 760/1020/147 414/191/147
f 760/1020/147 409/178/147 414/191/147
f 762/222/150 732/1011/150 353/205/150
f 406/176/150 413/209/150 762/222/150
f 413/183/150 730/185/150 762/776/150
f 763/784/152 752/1021/152 413/183/152
f 401/175/152 347/212/152 763/223/152
f 347/212/152 753/1016/152 763/223/152
f 764/782/154 765/781/154 474/584/154
f 765/781/154 766/585/154 474/584/154
f 409/178/154 760/1020/154 767/1022/154
f 409/178/154 767/1022/154 768/1023/154
f 409/178/154 768/1023/154 764/225/154
f 372/349/1374 690/1024/1374 312/1025/1374
f 321/343/1375 374/345/1375 694/1026/1375
f 700/342/250 699/341/250 375/334/250
f 321/343/1376 694/1027/1376 700/342/1376
f 702/344/1377 694/1026/1377 374/345/1377
f 374/345/1378 701/1028/1378 703/346/1378
f 374/345/1379 310/355/1379 704/348/1379
f 310/332/1379 692/331/1379 704/1029/1379
f 706/1030/1380 705/1031/1380 379/330/1380
f 311/1032/1381 690/1024/1381 372/349/1381
f 379/330/1382 705/1033/1382 311/350/1382
f 331/1034/1383 706/1035/1383 379/330/1383
f 379/330/1384 378/351/1384 331/1034/1384
f 378/351/1385 707/1036/1385 331/1037/1385
f 378/351/1386 710/1038/1386 708/1039/1386
f 708/1040/1386 707/1041/1386 378/351/1386
f 710/1038/1387 378/351/1387 532/326/1387
f 532/326/1387 709/593/1387 710/1042/1387
f 712/680/1388 713/673/1388 528/352/1388
f 530/337/1389 696/339/1389 711/353/1389
f 711/353/1388 712/680/1388 528/352/1388
f 715/1043/264 693/333/264 310/332/264
f 365/324/264 372/349/264 714/356/264
f 372/349/1390 312/1044/1390 714/356/1390
f 715/1043/264 310/332/264 714/693/264
f 788/604/1391 618/454/1391 617/410/1391
f 791/418/1392 789/1045/1392 357/399/1392
f 789/1045/1392 358/408/1392 357/399/1392
f 351/401/1393 790/417/1393 357/399/1393
f 797/445/1394 795/1046/1394 616/446/1394
f 285/447/351 798/481/351 797/445/351
f 323/478/1395 90/1047/1395 796/1048/1395
f 618/454/1396 800/1049/1396 799/455/1396
f 802/1050/1397 801/1051/1397 340/456/1397
f 804/471/1398 335/1052/1398 231/462/1398
f 231/462/1399 801/468/1399 803/470/1399
f 806/1053/1400 805/1054/1400 167/453/1400
f 335/1055/1401 806/1053/1401 167/453/1401
f 807/1056/1402 323/478/1402 808/1057/1402
f 809/1058/1403 808/877/1403 796/1059/1403
f 808/1057/1404 323/478/1404 796/1060/1404
f 810/852/1405 811/851/1405 796/1061/1405
f 810/473/1406 796/1062/1406 167/453/1406
f 323/480/1407 812/1063/1407 798/481/1407
f 320/448/1408 167/453/1408 796/1062/1408
f 835/524/1409 834/1064/1409 313/521/1409
f 305/523/1410 833/1065/1410 835/1066/1410
f 305/523/1411 156/518/1411 833/1067/1411
f 314/525/1412 838/1068/1412 839/526/1412
f 633/528/1413 629/53/1413 840/529/1413
f 314/525/1414 309/515/1414 842/532/1414
f 845/1069/415 842/532/415 309/515/415
f 313/521/1415 834/1070/1415 843/536/1415
f 844/537/415 845/1069/415 309/515/415
f 309/515/415 313/521/415 843/536/415
f 156/518/421 294/508/421 846/539/421
f 107/1071/1416 850/1072/1416 294/545/1416
f 294/545/1417 252/505/1417 107/1073/1417
f 252/505/1418 848/987/1418 849/989/1418
f 252/505/1419 849/989/1419 107/1073/1419
f 243/501/435 852/612/435 853/547/435
f 851/548/1420 848/987/1420 252/505/1420
f 243/501/435 853/547/435 252/505/435
f 647/160/1421 394/105/1421 829/561/1421
f 771/1074/553 773/1075/553 373/135/553
f 773/1075/553 769/563/553 373/135/553
f 769/775/553 774/772/553 770/774/553
f 770/1076/553 718/126/553 429/125/553
f 373/135/553 772/1077/553 771/1074/553
f 769/563/553 770/1076/553 429/125/553
f 775/1078/554 721/137/554 428/122/554
f 429/125/554 719/124/554 776/564/554
f 776/564/554 775/1078/554 428/122/554
f 777/565/555 740/199/555 473/192/555
f 473/192/555 778/567/555 779/566/555
f 779/1079/555 743/196/555 777/800/555
f 743/196/555 744/198/555 777/800/555
f 461/59/1422 722/138/1422 778/567/1422
f 780/568/559 723/1006/559 447/78/559
f 720/136/560 780/568/560 446/123/560
f 854/569/1423 824/1080/1423 648/121/1423
f 855/570/1424 823/571/1424 439/27/1424
f 373/135/1425 725/149/1425 782/572/1425
f 772/1077/569 373/135/569 781/573/569
f 501/181/586 758/1019/586 784/579/586
f 785/580/587 751/1017/587 504/182/587
f 751/1017/587 347/212/587 504/182/587
f 417/193/590 745/1014/590 786/581/590
f 787/582/592 759/217/592 506/218/592
f 506/218/592 416/214/592 757/216/592
f 531/279/1426 375/334/1426 698/336/1426
f 698/336/1426 717/1081/1426 531/279/1426
f 716/1082/1427 530/277/1427 531/279/1427
f 531/279/1426 717/1083/1426 716/1084/1426
f 532/326/700 528/587/700 713/592/700
f 617/410/1428 358/408/1428 788/1085/1428
f 792/596/1429 788/1085/1429 358/408/1429
f 351/401/1430 793/1086/1430 814/1087/1430
f 814/1088/1431 790/1089/1431 351/401/1431
f 351/401/1432 334/388/1432 794/599/1432
f 334/388/1433 616/390/1433 795/1090/1433
f 841/1091/1434 649/517/1434 633/528/1434
f 649/607/1435 841/1092/1435 856/608/1435
f 689/449/1436 654/1093/1436 655/601/1436
f 694/1094/1437 702/687/1437 307/676/1437
f 702/687/1438 300/672/1438 307/676/1438
f 697/338/1439 530/1095/1439 304/656/1439
f 530/1095/1440 716/1096/1440 304/656/1440
f 706/1097/1441 275/654/1441 301/675/1441
f 717/669/1442 288/657/1442 304/656/1442
f 713/673/1443 712/680/1443 298/666/1443
f 705/683/1444 301/675/1444 311/682/1444
f 317/658/952 298/666/952 712/680/952
f 319/663/1445 288/657/1445 717/669/1445
f 696/339/1446 697/338/1446 317/658/1446
f 707/694/1447 275/654/1447 331/1098/1447
f 329/678/1448 303/665/1448 708/695/1448
f 701/1099/1449 704/1029/1449 308/681/1449
f 308/681/1450 315/661/1450 701/1099/1450
f 315/661/1451 300/672/1451 703/686/1451
f 690/1100/1452 311/1101/1452 312/698/1452
f 311/1101/1453 267/659/1453 312/698/1453
f 699/689/970 700/699/970 307/676/970
f 307/676/970 319/663/970 695/690/970
f 695/690/1454 319/663/1454 717/691/1454
f 308/681/975 715/1043/975 714/693/975
f 303/665/1455 275/654/1455 707/694/1455
f 331/1098/1456 275/654/1456 706/1097/1456
f 312/698/1457 286/667/1457 714/693/1457
f 709/1102/1458 298/666/1458 329/678/1458
f 693/333/981 715/1043/981 308/681/981
f 308/681/981 704/1029/981 692/331/981
f 287/703/1459 283/758/1459 106/706/1459
f 15/704/1460 268/709/1460 258/716/1460
f 736/741/1461 735/1103/1461 266/739/1461
f 735/1103/1462 786/1104/1462 266/739/1462
f 786/1104/1463 202/764/1463 266/739/1463
f 752/1021/1464 763/784/1464 214/736/1464
f 214/736/1464 227/738/1464 731/184/1464
f 214/736/1464 731/184/1464 729/1009/1464
f 749/207/1465 752/210/1465 214/743/1465
f 781/575/1004 782/1105/1004 222/744/1004
f 276/751/1466 277/798/1466 211/752/1466
f 258/716/1467 255/753/1467 166/724/1467
f 77/735/1468 270/794/1468 255/753/1468
f 222/744/1055 181/742/1055 773/765/1055
f 732/186/1057 762/776/1057 244/767/1057
f 199/760/1057 728/187/1057 732/186/1057
f 766/585/1058 765/781/1058 725/768/1058
f 765/781/1058 207/749/1058 222/744/1058
f 725/768/1058 765/781/1058 222/744/1058
f 222/744/1058 782/1105/1058 725/768/1058
f 727/769/1469 726/188/1469 263/770/1469
f 726/188/1470 247/771/1470 263/770/1470
f 263/770/1471 747/203/1471 746/202/1471
f 263/770/1472 746/202/1472 748/201/1472
f 730/185/1473 731/184/1473 227/738/1473
f 227/738/1067 244/767/1067 730/185/1067
f 247/771/1474 211/752/1474 274/779/1474
f 742/197/1475 743/196/1475 779/1079/1475
f 779/1079/1074 219/780/1074 742/197/1074
f 240/750/1075 207/749/1075 765/781/1075
f 753/783/1076 754/787/1076 250/762/1076
f 250/762/1076 214/736/1076 763/784/1076
f 741/785/1476 740/1106/1476 777/800/1476
f 777/800/1077 225/745/1077 741/785/1077
f 773/765/1082 181/742/1082 224/773/1082
f 245/778/1085 767/802/1085 760/789/1085
f 202/764/1086 786/1104/1086 745/791/1086
f 738/792/1477 737/1012/1477 217/788/1477
f 217/788/1087 755/805/1087 756/793/1087
f 758/1107/1478 759/1108/1478 787/806/1478
f 787/806/1089 217/788/1089 758/1107/1089
f 217/788/1089 232/747/1089 784/796/1089
f 758/1107/1089 217/788/1089 784/796/1089
f 750/786/1092 751/1109/1092 250/762/1092
f 751/1109/1479 785/795/1479 250/762/1479
f 219/780/1094 775/1110/1094 776/797/1094
f 772/574/1099 783/576/1099 222/744/1099
f 718/1111/1100 770/774/1100 224/773/1100
f 224/773/1100 34/722/1100 776/797/1100
f 719/799/1100 718/1111/1100 224/773/1100
f 777/800/1480 744/198/1480 742/197/1480
f 247/771/1102 726/188/1102 728/187/1102
f 245/778/1104 251/777/1104 768/801/1104
f 778/1112/1481 722/1113/1481 780/1114/1481
f 722/1113/1482 723/1115/1482 780/1114/1482
f 219/780/1105 779/1079/1105 720/803/1105
f 779/1079/1483 778/1112/1483 720/803/1483
f 721/804/1105 775/1110/1105 219/780/1105
f 778/1112/1484 780/1114/1484 720/803/1484
f 240/750/1106 764/782/1106 768/801/1106
f 755/805/1485 217/788/1485 787/806/1485
f 217/788/1108 737/1012/1108 739/740/1108
f 733/809/1113 747/203/1113 245/778/1113
f 747/203/1113 263/770/1113 245/778/1113
f 245/778/1113 761/790/1113 734/808/1113
f 274/779/1486 277/798/1486 184/734/1486
f 270/794/1487 77/735/1487 184/734/1487
f 284/757/1488 283/758/1488 83/759/1488
f 268/709/1489 289/705/1489 96/756/1489
f 215/812/1490 210/869/1490 65/815/1490
f 196/818/1134 188/905/1134 87/825/1134
f 802/1116/1491 799/847/1491 194/849/1491
f 800/848/1492 132/875/1492 194/849/1492
f 142/844/1493 157/846/1493 811/851/1493
f 795/1117/1146 797/1118/1146 162/892/1146
f 793/600/1494 794/599/1494 151/1119/1494
f 794/855/1146 795/1120/1146 162/853/1146
f 204/862/1495 206/897/1495 138/863/1495
f 87/825/1239 188/905/1239 183/864/1239
f 39/843/1496 198/893/1496 183/864/1496
f 151/854/1497 105/850/1497 814/888/1497
f 173/879/1498 127/871/1498 809/1121/1498
f 173/879/1499 809/1121/1499 796/1059/1499
f 808/877/1500 809/1058/1500 192/878/1500
f 809/1058/1501 177/880/1501 192/878/1501
f 796/1061/1502 811/851/1502 173/879/1502
f 811/851/1503 157/846/1503 173/879/1503
f 177/880/1504 138/863/1504 201/883/1504
f 813/1122/1505 148/884/1505 792/885/1505
f 805/886/1506 180/873/1506 142/844/1506
f 788/1123/1507 792/1124/1507 155/856/1507
f 155/856/1508 132/875/1508 788/1125/1508
f 805/1126/1509 806/895/1509 180/873/1509
f 152/887/1510 790/1127/1510 814/888/1510
f 812/1128/1220 176/882/1220 162/853/1220
f 162/892/1220 797/1118/1220 798/890/1220
f 132/875/1511 800/848/1511 788/1129/1511
f 147/889/1512 803/901/1512 801/1130/1512
f 335/1131/1513 804/902/1513 147/889/1513
f 147/889/1514 160/858/1514 335/1132/1514
f 335/894/1515 160/858/1515 180/873/1515
f 148/884/1516 789/900/1516 791/896/1516
f 151/854/1517 814/1133/1517 793/1134/1517
f 152/887/1518 18/830/1518 791/896/1518
f 809/1121/1519 127/871/1519 177/880/1519
f 802/903/1520 194/849/1520 147/889/1520
f 176/882/1521 812/1128/1521 807/906/1521
f 201/883/1522 206/897/1522 108/842/1522
f 198/893/1523 39/843/1523 108/842/1523
f 216/814/1524 57/867/1524 79/865/1524
f 144/909/1525 140/959/1525 32/912/1525
f 5/910/1526 125/915/1526 114/922/1526
f 840/1135/1527 80/965/1527 841/1136/1527
f 80/965/1528 856/608/1528 841/1092/1528
f 120/943/1529 853/547/1529 852/612/1529
f 845/945/1270 11/928/1270 75/937/1270
f 75/937/1530 838/1137/1530 842/944/1530
f 820/963/1531 56/933/1531 69/931/1531
f 66/940/1532 82/951/1532 832/950/1532
f 133/952/1533 134/983/1533 84/953/1533
f 46/923/1534 114/922/1534 110/954/1534
f 20/941/1535 128/980/1535 110/954/1535
f 70/962/1536 56/933/1536 820/963/1536
f 80/965/1316 837/1138/1316 836/966/1316
f 856/608/1320 80/965/1320 63/946/1320
f 63/946/1537 824/1139/1537 854/609/1537
f 116/979/1538 829/992/1538 828/159/1538
f 116/979/1539 828/159/1539 827/155/1539
f 122/969/1540 116/979/1540 827/155/1540
f 825/1140/1541 78/961/1541 84/953/1541
f 850/605/1542 107/1141/1542 102/996/1542
f 102/996/1543 830/509/1543 850/605/1543
f 815/145/1544 825/144/1544 131/995/1544
f 825/1142/1545 84/953/1545 131/984/1545
f 131/995/1546 122/997/1546 815/1143/1546
f 835/972/1547 833/1144/1547 82/951/1547
f 69/931/1548 78/961/1548 822/977/1548
f 855/1145/1549 63/946/1549 823/1146/1549
f 63/946/1550 73/934/1550 817/1147/1550
f 823/1146/1551 63/946/1551 817/1147/1551
f 116/979/1552 102/988/1552 851/548/1552
f 851/548/1332 853/547/1332 116/979/1332
f 838/1137/1553 75/937/1553 80/965/1553
f 80/965/1554 839/973/1554 838/1148/1554
f 825/1007/1555 826/968/1555 78/961/1555
f 834/1149/1556 835/1150/1556 64/942/1556
f 64/942/1557 11/928/1557 834/986/1557
f 848/987/1558 851/548/1558 102/988/1558
f 102/988/1559 107/1151/1559 849/989/1559
f 63/946/1560 855/1145/1560 824/1152/1560
f 831/510/1561 830/509/1561 131/995/1561
f 830/509/1562 102/996/1562 131/995/1562
f 131/984/1563 134/983/1563 831/994/1563
f 134/983/1564 66/940/1564 847/971/1564
f 128/980/1565 20/941/1565 66/940/1565
f 141/958/1566 140/959/1566 23/960/1566
f 125/915/1567 146/911/1567 28/957/1567
l 312 691
