# Blender 5.2.1 LTS
# www.blender.org
mtllib startLand.mtl
o Ico_球體.001
v -135.191330 67.402748 287.300415
v -135.191330 76.976624 258.242645
v -135.191345 66.715622 199.256714
v -135.191330 75.331650 227.683685
v -116.525566 74.627304 240.006790
v -135.191376 72.856506 109.369621
v -135.191376 73.015327 169.591156
v -159.911911 65.053413 291.659332
v -147.432251 74.627312 236.220001
v -162.631439 64.366302 213.197723
v -161.422440 74.627289 262.867889
v -138.568420 65.053436 312.817566
v -130.148163 -16.416504 291.821320
v -135.191391 57.673553 136.739380
v -112.557968 65.053429 298.711853
v -139.161835 74.627312 283.123840
v -155.277710 70.666000 183.532181
v -158.908783 -14.610098 288.838593
v -90.114937 -96.462105 162.621185
v -116.442154 72.982315 227.683685
v -111.414207 74.627304 268.994690
v -157.824677 60.133522 275.889008
v -129.397629 72.982338 206.092850
v -135.191406 70.331924 76.206673
v -152.556793 60.133522 305.764709
v -156.165192 55.059418 151.628891
v -101.273582 64.366287 199.256714
v -123.290520 60.133469 310.123657
v -144.752563 -12.444207 298.334717
v -158.968460 69.707397 247.490616
v -150.359772 72.982330 214.339920
v -127.519211 70.666008 192.148422
v -110.470749 60.134140 282.941528
v -153.747009 69.707474 276.583038
v -7.260315 -58.133038 129.287247
v -127.195297 67.504013 280.498138
v -110.363312 70.665985 169.591171
v -153.856491 70.507187 125.184639
v -108.960228 69.708015 253.617401
v -142.386322 76.341904 245.298157
v -162.631470 64.366302 185.315674
v -111.680717 65.387123 283.154877
v -120.022903 68.062424 214.339935
v -148.155334 -18.086338 289.332397
v 39.509087 -20.577644 147.064270
v -121.887863 66.768028 294.007843
v -149.721710 66.768021 289.862518
v -124.219948 76.341904 247.523956
v -127.519226 70.666008 147.033905
v -140.985046 68.062378 206.092834
v -154.046188 63.613686 273.030579
v -128.062057 70.507195 134.959106
v -137.176315 66.768036 302.298920
v -107.751244 59.446396 213.197739
v -151.706787 65.387123 304.861084
v -110.244125 74.961006 253.843781
v -153.940521 68.063042 227.683670
v -123.872787 65.387131 309.006470
v -155.277725 70.666000 155.650146
v -144.445618 -17.718060 293.702820
v -121.215591 76.341904 264.562500
v -110.453728 63.152748 273.885315
v -150.609558 76.341896 260.961304
v -109.266380 55.324219 141.178131
v -107.751259 59.446396 185.315689
v -107.357346 63.152748 291.445770
v -4.505173 -57.888638 198.637268
v -157.804688 74.961006 248.016785
v -112.120049 70.507164 109.369621
v 35.019585 -21.523930 173.268387
v -163.025299 63.152748 283.155090
v -137.525116 76.341904 272.867310
v -156.165192 55.324234 124.734283
v -152.943451 74.961006 275.586060
v -123.549294 74.961014 279.187286
v -115.232483 64.974434 182.961578
v -147.383560 63.152748 313.152191
v -169.109131 59.447014 199.256699
v -108.801559 72.726624 244.805237
v -153.022827 73.316025 227.683670
v -159.928925 63.152748 300.715546
v -129.753967 70.027771 83.034332
v -144.107056 74.696930 219.840469
v -114.892555 63.152748 307.423157
v -105.797188 72.726624 261.843872
v -142.129486 -15.349517 295.927429
v -124.170860 74.696922 227.683685
v -130.181198 63.152748 315.714233
v -115.105026 65.746094 155.650146
v -119.457932 47.789833 271.543304
v -74.544250 -59.639091 249.238724
v -151.320129 66.080902 207.450974
v -164.585480 72.726624 254.641449
v -13.537804 -21.459724 89.837975
v -153.856506 70.507187 93.554581
v -154.932816 47.789883 290.781372
v -131.533081 -10.923676 297.390564
v -142.863525 59.715668 147.033905
v -136.942291 47.789612 308.615967
v -131.785904 74.696938 214.992996
v -153.559097 72.294853 237.130264
v -115.017502 47.789833 296.726135
v -148.496674 72.726624 283.586334
v -148.422165 32.820389 288.111816
v -120.765343 73.316025 214.992950
v -113.827698 67.982582 76.206673
v -124.024078 32.183750 294.609619
v -167.449005 64.699997 199.256699
v -145.539764 -6.234015 293.815552
v -161.581116 72.726624 271.680054
v -128.932800 34.795364 299.364746
v -140.701660 73.316032 207.149673
v -137.412720 -9.273933 298.131927
v -114.217575 50.404327 157.621964
v -122.106384 36.385311 284.985291
v -114.020340 72.726624 277.507233
v -160.019424 65.746719 169.591156
v -133.445267 31.617226 273.853790
v -130.330093 72.726624 285.812073
v -142.724869 34.833241 275.994354
v -155.127655 71.081650 219.840439
v -118.294914 57.363716 242.666260
v -135.611908 36.128929 300.929535
v -130.681824 72.380600 182.849884
v -140.188049 33.371803 274.653351
v 25.020844 -17.799305 225.456345
v -115.255020 66.080894 199.256714
v -156.139099 57.363762 261.936310
v -114.217590 50.404327 124.734299
v -129.306686 -5.625776 297.434479
v -146.997742 72.380600 177.785431
v -147.167969 33.033394 281.276733
v -144.409515 35.203583 297.064514
v -109.094337 64.699997 212.515472
v -115.255020 71.081650 235.526917
v -113.986450 57.363716 267.100769
v -127.188034 32.672131 276.595154
v 34.505791 -17.777681 107.127136
v -149.207001 42.394268 259.237610
v -147.913574 33.221745 291.043274
v -128.589783 67.982605 53.649414
v -122.772110 30.835747 291.890015
v -123.485825 41.757629 265.181213
v -125.083145 33.896702 278.646271
v -35.561855 -14.067377 288.224365
v -137.623581 12.939874 273.969971
v -109.094345 64.699997 185.997955
v -147.959122 16.957809 285.552124
v -122.870041 71.081650 207.149551
v -121.306725 45.959194 255.786743
v -139.807205 16.160240 299.704773
v -142.488251 70.999710 191.044281
v -125.272964 12.950580 295.871033
v -129.232025 12.115470 299.083130
v -133.134521 41.191105 245.131653
v -116.526245 65.587273 125.184647
v -126.366226 3.719957 277.850128
v -161.116394 50.404945 141.178116
v -144.296753 16.309525 296.513123
v -134.320404 14.824758 273.819092
v -115.255028 71.081650 219.840454
v -144.792389 26.064980 277.983459
v -142.988968 44.407120 247.358597
v -171.256653 62.465622 207.451004
v -144.420029 18.329384 277.950012
v -158.804199 70.999702 169.591156
v -122.395813 4.952781 288.987366
v -148.204208 4.010245 289.753387
v -147.512650 71.081650 207.149536
v -146.525711 26.016521 294.050537
v -135.240005 -12.813530 70.842491
v -140.283264 42.945683 246.014374
v -125.834366 2.324396 296.810150
v -171.256668 62.465622 191.062393
v -126.357254 0.680990 297.273743
v -135.191345 71.081650 202.302094
v -148.155472 8.728721 286.822632
v -146.523712 8.594056 293.660645
v -165.618439 -55.887280 246.351898
v -146.997742 72.380600 161.396896
v -125.950790 6.937593 296.919983
v -147.773438 42.607273 252.567459
v -122.184013 12.448905 288.198425
v -148.808151 55.718735 238.931396
v -145.099182 44.777462 267.886475
v -132.939056 6.949882 300.492615
v -120.597824 72.380592 169.591171
v -131.102814 9.018262 274.576111
v -117.516273 65.477043 92.244995
v -122.981201 10.061910 282.794983
v -126.554657 42.246010 247.701874
v -125.617622 20.000301 278.379700
v -147.519394 57.038834 150.843491
v -148.714249 42.795624 262.082092
v -120.218521 55.718788 227.683685
v -141.871887 11.138913 275.533447
v -152.475021 67.982597 62.265640
v -122.118546 40.409626 262.515533
v -157.480911 62.465622 220.709961
v -99.126038 62.465622 207.451019
v -124.358765 43.470585 249.664978
v -116.088165 70.999702 182.849930
v -89.959976 -14.114555 308.678894
v -125.353836 40.749290 229.001892
v -137.558502 22.513756 245.309601
v -148.677155 26.531689 256.739807
v -178.298676 -79.593140 189.622559
v -130.681824 72.380600 156.332443
v -140.269272 25.734119 270.384033
v -142.457672 40.112656 219.645447
v -124.827187 22.524460 266.427979
v -129.067230 21.689350 269.614899
v -112.901772 62.465622 220.709961
v -125.704361 13.293838 248.910233
v -138.499084 43.293854 216.206116
v -144.971283 25.883404 267.348206
v -114.289993 61.512245 177.879471
v 10.925316 -1.390571 94.386162
v -134.060196 24.398636 245.111511
v -145.208069 35.638859 249.326157
v -116.088173 70.999702 156.332397
v -145.116562 44.314217 227.690521
v -158.262695 65.587898 109.369614
v -144.813431 27.903263 249.287842
v -142.488251 70.999710 148.138031
v -121.675201 14.526660 259.685333
v -138.219742 39.546127 239.066437
v -149.001801 13.584125 260.831543
v -99.126038 62.465622 191.062408
v -121.470528 6.147658 260.347382
v -131.116272 42.762146 238.629517
v -159.847473 55.657936 141.178116
v -125.435944 11.898276 267.350464
v -161.591431 68.765320 177.785461
v -125.996552 10.254870 267.809692
v -120.059845 61.432747 91.479439
v -148.904724 18.302601 257.979095
v -147.283920 18.167938 264.607300
v -131.000900 72.221786 124.410629
v -125.560875 16.511475 267.459167
v -147.519394 57.038834 131.512756
v -133.156219 41.300705 239.403748
v -121.438782 22.022785 258.914398
v -161.591431 68.765320 161.396851
v -133.012482 16.523762 271.043945
v -159.824524 47.102707 211.007874
v 34.535927 -1.396914 197.320190
v -130.666565 18.592144 245.798096
v -127.162918 40.962299 234.731873
v -122.198578 19.635792 253.669098
v 42.851219 -1.419676 127.821167
v -124.920288 29.574184 249.413879
v -127.144257 43.132484 220.632767
v -128.057144 7.917123 269.240540
v -119.953079 57.038818 141.178131
v -142.079041 20.712795 246.896881
v -108.105133 47.102757 199.256714
v -135.191360 68.765320 196.108856
v -146.458557 10.770055 250.993378
v -142.466858 40.601032 235.735596
v -146.162384 72.221779 118.665390
v -125.347725 41.150650 226.384521
v -151.507492 68.765320 191.044418
v -117.907776 63.062691 62.265648
v -143.731323 38.764652 221.810333
v -159.824539 47.102707 187.505524
v -108.791298 68.765320 177.785477
v -135.386658 -38.498024 220.184601
v -143.749115 41.825607 233.637054
v -117.395050 32.133263 200.633942
v -115.244164 55.657936 156.817215
v -135.131226 20.868778 239.604034
v -4.112701 1.068575 128.000153
v -126.026436 24.886715 231.148743
v -148.336334 31.496624 190.858673
v -130.187164 24.089146 217.642334
v -118.875237 68.765320 191.044418
v -141.375427 20.879486 218.743439
v -138.046600 20.044373 216.565430
v -140.688721 34.108238 187.338135
v -141.971954 70.840889 133.706558
v -142.908569 11.648860 234.522797
v -118.875252 68.765320 148.137909
v -127.298729 24.238426 221.093231
v -137.580505 22.753662 239.230148
v -153.146347 35.698189 199.263855
v -115.244171 55.657936 125.539040
v -129.337463 33.993881 237.222076
v -149.851059 -11.175163 74.645470
v -141.081100 3.228068 237.166260
v -140.669830 30.930099 211.148956
v -129.615707 26.258289 237.194168
v -157.133453 70.840881 109.369606
v -144.384598 12.881684 224.267563
v -108.791306 68.765320 161.396866
v -125.301247 11.939149 227.546417
v -125.978554 33.945423 223.567184
v -127.819458 34.146114 210.692474
v 5.643120 -1.284141 242.984833
v -144.445557 4.502683 223.644211
v -141.793030 63.062645 53.649406
v -140.528214 10.643418 218.145432
v -131.433853 35.441803 186.987762
v -151.507507 68.765320 148.137909
v -125.717209 16.657623 230.078018
v -146.162384 72.221779 100.073830
v -126.030594 16.522961 223.904663
v -131.509781 32.684677 211.501373
v -162.757858 53.423553 150.843536
v -144.642715 20.377808 224.918701
v -135.191376 68.765320 143.073471
v -12.377716 -53.999729 145.356049
v -135.137009 14.878785 215.910614
v -127.833878 35.515388 187.804245
v -121.630417 72.221771 109.369621
v -139.849106 16.947166 238.082825
v -144.757156 17.990814 229.721741
v -162.757874 53.423553 131.512695
v -143.390549 27.929207 233.949677
v -120.667732 32.346268 206.620392
v -120.633972 34.516457 191.890198
v -131.803497 19.067818 238.898499
v -169.708740 -59.387421 119.946991
v -128.266815 9.125079 235.930328
v -148.352951 31.985004 207.669037
v -156.555084 63.063316 76.206665
v 18.065086 -48.229195 137.988678
v -117.384003 32.534618 197.899414
v -115.364059 53.402458 169.591171
v -150.640411 30.148621 193.120468
v -117.439835 70.840881 124.410683
v -107.624908 53.423553 150.843536
v -150.672607 33.209579 205.476562
v -131.000916 72.221786 94.328606
v -122.164352 38.432964 170.968399
v 40.998711 -22.959785 127.772598
v -135.082596 12.252749 211.710632
v -118.611809 16.270683 202.876862
v -144.813599 37.796326 161.193130
v -126.138664 15.473113 188.765900
v -117.439842 70.840881 94.328568
v -60.749878 -1.455384 307.053864
v -146.378525 12.263455 189.916290
v -140.356613 11.428346 187.640793
v -149.152054 3.032831 206.401947
v -148.334549 41.997890 169.598312
v -120.984222 13.530042 189.984024
v -148.349701 69.092323 85.019058
v -139.513458 14.137631 211.320007
v 17.324150 -45.627338 116.451996
v -139.201660 37.229801 181.483414
v -124.601532 25.377853 209.222061
v -141.971970 70.840889 85.032677
v -125.104904 17.642258 209.192902
v -107.624916 53.423553 131.512726
v -151.822205 4.265655 195.687683
v -2.116692 1.066853 200.070374
v -117.825638 1.903310 198.816895
v -129.795090 40.445816 181.026932
v -118.525177 25.329395 194.955963
v -159.723480 68.606506 118.665421
v -28.338531 -55.036983 127.384003
v -159.723495 68.606506 100.073792
v -132.496429 38.984379 181.835831
v -118.052414 8.041595 201.758224
v -111.558838 -0.712738 295.356689
v -118.505295 10.416808 195.782135
v -155.509430 68.316299 76.206673
v -154.019714 38.060635 155.038956
v -145.230423 6.250468 189.075027
v 13.000038 -45.760132 214.214096
v -152.289154 11.761779 196.367966
v -10.726028 -47.968506 108.425301
v -124.559975 38.645969 176.954834
v -135.093079 6.262755 186.956665
v -135.191360 68.606506 139.451920
v -143.617386 8.331136 210.121323
v -124.342697 41.931835 161.740295
v -183.401047 -12.362696 279.444824
v -152.496185 9.374785 201.386002
v -114.488075 38.060688 141.178131
v -150.023956 19.313175 205.803162
v -144.195038 36.226597 178.468369
v -129.062653 10.451787 210.973511
v -145.350388 69.697197 68.012405
v -150.353027 68.606506 133.706696
v -122.156265 38.834320 168.233871
v -122.634155 69.697189 76.206673
v -110.659256 68.606506 118.665436
v -146.500198 36.448326 163.454926
v -154.019745 38.060635 127.317276
v 10.136665 -23.053577 95.613655
v -146.523758 39.509281 175.811005
v -121.588806 23.091190 142.802612
v 16.861076 -47.907566 184.892334
v -135.111755 18.552452 182.045090
v -83.114655 -59.559292 88.977600
v -123.055023 22.570389 173.211319
v -128.564743 21.772816 159.100357
v -145.238739 22.454559 131.272415
v -145.245300 18.490665 162.929001
v -120.029701 68.606506 133.706711
v -138.972382 17.728046 157.975250
v 48.097404 -6.131619 139.114777
v -145.410706 9.332534 176.736404
v -139.393295 25.066166 127.119820
v 33.043266 -23.045120 197.674698
v -124.739822 21.922100 162.705734
v -131.311096 69.697205 62.947952
v -138.355179 20.437336 181.654465
v -148.915253 26.656124 141.186554
v -127.439545 31.677555 179.556519
v -110.659271 68.606506 100.073807
v -127.808014 23.941959 179.527344
v 45.846764 -6.193201 115.927521
v -139.378845 21.888031 155.205368
v -147.365265 10.565356 166.022141
v -250.395325 -29.383770 190.229065
v -122.094711 2.234739 171.789520
v -118.753754 68.316299 62.947914
v -129.556686 25.104050 154.666946
v -142.915894 9.143744 160.028000
v -148.499008 -0.335149 222.010834
v -123.254448 12.399911 174.727585
v -132.319351 26.399734 126.706558
v -123.060532 14.206634 165.642990
v -6.255089 -53.174644 179.447433
v -132.377380 23.642605 155.621063
v -147.707092 18.061481 166.702423
v -141.470123 68.316307 54.753548
v -9.599449 -49.705303 224.241730
v -148.188370 4.124101 167.038742
v -135.119431 12.562459 157.291122
v -142.895645 2.059812 179.614807
v -116.766968 53.243637 109.369629
v -141.359283 14.630839 180.455780
v -124.090271 23.304199 149.863785
v -147.858627 15.674487 171.720459
v -157.907745 66.081917 84.400970
v -146.048935 25.612881 176.137619
v -124.064476 25.474388 132.489120
v -139.960190 3.955819 158.158310
v 5.693733 -23.172533 241.619507
v -130.705109 16.751488 181.307968
v -157.907761 66.081917 68.012360
v -126.021782 6.808751 178.206940
v -145.251434 22.942932 151.100708
v 26.947990 -6.195884 96.115562
v -151.947205 53.243591 96.038803
v -76.519684 1.170559 252.776962
v -121.580360 23.492546 139.577148
v -123.086090 38.274143 110.931976
v -146.999847 21.106556 133.940247
v -0.955322 -6.174093 86.652946
v -20.000610 -53.344067 201.309723
v -147.024460 24.167511 148.514618
v -144.132767 37.637508 99.842690
v 35.905205 -0.559200 145.126968
v -135.108261 3.210680 155.867889
v -138.930756 40.249119 95.848892
v -83.546295 -46.030704 282.991089
v -122.518829 0.835908 145.448212
v -128.271973 6.431045 128.803925
v -112.475029 66.081917 84.400986
v -146.175903 4.788192 133.475418
v -147.404602 41.839069 109.377731
v -12.541748 -0.310126 93.934013
v -139.139450 2.386276 127.476822
v -124.278061 6.580329 133.056564
v -220.158295 -18.070108 117.824654
v -138.494980 5.095563 155.407135
v 31.422478 -1.100147 108.932953
v -127.097076 16.335785 152.932541
v -53.166534 -46.980946 271.265076
v -127.481819 8.600188 152.898132
v 5.639366 0.926528 144.229431
v -121.151932 66.081917 54.753418
v -122.452621 16.287327 136.105255
v -158.131317 0.232385 288.758057
v -130.186722 41.656269 96.377670
v 21.716942 0.487587 128.026794
v -22.146271 1.058129 138.611664
v -112.475037 66.081917 68.012375
v -148.260071 2.719710 137.770767
v -125.312210 38.487152 117.723145
v -61.227570 -15.440712 304.363525
v -125.289253 40.657337 101.012871
v -149.230881 66.081917 54.753410
v -22.449997 0.892288 116.322067
v -146.528656 10.271108 148.899857
v -144.144073 38.125885 118.912766
v 35.104378 -6.193080 213.152298
v -135.191406 66.081917 49.688980
v -148.853180 3.341787 140.923569
v -123.078575 38.675503 107.829865
v 3.968048 0.534476 109.767365
v -145.700043 36.289505 102.408516
v 40.545006 -6.147146 183.106735
v -201.737030 0.359950 256.138489
v -150.707031 50.719009 87.957840
v -145.721939 39.350460 116.425560
v -2.917488 -5.591708 256.553467
v -135.117401 18.393631 123.497650
v 17.771172 -6.154964 240.517441
v -123.913750 22.411568 113.476410
v -129.033615 21.613998 97.468590
v -51.061863 -53.938698 233.089996
v -142.801041 18.404339 98.773628
v -224.177368 -0.947933 214.174683
v -118.130676 50.719055 76.206680
v -138.704865 17.569225 96.192245
v -134.309296 -6.360724 66.734970
v -144.687622 9.173715 117.475357
v -125.479332 21.763279 101.558617
v -102.672989 -50.502865 253.543243
v -138.131317 20.278515 123.054520
v -110.178802 -27.382221 289.696167
v -130.573654 50.718784 57.192886
v -127.988037 31.518734 120.674545
v 31.124535 -0.408962 176.025726
v -128.330444 23.783142 120.641464
v -166.034088 2.626092 245.873260
v -150.707031 50.719009 64.455498
v -146.503906 10.406537 105.320839
v -123.021378 9.464002 109.206940
v -123.982094 35.749561 77.583900
v -144.162994 -47.715939 243.801758
v -123.854820 31.470276 104.490738
v -146.451859 1.627929 104.531906
v 22.742241 -1.082948 223.377274
v -186.297409 -18.073666 83.688728
v -141.919601 8.768085 97.753273
v -143.470993 35.112923 67.808647
v -24.660118 0.626787 235.634216
v -123.533234 14.182477 112.207397
v -123.918861 14.047814 104.890717
v -255.873627 -0.832981 164.885162
v -138.654007 37.724537 64.288094
v -21.951851 -5.663086 278.206299
v -146.821533 17.902660 106.092560
v 17.749535 0.538685 198.191376
v -135.124527 12.403638 95.416161
v -146.500656 39.314487 76.213821
v -142.350525 1.900991 120.740692
v -123.846939 -50.724918 209.526642
v -138.642105 34.546398 88.098915
v -140.922882 14.472018 121.694695
v -146.962357 15.515666 111.785141
v 8.453262 0.870197 177.565262
v -145.280701 25.454060 116.796082
v -98.136169 -17.761700 53.557076
v -130.548080 37.762413 87.642441
v -139.622772 3.797000 96.399918
v 1.102409 0.598834 224.296997
v -131.022552 16.592670 122.661446
v -75.174713 -6.196037 317.204224
v -132.824677 39.058105 63.937729
v -126.670593 6.649932 119.143562
v -181.831665 1.825973 185.533218
v -14.960587 1.029751 186.698517
v -132.872498 36.300976 88.451347
v -43.756001 -6.159198 304.865662
v -150.097519 -42.263901 267.995911
v -190.255951 -69.762955 213.013855
v -104.886475 -6.196415 308.716248
v -126.043442 35.962566 83.570351
v -216.141296 -0.731847 135.222916
v -126.022186 38.132755 68.840164
v -175.210632 -40.832821 265.922974
v -143.799072 -5.520748 70.960281
v -158.370239 -70.272209 204.856674
v -143.481461 35.601303 84.619011
v -39.022324 -0.982522 285.510162
v -88.843887 -1.048164 304.762268
v -123.975128 36.150917 74.849373
v -209.335236 -1.452378 97.904945
v -200.731995 -13.817925 258.262634
v -144.922256 33.764923 70.070427
v -43.538891 -18.322067 66.185196
v -160.149704 -0.858371 81.664436
v -144.942535 36.825878 82.426529
v -47.004673 0.851945 112.457520
v -135.122894 15.869048 88.660599
v -67.088821 0.506347 282.615662
v -48.508385 0.849943 253.288788
v -124.748489 19.886982 79.826828
v -129.489410 19.089413 65.715866
v -160.341629 -73.300674 175.471573
v -144.696457 15.431975 68.604576
v -94.848969 0.757215 273.633362
v -138.444824 15.044644 64.590752
v -98.450714 1.158282 234.400513
v -171.408478 -4.545825 290.555878
v -143.837051 7.539140 83.949837
v -126.198189 19.238697 69.321243
v -207.622925 -64.638100 190.192719
v -137.913742 17.753929 88.269974
v -219.036972 -37.333099 214.801086
v -128.521210 28.994152 86.172020
v -212.861816 -3.193927 247.523926
v -128.838272 21.258556 86.142868
v -171.193756 1.089741 117.817322
v -197.149704 -4.451268 271.401276
v -145.666626 7.881955 72.637650
v -123.922165 0.743473 76.063271
v -189.696457 -68.935509 166.860001
v -178.784149 -56.914139 132.970886
v -124.693924 28.945694 71.905922
v -145.736084 -0.497046 71.986404
v -142.517975 3.494711 66.720177
v -220.200089 -38.142765 166.013031
v -124.594055 8.069081 80.598892
v -121.814949 -1.304298 65.257889
v -181.911621 0.555343 276.416199
v -124.753227 11.523231 72.258499
v -141.514679 9.866767 66.024986
v -205.206390 1.328775 234.332642
v -152.633209 -58.409950 127.967201
v -145.960739 15.378078 73.317932
v -68.101990 -1.450312 54.603645
v -135.129486 9.879056 63.906639
v -155.595871 2.425008 229.435394
v -183.359665 2.417107 227.376053
v -140.498688 11.947436 87.071281
v -146.091141 12.991084 78.335968
v -161.359283 2.121857 269.145599
v -151.935577 -51.380543 105.474457
v -144.533966 22.929478 82.753128
v -185.642090 2.160199 251.013718
v -139.294800 1.272417 64.773834
v -232.497253 -7.346260 205.083252
v -131.331131 14.068088 87.923477
v -26.633827 -0.384628 87.863167
v -127.301277 4.125350 84.822449
v -198.097778 -46.371307 117.504326
v -121.852684 0.997423 109.963928
v -257.665863 -14.141520 167.551392
v -89.793411 2.221774 162.729706
v -215.416901 -26.401201 134.931046
v -179.598602 -46.025688 98.935944
v -83.708939 1.070953 85.934822
v -61.712624 -83.170654 157.345032
v -255.364502 -0.980769 206.141281
v -207.607437 -22.704639 98.442017
v -87.737465 -84.443291 133.315201
v -160.282440 -26.582670 84.014175
v -58.482018 -52.178131 96.505074
v -153.099426 1.665284 188.225418
v -56.597519 -61.289482 124.083481
v -208.649292 1.262477 200.020477
v -117.659271 -61.180508 115.340652
v -203.446533 1.184472 175.644028
v -172.214096 1.557352 166.916779
v -36.414871 -29.008007 82.749474
v -224.974762 -6.075154 127.612160
v -60.587681 -46.252407 75.817154
v -115.657471 -85.024422 148.410599
v -73.687553 -84.516151 188.863449
v -202.371399 -6.192994 86.184738
v -221.634003 -6.190706 105.938446
v -110.870346 -49.637512 85.666313
v -42.645893 -60.337952 185.265823
v -173.660385 -6.119454 77.244003
v -108.049118 -84.160118 185.134735
v -91.560204 -45.657558 68.574493
v -119.860596 -22.990547 66.089546
v -216.320435 -1.041922 117.822121
v -185.150513 -1.053768 86.380363
v -68.954819 -22.685991 55.859474
v -164.307983 1.136972 133.468903
v -31.212570 -6.222073 71.882889
v -194.182251 0.730610 126.917801
v -192.226868 0.484393 107.227036
v -164.273529 0.669503 99.770004
v -114.826210 -6.138427 55.242775
v -51.543934 -6.199537 55.756027
v -83.062729 -6.191700 48.372421
v -41.649082 1.261654 157.317978
v -115.451164 1.339455 194.727371
v -96.978180 -1.086281 56.373444
v -46.183601 -1.041988 67.739075
v -70.549240 1.855759 143.019333
v -105.230042 1.864861 136.462936
v -55.377815 0.649920 85.191536
v -62.644642 1.852470 175.038391
v -108.011848 1.033514 95.265739
v -104.612762 0.611217 76.080338
v -93.325035 1.905086 191.399902
v -116.506790 1.887647 168.125153
v -74.664268 0.489157 69.704117
v -114.749458 -54.488056 105.949074
v -103.579926 -57.329552 99.529434
v -88.595566 -63.107235 101.525795
v -84.066650 -68.497154 111.962036
v -120.148117 -49.374569 105.869522
v -76.685699 1.283058 103.554504
v -66.336746 1.072426 101.997917
v -79.491966 1.515295 116.980453
v -94.206474 1.507901 115.631516
v -108.110443 1.113148 102.030777
v -101.915802 1.253119 104.774361
v -113.918129 1.007401 101.769783
v -52.222931 -47.470936 114.066605
v -56.209610 -50.714703 109.263885
v -60.127007 -55.136551 111.951477
v -69.750977 -58.680256 106.345955
v -149.249023 -52.052441 145.221115
v -152.677704 0.419424 131.179611
v -126.104004 -46.468964 106.944733
v -125.933357 -42.143818 102.597458
v -133.302811 -48.774628 108.610519
v -130.128464 -53.650616 115.317337
v -138.648056 -63.656670 140.150970
v -141.425262 -56.829132 127.033707
v -144.557434 -58.760124 135.048477
v -144.990860 -57.943619 131.841431
v -149.419983 -4.628092 73.655457
v -128.708801 0.664475 92.143135
v -137.444931 -21.919910 77.371704
v -131.020691 -37.317406 88.627213
v -143.662720 -27.927784 83.882462
v -133.825439 -41.375626 96.161827
v -126.111328 -42.393826 97.770546
v -151.466003 -49.787567 146.478058
v -149.670074 -53.198872 150.487381
v -130.687653 -35.755550 216.884735
v -128.802017 -44.495300 211.361313
v -152.343292 1.366594 161.937469
v -150.344727 1.180713 150.237274
v -152.216232 1.123375 145.706909
v -130.113419 -49.850693 207.495331
v -137.120224 -72.345848 164.755219
v -148.422974 -65.467468 164.815277
v -133.164185 -72.934143 177.799255
v -143.969208 -68.226646 182.820282
v -141.316650 -61.622402 198.751617
v -160.246674 1.136689 143.193054
v -193.795105 0.907331 140.123688
v -200.875305 0.899765 152.047516
v -209.394684 0.319219 150.417252
v -212.987457 -0.137468 144.181610
v -181.156525 1.167512 148.939682
v -169.620087 1.175470 144.011566
v -166.687714 1.241273 149.170197
v -217.071442 -0.851525 143.803818
v -247.603241 -2.026003 149.780334
v -251.805054 -4.196544 141.395279
v -255.373627 -7.240355 150.803253
v -223.477814 -12.090956 150.381027
v -216.855743 -21.560959 143.396133
v -213.901566 -29.034012 141.872040
v -206.115143 -39.491997 142.619324
v -190.612518 -53.128307 143.835938
v -195.601440 -52.944206 148.767807
v -211.631500 -37.074436 148.485489
v -178.257690 -56.319099 141.302597
v -174.082245 -59.300133 150.660156
v -160.636826 -57.541744 152.632828
v -128.205063 -30.711521 224.548676
v -217.825958 -0.189569 224.249237
v -210.643616 1.112867 224.313202
v -207.612335 1.514834 212.340256
v -176.803375 2.088964 198.734787
v -183.702179 2.230657 210.245605
v -203.805664 1.691546 208.845657
v -191.722794 2.115725 213.067703
v -206.143143 1.597182 215.183167
v -164.834412 2.161595 207.975739
v -156.536453 1.875255 199.576584
v -145.928406 1.681998 210.668335
v -149.957397 1.847238 209.945862
v -147.399460 1.805703 212.935287
v -220.813599 -2.423312 231.908386
v -218.361313 -1.948513 234.330048
v -125.950577 0.538321 214.521545
v -224.371429 -5.882163 229.586868
v -219.282349 -3.707541 239.042023
v -219.083817 -11.232905 232.662369
v -210.830841 -19.499554 241.579407
v -136.576263 -37.185505 224.638641
v -193.945541 -56.513653 232.102127
v -200.119751 -41.316589 240.540344
v -181.668365 -57.499866 237.909042
v -187.826569 -53.081036 242.660400
v -180.094757 -62.727417 228.774017
v -168.481415 -60.380520 232.944702
v -158.371704 -60.930859 224.184464
v -149.650055 -51.958633 233.432846
v -143.119904 -45.451706 232.793808
v -43.376518 -50.399574 204.864441
v -114.401894 -43.111958 227.627197
v -110.904060 -52.091061 219.215195
v -72.462296 1.494764 212.546295
v -75.910980 1.376391 225.029663
v -94.340172 1.438510 214.284134
v -90.674538 1.320604 222.800201
v -100.212868 1.204769 222.568130
v -105.762604 1.105274 221.356705
v -114.867310 1.052244 208.223267
v -57.209499 1.380875 204.783081
v -58.060513 1.243660 222.639893
v -42.029636 0.997650 201.381836
v -121.649994 0.885118 207.178253
v -120.003647 0.852768 211.991913
v -102.425377 -65.077728 214.302979
v -85.234253 -68.076118 216.141556
v -96.941147 -60.340771 227.885910
v -62.110085 -60.113518 220.710327
v -77.916473 -63.265263 226.758270
v -61.652424 -64.886230 210.646118
v -51.347404 -54.545555 216.638870
v -121.933800 -5.501235 298.897339
v -124.211060 -1.343880 293.453094
v -120.860443 -0.083732 290.057800
v -120.571884 1.023424 271.350098
v -122.340004 1.232471 242.820358
v -119.219833 1.190812 259.844177
v -116.802460 1.056622 235.467392
v -123.706375 1.003143 231.556549
v -123.129631 0.723202 221.127838
v -111.862366 0.996971 268.118866
v -132.313263 -35.463810 268.066650
v -122.085495 -27.499676 280.899902
v -130.497253 -38.558903 253.872894
v -124.169708 -39.050339 248.578522
v -130.203369 -35.138027 239.117249
v -38.338852 -43.306862 209.047302
v -34.692528 -45.828976 202.234360
v -34.195236 -48.862148 194.036514
v -28.829124 1.017630 185.701462
v -30.717583 0.989249 175.481216
v -26.553268 0.902818 175.838379
v -33.102974 -49.677238 190.372849
v -22.850868 -43.693668 172.435196
v -28.048683 -47.722012 187.436264
v -28.525299 -36.667862 257.605347
v -23.057259 -27.126194 263.322327
v -11.709435 -22.302015 254.127960
v -15.759819 -10.793633 262.529785
v -23.048149 -0.367612 263.671570
v -16.771599 -2.104970 263.362549
v -11.548225 -4.820403 264.005371
v -12.314339 -3.202079 261.284424
v -38.146072 -45.410213 217.451050
v -32.012260 -45.997490 218.691833
v -26.175728 -44.258224 231.829651
v -28.240479 -42.096748 238.721817
v -21.919510 -39.414192 244.127563
v -48.437401 -48.692318 118.959915
v -42.875732 -52.611115 124.407982
v -45.595154 -54.777020 125.865677
v -32.862587 1.027164 136.191330
v -28.750580 0.206306 143.367615
v -29.130554 0.879827 159.153580
v -23.249023 -39.807640 164.540573
v -29.211853 -47.746723 165.804260
v -48.072830 -42.212265 113.095718
v -26.680176 -51.544239 153.013519
v -38.326473 -60.075161 149.029938
v -37.544907 -55.122173 135.000046
v -31.814362 -31.129707 90.598495
v -30.727242 -40.783607 102.309807
v -43.937080 -43.995159 105.468147
v -29.780228 -26.989332 87.096001
v -19.299431 -5.458429 81.546295
v -21.469940 -12.687490 86.300247
v -22.585732 -21.943661 88.000412
v -44.517647 -44.252495 113.220245
v 32.184441 -27.778225 156.804260
v 21.240906 -41.110184 164.997986
v 34.598564 -22.392998 162.400787
v 36.853188 -15.918619 162.000305
v 39.909966 -10.580886 157.497238
v 42.905510 -5.111982 160.316986
v 13.173058 0.675135 163.932526
v 6.897682 0.857706 156.538040
v 3.305763 0.878145 161.939011
v -14.993492 0.869879 167.133453
v -3.910553 0.888816 157.851074
v 25.942726 0.124716 163.686508
v 34.040688 -0.658756 161.716370
v 37.674385 -1.807901 156.314926
v 31.322029 -0.173339 157.483292
v -17.856979 -43.692097 160.971069
v -10.562576 -47.385605 162.776978
v -6.274582 -48.916843 158.592270
v 1.573311 -48.231468 161.462982
v 15.770622 -45.429256 154.454300
v -255.052765 -10.211090 199.659668
v -233.379364 -0.152799 194.479385
v -235.055573 -0.284443 157.997314
v -236.829163 -4.301121 207.699844
v -235.561462 -1.472453 146.963501
v -234.679474 -34.098484 177.194275
v -236.681183 -5.580898 131.238464
v -238.687469 -0.960299 211.149109
v -235.851654 -10.577406 150.942535
v -233.540833 -0.019269 203.517776
v -235.042267 -23.717419 169.174713
v -237.015472 -15.937350 202.639114
v -234.104675 -42.281174 190.215775
v -234.532410 -0.002688 169.313019
v -241.741882 -32.829731 200.880798
v -124.135612 0.192595 78.308388
v -126.584869 0.471387 84.769402
v -128.400040 -1.324588 68.694565
v -129.152954 -1.975119 68.204842
v -146.117493 -2.629844 76.013130
v -130.710815 -3.694244 67.231216
v -132.716370 -9.938386 68.001076
v -145.045273 -14.373833 78.200089
v -145.505035 -0.345317 81.160538
v -144.174088 -0.102161 84.786942
v -146.149826 -0.780030 79.918480
v -125.253296 -0.554596 72.457306
v -124.819542 -0.351740 74.007858
v -126.771667 -0.904864 70.090042
v -130.165222 0.458549 88.228745
v -137.620117 0.421001 90.199020
v -141.885864 0.073606 86.770706
v -140.074753 0.263664 89.012482
v -132.714432 0.499413 90.018967
v -146.280701 -6.748528 74.221878
v -129.326874 1.197989 122.754951
v -133.382812 1.226726 125.286728
v -125.596390 1.149061 119.188019
v -124.266167 0.888816 106.061615
v -128.280594 0.775971 100.568680
v -139.155411 0.697959 97.230034
v -146.032471 1.065383 116.083801
v -124.068703 1.091372 115.607979
v -131.018036 0.743702 98.438072
v -147.218323 1.009713 113.276756
v -147.049500 0.919857 108.941185
v -143.912338 0.774373 101.450912
v -137.138092 1.204619 125.507034
v -140.400833 1.149240 124.205765
v -142.060471 1.126244 121.336166
v -139.150269 69.911064 82.641777
v -152.953400 67.815231 89.641655
v -118.717682 68.350616 87.512100
v -147.256165 55.497574 92.141174
v -128.494446 48.864571 92.396835
v -139.811340 46.831078 92.713844
v -133.246658 45.361000 92.861145
v -131.804840 45.567101 92.836937
v -150.661804 58.648254 91.870262
v -121.494797 68.953178 84.804092
v -130.565155 46.417271 92.704552
v -130.194489 46.717350 92.631035
v -121.532211 1.608047 140.649841
v -122.421120 1.563483 136.856018
v -138.419601 1.428883 155.888474
v -141.947449 1.351744 153.740997
v -146.159180 1.244899 149.291443
v -148.259216 1.162313 144.127930
v -148.596222 1.146070 139.853806
v -147.696732 1.138447 136.276367
v -143.981995 1.145814 130.648514
v -124.453957 1.489042 133.285767
v -128.817688 1.323478 129.050613
v -123.621262 1.619520 147.545166
v -126.719551 1.598038 152.261627
v -130.446014 1.554487 154.956146
v -134.781281 1.491233 156.047134
v -139.229614 1.182333 127.495697
v -126.180161 56.875130 129.246201
v -122.599976 56.324509 125.539062
v -123.335083 44.585548 119.402222
v -126.133476 40.964268 119.941742
v -132.246338 31.872658 122.883743
v -134.915314 31.234646 123.176056
v -148.558304 46.134651 119.526711
v -127.655632 57.091972 131.632568
v -131.520142 57.296478 133.185120
v -151.685577 55.764824 124.506683
v -152.808899 55.408104 122.507385
v -152.794983 54.900681 120.910904
v -126.559723 40.492233 119.929596
v -127.529373 39.307457 119.828545
v -129.025299 35.152977 121.399132
v -138.725113 32.954937 122.908035
v -141.304794 37.379425 121.053314
v -152.309753 53.304848 116.062088
v -118.614822 53.423553 115.711960
v -119.508797 51.603626 116.214264
v -119.535339 55.537964 121.595978
v -130.798126 1.395947 183.112030
v -137.981659 1.465468 183.765915
v -142.325546 1.525793 180.998825
v -137.014801 1.477035 158.972305
v -139.314758 1.435416 158.680573
v -143.168823 1.389752 161.269348
v -147.927979 1.439717 170.913376
v -147.160812 1.477109 174.680176
v -125.778069 1.539765 179.394958
v -123.511063 1.627314 176.506210
v -122.814720 1.786467 168.537521
v -124.042168 1.741154 165.324890
v -126.149841 1.686455 162.778046
v -132.437912 1.554746 159.225311
v -143.193802 1.512634 179.595383
v -147.147583 1.432372 165.289520
v -126.841125 57.066048 150.437836
v -131.185120 57.296432 148.675293
v -153.933990 52.375069 161.001831
v -144.193939 38.085403 160.803452
v -138.649567 27.999844 158.065460
v -149.096848 43.678177 160.839645
v -145.974243 39.950214 160.730347
v -127.965790 34.105389 159.792389
v -133.850739 26.382996 157.305847
v -131.550339 27.916965 157.988144
v -117.367638 53.449570 164.680954
v -152.502136 51.075783 164.733978
v -149.512405 44.044689 160.939117
v -150.969452 48.144917 163.260590
v -118.387970 55.570038 159.705994
v -154.314651 55.402191 158.584915
v -120.398003 56.124969 156.817200
v -129.621780 30.624565 158.517517
v -128.115295 1.332532 189.344925
v -134.262604 1.404326 187.776947
v -140.223785 1.461376 188.253693
v -144.759796 1.530648 188.882401
v -148.480759 1.708196 207.090668
v -152.495438 1.720016 200.557159
v -149.487457 1.554788 193.520264
v -123.561356 1.345959 191.530365
v -152.041138 1.676286 196.558762
v -129.380280 0.787524 212.265503
v -132.274033 0.963715 212.708359
v -137.013458 1.223660 212.846130
v -141.809448 1.468240 211.588135
v -152.405960 53.573242 181.840988
v -142.763336 44.656162 182.909378
v -152.821991 53.880272 181.760666
v -139.894135 42.622345 183.500214
v -126.760269 45.186954 182.015579
v -122.794556 50.211971 181.520782
v -119.146286 54.162857 180.720871
v -136.545258 41.811314 183.500885
v -133.200592 41.693020 183.196640
v -117.569893 65.287056 185.997971
v -120.952179 65.851204 190.581696
v -123.391113 66.080902 191.426010
v -133.013031 66.491188 194.568527
v -141.461899 66.297638 192.871948
v -148.564301 66.080902 190.436264
v -151.842026 65.769478 189.152466
v -156.343292 64.486404 182.612045
v -155.128326 56.900208 180.532501
v -158.166245 62.465622 178.463043
v -157.631348 61.479675 178.426102
v -158.332001 62.779686 179.044754
v -128.873230 43.594135 182.332077
v -136.941116 1.923666 241.472641
v -143.144028 2.080761 236.469421
v -140.208649 2.011047 239.319077
v -144.889343 2.042109 229.828537
v -144.768356 1.977250 226.302551
v -127.027649 1.316585 235.983582
v -126.389114 1.237623 234.449493
v -142.936462 1.796566 222.318314
v -143.970032 1.885632 223.354568
v -131.220001 1.666432 240.098938
v -137.375931 1.382418 218.063644
v -139.607758 1.518950 218.657990
v -126.691093 0.962583 223.984650
v -131.963348 1.102538 218.543259
v -139.555573 66.270302 206.585236
v -132.499542 66.438286 205.050018
v -142.177826 66.180367 207.669830
v -125.048172 66.080902 208.682281
v -119.039551 63.453545 221.283798
v -119.172127 62.465622 222.134659
v -147.921814 53.113785 218.170929
v -143.519196 47.172653 217.223633
v -126.794533 48.013409 218.303680
v -129.832764 44.879448 217.264313
v -133.058655 42.177425 216.012741
v -120.132889 61.122223 221.842453
v -150.929718 60.790581 221.322433
v -119.738876 64.472542 218.853714
v -151.609833 62.465622 222.043930
v -152.133530 64.106888 218.930206
v -120.862137 65.124512 215.081528
v -147.955017 65.835793 210.320496
v -149.068604 65.576210 212.296799
v -134.734940 1.844143 242.678192
v -148.941498 2.234139 259.533813
v -144.104645 1.850290 266.372528
v -146.412643 1.986247 264.277618
v -131.249969 1.447447 268.250549
v -137.340759 1.577093 268.991760
v -148.792175 2.358981 252.685059
v -147.220169 2.326549 249.086838
v -142.062103 2.119482 244.229279
v -127.889946 1.403252 267.044800
v -121.625900 1.268667 254.895538
v -125.758263 1.416914 246.213501
v -131.359955 1.686518 243.438080
v -123.126915 1.359600 261.608704
v -143.458130 74.696930 235.782181
v -146.111603 74.287170 235.227356
v -128.613327 74.696930 235.087189
v -131.671509 74.894630 234.463257
v -117.346527 71.929733 237.366837
v -119.230232 73.197533 235.868103
v -139.147552 49.113907 242.491455
v -143.088730 52.899742 241.499237
v -144.836288 55.255577 241.344818
v -144.010956 54.158966 241.424484
v -122.251617 61.142181 239.818008
v -121.694870 61.716415 239.553207
v -138.417328 48.810925 242.466217
v -132.210876 48.056438 242.439651
v -132.688080 47.843494 242.385864
v -117.539291 69.635147 238.162186
v -120.070343 65.068581 237.791016
v -148.401047 60.546371 241.849548
v -151.764069 66.847260 239.168045
v -120.006187 73.393158 235.391556
v -122.032837 73.829987 235.651016
v -131.127487 49.242447 242.257355
v -145.919754 1.267604 279.648682
v -148.138153 0.835075 283.792175
v -140.997375 1.484035 273.727509
v -134.866577 1.382172 272.262512
v -149.916122 -1.012347 291.056519
v -131.672485 1.254618 273.251465
v -128.646881 1.070336 275.697388
v -144.485001 -18.061680 285.130585
v -135.751297 -17.929449 285.821289
v -150.481216 -17.873829 285.042358
v -124.645966 -16.990341 286.317627
v -125.375763 -3.369067 296.779236
v -121.175323 -12.160398 291.849640
v -126.281395 -9.588470 293.359009
v -125.508209 0.793379 278.637756
v -122.964157 0.496026 281.833984
v -122.584595 0.217985 286.216827
v -147.116425 50.346054 269.710876
v -151.396088 65.281410 276.513794
v -128.573883 44.470360 269.849304
v -143.643921 45.654655 269.044861
v -138.075714 39.430367 270.946838
v -113.774246 63.152748 270.593567
v -113.997917 62.564774 270.623840
v -113.933922 64.050003 271.501740
v -120.942055 64.322243 278.703094
v -115.873131 65.159470 273.386200
v -137.544403 67.189232 282.787720
v -144.241776 66.848740 281.835571
v -121.462082 51.492817 268.910645
v -133.437683 38.758808 270.860596
vn 0.3487 -0.8767 -0.3313
vn -0.5030 -0.6226 -0.5995
vn 0.4399 -0.8887 0.1292
vn -0.0574 -0.8946 0.4431
vn -0.4589 -0.8809 0.1158
vn -0.5502 -0.5900 -0.5909
vn 0.4491 -0.5706 -0.6876
vn 0.5764 -0.7199 0.3866
vn -0.6206 -0.5527 0.5563
vn -0.7530 -0.6278 -0.1969
vn -0.6813 -0.4904 0.5435
vn 0.0334 0.9994 0.0063
vn -0.0014 0.9999 0.0145
vn -0.0136 0.9999 -0.0056
vn -0.0105 0.9999 0.0097
vn -0.0223 0.9995 0.0215
vn -0.0222 0.9997 0.0113
vn 0.0081 0.9999 0.0120
vn 0.0079 0.9999 0.0116
vn 0.0153 0.9999 -0.0037
vn 0.0234 0.9997 -0.0057
vn 0.0037 0.9999 -0.0096
vn 0.0032 0.9999 -0.0155
vn 0.0007 0.9999 -0.0133
vn -0.0164 0.9998 -0.0139
vn -0.0271 0.9995 0.0160
vn -0.3295 -0.4983 0.8020
vn 0.6132 -0.7124 0.3413
vn 0.7288 -0.6820 0.0618
vn 0.5563 -0.5959 -0.5791
vn 0.7073 -0.6973 -0.1162
vn -0.4256 -0.6331 -0.6466
vn 0.1068 -0.7795 -0.6173
vn -0.6178 -0.7527 -0.2275
vn -0.4506 -0.8875 0.0966
vn -0.3325 -0.3376 0.8806
vn -0.5268 -0.5792 0.6221
vn -0.0628 -0.8663 0.4955
vn 0.2396 -0.7833 0.5735
vn 0.6047 -0.7284 0.3223
vn 0.6163 -0.7612 0.2017
vn 0.5757 -0.8152 0.0627
vn -0.3753 -0.8022 -0.4643
vn -0.2810 -0.7864 -0.5500
vn -0.1897 -0.9029 -0.3857
vn 0.5191 -0.7833 -0.3420
vn 0.4468 -0.7774 -0.4427
vn 0.3979 -0.8180 -0.4154
vn 0.3401 -0.9154 -0.2154
vn 0.0783 -0.8439 -0.5308
vn -0.2780 -0.8945 -0.3501
vn -0.2456 -0.8454 -0.4743
vn 0.1234 -0.7956 -0.5932
vn 0.5340 -0.6834 -0.4977
vn -0.3757 -0.4196 -0.8263
vn 0.4022 -0.4298 -0.8084
vn -0.2089 -0.1601 -0.9647
vn 0.6007 -0.2552 -0.7577
vn -0.0177 0.9998 -0.0120
vn 0.0048 0.9921 -0.1253
vn 0.0427 0.9963 -0.0741
vn 0.0141 0.9995 -0.0280
vn 0.0487 0.9963 -0.0709
vn 0.0460 0.9931 -0.1076
vn -0.0040 0.9993 -0.0381
vn -0.0155 0.9957 -0.0918
vn -0.0457 0.9936 -0.1033
vn -0.0107 0.9997 -0.0239
vn -0.0022 0.9998 -0.0219
vn -0.0173 0.9998 -0.0120
vn 0.0144 0.9998 -0.0157
vn 0.3978 0.8192 -0.4132
vn 0.4039 0.7608 -0.5081
vn 0.2725 0.8335 -0.4806
vn -0.0244 0.8230 -0.5676
vn -0.1514 0.6926 -0.7052
vn -0.1986 0.8212 -0.5350
vn -0.2973 0.7696 -0.5652
vn -0.1238 0.8358 -0.5350
vn 0.1992 0.4882 -0.8497
vn 0.2214 -0.2397 -0.9453
vn 0.0025 -0.4116 -0.9114
vn -0.4449 -0.4683 -0.7634
vn 0.2658 0.8785 -0.3970
vn 0.5395 -0.5697 -0.6200
vn 0.6922 -0.4333 -0.5772
vn 0.3978 -0.5066 -0.7650
vn 0.1711 -0.6007 -0.7810
vn -0.0109 -0.4760 -0.8794
vn -0.3361 -0.5066 -0.7940
vn -0.4424 -0.6231 -0.6450
vn -0.4712 -0.6199 -0.6274
vn -0.5322 -0.8285 -0.1743
vn -0.7926 -0.6067 0.0606
vn 0.5703 -0.5565 -0.6043
vn 0.6094 -0.7437 -0.2750
vn 0.3551 -0.8885 -0.2906
vn 0.7315 -0.6798 -0.0523
vn 0.4525 -0.8885 0.0769
vn -0.0237 -0.9851 0.1705
vn 0.1275 -0.9828 -0.1333
vn -0.4063 -0.9070 -0.1109
vn -0.3597 -0.8547 -0.3743
vn -0.0415 -0.8518 -0.5222
vn -0.9109 -0.4092 0.0532
vn -0.4453 -0.4384 -0.7807
vn -0.9535 -0.2641 -0.1456
vn -0.2910 -0.1971 -0.9362
vn 0.0170 0.9987 -0.0489
vn -0.0622 0.9974 -0.0372
vn -0.0852 0.9951 -0.0504
vn -0.0247 0.9957 -0.0896
vn -0.0007 0.9997 -0.0235
vn -0.0148 0.9973 -0.0713
vn -0.0143 0.9995 -0.0288
vn -0.0288 0.9961 -0.0833
vn -0.0612 0.9937 -0.0941
vn -0.0214 0.9997 -0.0146
vn -0.0718 0.9972 -0.0196
vn -0.0728 0.9972 -0.0170
vn -0.0143 0.9999 0.0033
vn -0.0090 0.9999 -0.0131
vn 0.0040 1.0000 -0.0016
vn 0.0007 1.0000 -0.0033
vn -0.0901 0.9881 -0.1244
vn -0.0584 0.9020 -0.4277
vn -0.1176 0.7983 -0.5906
vn -0.2077 0.7211 -0.6610
vn -0.2450 0.8394 -0.4851
vn -0.4522 0.8743 -0.1766
vn -0.5773 0.8112 -0.0933
vn -0.5112 0.8594 -0.0101
vn -0.1718 0.9851 -0.0049
vn -0.1855 -0.4158 -0.8903
vn -0.1119 -0.3773 -0.9193
vn -0.5935 0.5592 -0.5788
vn -0.6874 -0.2796 -0.6703
vn -0.7816 -0.4870 -0.3897
vn -0.0929 0.9742 -0.2056
vn -0.1621 -0.9581 -0.2361
vn -0.9242 -0.3773 0.0587
vn -0.0229 -0.6586 -0.7521
vn 0.0563 -0.6425 -0.7643
vn -0.1533 -0.5013 -0.8516
vn -0.4117 -0.5105 -0.7549
vn -0.5320 -0.6504 -0.5421
vn -0.7426 -0.5750 -0.3434
vn -0.7866 -0.6122 -0.0801
vn -0.4004 -0.9085 -0.1193
vn -0.7992 -0.5988 -0.0527
vn -0.0360 -0.9133 -0.4057
vn 0.1095 -0.9497 -0.2934
vn 0.1888 -0.9390 -0.2876
vn 0.6292 -0.4832 0.6088
vn 0.1927 -0.9444 -0.2665
vn 0.0947 -0.8995 0.4265
vn 0.5220 -0.7697 0.3675
vn -0.4475 -0.8829 0.1423
vn -0.4494 -0.8741 -0.1843
vn -0.0121 -0.9079 -0.4190
vn 0.6227 -0.7309 0.2793
vn -0.5292 0.0372 0.8477
vn -0.8669 -0.3321 -0.3717
vn -0.2888 -0.4781 0.8294
vn -0.1328 0.9911 0.0091
vn -0.0405 0.9991 0.0078
vn -0.0048 0.9998 -0.0193
vn 0.0066 0.9999 -0.0110
vn 0.0062 0.9999 -0.0112
vn 0.0047 0.9999 -0.0151
vn -0.0187 0.9995 -0.0241
vn -0.0158 0.9998 -0.0138
vn -0.0304 0.9993 -0.0235
vn -0.0257 0.9996 -0.0087
vn -0.0459 0.9988 -0.0156
vn -0.0347 0.9925 0.1170
vn -0.0279 0.9994 -0.0205
vn -0.0495 0.9988 -0.0034
vn 0.0116 0.9996 -0.0243
vn 0.0446 0.9987 -0.0256
vn -0.0385 0.9980 -0.0509
vn -0.9906 0.1360 0.0127
vn -0.9908 -0.0986 0.0927
vn -0.1339 -0.7486 0.6494
vn -0.3396 0.9295 0.1441
vn -0.9894 0.1157 -0.0878
vn -0.5939 -0.4676 -0.6547
vn -0.6132 -0.4962 -0.6146
vn -0.7486 0.6286 0.2107
vn -0.7587 -0.5850 0.2866
vn -0.8246 -0.3205 0.4661
vn 0.5711 -0.7334 0.3687
vn 0.0328 -0.8224 -0.5679
vn 0.1877 -0.8073 -0.5595
vn -0.2330 -0.9688 0.0839
vn -0.6553 -0.6592 -0.3688
vn -0.6519 -0.6562 -0.3800
vn -0.5769 -0.6829 -0.4482
vn -0.5652 -0.6700 0.4813
vn -0.6819 -0.6260 0.3783
vn -0.7028 -0.6408 0.3089
vn 0.1677 -0.9455 0.2792
vn 0.5086 -0.8220 0.2561
vn 0.3784 -0.9230 0.0697
vn -0.2771 -0.8538 0.4408
vn 0.1641 -0.8881 0.4293
vn 0.8711 -0.3564 0.3377
vn 0.3686 -0.9123 0.1782
vn 0.3705 -0.8825 0.2897
vn -0.0939 -0.8108 0.5777
vn -0.1930 -0.8212 0.5370
vn -0.3419 -0.5542 0.7589
vn -0.5452 -0.7039 0.4553
vn -0.5832 -0.2177 0.7826
vn -0.3932 0.8865 0.2440
vn -0.0028 0.9840 0.1783
vn -0.0871 0.9933 0.0755
vn -0.0476 0.9988 0.0068
vn -0.0214 0.9997 0.0088
vn -0.0478 0.9988 0.0062
vn -0.0924 0.9940 0.0589
vn -0.0172 0.9995 0.0251
vn -0.0510 0.9962 0.0704
vn -0.0396 0.9940 0.1023
vn 0.0331 0.9994 -0.0096
vn 0.0006 0.9999 -0.0119
vn 0.0006 0.9999 -0.0126
vn -0.0180 0.9998 -0.0105
vn -0.0810 0.9966 0.0130
vn -0.2374 0.9529 0.1889
vn -0.3724 0.9227 0.1002
vn -0.3996 0.8330 0.3827
vn -0.4195 0.7086 0.5673
vn -0.2384 0.8435 0.4814
vn -0.2119 0.3118 0.9262
vn -0.2172 0.9556 0.1991
vn -0.5434 0.7399 0.3966
vn -0.7780 -0.3916 0.4913
vn -0.6343 -0.5372 0.5559
vn -0.0730 0.5224 0.8496
vn -0.1392 -0.3321 0.9329
vn 0.0088 0.9998 0.0156
vn 0.4661 0.8468 0.2562
vn -0.6418 -0.4255 0.6380
vn -0.6683 -0.4672 0.5789
vn -0.0300 -0.5729 0.8191
vn 0.3457 -0.9066 0.2419
vn 0.4378 -0.6973 -0.5675
vn -0.0028 -0.8681 0.4963
vn 0.6681 -0.7187 -0.1924
vn 0.6997 -0.7100 -0.0797
vn 0.1259 -0.9080 0.3997
vn 0.5600 -0.6378 0.5288
vn -0.2521 -0.9190 0.3033
vn -0.2537 -0.9208 0.2964
vn 0.2380 -0.9638 0.1198
vn 0.6859 -0.5667 0.4564
vn 0.0577 -0.7794 0.6238
vn 0.6928 -0.4566 0.5581
vn -0.2435 -0.4630 0.8523
vn 0.0458 0.9966 0.0681
vn -0.0100 0.9982 0.0598
vn -0.0218 0.9997 -0.0136
vn 0.0113 0.9999 0.0093
vn 0.0178 0.9998 0.0018
vn -0.0053 0.9999 0.0104
vn -0.0126 0.9997 0.0193
vn -0.0194 0.9998 0.0068
vn -0.0099 0.9999 0.0111
vn -0.0059 1.0000 -0.0061
vn 0.0251 0.9979 0.0594
vn 0.0020 0.9998 0.0216
vn -0.0104 0.9982 0.0599
vn 0.0081 0.9969 0.0779
vn 0.0111 0.9998 0.0187
vn 0.0486 0.9979 0.0425
vn -0.0883 0.9591 0.2688
vn -0.1718 0.8782 0.4463
vn -0.1460 0.8472 0.5109
vn -0.0194 0.9162 0.4003
vn 0.2906 0.9042 0.3129
vn 0.3767 0.8678 0.3242
vn 0.2702 0.9364 0.2240
vn -0.1164 0.8659 0.4865
vn -0.3114 -0.5906 0.7445
vn 0.2732 0.6624 0.6976
vn 0.2945 -0.5948 0.7480
vn 0.3816 -0.7478 0.5433
vn 0.3701 0.8658 0.3367
vn 0.3406 0.8902 0.3024
vn 0.4886 -0.8722 0.0237
vn 0.5345 -0.7540 0.3819
vn -0.8207 -0.5269 0.2212
vn -0.4619 -0.8859 -0.0436
vn 0.1269 -0.9647 0.2306
vn -0.4504 -0.7917 0.4128
vn -0.2631 -0.6364 0.7251
vn -0.1311 -0.9736 0.1871
vn 0.4162 -0.8902 0.1852
vn 0.3511 -0.9176 0.1866
vn 0.0895 -0.6135 0.7846
vn 0.2489 -0.6702 0.6992
vn 0.4530 -0.5877 0.6704
vn 0.4858 -0.8647 0.1273
vn 0.7963 -0.5982 0.0901
vn 0.3077 -0.8868 0.3447
vn -0.2316 -0.9391 0.2540
vn -0.3074 -0.9302 -0.2005
vn 0.9441 -0.3294 -0.0102
vn 0.8568 -0.4017 0.3233
vn 0.5142 -0.3948 0.7613
vn 0.8865 -0.4592 0.0575
vn 0.8332 -0.1642 0.5280
vn 0.1159 0.9929 0.0275
vn 0.0806 0.9935 0.0805
vn 0.0213 0.9997 -0.0067
vn 0.0219 0.9997 -0.0067
vn 0.0042 1.0000 -0.0068
vn -0.0003 1.0000 0.0006
vn -0.0095 0.9999 0.0064
vn 0.0091 0.9998 0.0181
vn 0.0408 0.9951 0.0903
vn 0.0280 0.9995 0.0156
vn 0.0794 0.9957 0.0484
vn 0.1165 0.9923 0.0408
vn 0.0269 0.9996 0.0039
vn 0.0557 0.9984 -0.0091
vn 0.0431 0.9991 0.0006
vn 0.4034 0.8318 0.3812
vn 0.4167 0.7662 0.4892
vn 0.4100 0.8354 0.3661
vn 0.6049 0.6986 0.3822
vn 0.5275 0.8181 0.2289
vn 0.5460 0.8364 -0.0487
vn 0.4663 0.8798 0.0925
vn 0.0969 0.9953 0.0024
vn 0.4084 0.7636 0.5001
vn 0.5669 -0.3541 0.7438
vn 0.6482 -0.4189 0.6359
vn 0.8028 0.5780 0.1463
vn 0.9467 -0.2729 0.1710
vn 0.9287 -0.3672 0.0523
vn -0.6796 -0.6712 -0.2961
vn -0.3469 -0.8687 -0.3535
vn 0.1019 -0.9000 -0.4238
vn -0.0964 -0.9953 0.0055
vn -0.2177 -0.9439 0.2485
vn -0.1165 -0.9097 0.3986
vn 0.5818 0.1538 0.7987
vn 0.3997 -0.6522 0.6441
vn 0.6315 -0.5073 0.5864
vn -0.4783 -0.8605 -0.1752
vn 0.1521 -0.9847 -0.0856
vn 0.2712 -0.9287 -0.2529
vn 0.8139 -0.4809 0.3259
vn 0.7925 -0.5917 0.1477
vn 0.8299 -0.5569 0.0325
vn 0.2498 -0.9156 0.3151
vn 0.7605 -0.6347 0.1371
vn -0.1599 -0.9671 0.1978
vn -0.0941 -0.9010 -0.4234
vn 0.2028 -0.8666 -0.4559
vn 0.8815 -0.4556 0.1243
vn 0.2053 -0.2007 -0.9579
vn 0.4599 -0.4356 -0.7738
vn 0.8827 -0.3558 0.3070
vn 0.1975 -0.5793 -0.7908
vn 0.7116 -0.1810 -0.6788
vn 0.0467 0.9989 -0.0075
vn 0.0477 0.9936 -0.1028
vn 0.0895 0.9953 -0.0373
vn 0.0225 0.9996 -0.0193
vn 0.0577 0.9969 -0.0536
vn 0.0561 0.9935 -0.0989
vn 0.0070 0.9996 -0.0262
vn 0.0002 0.9986 -0.0535
vn 0.0150 0.9988 -0.0470
vn -0.0049 1.0000 -0.0074
vn -0.0005 1.0000 -0.0071
vn -0.0327 0.9907 0.1321
vn 0.0034 1.0000 0.0067
vn 0.0001 1.0000 0.0087
vn 0.0035 1.0000 0.0052
vn 0.0225 0.9997 -0.0048
vn 0.0484 0.9986 0.0210
vn 0.0897 0.9959 -0.0135
vn 0.4255 0.8718 -0.2427
vn 0.4864 0.7403 -0.4641
vn 0.3012 0.8454 -0.4412
vn 0.0486 0.8143 -0.5784
vn 0.1796 0.8859 -0.4277
vn 0.3633 0.9305 0.0464
vn 0.4891 0.8688 0.0780
vn 0.4696 0.8709 0.1452
vn 0.2596 0.5906 -0.7641
vn 0.3081 -0.2802 -0.9092
vn 0.1991 -0.3542 -0.9137
vn 0.9173 -0.3035 0.2578
vn 0.7504 0.6567 -0.0746
vn 0.9379 -0.3349 -0.0901
vn 0.7887 -0.4902 -0.3711
vn 0.4541 -0.5219 -0.7220
vn 0.2650 -0.6071 -0.7491
vn 0.1617 -0.5550 -0.8160
vn 0.3439 -0.6992 -0.6268
vn -0.1150 -0.9925 -0.0416
vn -0.0204 -0.8214 -0.5700
vn 0.0605 -0.6085 -0.7913
vn 0.6250 -0.7464 -0.2287
vn 0.1772 -0.7916 0.5847
vn 0.7285 -0.5744 -0.3733
vn 0.7140 -0.6917 -0.1081
vn 0.3979 -0.9091 -0.1235
vn -0.4908 -0.7964 0.3535
vn 0.0693 -0.9964 0.0486
vn 0.7911 -0.6080 0.0672
vn -0.0340 0.9991 -0.0233
vn -0.0397 0.9992 0.0078
vn -0.0777 -0.7111 0.6988
vn -0.0538 0.9984 -0.0147
vn -0.1880 -0.7542 0.6292
vn -0.0316 0.9944 0.1013
vn -0.5630 -0.7107 -0.4218
vn -0.1521 -0.9063 -0.3943
vn -0.0318 0.9994 0.0105
vn -0.3189 -0.8308 -0.4562
vn -0.2110 -0.1632 0.9638
vn -0.8447 -0.5286 -0.0841
vn -0.0606 0.9927 -0.1041
vn -0.6020 -0.7606 0.2430
vn -0.7456 0.1408 0.6513
vn -0.1697 -0.5702 0.8038
vn -0.9515 -0.2865 0.1125
vn -0.2692 -0.8528 -0.4474
vn -0.2330 -0.9016 -0.3645
vn -0.2269 -0.7612 -0.6075
vn 0.1854 -0.6982 -0.6915
vn 0.5157 -0.7929 0.3247
vn 0.5154 -0.6764 0.5262
vn -0.4777 -0.6925 0.5406
vn -0.5019 -0.5865 0.6357
vn 0.0183 0.9997 -0.0135
vn 0.0177 0.9997 -0.0192
vn 0.0186 0.9997 -0.0132
vn -0.0039 1.0000 -0.0020
vn 0.0148 0.9999 0.0061
vn -0.0050 1.0000 0.0081
vn -0.0010 0.9998 0.0203
vn -0.0158 0.9996 -0.0228
vn 0.3785 0.9145 -0.1428
vn -0.0165 0.9998 -0.0078
vn -0.0174 0.9998 -0.0089
vn -0.0209 0.9997 0.0134
vn -0.0226 0.9996 0.0194
vn -0.0254 0.9994 0.0224
vn 0.0117 0.9999 0.0082
vn 0.0142 0.9998 0.0133
vn 0.0277 0.9996 0.0108
vn 0.0266 0.9996 -0.0123
vn 0.0303 0.9995 0.0015
vn 0.2542 0.9665 -0.0351
vn 0.0032 0.9999 -0.0154
vn -0.0175 0.9997 -0.0157
vn -0.0183 0.9997 -0.0165
vn -0.0135 0.9996 -0.0243
vn -0.0160 0.9998 -0.0121
vn 0.2472 0.9689 0.0099
vn 0.0310 0.9995 -0.0037
vn 0.0211 0.9998 -0.0046
vn 0.7281 -0.5997 -0.3319
vn 0.5585 -0.8290 -0.0291
vn 0.3517 -0.9359 -0.0178
vn 0.5783 -0.5650 -0.5884
vn 0.6734 -0.5617 -0.4808
vn -0.4218 -0.6198 -0.6617
vn -0.3677 -0.6111 -0.7009
vn -0.5030 -0.8243 -0.2599
vn -0.7965 -0.4918 -0.3518
vn -0.7651 -0.6138 -0.1948
vn -0.4323 -0.8949 0.1106
vn -0.2013 -0.8925 0.4035
vn -0.4584 -0.8443 0.2775
vn -0.0976 -0.6162 0.7815
vn -0.5507 -0.6459 0.5287
vn -0.1986 -0.8977 0.3933
vn -0.2001 -0.8018 0.5631
vn 0.3285 -0.8475 0.4169
vn 0.1944 -0.9369 0.2905
vn 0.7611 -0.5666 0.3157
vn 0.5826 -0.7550 0.3010
vn 0.8462 -0.4414 0.2985
vn 0.7147 -0.6948 0.0802
vn -0.4167 -0.6919 -0.5895
vn -0.4931 -0.7196 -0.4890
vn -0.3628 -0.8457 -0.3913
vn -0.2386 -0.9483 -0.2092
vn 0.3040 -0.9035 -0.3020
vn 0.5751 -0.7213 -0.3861
vn 0.5405 -0.6764 -0.5003
vn 0.4185 -0.7607 -0.4961
vn 0.3210 -0.7775 -0.5408
vn 0.2632 -0.9523 -0.1543
vn 0.5995 -0.7449 -0.2929
vn 0.6355 -0.5658 -0.5254
vn -0.2895 -0.8805 -0.3754
vn -0.0350 0.9922 -0.1200
vn -0.0162 0.9996 -0.0249
vn -0.0016 0.9999 -0.0132
vn -0.0160 0.9998 -0.0110
vn -0.0162 0.9998 -0.0107
vn 0.0011 0.9999 -0.0171
vn -0.0017 0.9999 -0.0113
vn -0.0084 0.9998 -0.0177
vn 0.0175 0.9997 -0.0190
vn 0.0185 0.9997 -0.0131
vn 0.0377 0.9991 -0.0190
vn -0.0974 0.9787 -0.1808
vn -0.3279 0.6727 -0.6633
vn -0.5064 -0.4279 -0.7487
vn 0.7661 -0.2043 -0.6093
vn 0.5369 -0.6749 -0.5062
vn 0.5112 -0.4623 -0.7245
vn -0.3087 -0.7261 -0.6144
vn -0.5264 -0.3122 -0.7908
vn -0.0160 -0.8778 -0.4788
vn -0.5715 -0.7809 -0.2523
vn -0.3864 -0.8776 -0.2838
vn -0.6554 -0.6965 -0.2919
vn 0.4082 -0.9036 -0.1296
vn 0.0482 0.1444 0.9883
vn 0.6518 -0.7579 -0.0292
vn 0.3853 -0.9228 -0.0018
vn -0.0625 -0.7030 -0.7084
vn 0.0569 0.9981 -0.0237
vn -0.0611 0.9975 -0.0357
vn -0.0568 0.9983 -0.0117
vn -0.0806 0.9960 -0.0377
vn -0.0407 0.9980 -0.0482
vn -0.0180 0.9989 -0.0436
vn -0.0082 0.9998 -0.0177
vn -0.0115 0.9999 -0.0095
vn 0.0029 0.9999 -0.0144
vn 0.0763 0.9942 0.0761
vn -0.3877 -0.7258 -0.5682
vn -0.0774 0.9660 -0.2469
vn -0.3499 -0.8443 -0.4059
vn -0.0474 -0.5006 -0.8644
vn -0.2191 -0.8227 -0.5246
vn -0.2174 -0.9585 -0.1842
vn -0.7697 -0.6344 -0.0719
vn -0.7881 -0.6097 -0.0846
vn -0.7070 -0.5575 -0.4351
vn 0.9968 -0.0725 -0.0330
vn 0.1930 -0.8943 -0.4037
vn 0.1877 -0.8294 -0.5262
vn 0.2110 -0.7404 -0.6382
vn 0.0124 -0.9680 -0.2507
vn -0.7102 -0.6976 0.0947
vn -0.0782 -0.9905 -0.1128
vn -0.0577 -0.9982 0.0164
vn 0.1187 -0.9902 0.0734
vn -0.7002 -0.7003 0.1389
vn 0.5288 0.0473 0.8474
vn 0.3899 -0.5998 0.6987
vn 0.6585 -0.2954 0.6922
vn 0.3743 -0.6084 0.6998
vn -0.5140 0.0547 0.8560
vn -0.8959 -0.2846 -0.3411
vn -0.7447 -0.5366 -0.3968
vn -0.1783 0.9839 -0.0086
vn -0.1582 0.9874 -0.0069
vn -0.0355 0.9994 0.0040
vn -0.0049 0.9999 -0.0099
vn 0.0068 0.9999 -0.0112
vn 0.0065 0.9999 -0.0153
vn 0.0045 0.9999 -0.0126
vn 0.0056 0.9999 -0.0161
vn -0.0149 0.9999 -0.0082
vn -0.0327 0.9991 -0.0265
vn -0.0643 0.9977 -0.0190
vn -0.0231 0.9940 0.1070
vn -0.0236 0.9994 -0.0265
vn -0.0127 0.9998 -0.0151
vn -0.0364 0.9989 -0.0286
vn -0.0604 0.9981 -0.0154
vn 0.0115 0.9997 -0.0227
vn 0.0071 0.9998 -0.0163
vn 0.0454 0.9987 -0.0250
vn -0.1475 0.9630 -0.2254
vn -0.0512 0.9932 -0.1046
vn -0.1351 -0.7471 0.6508
vn -0.3182 0.9379 0.1384
vn -0.1667 0.9716 -0.1680
vn -0.8941 0.3948 -0.2114
vn -0.1249 -0.8075 -0.5764
vn -0.7559 0.5966 0.2697
vn -0.7216 0.6651 0.1922
vn -0.8806 -0.2687 0.3904
vn -0.7668 -0.4004 0.5016
vn 0.1516 -0.7183 -0.6790
vn 0.1666 -0.7417 -0.6496
vn 0.0174 -0.8666 -0.4987
vn -0.2635 -0.9469 -0.1841
vn -0.1715 -0.7653 -0.6204
vn -0.6726 -0.6420 -0.3680
vn -0.6517 -0.6710 -0.3537
vn -0.5362 -0.7252 -0.4320
vn -0.4163 -0.8076 0.4177
vn -0.7170 -0.5377 0.4437
vn -0.3706 -0.9261 0.0706
vn -0.3338 -0.5417 -0.7715
vn 0.2614 -0.9618 0.0816
vn -0.2759 -0.8556 0.4381
vn -0.2419 -0.8184 0.5213
vn 0.1233 -0.9713 0.2033
vn 0.0783 -0.9282 0.3639
vn 0.7073 -0.7055 0.0448
vn 0.7008 -0.7127 0.0305
vn 0.6904 -0.6513 0.3148
vn 0.1877 -0.9427 0.2758
vn 0.4747 -0.8118 0.3399
vn -0.1919 -0.8302 0.5234
vn -0.7447 -0.4555 0.4878
vn -0.8054 -0.2034 0.5568
vn -0.7711 -0.3303 0.5443
vn -0.4233 0.8683 0.2584
vn 0.0227 0.9997 -0.0117
vn 0.2492 0.9611 -0.1191
vn -0.0357 0.9994 0.0017
vn -0.0336 0.9993 0.0157
vn 0.0023 0.9999 -0.0109
vn -0.0718 0.9973 0.0175
vn -0.1786 0.9810 0.0758
vn -0.2389 0.9587 0.1546
vn 0.0041 0.9998 -0.0208
vn 0.0448 0.9987 -0.0243
vn 0.0549 0.9981 -0.0275
vn 0.0114 0.9840 0.1776
vn 0.0525 0.9984 0.0207
vn -0.6270 -0.5571 0.5445
vn -0.6037 -0.5222 0.6024
vn 0.3415 -0.8960 0.2839
vn -0.0010 -0.4584 0.8887
vn 0.3757 -0.8801 0.2905
vn 0.2776 -0.8677 0.4123
vn -0.0803 -0.9398 0.3321
vn 0.6033 -0.7823 -0.1549
vn 0.6489 -0.7551 -0.0938
vn 0.5478 -0.5957 0.5874
vn -0.1068 -0.8759 0.4705
vn -0.1392 -0.9741 0.1780
vn 0.3367 -0.9275 0.1622
vn 0.6681 -0.4662 0.5799
vn 0.7921 -0.1527 0.5910
vn 0.0072 0.9996 -0.0264
vn -0.0056 1.0000 -0.0009
vn -0.0277 0.9995 0.0152
vn -0.0221 0.9997 0.0066
vn 0.0090 0.9999 0.0120
vn 0.0085 0.9999 0.0076
vn 0.0272 0.9996 0.0090
vn 0.0153 0.9998 0.0081
vn -0.0067 1.0000 0.0073
vn -0.0123 0.9999 0.0058
vn 0.0281 0.9996 -0.0027
vn 0.0145 0.9998 0.0105
vn 0.0111 0.9999 0.0092
vn 0.0416 0.9974 0.0597
vn 0.0201 0.9964 0.0829
vn -0.0017 0.9988 0.0485
vn 0.0341 0.9989 0.0335
vn 0.0279 0.9984 0.0486
vn -0.0436 0.9988 0.0216
vn -0.0547 0.9985 -0.0046
vn 0.3809 0.8602 0.3391
vn -0.4964 0.0590 0.8661
vn 0.4343 0.8226 0.3670
vn 0.8454 -0.5133 -0.1479
vn 0.6031 -0.7950 0.0645
vn 0.4667 -0.8841 0.0245
vn -0.6468 -0.6002 0.4705
vn -0.5794 -0.7959 0.1757
vn -0.4813 -0.8748 -0.0548
vn -0.5972 -0.7410 -0.3071
vn 0.1135 -0.9676 0.2255
vn -0.5015 -0.7724 0.3898
vn -0.5195 -0.4762 0.7095
vn 0.3526 -0.8576 0.3746
vn 0.3447 -0.9140 -0.2138
vn 0.3152 -0.9438 0.0998
vn 0.5369 -0.7357 0.4130
vn 0.9136 -0.4066 -0.0029
vn 0.8207 -0.5712 -0.0145
vn 0.5298 -0.3705 0.7629
vn 0.8604 -0.5054 0.0662
vn 0.9433 -0.3316 -0.0115
vn -0.0000 0.9999 -0.0116
vn 0.0188 0.9998 0.0087
vn 0.0002 1.0000 0.0023
vn 0.0036 1.0000 -0.0082
vn 0.0016 1.0000 -0.0016
vn -0.0033 1.0000 -0.0082
vn 0.0071 0.9999 0.0072
vn -0.0014 1.0000 0.0079
vn 0.0576 0.9982 0.0190
vn 0.4451 0.7335 0.5137
vn 0.0551 0.9980 0.0322
vn 0.2669 0.9055 0.3300
vn 0.4820 0.8716 0.0895
vn 0.3837 0.9214 0.0621
vn 0.1071 0.9932 0.0451
vn -0.4090 -0.8949 -0.1783
vn -0.4217 -0.8848 -0.1983
vn -0.3061 -0.9308 -0.1997
vn -0.4209 -0.8588 0.2922
vn -0.3474 -0.9319 0.1038
vn -0.7352 -0.6613 -0.1487
vn -0.4512 -0.8901 0.0644
vn -0.2121 -0.9521 0.2203
vn 0.1165 -0.9372 0.3288
vn 0.5178 -0.6381 0.5698
vn 0.4916 -0.7742 0.3987
vn 0.4413 -0.6556 0.6127
vn 0.1568 -0.9676 -0.1977
vn 0.7105 -0.6988 -0.0824
vn 0.2535 -0.9553 -0.1522
vn 0.8019 -0.5542 0.2230
vn 0.1074 -0.2868 -0.9520
vn 0.0494 0.9987 -0.0129
vn 0.0378 0.9993 0.0017
vn 0.0428 0.9990 -0.0117
vn -0.1602 0.9860 -0.0459
vn 0.0055 0.9989 -0.0456
vn -0.0012 1.0000 -0.0074
vn -0.0003 1.0000 0.0017
vn 0.0037 1.0000 0.0053
vn 0.0026 1.0000 -0.0020
vn 0.1697 0.8551 -0.4898
vn 0.1425 0.9896 0.0220
vn 0.4289 0.9028 0.0329
vn 0.8058 -0.5604 0.1917
vn 0.9161 -0.3065 0.2585
vn 0.2036 -0.1161 -0.9721
vn 0.2510 -0.5377 -0.8049
vn -0.0852 -0.7727 -0.6290
vn -0.0142 -0.6708 -0.7415
vn -0.1624 -0.8656 -0.4736
vn -0.3324 -0.6225 -0.7085
vn 0.0053 -0.7927 -0.6096
vn -0.0127 -0.9996 -0.0266
vn 0.0328 -0.9991 0.0285
vn -0.0481 -0.9738 0.2224
vn 0.4417 -0.1922 0.8763
vn 0.4400 -0.8334 0.3345
vn 0.0114 -0.9352 0.3539
vn 0.2385 -0.9383 0.2504
vn 0.2834 -0.9381 0.1990
vn 0.3349 -0.9201 0.2031
vn 0.7675 -0.6314 0.1104
vn -0.0536 0.9984 -0.0157
vn -0.2915 -0.7821 -0.5507
vn -0.1121 0.8698 -0.4805
vn -0.1795 0.9549 -0.2367
vn -0.6402 -0.4835 -0.5970
vn -0.1287 -0.9608 -0.2454
vn -0.1149 -0.9640 -0.2396
vn -0.9125 -0.4021 0.0748
vn -0.0732 0.9903 -0.1183
vn 0.0505 0.9982 -0.0330
vn -0.0193 0.9984 -0.0534
vn -0.1970 0.9776 0.0739
vn 0.4005 0.9049 0.1438
vn 0.2793 0.9025 -0.3278
vn -0.2601 0.9034 -0.3409
vn -0.1554 0.9723 -0.1746
vn 0.8147 0.5798 -0.0000
vn 0.2674 0.6158 -0.7412
vn -0.6739 0.5928 -0.4410
vn -0.4778 -0.3574 0.8025
vn 0.6155 -0.3620 0.7001
vn 0.8765 -0.3674 -0.3113
vn -0.1530 -0.3986 -0.9043
vn -0.9198 -0.3894 -0.0487
vn -0.1229 0.0237 0.9921
vn 0.9841 0.0076 0.1776
vn -0.4096 -0.3692 -0.8342
vn -0.9234 -0.0817 -0.3751
vn 0.4562 -0.5099 -0.7293
vn 0.9112 -0.3555 -0.2084
vn 0.5821 -0.0261 -0.8127
vn 0.8924 -0.3195 0.3187
vn -0.1011 -0.3583 0.9281
vn 0.7675 -0.0339 0.6402
vn -0.9665 0.0093 -0.2567
vn -0.9119 -0.4049 0.0665
vn -0.9060 -0.4232 -0.0063
vn -0.8087 -0.2565 -0.5293
vn -0.3176 -0.4843 -0.8152
vn -0.2744 -0.4874 -0.8290
vn 0.3195 -0.3366 -0.8858
vn 0.6975 -0.5080 -0.5054
vn 0.7434 -0.5066 -0.4367
vn 0.9384 -0.3455 -0.0000
vn 0.7329 -0.5100 0.4503
vn -0.9060 -0.4232 0.0063
vn -0.3045 -0.4414 -0.8441
vn -0.2195 0.7625 -0.6086
vn -0.0121 0.9092 -0.4162
vn 0.7592 -0.4204 -0.4968
vn 0.5600 0.7430 -0.3665
vn 0.4281 0.8934 -0.1366
vn 0.7273 -0.5381 0.4260
vn 0.4736 0.8010 0.3661
vn -0.9126 -0.4089 -0.0000
vn -0.6817 0.7317 -0.0000
vn -0.4352 0.8928 -0.1161
vn -0.1245 0.9825 -0.1388
vn -0.0417 0.9924 -0.1156
vn 0.0102 0.9839 -0.1784
vn 0.1081 0.9828 -0.1496
vn 0.1090 0.9915 -0.0714
vn 0.1909 0.9805 -0.0462
vn 0.1502 0.9865 0.0655
vn -0.1847 0.9807 -0.0637
vn -0.1240 0.9922 0.0134
vn -0.0795 0.9966 0.0214
vn -0.1095 -0.4046 -0.9079
vn -0.4358 -0.3938 -0.8093
vn -0.8345 -0.4644 0.2967
vn 0.5201 -0.4136 0.7473
vn 0.1860 -0.0104 0.9825
vn 0.5390 -0.5006 -0.6774
vn 0.3551 -0.0480 0.9336
vn 0.9493 0.0330 -0.3125
vn -0.3050 0.0763 -0.9493
vn -0.6222 0.0071 -0.7828
vn 0.9285 -0.3677 -0.0516
vn -0.6766 -0.0090 0.7363
vn -0.9747 0.0059 -0.2235
vn -0.4131 -0.1439 -0.8992
vn -0.6220 -0.4291 -0.6549
vn 0.9988 -0.0489 -0.0046
vn 0.3224 -0.0325 -0.9460
vn -0.9326 -0.0142 0.3607
vn -0.4769 0.0309 0.8784
vn 0.5463 0.0180 0.8374
vn -0.8351 -0.0116 0.5500
vn -0.4532 -0.1751 -0.8740
vn -0.6756 -0.5634 -0.4755
vn -0.9376 0.0785 0.3388
vn -0.3594 -0.0451 -0.9321
vn -0.5647 0.0818 0.8213
vn 0.0649 -0.5090 -0.8583
vn -0.9985 -0.0353 -0.0427
vn 0.6775 0.0334 0.7347
vn -0.0275 0.9982 -0.0535
vn -0.9291 -0.0186 0.3694
vn -0.6559 0.1107 0.7467
vn -0.1099 -0.0065 -0.9939
vn -0.8849 -0.0893 -0.4572
vn 0.0064 0.9710 0.2389
vn -0.4074 -0.3406 -0.8473
vn 0.6405 -0.3839 -0.6651
vn 0.5158 -0.0244 0.8563
vn -0.3849 -0.4555 -0.8027
vn 0.6043 0.3376 0.7217
vn -0.2187 -0.8537 -0.4725
vn -0.8497 0.0316 -0.5263
vn -0.9415 -0.0064 -0.3370
vn 0.5741 0.0675 0.8160
vn 0.9117 0.0144 -0.4107
vn -0.0632 0.0074 0.9980
vn 0.0350 0.0934 0.9950
vn -0.5867 -0.4317 0.6851
vn 0.7206 0.0772 0.6890
vn -0.5862 -0.0172 0.8100
vn -0.7378 0.0845 0.6697
vn -0.4382 0.1318 0.8891
vn -0.4602 0.0270 -0.8874
vn 0.7358 0.0629 -0.6743
vn 0.5939 -0.0850 -0.8001
vn 0.9455 0.0004 0.3256
vn 0.9730 -0.0065 -0.2308
vn 0.9933 0.0204 0.1141
vn -0.9198 -0.3894 0.0487
vn 0.8423 0.0341 0.5380
vn 0.8642 -0.3097 -0.3965
vn 0.9447 -0.0171 -0.3275
vn 0.5969 -0.0083 0.8023
vn 0.8317 -0.0615 0.5519
vn 0.3438 -0.0262 -0.9387
vn -0.9495 -0.3116 0.0375
vn 0.8904 -0.3121 0.3314
vn -0.9695 0.0047 0.2450
vn -0.5068 0.0198 -0.8619
vn -0.6176 0.0114 -0.7864
vn -0.1793 0.0152 -0.9837
vn 0.7681 0.1415 0.6245
vn -0.8686 -0.0008 0.4955
vn -0.5842 -0.0162 -0.8114
vn -0.0568 -0.0138 -0.9983
vn 0.8200 0.0480 0.5704
vn -0.0179 0.9987 0.0471
vn -0.1715 0.9836 0.0563
vn 0.0467 0.9985 0.0291
vn 0.0467 0.9985 -0.0291
vn -0.0179 0.9987 -0.0471
vn -0.4091 0.9065 0.1039
vn -0.0114 0.9273 0.3741
vn 0.4025 0.9072 0.1222
vn -0.6607 0.6277 0.4116
vn 0.2658 0.6612 0.7016
vn 0.7929 0.6094 -0.0000
vn 0.6330 -0.3894 0.6691
vn 0.6745 -0.4190 0.6078
vn 0.8700 -0.3824 -0.3113
vn -0.0778 -0.4372 -0.8960
vn -0.9085 -0.4154 -0.0458
vn 0.9845 0.0102 0.1749
vn -0.4186 -0.4074 -0.8117
vn 0.6841 -0.0279 -0.7288
vn 0.8891 -0.3438 0.3022
vn -0.3657 -0.2591 0.8939
vn 0.7826 -0.0373 0.6214
vn -0.9694 0.0100 -0.2451
vn -0.8928 -0.4504 -0.0059
vn -0.7066 0.3740 -0.6008
vn -0.3998 -0.4983 -0.7693
vn 0.7272 -0.5431 -0.4198
vn 0.9293 -0.3694 -0.0000
vn 0.7344 -0.5404 0.4106
vn 0.3286 -0.3739 0.8673
vn -0.0733 0.9970 -0.0268
vn -0.8870 -0.4616 0.0105
vn 0.7501 -0.4634 -0.4718
vn 0.5609 0.7382 -0.3748
vn 0.4025 0.9072 -0.1222
vn 0.7568 -0.4526 0.4715
vn 0.5391 0.7724 0.3358
vn 0.2633 0.9188 0.2942
vn -0.2911 -0.9207 -0.2601
vn -0.2130 0.7991 0.5622
vn -0.2452 0.9199 0.3060
vn -0.9001 -0.4356 -0.0000
vn -0.6532 0.7572 -0.0000
vn -0.4091 0.9065 -0.1039
vn -0.1157 0.9857 -0.1227
vn -0.0387 0.9940 -0.1020
vn 0.0348 0.9818 -0.1869
vn 0.0997 0.9788 -0.1791
vn 0.1011 0.9929 -0.0630
vn 0.1773 0.9833 -0.0409
vn 0.1773 0.9833 0.0409
vn 0.1011 0.9929 0.0630
vn 0.1004 0.9861 0.1323
vn -0.1715 0.9836 -0.0563
vn -0.1249 0.9922 -0.0000
vn -0.0578 0.9983 -0.0000
vn 0.0095 0.9874 0.1579
vn -0.0387 0.9940 0.1020
vn -0.1157 0.9857 0.1227
vn -0.4438 -0.4331 -0.7846
vn -0.8286 -0.4789 0.2899
vn 0.5066 -0.4759 0.7189
vn 0.4454 -0.0324 0.8947
vn 0.9536 0.0358 -0.2989
vn -0.9139 -0.0408 -0.4038
vn 0.9184 -0.3927 -0.0486
vn -0.7334 -0.0200 0.6795
vn -0.8526 -0.0322 -0.5215
vn -0.6251 -0.4657 -0.6265
vn 0.9986 -0.0528 -0.0044
vn -0.9356 -0.0194 0.3524
vn -0.4951 0.0347 0.8682
vn 0.5448 0.0314 0.8380
vn -0.8472 -0.0127 0.5312
vn -0.5611 0.0768 0.8242
vn 0.6929 0.0230 0.7207
vn -0.9350 -0.0203 0.3540
vn 0.6853 0.1396 0.7148
vn -0.7974 0.0288 0.6027
vn -0.9911 0.0061 -0.1333
vn -0.8237 -0.0153 -0.5669
vn -0.6549 -0.1767 -0.7348
vn 0.6036 -0.4530 -0.6561
vn 0.5091 -0.0262 0.8603
vn -0.8462 -0.0290 -0.5321
vn 0.8066 -0.0584 -0.5883
vn -0.9465 -0.0069 -0.3226
vn 0.5288 0.0634 0.8464
vn 0.9189 0.0157 -0.3941
vn -0.0664 0.0084 0.9978
vn 0.0576 0.1092 0.9923
vn -0.6173 -0.3925 0.6819
vn -0.9184 0.0860 0.3863
vn -0.6051 -0.0191 0.7959
vn -0.7929 0.0827 0.6037
vn -0.3681 0.1583 0.9162
vn -0.4918 0.0253 -0.8703
vn 0.7547 0.0077 -0.6561
vn 0.9503 0.0004 0.3115
vn -0.9969 0.0095 -0.0782
vn 0.9773 -0.0081 -0.2118
vn 0.9914 0.0261 0.1281
vn 0.8538 0.0373 0.5192
vn 0.8637 -0.3343 -0.3773
vn 0.9495 -0.0186 -0.3133
vn 0.6158 -0.0092 0.7879
vn 0.8435 -0.0674 0.5329
vn 0.3597 -0.0301 -0.9326
vn -0.9420 -0.3338 0.0354
vn 0.8916 -0.3634 0.2701
vn -0.9722 0.0051 0.2339
vn -0.4774 0.0186 -0.8785
vn -0.9993 -0.0198 -0.0330
vn -0.1347 0.0553 -0.9893
vn 0.9058 0.1800 0.3836
vn -0.8559 -0.0096 0.5171
vn -0.6031 -0.0181 -0.7974
vn 0.0627 -0.0145 -0.9979
vn 0.9184 -0.0185 0.3953
vn -0.2101 0.9691 0.1295
vn 0.0416 0.9987 0.0280
vn 0.0556 0.9973 -0.0483
vn -0.2545 0.9562 0.1444
vn 0.3646 0.9234 0.1197
vn 0.2442 0.9241 -0.2939
vn -0.2545 0.9108 -0.3252
vn -0.2640 0.9088 0.3231
vn 0.7568 0.6536 -0.0000
vn -0.4609 -0.4092 0.7875
vn 0.6328 -0.4498 0.6303
vn 0.8475 -0.4311 -0.3096
vn -0.1507 -0.4556 -0.8773
vn -0.8884 -0.4565 -0.0484
vn -0.1195 0.0280 0.9924
vn -0.3896 -0.4261 -0.8165
vn 0.5711 -0.0311 -0.8203
vn 0.8692 -0.3776 0.3193
vn 0.7582 -0.0406 0.6507
vn 0.0723 -0.4939 0.8665
vn -0.9646 0.0112 -0.2635
vn -0.8784 -0.4733 0.0659
vn -0.8699 -0.4931 -0.0063
vn -0.7902 -0.3042 -0.5320
vn 0.6542 -0.5782 -0.4876
vn 0.6986 -0.5777 -0.4222
vn 0.9130 -0.4079 -0.0000
vn 0.6986 -0.5777 0.4222
vn -0.2962 -0.5481 0.7822
vn -0.4058 0.8036 0.4354
vn -0.8699 -0.4931 0.0063
vn 0.7311 -0.4548 -0.5085
vn 0.5072 0.7864 -0.3527
vn 0.3646 0.9234 -0.1197
vn 0.7337 -0.4404 0.5174
vn 0.2764 0.9032 0.3283
vn -0.8785 -0.4777 -0.0000
vn -0.6090 0.7932 -0.0000
vn -0.3708 0.9231 -0.1018
vn 0.0895 0.9878 -0.1275
vn 0.0901 0.9941 -0.0607
vn 0.1583 0.9866 -0.0395
vn 0.1583 0.9866 0.0395
vn 0.0901 0.9941 0.0607
vn 0.2158 0.1806 0.9596
vn -0.1531 0.9867 -0.0543
vn -0.1113 0.9938 -0.0000
vn -0.0514 0.9987 -0.0000
vn -0.4093 -0.4749 -0.7791
vn -0.7931 -0.5356 0.2901
vn 0.1874 -0.0132 0.9822
vn 0.4803 -0.4939 0.7248
vn 0.3462 -0.0568 0.9364
vn 0.9464 0.0399 -0.3205
vn 0.9001 -0.4326 -0.0515
vn -0.7257 -0.0270 0.6875
vn -0.8322 -0.0749 -0.5494
vn -0.5899 -0.4938 -0.6389
vn 0.9991 -0.0421 -0.0026
vn -0.9260 -0.0216 0.3769
vn -0.8278 -0.0140 0.5609
vn -0.5189 0.1008 0.8489
vn -0.9851 -0.1534 0.0783
vn 0.6669 0.0399 0.7441
vn 0.5929 -0.4564 -0.6635
vn 0.5050 -0.0290 0.8626
vn -0.8282 -0.0259 -0.5598
vn 0.6945 -0.1086 -0.7113
vn -0.9635 -0.1145 -0.2420
vn 0.2394 0.1456 0.9599
vn -0.0615 0.0088 0.9981
vn -0.5555 -0.4961 0.6673
vn -0.5752 -0.0205 0.8177
vn 0.8683 -0.0522 -0.4933
vn -0.5465 -0.0077 -0.8374
vn 0.7255 0.0752 -0.6840
vn 0.9426 0.0003 0.3339
vn 0.9736 -0.0090 -0.2280
vn -0.8884 -0.4564 0.0484
vn -0.8033 0.2786 -0.5264
vn 0.8415 -0.3660 -0.3973
vn 0.9417 -0.0207 -0.3358
vn 0.5860 -0.0099 0.8103
vn 0.8000 -0.0613 0.5969
vn -0.9284 -0.3697 0.0377
vn 0.8714 -0.3991 0.2853
vn -0.9828 -0.0005 -0.1848
vn -0.0367 0.8401 -0.5412
vn -0.8373 -0.0106 0.5467
vn -0.5733 -0.0193 -0.8191
vn -0.9834 -0.0276 -0.1795
vn -0.0552 -0.0163 -0.9983
vn -0.0166 0.9984 0.0534
vn -0.1596 0.9851 0.0640
vn 0.0434 0.9985 0.0330
vn 0.0434 0.9985 -0.0330
vn -0.0166 0.9984 -0.0534
vn -0.3840 0.9156 0.1191
vn -0.0104 0.9092 0.4162
vn 0.3774 0.9154 0.1399
vn 0.2428 0.9118 -0.3312
vn -0.2258 0.9114 -0.3439
vn -0.6174 0.6312 0.4695
vn 0.2322 0.6216 0.7482
vn 0.7706 0.6373 -0.0000
vn 0.2322 0.6216 -0.7482
vn -0.6174 0.6312 -0.4695
vn -0.4285 -0.3643 0.8269
vn 0.5676 -0.3758 0.7325
vn -0.1059 0.0237 0.9941
vn 0.9644 0.0272 0.2629
vn -0.3604 -0.3775 -0.8530
vn 0.5562 -0.0511 -0.8295
vn 0.8622 -0.3587 0.3578
vn -0.0871 -0.3588 0.9294
vn 0.7175 -0.0368 0.6956
vn -0.9555 0.0106 -0.2949
vn -0.9031 -0.4187 0.0955
vn -0.6560 -0.2043 -0.7266
vn 0.3279 -0.3922 -0.8594
vn 0.6082 -0.4166 -0.6757
vn 0.6912 -0.5474 -0.4718
vn 0.9194 -0.3933 -0.0000
vn 0.6992 -0.5238 0.4865
vn 0.4774 -0.7573 0.4455
vn 0.2787 -0.3412 0.8978
vn -0.1368 -0.6420 0.7544
vn -0.7663 -0.2975 0.5695
vn -0.2064 -0.4998 -0.8412
vn -0.8788 -0.4771 0.0071
vn -0.2924 -0.1644 -0.9421
vn -0.1901 0.7673 -0.6124
vn -0.0104 0.9092 -0.4162
vn 0.7084 -0.4559 -0.5388
vn 0.5028 0.7752 -0.3824
vn 0.3774 0.9154 -0.1399
vn 0.7045 -0.4654 0.5358
vn 0.5028 0.7752 0.3824
vn 0.2428 0.9118 0.3312
vn -0.2652 -0.4468 0.8544
vn -0.1901 0.7673 0.6124
vn -0.2258 0.9114 0.3439
vn -0.8869 -0.4619 -0.0000
vn -0.6255 0.7802 -0.0000
vn -0.3840 0.9156 -0.1191
vn -0.1074 0.9845 -0.1390
vn -0.0359 0.9926 -0.1156
vn 0.0088 0.9839 -0.1784
vn 0.0931 0.9843 -0.1498
vn 0.0940 0.9930 -0.0715
vn 0.1651 0.9852 -0.0465
vn 0.1651 0.9852 0.0465
vn 0.0940 0.9930 0.0715
vn 0.0931 0.9843 0.1498
vn -0.1596 0.9851 -0.0640
vn -0.1162 0.9932 -0.0000
vn -0.0537 0.9986 -0.0000
vn 0.0088 0.9839 0.1784
vn -0.0359 0.9926 0.1156
vn -0.1074 0.9845 0.1390
vn -0.8688 -0.4510 0.2043
vn 0.4249 -0.3158 0.8484
vn 0.1608 -0.0105 0.9869
vn 0.3107 -0.0488 0.9493
vn -0.8271 -0.0320 -0.5612
vn 0.9069 -0.4174 -0.0586
vn -0.6631 -0.0182 0.7483
vn -0.7788 -0.0361 -0.6262
vn -0.7784 0.4072 0.4778
vn -0.5643 -0.4525 -0.6905
vn 0.9984 -0.0568 -0.0054
vn -0.9084 -0.0202 0.4177
vn -0.4178 0.0287 0.9081
vn 0.4894 0.0187 0.8719
vn -0.7585 -0.0106 0.6516
vn 0.1270 -0.1699 -0.9772
vn -0.5295 -0.3000 -0.7935
vn -0.7782 0.0090 0.6280
vn -0.5073 0.0854 0.8575
vn -0.9990 -0.0213 -0.0403
vn 0.6212 0.0356 0.7829
vn -0.9075 -0.0212 0.4194
vn 0.5787 0.2048 0.7894
vn -0.8492 -0.0485 0.5258
vn -0.9737 0.1513 0.1703
vn -0.7794 0.0002 -0.6265
vn -0.0104 -0.1148 -0.9933
vn 0.0572 -0.1592 -0.9856
vn 0.4600 -0.0253 0.8875
vn -0.7903 -0.0373 -0.6116
vn 0.7704 -0.0240 -0.6371
vn -0.9233 -0.0072 -0.3841
vn 0.8858 0.0163 -0.4637
vn -0.0544 0.0074 0.9985
vn 0.0911 0.0846 0.9922
vn -0.4271 -0.3631 0.8281
vn -0.9669 0.1643 0.1953
vn 0.6667 0.0830 0.7407
vn -0.5143 -0.0172 0.8574
vn 0.1767 0.9681 0.1777
vn -0.5350 0.0743 0.8416
vn -0.4699 0.0048 -0.8827
vn 0.6328 -0.0175 -0.7741
vn 0.4911 -0.0994 -0.8654
vn 0.9284 0.0004 0.3715
vn -0.9954 0.0103 -0.0954
vn 0.9823 -0.0165 -0.1864
vn 0.9562 0.0248 0.2918
vn -0.8910 -0.4384 0.1181
vn 0.8024 0.0378 0.5956
vn 0.8276 -0.3446 -0.4430
vn 0.9420 -0.0348 -0.3338
vn 0.5392 -0.0087 0.8422
vn 0.7900 -0.0679 0.6093
vn 0.3005 -0.0266 -0.9534
vn -0.9335 -0.3560 0.0428
vn -0.9595 0.0054 0.2818
vn -0.5032 0.0246 -0.8638
vn 0.6928 0.1014 0.7139
vn 0.9325 -0.0644 -0.3554
vn -0.7679 -0.0065 0.6406
vn -0.5147 -0.0506 -0.8559
vn 0.7026 0.0914 0.7057
vn -0.0121 0.9985 0.0534
vn -0.1175 0.9910 0.0643
vn 0.0318 0.9989 0.0330
vn 0.0318 0.9989 -0.0330
vn -0.0121 0.9985 -0.0534
vn -0.2912 0.9487 0.1233
vn 0.2859 0.9473 0.1448
vn -0.4981 0.6957 0.5176
vn 0.1722 0.6295 0.7577
vn 0.6628 0.7488 -0.0000
vn -0.4981 0.6957 -0.5175
vn 0.4575 -0.4096 0.7892
vn 0.7536 -0.5015 -0.4249
vn -0.0970 -0.4015 -0.9107
vn -0.8279 -0.5565 -0.0695
vn -0.0777 0.0238 0.9967
vn 0.9764 -0.0076 0.2160
vn -0.2721 -0.3894 -0.8800
vn -0.0410 0.1094 0.9931
vn -0.7019 -0.0357 -0.7114
vn 0.4997 0.0701 -0.8634
vn 0.7798 -0.4433 0.4421
vn -0.0433 -0.3717 0.9273
vn 0.6021 -0.0422 0.7973
vn -0.9214 0.0140 -0.3885
vn -0.8137 -0.5736 0.0943
vn -0.8032 -0.5956 -0.0089
vn -0.6547 -0.3297 -0.6802
vn 0.5227 -0.6044 -0.6013
vn 0.5735 -0.6205 -0.5348
vn 0.8634 -0.5046 -0.0000
vn 0.5735 -0.6205 0.5348
vn 0.2083 -0.3522 0.9124
vn -0.1938 -0.4366 0.8785
vn -0.6547 -0.3297 0.6802
vn -0.8032 -0.5956 0.0089
vn 0.5980 -0.4628 -0.6544
vn 0.4411 0.7027 -0.5582
vn 0.2859 0.9473 -0.1448
vn 0.5921 -0.5206 0.6152
vn 0.3917 0.8252 0.4070
vn 0.1802 0.9245 0.3358
vn -0.1086 0.8718 0.4778
vn -0.8148 -0.5797 -0.0000
vn -0.5061 0.8625 -0.0000
vn -0.2912 0.9487 -0.1233
vn 0.0689 0.9950 -0.0716
vn 0.1216 0.9915 -0.0468
vn 0.1216 0.9915 0.0468
vn 0.0689 0.9950 0.0716
vn -0.0999 0.9933 -0.0583
vn -0.0789 0.9968 -0.0128
vn -0.0428 0.9991 -0.0069
vn -0.0788 0.9871 0.1394
vn -0.2917 -0.4185 -0.8601
vn -0.6902 -0.6098 0.3896
vn 0.3548 -0.4389 0.8255
vn 0.1184 -0.0105 0.9929
vn 0.3439 -0.4712 0.8122
vn 0.2327 -0.0500 0.9713
vn 0.8852 0.0488 -0.4626
vn -0.7135 -0.0383 -0.6996
vn 0.8442 -0.5308 -0.0745
vn -0.5432 -0.0217 0.8393
vn -0.6995 -0.0388 -0.7136
vn -0.4475 -0.4901 -0.7480
vn 0.9970 -0.0775 -0.0073
vn -0.8465 -0.0258 0.5318
vn -0.3233 0.0333 0.9457
vn 0.3800 0.0199 0.9248
vn -0.6911 -0.0153 0.7226
vn -0.0801 -0.1792 -0.9805
vn -0.3388 0.0455 0.9398
vn -0.9981 -0.0291 -0.0550
vn 0.5019 0.0393 0.8641
vn 0.2216 -0.0280 -0.9747
vn -0.8453 -0.0269 0.5336
vn 0.4651 -0.4425 -0.7667
vn 0.3546 -0.0266 0.9346
vn -0.6897 -0.0348 -0.7233
vn -0.8694 -0.0093 -0.4941
vn 0.9178 -0.0085 -0.3970
vn -0.0399 0.0074 0.9992
vn 0.0342 0.0964 0.9948
vn -0.4152 -0.4850 0.7696
vn -0.8415 -0.1578 0.5168
vn -0.4147 -0.0193 0.9098
vn 0.7719 -0.2381 -0.5894
vn -0.3104 0.0289 -0.9502
vn 0.2198 -0.0282 -0.9751
vn -0.0099 0.9998 0.0144
vn 0.8775 0.0005 0.4797
vn -0.9914 0.0140 -0.1298
vn 0.9605 -0.0222 -0.2773
vn 0.9928 0.0797 -0.0898
vn -0.8279 -0.5565 0.0696
vn 0.7343 -0.4179 -0.5350
vn 0.8831 0.0278 -0.4684
vn 0.4372 -0.0180 0.8992
vn 0.6862 -0.0806 0.7229
vn 0.2247 -0.0271 -0.9740
vn -0.8855 -0.4613 0.0555
vn 0.7871 -0.4716 0.3976
vn -0.9281 0.0071 0.3724
vn -0.1380 -0.0626 -0.9885
vn -0.7350 -0.0457 -0.6766
vn -0.1140 0.0154 -0.9934
vn -0.7044 -0.0116 0.7097
vn -0.4130 -0.0182 -0.9106
vn 0.2440 -0.1207 -0.9622
vn -0.0358 -0.0139 -0.9993
vn -0.1558 0.9877 0.0156
vn 0.0575 0.9978 -0.0345
vn -0.0220 0.9982 -0.0558
vn 0.3131 0.8879 -0.3370
vn -0.2919 0.8898 -0.3508
vn 0.8482 0.5297 -0.0000
vn 0.2943 0.5948 -0.7480
vn -0.7150 0.5520 -0.4290
vn -0.5178 -0.3324 0.7883
vn 0.3220 -0.5477 0.7722
vn 0.8859 -0.3342 -0.3216
vn 0.8768 -0.3593 -0.3195
vn -0.1974 -0.4543 0.8687
vn -0.1338 0.0226 0.9907
vn 0.9856 0.0083 0.1687
vn -0.6099 -0.3376 -0.7170
vn 0.7759 -0.0217 -0.6305
vn 0.9106 -0.2861 0.2981
vn -0.1107 -0.3445 0.9323
vn 0.7939 -0.0307 0.6072
vn 0.0847 -0.4183 0.9044
vn -0.9716 0.0082 -0.2366
vn -0.9300 -0.3623 0.0622
vn -0.8340 -0.2322 -0.5005
vn -0.1493 0.9549 0.2567
vn -0.1862 -0.3957 -0.8993
vn 0.3816 -0.4188 -0.8240
vn 0.7790 -0.4659 -0.4196
vn 0.9516 -0.3074 -0.0000
vn 0.7790 -0.4659 0.4196
vn -0.9542 -0.2568 0.1536
vn -0.3319 -0.4223 -0.8435
vn -0.2443 0.7448 -0.6210
vn -0.0137 0.9021 -0.4314
vn 0.7915 -0.3847 -0.4749
vn 0.6068 0.7065 -0.3641
vn 0.4746 0.8692 -0.1388
vn 0.1473 0.9512 -0.2711
vn -0.9864 -0.1314 0.0987
vn -0.7702 0.6373 0.0252
vn -0.4821 0.8681 -0.1179
vn -0.1414 0.9793 -0.1445
vn -0.0475 0.9916 -0.1206
vn 0.0116 0.9825 -0.1862
vn 0.1228 0.9801 -0.1559
vn 0.1240 0.9895 -0.0744
vn 0.2163 0.9751 -0.0481
vn 0.2163 0.9751 0.0481
vn 0.1240 0.9895 0.0744
vn -0.2093 0.9756 -0.0662
vn -0.1479 0.9890 0.0060
vn -0.0736 0.9973 0.0030
vn -0.3211 -0.4804 -0.8162
vn -0.8623 -0.4211 0.2811
vn 0.5627 -0.4031 0.7217
vn 0.2022 -0.0099 0.9793
vn 0.5383 -0.4110 0.7358
vn 0.3828 -0.0454 0.9227
vn 0.9569 0.0292 -0.2888
vn -0.7093 -0.0511 -0.7031
vn -0.3987 0.0206 -0.9168
vn 0.9435 -0.3279 -0.0481
vn -0.7460 -0.0165 0.6657
vn -0.8613 -0.0264 -0.5074
vn -0.5380 0.6215 0.5694
vn -0.6882 -0.3607 -0.6295
vn 0.9991 -0.0429 -0.0043
vn -0.9399 -0.0158 0.3410
vn -0.5092 0.0290 0.8601
vn 0.5796 0.0168 0.8147
vn -0.8560 -0.0105 0.5169
vn -0.2611 -0.0804 -0.9620
vn -0.5852 0.0690 0.8079
vn 0.7088 0.0307 0.7048
vn 0.3785 -0.0233 -0.9253
vn -0.9394 -0.0165 0.3425
vn 0.7007 0.1160 0.7040
vn -0.6855 0.1613 0.7100
vn -0.9942 0.0151 -0.1063
vn 0.9303 0.0012 -0.3667
vn -0.7394 -0.1119 -0.6639
vn 0.0783 -0.1697 -0.9824
vn 0.5489 -0.0228 0.8356
vn -0.8551 -0.0238 -0.5179
vn -0.9501 -0.0056 -0.3119
vn 0.9242 0.0128 -0.3817
vn -0.0689 0.0071 0.9976
vn -0.6246 -0.4034 0.6687
vn -0.4793 0.1863 0.8576
vn -0.6195 -0.0159 0.7848
vn -0.8046 0.0682 0.5899
vn -0.5469 0.0821 0.8331
vn -0.5535 0.0061 -0.8328
vn 0.7671 -0.0247 -0.6410
vn 0.7147 -0.0824 -0.6946
vn 0.9536 0.0003 0.3011
vn -0.9971 0.0078 -0.0754
vn 0.9789 -0.0066 -0.2043
vn 0.9921 0.0212 0.1235
vn -0.9364 -0.3479 0.0455
vn 0.8625 0.0306 0.5051
vn 0.8853 -0.2785 -0.3725
vn 0.9529 -0.0152 -0.3029
vn 0.6301 -0.0077 0.7765
vn 0.8530 -0.0554 0.5190
vn -0.9615 -0.2729 0.0311
vn -0.9742 0.0041 0.2257
vn -0.9994 -0.0161 -0.0318
vn -0.1889 0.0181 -0.9818
vn 0.8534 0.1074 0.5100
vn -0.8643 -0.0079 0.5029
vn -0.6444 -0.0244 -0.7643
vn -0.9990 0.0287 -0.0348
vn -0.0388 -0.0162 -0.9991
vn 0.9237 -0.0151 0.3829
vn 0.0064 0.9986 -0.0525
vn 0.1363 0.9870 -0.0857
vn -0.0453 0.9987 -0.0238
vn -0.0344 0.9987 0.0378
vn 0.0240 0.9986 0.0472
vn 0.3364 0.9253 -0.1750
vn -0.3734 0.9250 -0.0702
vn -0.1700 0.9206 0.3516
vn 0.2664 0.9202 0.2870
vn 0.1705 -0.9812 -0.0907
vn -0.3465 0.6442 -0.6818
vn -0.7366 0.6637 0.1299
vn -0.0932 0.6427 0.7605
vn 0.6687 0.6554 0.3511
vn 0.2704 -0.3828 -0.8834
vn -0.8340 -0.2322 0.5005
vn -0.6530 -0.3573 0.6678
vn 0.8792 -0.4661 -0.0990
vn -0.0700 0.0251 -0.9972
vn -0.9990 0.0117 -0.0424
vn -0.8808 -0.0570 0.4700
vn -0.5243 -0.2174 0.8233
vn -0.9016 -0.3804 -0.2059
vn -0.8228 -0.0392 -0.5670
vn -0.2180 -0.4534 -0.8642
vn 0.9916 0.0114 0.1290
vn 0.8461 -0.4829 -0.2255
vn 0.8522 -0.5032 -0.1430
vn 0.8450 -0.2986 0.4436
vn 0.5555 0.4672 -0.6879
vn 0.4961 0.6503 0.5753
vn -0.1135 -0.3582 0.9267
vn -0.8950 -0.4171 0.1578
vn -0.7447 -0.5724 -0.3433
vn 0.1274 -0.5092 -0.8512
vn 0.8498 -0.5032 -0.1571
vn 0.3832 -0.5357 0.7525
vn 0.2814 0.7845 0.5526
vn 0.0787 0.9174 0.3900
vn -0.5909 -0.4787 0.6494
vn -0.4086 0.7946 0.4490
vn -0.3268 0.9250 0.1936
vn -0.8063 -0.3161 -0.4999
vn -0.6183 0.6729 -0.4060
vn -0.3782 0.8542 -0.3567
vn 0.1521 0.9202 -0.3608
vn 0.8597 -0.4877 -0.1516
vn 0.5895 0.8011 -0.1039
vn 0.3760 0.9253 0.0494
vn 0.1216 0.9862 0.1125
vn 0.0520 0.9934 0.1021
vn 0.0213 0.9855 0.1682
vn -0.0610 0.9860 0.1551
vn -0.0746 0.9938 0.0819
vn -0.1441 0.9871 0.0702
vn -0.1595 0.9871 -0.0167
vn -0.0981 0.9938 -0.0515
vn -0.1103 0.9860 -0.1249
vn 0.1573 0.9870 0.0339
vn 0.1067 0.9941 -0.0188
vn 0.0493 0.9987 -0.0087
vn 0.0145 0.9929 -0.1183
vn 0.0725 0.9859 -0.1506
vn 0.5071 -0.4124 0.7568
vn 0.7082 -0.5389 -0.4561
vn -0.5826 -0.4662 -0.6658
vn -0.3274 -0.0111 -0.9448
vn -0.5618 -0.4722 -0.6792
vn -0.4666 -0.0516 -0.8830
vn 0.8974 -0.0341 0.4398
vn -0.8713 -0.4419 0.2133
vn 0.5153 -0.0206 -0.8568
vn 0.8889 -0.0347 0.4567
vn 0.6624 -0.4745 0.5797
vn -0.9820 -0.0609 0.1787
vn 0.8185 -0.0217 -0.5741
vn 0.2534 0.0338 -0.9668
vn -0.6280 0.0198 -0.7779
vn 0.6707 -0.0137 -0.7416
vn 0.4389 -0.0878 0.8942
vn 0.7069 -0.2096 0.6756
vn 0.0481 0.9988 -0.0058
vn 0.5345 0.0101 0.8451
vn 0.3440 0.0905 -0.9346
vn -0.7424 0.0378 -0.6689
vn 0.8174 -0.0226 -0.5757
vn 0.4429 0.1966 -0.8748
vn 0.6354 -0.0010 0.7722
vn 0.9987 0.0207 -0.0470
vn 0.9160 -0.0177 0.4008
vn -0.8822 -0.0581 0.4673
vn 0.7341 -0.2127 0.6449
vn -0.5284 -0.2932 0.7967
vn 0.3332 -0.1340 0.9333
vn -0.6019 -0.0268 -0.7981
vn 0.8829 -0.0312 0.4686
vn 0.8207 -0.1241 0.5578
vn 0.9747 -0.0077 0.2235
vn -0.7878 0.0174 0.6157
vn -0.1207 0.0078 -0.9927
vn -0.4643 0.1488 -0.8731
vn 0.3853 -0.4742 -0.7917
vn 0.3664 -0.0191 -0.9302
vn 0.5945 0.0872 -0.7994
vn -0.9998 -0.0028 -0.0219
vn -0.6729 -0.0542 0.7378
vn 0.2235 0.1258 -0.9666
vn 0.5547 0.0294 0.8315
vn -0.3628 -0.0974 0.9268
vn -0.9777 0.0004 -0.2101
vn 0.9976 0.0268 -0.0640
vn -0.9059 -0.0092 0.4234
vn -0.9994 0.0300 0.0156
vn 0.8600 -0.4661 -0.2077
vn -0.8901 0.0403 -0.4541
vn -0.7289 -0.3657 0.5788
vn -0.8454 -0.0209 0.5337
vn -0.6718 -0.0092 -0.7406
vn -0.8799 -0.0724 -0.4696
vn 0.9031 -0.3783 -0.2030
vn -0.8995 -0.4031 -0.1683
vn 0.8940 0.0058 -0.4480
vn 0.5562 0.0182 0.8308
vn 0.9908 -0.0229 -0.1331
vn 0.7945 0.0072 0.6073
vn 0.2661 0.0629 0.9619
vn -0.9023 0.1708 -0.3958
vn -0.6867 -0.0517 0.7251
vn 0.6838 -0.0104 -0.7296
vn 0.6694 -0.0221 0.7425
vn -0.9503 -0.0205 -0.3107
vn -0.0366 0.9989 -0.0282
vn -0.0476 0.9986 -0.0224
vn -0.0370 0.9986 0.0374
vn 0.0247 0.9987 0.0455
vn -0.2078 0.9681 -0.1403
vn -0.1853 0.9203 0.3446
vn 0.2775 0.9205 0.2752
vn 0.5380 0.6450 -0.5427
vn -0.7555 0.6415 0.1332
vn -0.1118 0.6509 0.7509
vn 0.6912 0.6450 0.3260
vn -0.7789 -0.4178 0.4677
vn 0.2928 -0.4282 0.8549
vn 0.8895 -0.4448 -0.1050
vn -0.0603 0.0258 -0.9978
vn -0.9996 0.0110 -0.0244
vn 0.5181 -0.4014 0.7553
vn 0.0439 -0.9545 0.2951
vn -0.2868 -0.5498 0.7845
vn -0.8925 -0.0545 0.4478
vn -0.3995 -0.0291 0.9163
vn -0.9135 -0.3654 -0.1790
vn -0.8473 -0.0385 -0.5297
vn 0.9945 0.0108 0.1046
vn 0.8589 -0.4614 -0.2222
vn 0.8645 -0.4811 -0.1457
vn 0.8653 -0.2912 0.4081
vn 0.4251 -0.5195 0.7412
vn 0.3879 -0.5218 0.7598
vn -0.1371 -0.3651 0.9208
vn -0.5544 -0.5589 0.6167
vn -0.6119 -0.5601 0.5585
vn -0.9039 -0.3970 0.1594
vn -0.7660 -0.5601 -0.3155
vn -0.6501 -0.7565 0.0716
vn 0.8622 -0.4811 -0.1587
vn 0.4195 -0.4750 0.7736
vn 0.2916 0.7910 0.5378
vn 0.0776 0.9217 0.3800
vn -0.6217 -0.4692 0.6271
vn -0.4349 0.7864 0.4387
vn -0.3464 0.9182 0.1921
vn -0.7265 0.2697 -0.6320
vn 0.8714 -0.4659 -0.1537
vn 0.6119 0.7836 -0.1079
vn 0.3941 0.9181 0.0419
vn 0.1270 0.9861 0.1076
vn 0.0535 0.9937 0.0986
vn 0.0200 0.9864 0.1634
vn -0.0669 0.9861 0.1519
vn -0.0802 0.9935 0.0809
vn -0.1534 0.9856 0.0704
vn -0.1874 0.9731 -0.1342
vn 0.1658 0.9857 0.0305
vn 0.4234 0.8983 -0.1174
vn 0.5376 -0.4282 0.7264
vn 0.7316 -0.5210 -0.4397
vn -0.3411 -0.0114 -0.9400
vn -0.4903 -0.0527 -0.8700
vn -0.8691 0.0384 0.4931
vn 0.9152 -0.0331 0.4017
vn -0.8821 -0.4212 0.2107
vn 0.5529 -0.0204 -0.8330
vn 0.9076 -0.0337 0.4185
vn 0.6884 -0.4720 0.5508
vn -0.9823 -0.0574 0.1783
vn 0.8372 -0.0207 -0.5465
vn 0.2870 0.0342 -0.9573
vn -0.6577 0.0200 -0.7530
vn 0.7018 -0.0133 -0.7122
vn 0.4546 -0.0843 0.8867
vn 0.5616 0.0103 0.8273
vn 0.2979 0.1393 -0.9444
vn 0.0879 -0.5412 0.8363
vn 0.9909 -0.0415 -0.1279
vn -0.7710 0.0376 -0.6357
vn -0.3641 0.8650 0.3454
vn 0.8362 -0.0216 -0.5480
vn 0.6652 -0.0010 0.7467
vn 0.0146 -0.9999 0.0069
vn 0.2384 -0.5081 0.8277
vn 0.0862 -0.1364 0.9869
vn -0.4223 0.1421 0.8952
vn 0.6286 -0.2702 0.7293
vn 0.8947 0.1662 0.4145
vn -0.4761 -0.4244 0.7702
vn 0.1675 -0.1870 0.9680
vn -0.6312 -0.0270 -0.7752
vn 0.1232 -0.5648 0.8160
vn 0.2337 -0.7600 0.6065
vn -0.2848 -0.7509 0.5959
vn -0.3690 -0.4185 0.8298
vn 0.1528 -0.7519 0.6414
vn -0.3038 -0.8926 0.3331
vn 0.0294 -0.9978 0.0592
vn 0.1088 -0.9832 0.1464
vn -0.3104 -0.9428 0.1216
vn -0.0308 -0.9990 -0.0328
vn 0.1099 -0.0544 0.9925
vn 0.9021 -0.0304 0.4304
vn 0.8383 -0.1165 0.5326
vn 0.9811 -0.0074 0.1931
vn -0.8095 0.0167 0.5869
vn -0.1157 0.0081 -0.9933
vn -0.2301 0.0883 -0.9691
vn 0.4192 -0.4733 -0.7748
vn 0.7837 0.0635 -0.6179
vn -0.7689 0.0496 -0.6374
vn 0.4039 -0.0192 -0.9146
vn 0.0358 0.9978 0.0558
vn -0.2117 0.3124 0.9260
vn 0.5826 0.0299 0.8122
vn -0.5764 0.0712 0.8141
vn -0.4956 -0.1000 0.8628
vn -0.9836 0.0004 -0.1805
vn 0.9963 0.0104 -0.0856
vn -0.9148 -0.0087 0.4037
vn -0.9992 0.0283 0.0290
vn 0.8717 -0.4448 -0.2056
vn -0.7534 -0.3531 0.5547
vn -0.8613 -0.0200 0.5078
vn -0.7017 -0.0092 -0.7124
vn -0.8994 -0.0705 -0.4314
vn -0.1518 -0.0287 0.9880
vn 0.9113 -0.3594 -0.2010
vn -0.9109 -0.3868 -0.1437
vn 0.9043 0.0055 -0.4268
vn 0.2465 -0.0907 0.9649
vn 0.8208 0.0071 0.5712
vn 0.3351 0.0166 0.9420
vn -0.8759 0.1713 -0.4511
vn -0.7303 -0.0413 0.6819
vn 0.7141 -0.0101 -0.6999
vn 0.6907 -0.0181 0.7229
vn 0.9009 0.1919 -0.3893
vn -0.2199 -0.0808 0.9722
vn 0.2252 -0.0151 0.9742
vn 0.0102 0.9999 0.0058
vn -0.0055 0.9998 -0.0195
vn -0.0051 0.9998 -0.0195
vn 0.8475 0.0699 -0.5261
vn -0.0177 0.9998 -0.0076
vn -0.0171 0.9998 -0.0078
vn -0.0288 0.9985 -0.0475
vn -0.0133 0.9995 -0.0300
vn -0.0107 0.9999 -0.0127
vn -0.3917 0.6498 -0.6514
vn -0.3289 0.7400 -0.5867
vn -0.4881 -0.3646 -0.7930
vn -0.4851 -0.3612 -0.7964
vn -0.5053 -0.4086 -0.7601
vn -0.2488 -0.1455 -0.9576
vn -0.0091 0.9979 -0.0636
vn -0.0070 0.9983 -0.0578
vn -0.0865 0.9947 -0.0558
vn 0.0266 0.9861 0.1642
vn -0.0439 0.9498 -0.3096
vn -0.1282 0.8100 -0.5722
vn 0.0159 0.9999 0.0043
vn 0.0158 0.9999 0.0043
vn 0.0047 0.9999 -0.0123
vn 0.0054 0.9999 -0.0115
vn 0.0300 0.9975 0.0646
vn -0.0114 0.9951 0.0978
vn 0.0082 0.9998 0.0184
vn 0.0067 0.9998 0.0203
vn 0.0233 0.9986 0.0470
vn 0.0106 0.9989 0.0453
vn 0.0222 0.9989 0.0404
vn 0.0272 0.9988 0.0408
vn 0.0261 0.9989 0.0398
vn 0.0252 0.9989 0.0391
vn 0.0162 0.9999 -0.0019
vn 0.0313 0.9995 -0.0094
vn 0.0327 0.9994 -0.0089
vn 0.0364 0.9992 -0.0171
vn -0.4030 0.9049 -0.1373
vn -0.0829 0.9056 -0.4159
vn 0.0278 0.9988 0.0409
vn 0.0412 0.9991 -0.0043
vn 0.0438 0.9990 -0.0056
vn 0.0578 0.9980 -0.0273
vn -0.3116 0.8686 -0.3854
vn -0.3519 -0.4823 0.8022
vn -0.0996 -0.6189 0.7791
vn -0.0563 -0.5682 0.8210
vn 0.1469 -0.5651 0.8118
vn -0.0896 -0.5537 0.8279
vn 0.3788 -0.8017 0.4623
vn -0.1275 0.8936 0.4304
vn -0.5368 -0.4854 0.6901
vn 0.0100 0.9999 0.0060
vn -0.0074 0.9998 0.0209
vn 0.0446 0.9928 -0.1110
vn -0.0148 0.9997 0.0187
vn -0.0170 0.9998 -0.0073
vn -0.0175 0.9998 -0.0070
vn -0.0037 0.9999 -0.0165
vn -0.0036 0.9999 -0.0141
vn -0.0168 0.9998 -0.0080
vn -0.0128 0.9999 -0.0074
vn -0.0403 0.9939 0.1026
vn -0.0388 0.9918 -0.1218
vn -0.0036 0.9999 -0.0139
vn 0.0160 0.9669 -0.2546
vn -0.0064 0.9998 -0.0171
vn -0.0034 0.9998 -0.0209
vn -0.0033 0.9998 -0.0219
vn -0.0919 0.9850 0.1457
vn -0.0400 0.9985 -0.0377
vn -0.0458 0.9978 -0.0476
vn -0.0166 0.9988 -0.0464
vn -0.0380 0.9950 -0.0926
vn -0.0541 0.9985 0.0092
vn -0.0481 0.9986 0.0198
vn -0.0454 0.9987 0.0228
vn -0.1299 0.8387 -0.5289
vn -0.0108 0.9999 -0.0028
vn 0.0455 0.9987 -0.0251
vn 0.0399 0.9992 -0.0064
vn -0.1156 -0.7537 0.6470
vn -0.1726 0.5398 0.8239
vn -0.2002 0.9777 0.0630
vn 0.0500 0.9987 -0.0039
vn 0.0476 0.9989 -0.0040
vn 0.1252 0.9888 -0.0811
vn -0.2605 0.9514 -0.1646
vn 0.0540 0.9982 -0.0266
vn 0.0567 0.9980 -0.0268
vn -0.3173 0.8793 -0.3553
vn 0.0580 0.9979 -0.0282
vn 0.0047 0.9848 0.1734
vn 0.0373 0.9990 0.0247
vn -0.5153 -0.4885 0.7041
vn -0.4421 -0.5200 0.7308
vn -0.0147 0.9983 0.0562
vn -0.0854 0.9963 0.0126
vn 0.0505 0.9987 0.0043
vn -0.4352 0.8928 0.1161
vn -0.4767 -0.3485 0.8070
vn -0.0650 0.1093 0.9919
vn 0.9423 -0.0445 -0.3318
vn 0.0771 -0.4338 0.8977
vn -0.8087 -0.2565 0.5293
vn 0.1909 0.9803 0.0506
vn 0.1138 0.9910 0.0707
vn -0.9198 -0.3040 -0.2481
vn 0.4012 -0.4619 0.7910
vn 0.5013 -0.4361 0.7473
vn 0.9531 -0.0913 0.2886
vn 0.6892 0.1248 0.7138
vn -0.9961 0.0150 -0.0864
vn -0.2707 -0.4889 -0.8293
vn 0.7387 -0.0467 -0.6724
vn 0.2456 0.1235 0.9615
vn -0.9084 0.0515 0.4148
vn -0.8912 0.0284 0.4527
vn -0.7788 0.0331 0.6264
vn 0.8439 -0.0444 -0.5347
vn -0.4558 0.7140 -0.5314
vn 0.3536 -0.1042 -0.9296
vn -0.9991 0.0349 -0.0248
vn -0.9975 -0.0039 -0.0708
vn 0.8461 -0.0438 -0.5312
vn 0.4841 -0.1263 -0.8659
vn 0.5319 0.7584 -0.3768
vn 0.1799 0.9475 -0.2644
vn -0.2505 0.9160 -0.3134
vn -0.7344 0.4091 -0.5416
vn 0.6329 -0.3894 0.6691
vn 0.1196 -0.0461 0.9917
vn -0.1038 0.0673 0.9923
vn -0.0682 0.1237 0.9900
vn -0.8880 0.0359 -0.4584
vn 0.9666 -0.0479 -0.2519
vn -0.9083 -0.4123 0.0713
vn -0.7861 -0.2493 -0.5656
vn 0.6910 -0.5435 0.4766
vn 0.5058 -0.7407 0.4422
vn -0.2113 0.3123 0.9262
vn -0.8150 -0.2792 0.5077
vn -0.9270 -0.3596 0.1062
vn -0.2169 0.7957 -0.5655
vn 0.0034 0.9333 -0.3590
vn 0.5809 -0.3815 0.7190
vn 0.3065 -0.5660 -0.7653
vn 0.3065 -0.5661 -0.7653
vn 0.2009 0.0018 0.9796
vn 0.7567 -0.0603 -0.6510
vn -0.2818 -0.0514 -0.9581
vn -0.8377 -0.2556 -0.4827
vn 0.0803 -0.6505 -0.7552
vn 0.1458 -0.6151 -0.7749
vn 0.6804 0.0484 0.7312
vn 0.9864 0.0024 0.1645
vn -0.7807 -0.0913 -0.6182
vn 0.7886 -0.4091 -0.4590
vn 0.7530 -0.0966 -0.6509
vn 0.2512 0.1254 0.9598
vn -0.9021 0.0599 0.4273
vn 0.7369 0.0852 0.6707
vn -0.8647 -0.0422 0.5005
vn 0.9199 0.1590 0.3585
vn -0.0151 0.9999 -0.0047
vn 0.6121 -0.0947 -0.7851
vn -0.9983 0.0422 -0.0397
vn -0.9085 -0.4154 0.0458
vn -0.8986 -0.4313 0.0804
vn 0.8657 0.0924 0.4919
vn 0.8299 -0.0711 -0.5534
vn 0.4280 -0.0825 -0.9000
vn 0.0359 0.9992 0.0195
vn 0.0674 0.9965 -0.0489
vn 0.0416 0.9987 -0.0280
vn -0.2204 0.9290 -0.2972
vn -0.6291 0.6472 -0.4304
vn -0.3962 -0.3500 0.8489
vn -0.4496 -0.4557 0.7683
vn 0.5994 -0.4144 0.6848
vn -0.1444 -0.4565 -0.8779
vn 0.0433 -0.5603 -0.8272
vn 0.9790 0.0121 0.2033
vn -0.0450 0.0951 0.9944
vn -0.0631 0.1286 0.9897
vn 0.4223 -0.5809 -0.6959
vn -0.0500 -0.5425 0.8386
vn 0.0538 -0.4285 0.9019
vn -0.3134 -0.5411 -0.7804
vn 0.7087 -0.4886 -0.5089
vn 0.6614 -0.5348 0.5259
vn -0.7902 -0.3042 0.5320
vn 0.5097 0.7826 0.3574
vn -0.1031 0.9876 -0.1183
vn -0.4133 -0.4533 -0.7897
vn 0.2035 -0.5625 -0.8014
vn 0.4957 -0.4929 0.7150
vn 0.4968 -0.4920 0.7149
vn 0.4726 -0.5004 0.7254
vn -0.8083 -0.0305 -0.5880
vn -0.8620 -0.0291 -0.5060
vn -0.4663 0.0367 0.8838
vn 0.5354 0.0214 0.8443
vn 0.0601 -0.5721 -0.8180
vn -0.9838 -0.0046 0.1792
vn -0.9253 -0.0225 0.3785
vn 0.6303 -0.4627 -0.6235
vn 0.6120 -0.4451 -0.6538
vn 0.7288 -0.0559 -0.6825
vn -0.9384 -0.0077 -0.3456
vn 0.9072 0.0174 -0.4204
vn -0.5528 0.0283 -0.8329
vn 0.8526 0.0455 0.5206
vn 0.5502 0.0238 -0.8347
vn -0.9679 0.0041 0.2511
vn -0.6887 0.0402 -0.7239
vn -0.3429 0.0673 -0.9370
vn 0.6340 -0.1047 -0.7662
vn 0.4518 -0.4458 0.7727
vn 0.8390 -0.4197 -0.3464
vn 0.8429 -0.4106 -0.3479
vn -0.8959 -0.4408 -0.0551
vn -0.9642 0.0804 0.2526
vn -0.0560 0.1093 0.9924
vn -0.8500 0.0220 -0.5263
vn 0.9768 -0.0301 -0.2121
vn 0.0664 -0.4341 0.8984
vn -0.8788 -0.4771 -0.0071
vn 0.0383 -0.4277 -0.9031
vn 0.2787 -0.3412 -0.8978
vn 0.6421 -0.5435 -0.5407
vn 0.7201 -0.5403 0.4353
vn 0.6405 -0.5428 0.5432
vn -0.2704 -0.4849 0.8317
vn -0.7638 -0.2815 0.5809
vn -0.7095 -0.6684 -0.2232
vn 0.3594 -0.4452 0.8201
vn 0.4462 -0.4511 0.7730
vn -0.8432 0.0230 -0.5371
vn -0.5644 -0.4525 -0.6905
vn 0.5086 -0.0479 -0.8597
vn -0.2232 -0.0375 -0.9741
vn -0.6506 -0.0993 -0.7529
vn 0.9565 0.0252 0.2905
vn -0.9504 -0.2820 -0.1315
vn -0.7084 -0.0890 -0.7002
vn 0.6857 -0.0703 -0.7245
vn 0.2086 0.1129 0.9715
vn -0.9079 -0.0193 0.4187
vn -0.7300 0.0819 0.6785
vn 0.6848 0.0338 -0.7279
vn 0.2997 -0.0270 -0.9537
vn 0.8431 -0.4349 0.3162
vn 0.8674 -0.3805 0.3208
vn -0.1519 0.0135 -0.9883
vn -0.1549 0.0153 -0.9878
vn 0.7722 0.1735 0.6112
vn 0.8069 -0.0485 -0.5887
vn -0.4252 0.0213 -0.9048
vn 0.3620 -0.0751 -0.9292
vn 0.2853 0.8159 -0.5029
vn -0.1673 0.9224 -0.3481
vn -0.4981 0.6957 -0.5176
vn -0.3279 -0.3809 0.8645
vn -0.7600 -0.1486 -0.6328
vn 0.3798 -0.4848 -0.7878
vn -0.0553 -0.3646 0.9295
vn -0.0925 -0.3630 0.9272
vn 0.0481 -0.4322 0.9005
vn 0.5216 -0.5848 -0.6212
vn 0.5235 -0.6034 0.6015
vn 0.2078 -0.3475 0.9144
vn -0.2558 -0.4880 0.8345
vn -0.1673 0.9224 0.3481
vn -0.0788 0.9871 -0.1394
vn -0.3228 0.6789 0.6595
vn -0.0263 0.9929 0.1156
vn -0.0753 0.9803 0.1823
vn 0.1976 -0.5322 -0.8232
vn 0.2065 -0.4825 0.8512
vn -0.1890 -0.0628 -0.9800
vn -0.2920 0.0099 -0.9564
vn -0.2445 0.1406 0.9594
vn 0.0409 -0.5096 -0.8594
vn 0.0510 -0.5073 -0.8603
vn 0.9053 -0.1559 0.3951
vn -0.6999 -0.0369 -0.7133
vn 0.1698 -0.1593 -0.9725
vn 0.1576 0.1258 0.9795
vn -0.8614 -0.0548 0.5050
vn 0.5465 0.0933 0.8322
vn -0.5733 0.0240 0.8190
vn -0.8095 -0.1104 0.5767
vn 0.4309 -0.0970 -0.8972
vn -0.9925 0.0458 -0.1133
vn 0.7025 0.0596 0.7092
vn 0.9001 -0.0808 -0.4282
vn 0.2734 -0.0775 -0.9588
vn 0.8426 -0.0159 0.5383
vn -0.0090 0.9976 0.0690
vn -0.2355 0.9676 0.0912
vn 0.0575 0.9978 0.0345
vn 0.4746 0.8692 0.1388
vn 0.3277 -0.6685 -0.6676
vn 0.6613 -0.3306 0.6733
vn 0.8777 -0.2561 -0.4050
vn -0.9363 -0.3481 -0.0458
vn -0.9364 -0.3479 -0.0454
vn -0.4382 -0.3499 -0.8280
vn -0.0709 0.1046 0.9920
vn -0.8629 -0.0240 -0.5048
vn 0.9680 -0.0424 -0.2472
vn -0.0451 -0.3450 0.9375
vn -0.9194 -0.3931 -0.0121
vn -0.9335 -0.3572 -0.0313
vn -0.8386 -0.3008 -0.4541
vn -0.3465 -0.4637 -0.8154
vn -0.2083 -0.5847 -0.7840
vn 0.3468 -0.3206 -0.8814
vn 0.7352 -0.4699 -0.4885
vn 0.7791 -0.4659 -0.4196
vn -0.9541 -0.2567 0.1542
vn 0.2163 0.9751 0.0480
vn -0.5913 0.0641 -0.8039
vn -0.2799 -0.0868 -0.9561
vn -0.3641 -0.0875 -0.9273
vn 0.9873 0.0019 0.1586
vn -0.8304 -0.0362 -0.5560
vn 0.6209 -0.3734 -0.6892
vn 0.7667 -0.0594 -0.6392
vn 0.2455 0.0749 0.9665
vn 0.5903 0.1407 0.7948
vn -0.4717 0.1311 0.8719
vn -0.9286 0.0102 0.3710
vn 0.7501 0.0705 0.6576
vn -0.9561 -0.1456 -0.2544
vn 0.7048 0.3326 0.6266
vn 0.3709 -0.0248 -0.9284
vn 0.9148 -0.3030 0.2669
vn 0.9157 0.1479 0.3736
vn 0.8660 -0.0393 -0.4985
vn 0.4417 -0.0692 -0.8945
vn -0.0594 0.9174 -0.3934
vn 0.5083 0.6554 -0.5586
vn -0.6753 -0.3956 -0.6225
vn -0.7576 -0.4341 0.4874
vn 0.4965 -0.3971 0.7719
vn -0.1151 0.1100 -0.9872
vn 0.8904 -0.0319 0.4540
vn -0.4176 -0.0287 0.9082
vn -0.0764 -0.3760 -0.9235
vn 0.4309 -0.5107 0.7440
vn 0.3782 -0.5125 0.7710
vn 0.1838 -0.6447 0.7420
vn -0.5224 -0.5677 0.6363
vn -0.5916 -0.3842 0.7088
vn -0.7239 -0.5337 0.4372
vn -0.7496 -0.4340 -0.4998
vn 0.1234 -0.5117 -0.8502
vn 0.6423 -0.2986 -0.7059
vn 0.1181 0.9537 -0.2767
vn -0.0351 0.9854 -0.1664
vn -0.0356 0.9854 -0.1663
vn -0.5619 -0.4722 -0.6792
vn 0.4443 0.0813 0.8922
vn -0.9855 -0.0764 0.1516
vn 0.8997 0.0928 -0.4266
vn -0.9996 0.0027 -0.0295
vn -0.6639 0.2212 -0.7144
vn 0.1156 -0.1679 0.9790
vn -0.5428 -0.0536 0.8381
vn -0.3746 0.1313 -0.9178
vn 0.4770 0.1748 -0.8614
vn 0.8135 -0.0135 -0.5814
vn -0.7799 0.0882 -0.6197
vn -0.5405 0.0521 0.8397
vn -0.1181 -0.0219 0.9928
vn 0.0083 -0.0707 0.9975
vn -0.8725 0.1484 -0.4656
vn -0.1898 -0.0794 0.9786
vn 0.2202 -0.0148 0.9753
vn -0.1296 0.9910 0.0325
vn 0.3560 0.9181 -0.1742
vn 0.3142 -0.4312 -0.8458
vn 0.2829 -0.3710 -0.8845
vn 0.3102 -0.4156 -0.8550
vn -0.4015 -0.4132 0.8173
vn -0.7022 -0.3940 -0.5929
vn -0.1129 0.1188 -0.9865
vn 0.9243 0.0041 0.3815
vn -0.0729 -0.3855 -0.9198
vn -0.2201 -0.4521 -0.8644
vn -0.2130 -0.4548 -0.8648
vn 0.6735 -0.2912 -0.6794
vn 0.5919 -0.2291 -0.7728
vn -0.1480 0.9848 -0.0911
vn -0.0366 0.9865 -0.1599
vn 0.0252 0.9987 0.0445
vn -0.6080 -0.4649 -0.6435
vn -0.5892 -0.4714 -0.6562
vn 0.2030 -0.0701 0.9767
vn 0.3808 0.0911 -0.9201
vn -0.9999 0.0026 -0.0125
vn 0.8967 -0.0083 0.4426
vn 0.0751 -0.9813 0.1773
vn -0.5796 -0.0652 0.8123
vn -0.3920 0.1347 -0.9100
vn 0.6295 0.0856 -0.7723
vn -0.9085 0.0384 -0.4160
vn -0.9603 -0.0201 -0.2784
vn 0.6599 -0.0739 -0.7478
vn -0.7263 -0.3837 0.5703
vn -0.0215 0.9484 0.3165
vn -0.6331 0.6238 -0.4582
vn -0.7287 -0.6844 0.0258
vn -0.9992 -0.0183 -0.0347
vn 0.6930 0.6822 0.2333
vn -0.7445 0.5667 -0.3531
vn 0.0065 0.8813 -0.4724
vn 0.1804 -0.5973 -0.7814
vn -0.0176 0.9989 -0.0432
vn 0.6750 -0.1777 0.7161
vn -0.3452 -0.2260 0.9109
vn -0.7967 -0.2952 0.5274
vn -0.9984 -0.0381 -0.0407
vn -0.8567 -0.4912 0.1577
vn -0.2000 0.9797 0.0120
vn -0.1123 0.9932 -0.0304
vn -0.0178 0.9998 -0.0107
vn 0.0690 0.9964 -0.0495
vn 0.2079 0.9774 -0.0389
vn 0.0853 0.9945 0.0605
vn -0.9979 -0.0410 -0.0496
vn 0.6735 0.0758 0.7353
vn -0.0245 0.9911 -0.1312
vn -0.2769 -0.4908 0.8261
vn 0.1873 0.8632 -0.4687
vn -0.9961 -0.0559 -0.0677
vn 0.0153 0.9998 0.0104
vn 0.6140 0.0491 -0.7878
vn 0.0683 0.9863 0.1501
vn -0.9289 -0.3700 -0.0167
vn 0.0252 -0.6514 -0.7583
vn 0.4179 -0.8990 -0.1313
vn 0.0570 0.9980 -0.0268
vn 0.0485 0.4304 -0.9013
vn -0.9988 -0.0310 -0.0392
vn 0.0523 0.9986 -0.0084
vn -0.7118 -0.5602 -0.4237
vn 0.6338 -0.7195 0.2839
vn -0.5003 0.8652 -0.0336
vn 0.9914 -0.0440 -0.1236
vn -0.7447 0.6317 -0.2154
vn 0.9904 -0.0215 -0.1366
vn 0.6839 0.0041 -0.7296
vn -0.2767 0.8469 -0.4541
vn 0.9392 -0.2686 0.2136
vn -0.5053 -0.4676 0.7253
vn 0.1450 -0.2001 -0.9690
vn -0.4318 -0.3971 0.8098
vn 0.2982 -0.5505 -0.7798
vn -0.9336 -0.2878 -0.2134
vn -0.9948 0.0242 0.0988
vn -0.6721 -0.4099 -0.6166
vn -0.6562 -0.5659 -0.4991
vn -0.7030 0.4928 -0.5129
vn -0.2222 0.9749 0.0111
vt 0.264427 0.693436
vt 0.259616 0.651282
vt 0.239584 0.689630
vt 0.283262 0.616754
vt 0.279857 0.601195
vt 0.269349 0.593632
vt 0.252208 0.733740
vt 0.280712 0.723595
vt 0.284153 0.669310
vt 0.284747 0.598976
vt 0.220256 0.630262
vt 0.219254 0.642478
vt 0.229917 0.639038
vt 0.223090 0.767228
vt 0.222367 0.735159
vt 0.213496 0.751643
vt 0.297157 0.762409
vt 0.290269 0.794630
vt 0.303619 0.790725
vt 0.314557 0.656995
vt 0.315303 0.665296
vt 0.316890 0.658415
vt 0.302185 0.765745
vt 0.304978 0.776301
vt 0.586117 0.691576
vt 0.609995 0.720489
vt 0.590818 0.772497
vt 0.624168 0.787888
vt 0.647614 0.787237
vt 0.644575 0.803585
vt 0.666504 0.698340
vt 0.637584 0.693092
vt 0.651356 0.642215
vt 0.644220 0.745269
vt 0.668071 0.747432
vt 0.668814 0.772345
vt 0.660476 0.798194
vt 0.615252 0.660276
vt 0.574858 0.654439
vt 0.587577 0.608715
vt 0.637635 0.606135
vt 0.622213 0.611150
vt 0.644715 0.585090
vt 0.650982 0.579075
vt 0.666269 0.591167
vt 0.674642 0.778341
vt 0.675899 0.769191
vt 0.302757 0.758385
vt 0.212339 0.745858
vt 0.206341 0.707487
vt 0.223120 0.621715
vt 0.231245 0.618744
vt 0.226857 0.614205
vt 0.290340 0.599030
vt 0.289891 0.590942
vt 0.294540 0.613305
vt 0.297015 0.601171
vt 0.303820 0.651955
vt 0.304074 0.689823
vt 0.301718 0.709860
vt 0.311326 0.741337
vt 0.278131 0.770357
vt 0.286150 0.779452
vt 0.263279 0.775059
vt 0.241877 0.770735
vt 0.215532 0.679901
vt 0.203747 0.687572
vt 0.309094 0.637537
vt 0.305562 0.630450
vt 0.253776 0.617941
vt 0.239830 0.609417
vt 0.250367 0.581038
vt 0.228069 0.594225
vt 0.202040 0.568227
vt 0.200947 0.604696
vt 0.214158 0.608525
vt 0.274538 0.568663
vt 0.255203 0.543111
vt 0.227399 0.559486
vt 0.195524 0.575824
vt 0.198782 0.582683
vt 0.258164 0.504002
vt 0.280951 0.524497
vt 0.274655 0.497489
vt 0.205150 0.534761
vt 0.230113 0.515262
vt 0.209614 0.509086
vt 0.241336 0.490719
vt 0.190182 0.541096
vt 0.650207 0.566825
vt 0.657082 0.577633
vt 0.604641 0.501492
vt 0.634915 0.499519
vt 0.612655 0.526493
vt 0.593836 0.557788
vt 0.564135 0.568001
vt 0.582905 0.528625
vt 0.623675 0.554064
vt 0.644742 0.532811
vt 0.661736 0.511360
vt 0.617964 0.587230
vt 0.606924 0.586260
vt 0.569085 0.541096
vt 0.588517 0.509086
vt 0.620239 0.490719
vt 0.653558 0.497489
vt 0.668954 0.516420
vt 0.669674 0.515768
vt 0.691099 0.523475
vt 0.688084 0.527217
vt 0.684954 0.520103
vt 0.673074 0.519070
vt 0.674717 0.514666
vt 0.557457 0.559947
vt 0.562291 0.570764
vt 0.293528 0.566060
vt 0.289622 0.583244
vt 0.315543 0.630512
vt 0.339528 0.634151
vt 0.329948 0.615855
vt 0.357519 0.604895
vt 0.338868 0.578109
vt 0.313549 0.594131
vt 0.395469 0.607351
vt 0.385723 0.594383
vt 0.380345 0.626270
vt 0.348639 0.541353
vt 0.370102 0.564915
vt 0.367816 0.537561
vt 0.764626 0.594383
vt 0.774373 0.607351
vt 0.768611 0.569375
vt 0.727542 0.541353
vt 0.746719 0.537561
vt 0.716272 0.526518
vt 0.700880 0.624600
vt 0.710207 0.645066
vt 0.701978 0.651059
vt 0.765614 0.637929
vt 0.762643 0.649837
vt 0.745265 0.633671
vt 0.756466 0.555182
vt 0.766010 0.589772
vt 0.740033 0.574203
vt 0.709886 0.565427
vt 0.703484 0.534081
vt 0.730084 0.538386
vt 0.719118 0.596887
vt 0.692396 0.598098
vt 0.687147 0.542095
vt 0.684961 0.545993
vt 0.744230 0.609575
vt 0.767778 0.621230
vt 0.713487 0.626601
vt 0.720203 0.644925
vt 0.408303 0.109540
vt 0.384058 0.109685
vt 0.571404 0.466820
vt 0.688667 0.533296
vt 0.769631 0.636664
vt 0.321835 0.549750
vt 0.337369 0.526518
vt 0.312146 0.528467
vt 0.389707 0.569375
vt 0.789133 0.639312
vt 0.804345 0.626998
vt 0.801814 0.642430
vt 0.807712 0.643767
vt 0.787024 0.611706
vt 0.786370 0.647802
vt 0.383983 0.639512
vt 0.378830 0.638615
vt 0.296688 0.579166
vt 0.351777 0.648773
vt 0.368819 0.642659
vt 0.308927 0.642666
vt 0.324929 0.667345
vt 0.340630 0.720684
vt 0.326013 0.747084
vt 0.354505 0.754886
vt 0.368744 0.718269
vt 0.350172 0.685409
vt 0.324900 0.702517
vt 0.309551 0.780375
vt 0.412015 0.738396
vt 0.388464 0.758667
vt 0.410980 0.744664
vt 0.384643 0.678436
vt 0.394287 0.649097
vt 0.418778 0.713781
vt 0.432388 0.730790
vt 0.767486 0.740837
vt 0.784645 0.763720
vt 0.779315 0.783493
vt 0.812668 0.668261
vt 0.792521 0.726180
vt 0.791057 0.679977
vt 0.717654 0.654859
vt 0.732911 0.651929
vt 0.725420 0.686386
vt 0.737644 0.718928
vt 0.707395 0.728904
vt 0.699664 0.705018
vt 0.700084 0.697966
vt 0.703822 0.680728
vt 0.700475 0.659663
vt 0.759328 0.696950
vt 0.754004 0.654214
vt 0.790266 0.659276
vt 0.816604 0.743586
vt 0.793731 0.742727
vt 0.751168 0.768034
vt 0.763436 0.758023
vt 0.767799 0.763766
vt 0.766573 0.769289
vt 0.712261 0.749252
vt 0.733762 0.744174
vt 0.708045 0.751744
vt 0.706343 0.769548
vt 0.808799 0.673690
vt 0.811291 0.730790
vt 0.795878 0.749112
vt 0.789883 0.744664
vt 0.780325 0.801361
vt 0.403783 0.680709
vt 0.400699 0.694445
vt 0.782466 0.796355
vt 0.784639 0.790486
vt 0.777576 0.795329
vt 0.388528 0.809769
vt 0.398673 0.795329
vt 0.311190 0.787846
vt 0.314387 0.688181
vt 0.336539 0.662460
vt 0.339883 0.647056
vt 0.356772 0.655731
vt 0.398759 0.715622
vt 0.362070 0.786279
vt 0.311801 0.716070
vt 0.348209 0.781718
vt 0.351348 0.796944
vt 0.328767 0.778217
vt 0.317349 0.797929
vt 0.322753 0.796178
vt 0.319086 0.814818
vt 0.337901 0.813040
vt 0.327422 0.855187
vt 0.351067 0.848492
vt 0.358195 0.804728
vt 0.745593 0.884229
vt 0.721087 0.903760
vt 0.736219 0.911151
vt 0.775520 0.825988
vt 0.781153 0.809211
vt 0.761189 0.871724
vt 0.722019 0.763360
vt 0.705745 0.791462
vt 0.765911 0.845302
vt 0.747083 0.886459
vt 0.748771 0.839464
vt 0.767559 0.804760
vt 0.743872 0.796083
vt 0.727396 0.833580
vt 0.724765 0.877487
vt 0.723024 0.913364
vt 0.310711 0.246404
vt 0.326010 0.246674
vt 0.297633 0.247355
vt 0.714478 0.804807
vt 0.742360 0.764252
vt 0.772177 0.785228
vt 0.709189 0.920459
vt 0.714320 0.918223
vt 0.703928 0.775512
vt 0.760687 0.842915
vt 0.681327 0.888170
vt 0.671715 0.883690
vt 0.678715 0.867132
vt 0.702111 0.771553
vt 0.381784 0.842915
vt 0.371998 0.802886
vt 0.366689 0.884229
vt 0.326690 0.897542
vt 0.332743 0.896497
vt 0.308005 0.836592
vt 0.311280 0.861163
vt 0.301499 0.828672
vt 0.306607 0.813434
vt 0.338622 0.790427
vt 0.256075 0.829878
vt 0.237264 0.873325
vt 0.266427 0.888110
vt 0.204483 0.874769
vt 0.211270 0.859635
vt 0.281620 0.835772
vt 0.274337 0.793149
vt 0.242618 0.787215
vt 0.257444 0.793460
vt 0.572000 0.883394
vt 0.578549 0.913829
vt 0.595416 0.923881
vt 0.652852 0.951066
vt 0.623269 0.947251
vt 0.638037 0.975402
vt 0.603984 0.958343
vt 0.668255 0.954722
vt 0.621392 0.963235
vt 0.596165 0.927512
vt 0.625490 0.918236
vt 0.674107 0.933164
vt 0.650943 0.954360
vt 0.654148 0.896797
vt 0.678884 0.794601
vt 0.673643 0.822318
vt 0.632509 0.861545
vt 0.602769 0.867271
vt 0.609874 0.809001
vt 0.575742 0.838666
vt 0.654017 0.823616
vt 0.629085 0.810327
vt 0.654698 0.801440
vt 0.683482 0.922144
vt 0.687291 0.926950
vt 0.570761 0.889788
vt 0.576969 0.890302
vt 0.688692 0.931419
vt 0.289352 0.954722
vt 0.292317 0.905534
vt 0.273948 0.951066
vt 0.566179 0.886098
vt 0.556613 0.877724
vt 0.566100 0.890254
vt 0.232975 0.809918
vt 0.231939 0.783771
vt 0.208361 0.814735
vt 0.218502 0.789299
vt 0.213018 0.792089
vt 0.210448 0.826369
vt 0.244366 0.947251
vt 0.216512 0.923881
vt 0.188840 0.761877
vt 0.165514 0.744938
vt 0.170814 0.791838
vt 0.137591 0.731712
vt 0.157595 0.714193
vt 0.141536 0.702854
vt 0.193576 0.803389
vt 0.202015 0.764568
vt 0.187705 0.732207
vt 0.511286 0.712949
vt 0.516494 0.731712
vt 0.516347 0.712939
vt 0.529494 0.821382
vt 0.521164 0.773042
vt 0.513255 0.805310
vt 0.552080 0.844094
vt 0.504899 0.752055
vt 0.505376 0.705767
vt 0.533755 0.851879
vt 0.527220 0.776986
vt 0.510236 0.777829
vt 0.511449 0.738446
vt 0.544897 0.856651
vt 0.524925 0.823665
vt 0.547296 0.822229
vt 0.575300 0.745939
vt 0.571979 0.728191
vt 0.576335 0.726815
vt 0.528857 0.713261
vt 0.539043 0.707892
vt 0.535040 0.737481
vt 0.548283 0.777099
vt 0.560675 0.750204
vt 0.558916 0.714227
vt 0.515560 0.715004
vt 0.503430 0.703509
vt 0.507192 0.712767
vt 0.200141 0.719289
vt 0.198972 0.706617
vt 0.194533 0.701573
vt 0.207067 0.742198
vt 0.214085 0.765215
vt 0.204401 0.837223
vt 0.173177 0.844094
vt 0.191296 0.863234
vt 0.150590 0.821382
vt 0.184936 0.699458
vt 0.188831 0.705500
vt 0.177777 0.705224
vt 0.163262 0.696226
vt 0.142260 0.773042
vt 0.160720 0.670393
vt 0.190694 0.677768
vt 0.185820 0.653861
vt 0.130494 0.687470
vt 0.128435 0.654898
vt 0.203875 0.647434
vt 0.184670 0.619132
vt 0.158808 0.635705
vt 0.114269 0.674345
vt 0.183388 0.570764
vt 0.178370 0.581208
vt 0.187263 0.576786
vt 0.130831 0.617601
vt 0.156093 0.595325
vt 0.132377 0.593982
vt 0.493173 0.674345
vt 0.509398 0.687470
vt 0.539225 0.572415
vt 0.509735 0.617601
vt 0.511281 0.593982
vt 0.493498 0.632509
vt 0.509449 0.704580
vt 0.534913 0.675852
vt 0.533653 0.612730
vt 0.525709 0.586614
vt 0.549877 0.581389
vt 0.495252 0.652632
vt 0.505402 0.616364
vt 0.516614 0.649086
vt 0.543672 0.644463
vt 0.562015 0.620003
vt 0.563743 0.660725
vt 0.571416 0.668348
vt 0.573130 0.697127
vt 0.546302 0.699138
vt 0.534746 0.698616
vt 0.503682 0.682825
vt 0.499925 0.711530
vt 0.160321 0.572415
vt 0.114595 0.632509
vt 0.215396 0.620892
vt 0.216308 0.640297
vt 0.212809 0.657941
vt 0.799599 0.755652
vt 0.429896 0.673690
vt 0.790918 0.738396
vt 0.773190 0.649097
vt 0.762886 0.639512
vt 0.410220 0.732684
vt 0.256513 0.600344
vt 0.217601 0.776175
vt 0.671384 0.633122
vt 0.669178 0.601030
vt 0.506426 0.112481
vt 0.594833 0.108311
vt 0.589845 0.111418
vt 0.576863 0.236412
vt 0.567208 0.235504
vt 0.582483 0.235615
vt 0.648782 0.236991
vt 0.632086 0.443604
vt 0.627246 0.237161
vt 0.607201 0.776200
vt 0.668418 0.583688
vt 0.671025 0.754654
vt 0.218327 0.619734
vt 0.666055 0.523318
vt 0.665759 0.526082
vt 0.668706 0.544823
vt 0.787378 0.405966
vt 0.770483 0.228148
vt 0.758001 0.227835
vt 0.671687 0.557733
vt 0.667401 0.518981
vt 0.671147 0.514702
vt 0.299287 0.540230
vt 0.307383 0.536975
vt 0.305610 0.552718
vt 0.299680 0.106666
vt 0.306285 0.106043
vt 0.320153 0.107765
vt 0.790218 0.229675
vt 0.802276 0.227517
vt 0.687739 0.526100
vt 0.375168 0.651037
vt 0.413945 0.244811
vt 0.418800 0.244246
vt 0.428993 0.244988
vt 0.782687 0.680709
vt 0.767432 0.809769
vt 0.680295 0.835029
vt 0.680580 0.813851
vt 0.428664 0.417459
vt 0.381581 0.241041
vt 0.305300 0.242121
vt 0.365271 0.109368
vt 0.336697 0.108814
vt 0.381581 0.108120
vt 0.697803 0.773923
vt 0.390874 0.490098
vt 0.200811 0.244489
vt 0.202341 0.245494
vt 0.303149 0.888496
vt 0.306915 0.903599
vt 0.317981 0.900294
vt 0.570199 0.863234
vt 0.684917 0.906895
vt 0.383963 0.238866
vt 0.685125 0.934349
vt 0.137443 0.712939
vt 0.853846 0.383819
vt 0.829710 0.381302
vt 0.891320 0.381302
vt 0.261260 0.383819
vt 0.219002 0.381302
vt 0.281691 0.381302
vt 0.842455 0.373842
vt 0.849272 0.378904
vt 0.892898 0.375828
vt 0.182068 0.374505
vt 0.223962 0.375964
vt 0.194281 0.366970
vt 0.917602 0.374505
vt 0.867185 0.375828
vt 0.899565 0.366970
vt 0.296019 0.374505
vt 0.239432 0.375828
vt 0.268200 0.366970
vt 0.362694 0.366970
vt 0.402375 0.376978
vt 0.355347 0.373842
vt 0.812784 0.374505
vt 0.782414 0.366970
vt 0.837953 0.366970
vt 0.943712 0.366970
vt 0.328239 0.366970
vt 0.843843 0.306066
vt 0.806783 0.290653
vt 0.823034 0.325010
vt 0.270473 0.298714
vt 0.242831 0.247566
vt 0.237278 0.348539
vt 0.821054 0.306066
vt 0.861187 0.381669
vt 0.867871 0.355001
vt 0.204169 0.306065
vt 0.249038 0.254551
vt 0.238308 0.355001
vt 0.923491 0.306066
vt 0.875558 0.260854
vt 0.894908 0.355003
vt 0.287189 0.167908
vt 0.278407 0.248908
vt 0.296713 0.175381
vt 0.836887 0.248313
vt 0.821505 0.183837
vt 0.832672 0.107945
vt 0.294069 0.306066
vt 0.274296 0.244198
vt 0.687304 0.503670
vt 0.688143 0.515500
vt 0.909407 0.306065
vt 0.890875 0.259838
vt 0.665038 0.529387
vt 0.859894 0.181267
vt 0.198018 0.306066
vt 0.222604 0.246722
vt 0.313090 0.290653
vt 0.299053 0.241952
vt 0.289065 0.284825
vt 0.258600 0.189274
vt 0.257486 0.219941
vt 0.303197 0.260854
vt 0.284430 0.238854
vt 0.295107 0.165962
vt 0.851509 0.250989
vt 0.925278 0.366970
vt 0.205510 0.366970
vt 0.869738 0.366970
vt 0.189365 0.374505
vt 0.229459 0.364572
vt 0.336576 0.375828
vt 0.214712 0.381302
vt 0.228564 0.378353
vt 0.901142 0.381302
vt 0.841271 0.246134
vt 0.268090 0.254701
vt 0.283670 0.285642
vt 0.271584 0.160768
vt 0.750746 0.266178
vt 0.788580 0.290202
vt 0.786106 0.298714
vt 0.848244 0.219749
vt 0.687454 0.518926
vt 0.263294 0.144113
vt 0.280512 0.166176
vt 0.827634 0.246722
vt 0.844222 0.134885
vt 0.827227 0.152362
vt 0.292587 0.136244
vt 0.691050 0.528467
vt 0.680086 0.506014
vt 0.679977 0.497447
vt 0.849617 0.195898
vt 0.867580 0.156499
vt 0.818196 0.175381
vt 0.676013 0.499991
vt 0.683831 0.507700
vt 0.856881 0.103629
vt 0.842033 0.104593
vt 0.248899 0.164640
vt 0.268475 0.118852
vt 0.811095 0.106666
vt 0.226693 0.259838
vt 0.884335 0.165962
vt 0.886075 0.136244
vt 0.665480 0.533689
vt 0.830912 0.105289
vt 0.675793 0.525082
vt 0.685386 0.923455
vt 0.686287 0.536975
vt 0.281117 0.106977
vt 0.267904 0.106815
vt 0.847163 0.150680
vt 0.820176 0.241952
vt 0.250126 0.121352
vt 0.819834 0.106043
vt 0.878439 0.180675
vt 0.670377 0.498628
vt 0.230161 0.183837
vt 0.818592 0.136986
vt 0.895411 0.144162
vt 0.893344 0.238854
vt 0.252435 0.110042
vt 0.235171 0.144162
vt 0.247359 0.106866
vt 0.231211 0.136986
vt 0.741458 0.355774
vt 0.731043 0.359102
vt 0.682431 0.356663
vt 0.723738 0.384513
vt 0.731043 0.391311
vt 0.783632 0.385836
vt 0.715393 0.352995
vt 0.784377 0.353167
vt 0.794048 0.356942
vt 0.757108 0.376978
vt 0.358352 0.384513
vt 0.407281 0.385836
vt 0.394225 0.376978
vt 0.245459 0.384513
vt 0.296800 0.385836
vt 0.259587 0.376978
vt 0.688123 0.376978
vt 0.325944 0.376978
vt 0.697114 0.384513
vt 0.662803 0.376978
vt 0.725809 0.376978
vt 0.308123 0.281751
vt 0.319631 0.267395
vt 0.311922 0.257574
vt 0.295041 0.365009
vt 0.318300 0.328288
vt 0.298650 0.325170
vt 0.706046 0.316074
vt 0.765520 0.364572
vt 0.316417 0.264560
vt 0.818841 0.316074
vt 0.764905 0.270863
vt 0.785803 0.365012
vt 0.705864 0.193845
vt 0.718618 0.142516
vt 0.723395 0.258321
vt 0.344096 0.254206
vt 0.365066 0.316074
vt 0.749262 0.191275
vt 0.775868 0.270138
vt 0.262684 0.316074
vt 0.289393 0.256730
vt 0.690112 0.331120
vt 0.648704 0.333636
vt 0.328046 0.229949
vt 0.329246 0.199282
vt 0.376271 0.270863
vt 0.355300 0.248862
vt 0.367203 0.175970
vt 0.820113 0.376978
vt 0.438605 0.341732
vt 0.388522 0.333636
vt 0.463872 0.331120
vt 0.351537 0.337500
vt 0.339483 0.325010
vt 0.367441 0.332141
vt 0.349852 0.331331
vt 0.670550 0.655788
vt 0.730797 0.324655
vt 0.783869 0.375964
vt 0.758312 0.385836
vt 0.672015 0.385836
vt 0.639511 0.376978
vt 0.412317 0.385836
vt 0.366921 0.384513
vt 0.352106 0.391311
vt 0.304950 0.385836
vt 0.283826 0.391311
vt 0.255459 0.382613
vt 0.784377 0.391311
vt 0.820256 0.382613
vt 0.715393 0.391311
vt 0.280712 0.391311
vt 0.347069 0.391311
vt 0.794048 0.391311
vt 0.682431 0.391311
vt 0.737787 0.260997
vt 0.726325 0.256142
vt 0.732729 0.287892
vt 0.321185 0.265523
vt 0.348476 0.231352
vt 0.333414 0.244357
vt 0.736203 0.229757
vt 0.331500 0.139757
vt 0.336912 0.177959
vt 0.712896 0.256730
vt 0.732241 0.141365
vt 0.710706 0.162370
vt 0.364403 0.146253
vt 0.735683 0.205907
vt 0.755897 0.166507
vt 0.700732 0.185389
vt 0.343472 0.170777
vt 0.690511 0.109773
vt 0.324567 0.260826
vt 0.319944 0.131360
vt 0.337383 0.109747
vt 0.316055 0.109553
vt 0.739541 0.109221
vt 0.714107 0.109462
vt 0.779496 0.111451
vt 0.765702 0.108644
vt 0.776923 0.146253
vt 0.362551 0.111451
vt 0.346660 0.108067
vt 0.773004 0.348539
vt 0.769955 0.190683
vt 0.731670 0.108521
vt 0.758001 0.108074
vt 0.357740 0.109861
vt 0.734971 0.160688
vt 0.370649 0.185389
vt 0.358984 0.228823
vt 0.372543 0.235643
vt 0.372124 0.109773
vt 0.360409 0.177917
vt 0.713613 0.253183
vt 0.751334 0.109000
vt 0.702369 0.235643
vt 0.701193 0.109554
vt 0.316301 0.174648
vt 0.297810 0.193845
vt 0.709434 0.161222
vt 0.788617 0.154170
vt 0.785247 0.248862
vt 0.282868 0.316788
vt 0.287237 0.309573
vt 0.320140 0.120050
vt 0.774918 0.175970
vt 0.285115 0.270138
vt 0.301398 0.154170
vt 0.302866 0.109324
vt 0.293732 0.161222
vt 0.624601 0.331120
vt 0.681052 0.325646
vt 0.638557 0.323273
vt 0.600553 0.359521
vt 0.586231 0.358836
vt 0.604372 0.356348
vt 0.653693 0.332141
vt 0.604372 0.331120
vt 0.653890 0.316788
vt 0.301753 0.324323
vt 0.356791 0.325646
vt 0.315989 0.316788
vt 0.648322 0.325646
vt 0.688103 0.316788
vt 0.669932 0.325170
vt 0.420499 0.322644
vt 0.408506 0.316317
vt 0.441030 0.324323
vt 0.602504 0.312631
vt 0.583832 0.324323
vt 0.547921 0.316788
vt 0.613432 0.316788
vt 0.584456 0.255982
vt 0.588125 0.263375
vt 0.622877 0.255884
vt 0.410204 0.240204
vt 0.354678 0.304818
vt 0.400869 0.271231
vt 0.593868 0.381384
vt 0.641721 0.205987
vt 0.649076 0.304818
vt 0.383874 0.204369
vt 0.378206 0.253183
vt 0.716824 0.255884
vt 0.660011 0.210672
vt 0.683491 0.304821
vt 0.417787 0.198725
vt 0.440015 0.125198
vt 0.428429 0.117726
vt 0.414273 0.194016
vt 0.438508 0.255884
vt 0.677184 0.209656
vt 0.640209 0.131084
vt 0.321110 0.381384
vt 0.374964 0.197384
vt 0.350846 0.196539
vt 0.393915 0.139092
vt 0.392562 0.169758
vt 0.419698 0.215671
vt 0.426791 0.209589
vt 0.448744 0.210672
vt 0.426410 0.188672
vt 0.439134 0.115779
vt 0.631542 0.200806
vt 0.719401 0.316788
vt 0.479719 0.316788
vt 0.684670 0.281751
vt 0.688220 0.267395
vt 0.593757 0.278154
vt 0.594218 0.279607
vt 0.587104 0.307480
vt 0.381195 0.316891
vt 0.374518 0.325297
vt 0.489251 0.325646
vt 0.662460 0.328288
vt 0.341368 0.331120
vt 0.375896 0.327497
vt 0.500110 0.363175
vt 0.451093 0.361492
vt 0.495440 0.374821
vt 0.423232 0.331120
vt 0.624601 0.363120
vt 0.648704 0.358955
vt 0.690112 0.360873
vt 0.401884 0.287892
vt 0.619370 0.195952
vt 0.409230 0.111160
vt 0.413662 0.226404
vt 0.405325 0.204519
vt 0.626368 0.169566
vt 0.612926 0.198130
vt 0.602011 0.196539
vt 0.627246 0.109933
vt 0.604072 0.110356
vt 0.433904 0.109511
vt 0.422378 0.123980
vt 0.629284 0.145716
vt 0.648782 0.109605
vt 0.590014 0.110662
vt 0.591790 0.125198
vt 0.663914 0.109541
vt 0.660783 0.118246
vt 0.689081 0.265523
vt 0.688840 0.244357
vt 0.662297 0.130493
vt 0.639770 0.110901
vt 0.662510 0.110244
vt 0.444760 0.109541
vt 0.427594 0.110909
vt 0.442867 0.191770
vt 0.594172 0.191770
vt 0.623763 0.111196
vt 0.383684 0.114458
vt 0.359856 0.108311
vt 0.609198 0.111372
vt 0.389752 0.111333
vt 0.368351 0.111418
vt 0.680886 0.188672
vt 0.670327 0.115779
vt 0.356783 0.209656
vt 0.537371 0.362773
vt 0.532294 0.366144
vt 0.483771 0.363389
vt 0.528733 0.385143
vt 0.532294 0.391940
vt 0.582756 0.386466
vt 0.509321 0.359782
vt 0.573637 0.360308
vt 0.457589 0.394457
vt 0.412998 0.391940
vt 0.484126 0.391940
vt 0.560344 0.377608
vt 0.476573 0.385143
vt 0.529740 0.386466
vt 0.513339 0.377608
vt 0.365554 0.385143
vt 0.414650 0.386466
vt 0.376955 0.377608
vt 0.599070 0.385143
vt 0.545587 0.386466
vt 0.578715 0.377608
vt 0.502737 0.385143
vt 0.439535 0.386466
vt 0.472968 0.377608
vt 0.496028 0.377608
vt 0.442210 0.377608
vt 0.489650 0.385143
vt 0.458859 0.377608
vt 0.514399 0.377608
vt 0.381725 0.385143
vt 0.352004 0.377608
vt 0.401839 0.377608
vt 0.538223 0.377608
vt 0.528945 0.317381
vt 0.504777 0.252590
vt 0.506790 0.282031
vt 0.452456 0.284135
vt 0.433661 0.383704
vt 0.436716 0.304056
vt 0.473342 0.259546
vt 0.494678 0.186019
vt 0.483476 0.178546
vt 0.420212 0.194475
vt 0.413663 0.113857
vt 0.406416 0.384451
vt 0.475601 0.254836
vt 0.478931 0.263375
vt 0.472485 0.255982
vt 0.556691 0.240204
vt 0.543126 0.271231
vt 0.540617 0.191905
vt 0.384091 0.316704
vt 0.412195 0.382860
vt 0.497456 0.252590
vt 0.491851 0.270753
vt 0.504263 0.273968
vt 0.451109 0.199912
vt 0.449805 0.230579
vt 0.486608 0.249492
vt 0.497909 0.176600
vt 0.506324 0.271492
vt 0.562609 0.271492
vt 0.538074 0.261627
vt 0.505337 0.324632
vt 0.600553 0.332141
vt 0.586231 0.331228
vt 0.552228 0.327497
vt 0.546009 0.365639
vt 0.499262 0.316704
vt 0.411713 0.362580
vt 0.397535 0.348854
vt 0.426761 0.363819
vt 0.448936 0.366056
vt 0.502025 0.368593
vt 0.459752 0.366966
vt 0.529778 0.367825
vt 0.549811 0.353879
vt 0.533899 0.360645
vt 0.548528 0.318598
vt 0.554495 0.330570
vt 0.547155 0.317381
vt 0.585092 0.365641
vt 0.551464 0.352634
vt 0.563173 0.377608
vt 0.478693 0.386466
vt 0.615883 0.377608
vt 0.545118 0.386466
vt 0.573637 0.391940
vt 0.509321 0.391940
vt 0.403492 0.391940
vt 0.468747 0.391940
vt 0.587834 0.391940
vt 0.587834 0.364240
vt 0.518581 0.391940
vt 0.524592 0.248613
vt 0.461628 0.265339
vt 0.478813 0.270284
vt 0.465592 0.171406
vt 0.466117 0.141247
vt 0.480851 0.178301
vt 0.507665 0.382860
vt 0.516917 0.384451
vt 0.532798 0.141995
vt 0.512407 0.162999
vt 0.495212 0.146882
vt 0.518849 0.110994
vt 0.512424 0.111046
vt 0.518210 0.113163
vt 0.492485 0.279607
vt 0.490736 0.278154
vt 0.501776 0.194475
vt 0.536055 0.206536
vt 0.554502 0.167137
vt 0.502570 0.186019
vt 0.449935 0.110688
vt 0.431463 0.154800
vt 0.442023 0.110853
vt 0.469664 0.110507
vt 0.451230 0.120680
vt 0.543131 0.110853
vt 0.494697 0.110807
vt 0.571217 0.176600
vt 0.441712 0.131990
vt 0.469729 0.110532
vt 0.443306 0.111102
vt 0.571002 0.121347
vt 0.557371 0.110705
vt 0.572865 0.146882
vt 0.492865 0.110676
vt 0.353822 0.365639
vt 0.425589 0.111161
vt 0.560187 0.191313
vt 0.530400 0.111900
vt 0.543082 0.111683
vt 0.527435 0.161318
vt 0.497732 0.110807
vt 0.385245 0.112481
vt 0.428829 0.111449
vt 0.447183 0.175278
vt 0.564194 0.226404
vt 0.567208 0.111161
vt 0.504749 0.113857
vt 0.424139 0.154155
vt 0.410969 0.191313
vt 0.579903 0.249492
vt 0.517153 0.112080
vt 0.446177 0.215999
vt 0.420389 0.367966
vt 0.412029 0.366342
vt 0.436836 0.366220
vt 0.442333 0.360169
vt 0.440067 0.366966
vt 0.498837 0.361492
vt 0.385398 0.365237
vt 0.398518 0.362135
vt 0.448538 0.365229
vt 0.470526 0.366763
vt 0.478386 0.352634
vt 0.394228 0.360169
vt 0.403495 0.352634
vt 0.406974 0.352634
vt 0.506393 0.356550
vt 0.508673 0.352634
vt 0.482435 0.352634
vt 0.371645 0.360169
vt 0.339747 0.352634
vt 0.395287 0.352634
vt 0.636418 0.352634
vt 0.563243 0.353879
vt 0.561405 0.352634
vt 0.447549 0.340664
vt 0.528874 0.295340
vt 0.481601 0.358730
vt 0.431340 0.340664
vt 0.384775 0.291730
vt 0.433821 0.367333
vt 0.515277 0.240215
vt 0.524007 0.291730
vt 0.471323 0.246518
vt 0.502028 0.340667
vt 0.545736 0.153572
vt 0.532052 0.360071
vt 0.561339 0.161044
vt 0.407209 0.359476
vt 0.392701 0.169500
vt 0.404949 0.112543
vt 0.551027 0.229861
vt 0.586563 0.291730
vt 0.555281 0.109849
vt 0.574102 0.121908
vt 0.541789 0.153614
vt 0.560890 0.111161
vt 0.461507 0.245793
vt 0.440954 0.158635
vt 0.419552 0.291730
vt 0.456883 0.357885
vt 0.547278 0.272204
vt 0.567852 0.276630
vt 0.565266 0.227616
vt 0.503457 0.174938
vt 0.501652 0.205605
vt 0.586528 0.246518
vt 0.564324 0.224518
vt 0.577263 0.151625
vt 0.444359 0.291730
vt 0.445513 0.236652
vt 0.533926 0.352634
vt 0.559345 0.348725
vt 0.473115 0.304056
vt 0.468814 0.319719
vt 0.511621 0.347308
vt 0.647683 0.352634
vt 0.606911 0.315560
vt 0.624687 0.345993
vt 0.469109 0.348854
vt 0.431610 0.361492
vt 0.624120 0.359140
vt 0.628725 0.352634
vt 0.639531 0.361492
vt 0.592364 0.360169
vt 0.438867 0.366056
vt 0.398518 0.366966
vt 0.447900 0.363819
vt 0.446055 0.366966
vt 0.502173 0.366966
vt 0.550985 0.366966
vt 0.492432 0.366966
vt 0.440067 0.370477
vt 0.492432 0.367935
vt 0.419317 0.364965
vt 0.513657 0.282031
vt 0.433625 0.231798
vt 0.516672 0.365865
vt 0.537951 0.282916
vt 0.521871 0.146432
vt 0.419378 0.205412
vt 0.535764 0.129777
vt 0.397964 0.357885
vt 0.439455 0.117021
vt 0.416212 0.138025
vt 0.443160 0.181562
vt 0.462881 0.142163
vt 0.404262 0.161044
vt 0.515479 0.110791
vt 0.493733 0.129825
vt 0.492379 0.110565
vt 0.394285 0.109849
vt 0.479489 0.151625
vt 0.464344 0.166339
vt 0.480234 0.245502
vt 0.468606 0.245793
vt 0.416540 0.146294
vt 0.537423 0.108818
vt 0.407064 0.227616
vt 0.465689 0.111816
vt 0.435831 0.111770
vt 0.440667 0.110333
vt 0.514683 0.150304
vt 0.447798 0.158635
vt 0.483106 0.237944
vt 0.456826 0.238118
vt 0.440667 0.237439
vt 0.466109 0.169500
vt 0.480897 0.121908
vt 0.395417 0.136877
vt 0.486414 0.108507
vt 0.487326 0.224518
vt 0.533615 0.111066
vt 0.472888 0.110280
vt 0.328943 0.401123
vt 0.374772 0.395649
vt 0.335923 0.399499
vt 0.340499 0.403639
vt 0.319317 0.401123
vt 0.376962 0.401123
vt 0.579720 0.403639
vt 0.540416 0.401123
vt 0.596280 0.401123
vt 0.402533 0.394326
vt 0.355780 0.395649
vt 0.386406 0.386791
vt 0.607894 0.394326
vt 0.556976 0.395649
vt 0.582223 0.386791
vt 0.304462 0.394326
vt 0.275600 0.386791
vt 0.328761 0.386791
vt 0.426516 0.386791
vt 0.637132 0.386791
vt 0.328553 0.325887
vt 0.297921 0.299703
vt 0.308858 0.314711
vt 0.564778 0.267387
vt 0.548587 0.332408
vt 0.595296 0.300212
vt 0.340723 0.360590
vt 0.355665 0.363175
vt 0.356566 0.374821
vt 0.311721 0.325887
vt 0.356148 0.295340
vt 0.331351 0.347308
vt 0.596816 0.268728
vt 0.612852 0.195201
vt 0.604558 0.187729
vt 0.325982 0.268134
vt 0.311141 0.203658
vt 0.321955 0.152329
vt 0.589756 0.264019
vt 0.588600 0.292007
vt 0.365510 0.282916
vt 0.348927 0.275990
vt 0.347664 0.201087
vt 0.524218 0.325887
vt 0.546026 0.266542
vt 0.614877 0.261773
vt 0.622757 0.298502
vt 0.625517 0.299703
vt 0.579047 0.209095
vt 0.578074 0.239762
vt 0.599695 0.295511
vt 0.601351 0.294666
vt 0.599029 0.258675
vt 0.608943 0.185783
vt 0.616526 0.280675
vt 0.359553 0.280675
vt 0.336772 0.270809
vt 0.590530 0.365994
vt 0.598813 0.364965
vt 0.424805 0.374821
vt 0.423874 0.365994
vt 0.555805 0.374821
vt 0.522158 0.368383
vt 0.551541 0.367717
vt 0.385398 0.366966
vt 0.412029 0.368383
vt 0.328515 0.352634
vt 0.331143 0.356550
vt 0.522308 0.386791
vt 0.544918 0.362953
vt 0.343789 0.391600
vt 0.376536 0.374824
vt 0.526359 0.386791
vt 0.512852 0.394326
vt 0.231753 0.393312
vt 0.273385 0.390153
vt 0.405398 0.386791
vt 0.645819 0.395649
vt 0.285191 0.395954
vt 0.288207 0.397686
vt 0.538869 0.401123
vt 0.570901 0.401123
vt 0.547694 0.397686
vt 0.384216 0.401123
vt 0.563542 0.367360
vt 0.327196 0.265955
vt 0.587627 0.274522
vt 0.590740 0.180589
vt 0.336742 0.365069
vt 0.605532 0.122848
vt 0.597150 0.112120
vt 0.603160 0.112473
vt 0.579450 0.147192
vt 0.583848 0.187771
vt 0.317123 0.266542
vt 0.332155 0.151178
vt 0.314210 0.172182
vt 0.606617 0.156065
vt 0.319684 0.117795
vt 0.326010 0.113246
vt 0.310711 0.112970
vt 0.335023 0.215719
vt 0.351978 0.176320
vt 0.305961 0.195201
vt 0.577116 0.111019
vt 0.567594 0.110478
vt 0.297132 0.112624
vt 0.364910 0.200496
vt 0.375952 0.272204
vt 0.591101 0.111604
vt 0.566908 0.110217
vt 0.571390 0.141173
vt 0.371976 0.122848
vt 0.363587 0.112836
vt 0.369746 0.156065
vt 0.305300 0.108974
vt 0.554768 0.163982
vt 0.548538 0.109368
vt 0.335698 0.170500
vt 0.307744 0.261773
vt 0.702670 0.820080
vt 0.701881 0.819932
vt 0.566930 0.184461
vt 0.553032 0.203658
vt 0.351870 0.113093
vt 0.314175 0.171034
vt 0.397206 0.315560
vt 0.376818 0.258675
vt 0.368035 0.185783
vt 0.561316 0.109904
vt 0.549635 0.171034
vt 0.236937 0.373075
vt 0.252174 0.369581
vt 0.294634 0.373045
vt 0.252174 0.407645
vt 0.203894 0.402170
vt 0.262860 0.400847
vt 0.257358 0.376550
vt 0.191860 0.375253
vt 0.188657 0.370946
vt 0.271679 0.400847
vt 0.315055 0.402170
vt 0.305638 0.393312
vt 0.160247 0.400847
vt 0.212282 0.402170
vt 0.176622 0.393312
vt 0.578433 0.400847
vt 0.644845 0.402170
vt 0.605990 0.393312
vt 0.643042 0.400847
vt 0.636060 0.399499
vt 0.667667 0.391600
vt 0.242121 0.393312
vt 0.710994 0.400847
vt 0.746570 0.393312
vt 0.683908 0.393312
vt 0.542577 0.393312
vt 0.608778 0.268294
vt 0.317882 0.345025
vt 0.333433 0.370004
vt 0.210447 0.381343
vt 0.223061 0.357185
vt 0.206163 0.363797
vt 0.202194 0.381345
vt 0.166160 0.332408
vt 0.218572 0.287196
vt 0.612167 0.201723
vt 0.625552 0.194250
vt 0.637133 0.275250
vt 0.249917 0.274655
vt 0.267950 0.210179
vt 0.254707 0.158850
vt 0.238052 0.112872
vt 0.238610 0.177022
vt 0.223298 0.282512
vt 0.199427 0.261314
vt 0.216575 0.285989
vt 0.264682 0.332408
vt 0.280353 0.273908
vt 0.260504 0.273064
vt 0.660808 0.215616
vt 0.678675 0.273908
vt 0.662352 0.246283
vt 0.638040 0.314711
vt 0.197329 0.265196
vt 0.208227 0.192304
vt 0.245185 0.277331
vt 0.257248 0.332408
vt 0.168235 0.393312
vt 0.590542 0.355358
vt 0.593044 0.358915
vt 0.136377 0.355358
vt 0.154243 0.353027
vt 0.661115 0.372608
vt 0.634162 0.359994
vt 0.604194 0.363313
vt 0.727116 0.370010
vt 0.704292 0.371360
vt 0.745356 0.393312
vt 0.709500 0.381343
vt 0.729383 0.332408
vt 0.554645 0.349664
vt 0.706293 0.402170
vt 0.302766 0.401123
vt 0.154798 0.400847
vt 0.605447 0.407645
vt 0.683364 0.407645
vt 0.191860 0.407645
vt 0.257358 0.407644
vt 0.706836 0.407644
vt 0.643423 0.407645
vt 0.188657 0.407645
vt 0.580763 0.407645
vt 0.580926 0.401907
vt 0.310758 0.401907
vt 0.643838 0.281294
vt 0.583986 0.332408
vt 0.615502 0.309134
vt 0.256059 0.272476
vt 0.649989 0.281043
vt 0.641302 0.319703
vt 0.645645 0.187111
vt 0.615163 0.270540
vt 0.627644 0.170455
vt 0.622756 0.194293
vt 0.250329 0.157699
vt 0.270414 0.178704
vt 0.604491 0.265196
vt 0.596897 0.162587
vt 0.247115 0.222240
vt 0.227463 0.182841
vt 0.589791 0.272476
vt 0.601031 0.178704
vt 0.662803 0.170504
vt 0.635407 0.110561
vt 0.645174 0.190982
vt 0.640643 0.136384
vt 0.629996 0.145652
vt 0.259572 0.244244
vt 0.222206 0.244407
vt 0.288806 0.112308
vt 0.279263 0.201723
vt 0.259572 0.110615
vt 0.279744 0.111683
vt 0.626953 0.152167
vt 0.203432 0.129369
vt 0.222206 0.110027
vt 0.206069 0.162587
vt 0.606322 0.110388
vt 0.258989 0.113855
vt 0.174377 0.370010
vt 0.650397 0.110736
vt 0.594400 0.192304
vt 0.224876 0.207609
vt 0.615196 0.112624
vt 0.639975 0.113400
vt 0.277416 0.268294
vt 0.281913 0.114349
vt 0.226517 0.112333
vt 0.598640 0.111683
vt 0.609553 0.112308
vt 0.205550 0.207017
vt 0.204640 0.111250
vt 0.264188 0.177556
vt 0.670492 0.147694
vt 0.690797 0.210179
vt 0.319075 0.381343
vt 0.681367 0.261314
vt 0.682699 0.114349
vt 0.669307 0.114221
vt 0.694246 0.177556
vt 0.138462 0.376452
vt 0.146145 0.374023
vt 0.158278 0.376410
vt 0.174377 0.377672
vt 0.157707 0.379727
vt 0.091448 0.378602
vt 0.090160 0.374506
vt 0.805857 0.362893
vt 0.744949 0.357185
vt 0.799519 0.355358
vt 0.058476 0.362893
vt 0.110693 0.364216
vt 0.074286 0.355358
vt 0.645149 0.362893
vt 0.708735 0.364216
vt 0.672117 0.355358
vt 0.151144 0.358915
vt 0.153915 0.355358
vt 0.171204 0.362893
vt 0.206008 0.355358
vt 0.140545 0.355358
vt 0.771222 0.362893
vt 0.804602 0.355358
vt 0.746221 0.355358
vt 0.610595 0.355358
vt 0.164609 0.294454
vt 0.123089 0.244557
vt 0.109264 0.343388
vt 0.756360 0.294453
vt 0.707221 0.242939
vt 0.708925 0.343388
vt 0.067743 0.294454
vt 0.121157 0.249242
vt 0.105719 0.343391
vt 0.673486 0.163768
vt 0.686047 0.156296
vt 0.696990 0.237295
vt 0.150230 0.236701
vt 0.168927 0.172225
vt 0.155160 0.120896
vt 0.650091 0.294454
vt 0.679028 0.232586
vt 0.694460 0.926102
vt 0.683169 0.917095
vt 0.069590 0.294453
vt 0.093082 0.248226
vt 0.136272 0.080284
vt 0.138689 0.139067
vt 0.124741 0.169654
vt 0.181895 0.235954
vt 0.161142 0.235109
vt 0.719608 0.177662
vt 0.736789 0.235954
vt 0.721059 0.208328
vt 0.099037 0.227242
vt 0.110417 0.154349
vt 0.148362 0.239376
vt 0.161621 0.294454
vt 0.070915 0.355358
vt 0.764965 0.343388
vt 0.785554 0.294454
vt 0.220637 0.343388
vt 0.220992 0.304587
vt 0.107322 0.364216
vt 0.056286 0.362893
vt 0.669844 0.369690
vt 0.743947 0.369690
vt 0.091448 0.369690
vt 0.157707 0.369690
vt 0.764305 0.369690
vt 0.090160 0.369690
vt 0.146145 0.372608
vt 0.140209 0.359994
vt 0.159358 0.234522
vt 0.705082 0.149156
vt 0.709213 0.243089
vt 0.137371 0.208136
vt 0.691027 0.132501
vt 0.686309 0.156338
vt 0.153526 0.119745
vt 0.173725 0.140749
vt 0.661172 0.124632
vt 0.668670 0.227242
vt 0.150292 0.184286
vt 0.130262 0.144887
vt 0.652883 0.234522
vt 0.663150 0.140749
vt 0.707738 0.153028
vt 0.724443 0.132549
vt 0.704549 0.082695
vt 0.693277 0.107697
vt 0.662477 0.109971
vt 0.672238 0.110477
vt 0.735269 0.248226
vt 0.108151 0.124632
vt 0.700781 0.927581
vt 0.707941 0.924491
vt 0.690365 0.114212
vt 0.709699 0.904294
vt 0.705593 0.897542
vt 0.696885 0.900294
vt 0.704634 0.918691
vt 0.691967 0.912746
vt 0.688766 0.920662
vt 0.692678 0.930305
vt 0.677289 0.099670
vt 0.688600 0.091641
vt 0.736063 0.068232
vt 0.706445 0.912829
vt 0.711647 0.896497
vt 0.670315 0.230340
vt 0.698044 0.110881
vt 0.180675 0.230340
vt 0.149207 0.108143
vt 0.133486 0.106964
vt 0.728739 0.110023
vt 0.182475 0.163768
vt 0.656404 0.109241
vt 0.650951 0.108143
vt 0.713181 0.919602
vt 0.105296 0.169063
vt 0.106024 0.068232
vt 0.684943 0.914917
vt 0.164999 0.139601
vt 0.748710 0.172225
vt 0.748246 0.169063
vt 0.745673 0.108308
vt 0.752109 0.139601
vt 0.512424 0.240060
vt 0.473955 0.239196
vt 0.494697 0.239492
vt 0.689742 0.229449
vt 0.684824 0.230628
vt 0.662510 0.231255
vt 0.684040 0.231753
vt 0.713806 0.108952
vt 0.669597 0.639991
vt 0.669042 0.647080
vt 0.582272 0.236849
vt 0.590014 0.236342
vt 0.604072 0.236815
vt 0.580906 0.237940
vt 0.470484 0.109451
vt 0.452496 0.109605
vt 0.731670 0.227651
vt 0.294171 0.519070
vt 0.296890 0.525082
vt 0.688154 0.535433
vt 0.683197 0.565144
vt 0.490385 0.241475
vt 0.483798 0.240473
vt 0.695195 0.717480
vt 0.698593 0.731560
vt 0.695970 0.714747
vt 0.435831 0.244354
vt 0.465689 0.244417
vt 0.525765 0.108120
vt 0.711970 0.906305
vt 0.709238 0.899268
vt 0.710503 0.861846
vt 0.709644 0.849187
vt 0.705997 0.875227
vt 0.185013 0.252261
vt 0.195619 0.250565
vt 0.226517 0.250347
vt 0.708262 0.870994
vt 0.188800 0.249138
vt 0.179309 0.248598
vt 0.195445 0.247931
vt 0.204640 0.249265
vt 0.707583 0.842755
vt 0.291085 0.248976
vt 0.297132 0.245985
vt 0.703045 0.807293
vt 0.702541 0.800759
vt 0.701372 0.795411
vt 0.165205 0.248263
vt 0.193073 0.247102
vt 0.300652 0.109904
vt 0.296680 0.110217
vt 0.700153 0.793647
vt 0.342183 0.903760
vt 0.685819 0.903599
vt 0.304265 0.917095
vt 0.676353 0.740125
vt 0.491486 0.235683
vt 0.486054 0.236483
vt 0.698939 0.228720
vt 0.639770 0.230853
vt 0.579817 0.233523
vt 0.577847 0.234599
vt 0.589845 0.232340
vt 0.596276 0.445373
vt 0.574930 0.239223
vt 0.530400 0.234492
vt 0.543082 0.234628
vt 0.517153 0.234614
vt 0.651036 0.237985
vt 0.691709 0.576800
vt 0.688640 0.571955
vt 0.693354 0.592799
vt 0.692723 0.584971
vt 0.808285 0.225651
vt 0.803443 0.226787
vt 0.308285 0.105289
vt 0.687792 0.233208
vt 0.701193 0.233066
vt 0.714107 0.233072
vt 0.739541 0.233276
vt 0.557371 0.240036
vt 0.707140 0.744444
vt 0.704095 0.739275
vt 0.290791 0.244653
vt 0.279744 0.245070
vt 0.288806 0.245673
vt 0.692811 0.777026
vt 0.696200 0.787382
vt 0.385642 0.108818
vt 0.379575 0.111019
vt 0.377300 0.110478
vt 0.648240 0.106964
vt 0.839647 0.353479
vt 0.820256 0.351599
vt 0.853846 0.351920
vt 0.839647 0.382150
vt 0.829710 0.349347
vt 0.665685 0.516433
vt 0.830498 0.337500
vt 0.278796 0.289012
vt 0.277267 0.290202
vt 0.219185 0.107945
vt 0.667100 0.506042
vt 0.689652 0.523203
vt 0.687325 0.536928
vt 0.798384 0.378353
vt 0.328563 0.378904
vt 0.339365 0.330471
vt 0.721863 0.326069
vt 0.736181 0.322644
vt 0.289464 0.382150
vt 0.789043 0.289012
vt 0.790977 0.285642
vt 0.793929 0.120050
vt 0.792869 0.174648
vt 0.790218 0.107765
vt 0.698939 0.109324
vt 0.282786 0.108952
vt 0.285526 0.142516
vt 0.690511 0.232548
vt 0.770483 0.107946
vt 0.751681 0.316317
vt 0.656778 0.330471
vt 0.651526 0.331331
vt 0.651526 0.356817
vt 0.653693 0.357789
vt 0.423907 0.324655
vt 0.583078 0.215999
vt 0.440747 0.110662
vt 0.688120 0.309573
vt 0.589151 0.295861
vt 0.423946 0.326069
vt 0.691287 0.260826
vt 0.684040 0.109861
vt 0.499273 0.273968
vt 0.460954 0.277820
vt 0.421510 0.319719
vt 0.519753 0.316891
vt 0.538575 0.325297
vt 0.611427 0.324632
vt 0.398765 0.332141
vt 0.470526 0.367825
vt 0.503082 0.365731
vt 0.549623 0.365641
vt 0.538611 0.330570
vt 0.550561 0.348725
vt 0.500401 0.121347
vt 0.585282 0.120680
vt 0.584004 0.175278
vt 0.582272 0.110688
vt 0.574930 0.110676
vt 0.578917 0.154800
vt 0.421753 0.368629
vt 0.440693 0.362892
vt 0.453698 0.362580
vt 0.563371 0.360645
vt 0.391954 0.292007
vt 0.576744 0.111643
vt 0.482049 0.277820
vt 0.635974 0.291730
vt 0.503876 0.360590
vt 0.402728 0.359140
vt 0.560435 0.365731
vt 0.536823 0.360169
vt 0.440693 0.366966
vt 0.596971 0.366966
vt 0.574032 0.138025
vt 0.570414 0.110818
vt 0.454659 0.112543
vt 0.461684 0.136877
vt 0.479060 0.284135
vt 0.460602 0.110333
vt 0.407766 0.110818
vt 0.418800 0.111666
vt 0.456826 0.110280
vt 0.454989 0.166339
vt 0.478366 0.111643
vt 0.627391 0.401123
vt 0.533930 0.390153
vt 0.510220 0.394326
vt 0.312741 0.324051
vt 0.310884 0.319703
vt 0.557265 0.347387
vt 0.392307 0.345993
vt 0.391169 0.352634
vt 0.536316 0.381056
vt 0.282085 0.395179
vt 0.299986 0.187729
vt 0.612318 0.112836
vt 0.545289 0.108974
vt 0.542771 0.152329
vt 0.380293 0.163982
vt 0.658469 0.345025
vt 0.591435 0.353027
vt 0.665298 0.370004
vt 0.277183 0.362953
vt 0.271060 0.381056
vt 0.644194 0.324051
vt 0.597530 0.129369
vt 0.185953 0.136384
vt 0.186626 0.190982
vt 0.193073 0.110561
vt 0.674533 0.111250
vt 0.285316 0.194250
vt 0.688315 0.207017
vt 0.663994 0.258651
vt 0.148485 0.363313
vt 0.184883 0.281294
vt 0.174395 0.309134
vt 0.613608 0.294454
vt 0.190805 0.258651
vt 0.712282 0.304587
vt 0.698010 0.285989
vt 0.742448 0.363797
vt 0.609191 0.364216
vt 0.188800 0.110477
vt 0.175235 0.108308
vt 0.165205 0.109241
vt 0.179309 0.109971
vt 0.586729 0.117021
vt 0.583749 0.111666
vt 0.224696 0.105761
vt 0.811095 0.228544
vt 0.628563 0.341732
vt 0.386368 0.331228
vt 0.409495 0.112080
vt 0.341743 0.361492
vt 0.301182 0.267387
vt 0.274506 0.347387
vt 0.290791 0.111604
vt 0.304462 0.365682
vt 0.282085 0.367204
vt 0.231753 0.366106
vt 0.585154 0.355358
vt 0.202341 0.110388
vt 0.292529 0.107946
vt 0.509007 0.312631
s 0
usemtl 材質.002
f 19/1/1 645/2/1 642/3/1
f 651/4/2 691/5/2 692/6/2
f 19/1/3 642/3/3 658/7/3
f 19/1/4 658/7/4 664/8/4
f 19/1/5 664/8/5 657/9/5
f 695/10/6 691/5/6 651/4/6
f 849/11/7 851/12/7 649/13/7
f 790/14/8 662/15/8 829/16/8
f 545/17/9 791/18/9 759/19/9
f 707/20/10 725/21/10 724/22/10
f 727/23/11 759/19/11 726/24/11
f 678/25/12 685/26/12 802/27/12
f 793/28/13 795/29/13 796/30/13
f 689/31/14 638/32/14 683/33/14
f 689/31/15 688/34/15 638/32/15
f 679/35/16 688/34/16 689/31/16
f 799/36/17 798/37/17 795/29/17
f 688/34/18 685/26/18 638/32/18
f 685/26/19 688/34/19 793/28/19
f 685/26/20 682/38/20 638/32/20
f 685/26/21 678/25/21 682/38/21
f 678/25/22 852/39/22 582/40/22
f 682/38/23 683/33/23 638/32/23
f 699/41/24 682/38/24 698/42/24
f 701/43/25 700/44/25 636/45/25
f 804/46/26 799/36/26 803/47/26
f 727/23/27 731/48/27 545/17/27
f 829/16/28 662/15/28 833/49/28
f 833/49/29 662/15/29 856/50/29
f 703/51/30 849/11/30 649/13/30
f 703/51/31 705/52/31 704/53/31
f 695/10/32 709/54/32 710/55/32
f 709/54/33 712/56/33 711/57/33
f 713/58/34 657/9/34 732/59/34
f 657/9/35 734/60/35 732/59/35
f 545/17/36 731/48/36 736/61/36
f 545/17/37 805/62/37 792/63/37
f 664/8/38 658/7/38 806/64/38
f 806/64/39 658/7/39 810/65/39
f 810/65/40 658/7/40 662/15/40
f 662/15/41 658/7/41 642/3/41
f 662/15/42 859/66/42 858/67/42
f 716/68/43 714/69/43 651/4/43
f 651/4/44 645/2/44 657/9/44
f 645/2/45 19/1/45 657/9/45
f 649/13/46 851/12/46 859/66/46
f 649/13/47 642/3/47 645/2/47
f 649/13/48 694/70/48 706/71/48
f 397/72/49 647/73/49 706/71/49
f 654/74/50 862/75/50 863/76/50
f 397/72/51 692/6/51 661/77/51
f 665/78/52 397/72/52 661/77/52
f 397/72/53 665/78/53 656/79/53
f 864/80/54 861/81/54 654/74/54
f 551/82/55 666/83/55 675/84/55
f 579/85/56 669/86/56 676/87/56
f 551/82/57 675/84/57 677/88/57
f 579/85/58 676/87/58 671/89/58
f 686/90/59 702/91/59 700/44/59
f 620/92/60 680/93/60 690/94/60
f 684/95/61 633/96/61 681/97/61
f 641/98/62 684/95/62 690/94/62
f 684/95/63 681/97/63 690/94/63
f 681/97/64 620/92/64 690/94/64
f 641/98/65 690/94/65 687/99/65
f 690/94/66 680/93/66 687/99/66
f 680/93/67 613/100/67 687/99/67
f 686/90/68 641/98/68 687/99/68
f 701/43/69 699/41/69 696/101/69
f 700/44/70 701/43/70 686/90/70
f 641/98/71 697/102/71 684/95/71
f 633/96/72 671/103/72 681/97/72
f 671/103/73 676/104/73 681/97/73
f 676/104/74 620/92/74 681/97/74
f 677/105/75 680/93/75 620/92/75
f 677/105/76 675/106/76 680/93/76
f 680/93/77 675/106/77 613/100/77
f 906/107/78 613/100/78 907/108/78
f 717/109/79 908/110/79 570/111/79
f 676/104/80 677/105/80 620/92/80
f 676/87/81 669/86/81 677/88/81
f 669/86/82 551/82/82 677/88/82
f 910/112/83 512/113/83 675/106/83
f 671/103/84 633/96/84 865/114/84
f 671/103/85 865/114/85 866/115/85
f 671/89/86 654/74/86 579/85/86
f 656/79/87 669/86/87 579/85/87
f 669/86/88 656/79/88 665/78/88
f 665/78/89 551/82/89 669/86/89
f 665/78/90 666/83/90 551/82/90
f 665/78/91 661/77/91 666/83/91
f 666/83/92 661/77/92 720/116/92
f 723/117/93 720/116/93 661/77/93
f 695/10/94 710/55/94 723/117/94
f 579/85/95 654/74/95 656/79/95
f 654/74/96 647/73/96 656/79/96
f 656/79/97 647/73/97 397/72/97
f 705/52/98 647/73/98 704/53/98
f 647/73/99 863/76/99 703/51/99
f 618/118/100 607/119/100 323/120/100
f 716/68/101 618/118/101 714/69/101
f 607/119/102 635/121/102 323/120/102
f 323/120/103 635/121/103 640/122/103
f 323/120/104 640/122/104 627/123/104
f 655/124/105 470/125/105 639/126/105
f 531/127/106 644/128/106 659/129/106
f 470/130/107 655/131/107 660/132/107
f 531/133/108 659/134/108 663/135/108
f 708/136/109 737/137/109 730/138/109
f 741/139/110 740/140/110 738/141/110
f 576/142/111 667/143/111 673/144/111
f 674/145/112 580/146/112 668/147/112
f 602/148/113 930/149/113 674/145/113
f 913/150/114 674/145/114 920/151/114
f 674/145/115 673/144/115 602/148/115
f 674/145/116 668/147/116 673/144/116
f 668/147/117 576/142/117 673/144/117
f 673/144/118 672/152/118 602/148/118
f 672/152/119 673/144/119 667/143/119
f 567/153/120 672/152/120 667/143/120
f 670/154/121 602/148/121 672/152/121
f 743/155/122 672/152/122 738/141/122
f 743/155/123 737/137/123 670/154/123
f 670/154/124 930/149/124 602/148/124
f 959/156/125 966/157/125 708/158/125
f 580/146/126 914/159/126 908/110/126
f 663/135/127 668/147/127 580/146/127
f 663/135/128 659/134/128 668/147/128
f 659/134/129 576/142/129 668/147/129
f 660/132/130 667/143/130 576/142/130
f 660/132/131 655/131/131 667/143/131
f 567/153/132 667/143/132 655/131/132
f 741/139/133 567/153/133 745/160/133
f 646/161/134 663/162/134 289/163/134
f 663/162/135 646/161/135 531/127/135
f 659/134/136 660/132/136 576/142/136
f 659/129/137 644/128/137 660/164/137
f 644/128/138 470/125/138 660/164/138
f 893/165/139 747/166/139 746/167/139
f 748/168/140 895/169/140 897/170/140
f 750/171/141 639/126/141 751/172/141
f 722/173/142 627/123/142 646/161/142
f 627/123/143 640/122/143 646/161/143
f 531/127/144 646/161/144 640/122/144
f 640/122/145 644/128/145 531/127/145
f 640/122/146 635/121/146 644/128/146
f 635/121/147 470/125/147 644/128/147
f 639/126/148 470/125/148 635/121/148
f 635/121/149 607/119/149 753/174/149
f 752/175/150 751/172/150 639/126/150
f 722/173/151 723/117/151 709/54/151
f 714/69/152 618/118/152 627/123/152
f 627/123/153 618/118/153 323/120/153
f 715/176/154 707/20/154 758/177/154
f 716/68/155 715/176/155 618/118/155
f 207/178/156 571/179/156 564/180/156
f 571/179/157 736/61/157 731/48/157
f 207/178/158 564/180/158 596/181/158
f 207/178/159 596/181/159 606/182/159
f 207/178/160 606/182/160 588/183/160
f 268/184/161 726/24/161 759/19/161
f 900/185/162 598/186/162 631/187/162
f 611/188/163 749/189/163 750/171/163
f 418/190/164 900/185/164 889/191/164
f 650/192/165 509/193/165 760/194/165
f 537/195/166 890/196/166 902/197/166
f 744/198/167 742/199/167 653/200/167
f 559/201/168 648/202/168 653/200/168
f 995/203/169 994/204/169 648/202/169
f 728/205/170 729/206/170 744/198/170
f 559/201/171 653/200/171 652/207/171
f 739/208/172 653/200/172 742/199/172
f 740/140/173 891/209/173 902/197/173
f 650/192/174 559/201/174 652/207/174
f 643/210/175 898/211/175 890/196/175
f 898/211/176 509/193/176 650/192/176
f 766/212/177 559/201/177 765/213/177
f 765/213/178 762/214/178 767/215/178
f 769/216/179 559/201/179 763/217/179
f 1027/218/180 769/216/180 771/219/180
f 891/209/181 740/140/181 741/139/181
f 637/220/182 643/210/182 537/195/182
f 637/220/183 889/221/183 643/210/183
f 509/193/184 892/222/184 631/223/184
f 509/193/185 774/224/185 760/194/185
f 748/168/186 637/220/186 537/195/186
f 899/225/187 749/189/187 611/188/187
f 611/188/188 894/226/188 899/225/188
f 773/227/189 631/223/189 776/228/189
f 631/223/190 778/229/190 776/228/190
f 598/186/191 779/230/191 778/231/191
f 759/19/192 780/232/192 268/184/192
f 733/233/193 588/183/193 758/177/193
f 588/183/194 757/234/194 758/177/194
f 756/235/195 753/174/195 607/119/195
f 754/236/196 606/182/196 611/188/196
f 611/188/197 606/182/197 596/181/197
f 901/237/198 611/188/198 596/181/198
f 598/186/199 901/237/199 596/181/199
f 598/186/200 596/181/200 564/180/200
f 598/186/201 564/180/201 781/238/201
f 735/239/202 588/183/202 732/59/202
f 571/179/203 735/239/203 736/61/203
f 571/179/204 207/178/204 588/183/204
f 781/238/205 785/240/205 783/241/205
f 785/240/206 571/179/206 787/242/206
f 268/184/207 780/232/207 789/243/207
f 788/244/208 527/245/208 179/246/208
f 527/245/209 563/247/209 179/246/209
f 179/246/210 563/247/210 569/248/210
f 784/249/211 179/246/211 569/248/211
f 379/250/212 18/251/212 593/252/212
f 600/253/213 777/254/213 776/228/213
f 379/250/214 593/252/214 603/255/214
f 600/253/215 773/227/215 777/254/215
f 768/256/216 423/257/216 771/219/216
f 499/258/217 614/259/217 629/260/217
f 617/261/218 623/262/218 766/212/218
f 623/262/219 629/260/219 522/263/219
f 629/260/220 623/262/220 617/261/220
f 499/258/221 629/260/221 617/261/221
f 629/260/222 626/264/222 522/263/222
f 629/260/223 614/259/223 626/264/223
f 614/259/224 479/265/224 626/264/224
f 1059/266/225 1058/267/225 1098/268/225
f 622/269/226 623/262/226 522/263/226
f 623/262/227 622/269/227 768/256/227
f 623/262/228 764/270/228 766/212/228
f 761/271/229 767/215/229 762/214/229
f 774/224/230 600/253/230 617/261/230
f 499/258/231 617/261/231 600/253/231
f 614/259/232 499/258/232 603/255/232
f 603/255/233 593/252/233 614/259/233
f 593/252/234 479/265/234 614/259/234
f 109/272/235 1130/273/235 479/265/235
f 423/257/236 772/274/236 771/219/236
f 499/258/237 600/253/237 603/255/237
f 603/255/238 600/253/238 577/275/238
f 603/255/239 577/275/239 379/250/239
f 593/252/240 109/272/240 479/265/240
f 593/252/241 18/251/241 109/272/241
f 815/276/242 821/277/242 817/278/242
f 772/274/243 423/257/243 770/279/243
f 569/248/244 577/280/244 782/281/244
f 379/282/245 577/280/245 569/248/245
f 563/247/246 1133/283/246 1135/284/246
f 563/247/247 824/285/247 822/286/247
f 825/287/248 527/245/248 826/288/248
f 786/289/249 783/241/249 785/240/249
f 826/288/250 789/243/250 780/232/250
f 789/243/251 527/245/251 788/244/251
f 91/290/252 474/291/252 461/292/252
f 837/293/253 474/291/253 836/294/253
f 461/292/254 515/295/254 91/290/254
f 91/290/255 515/295/255 807/296/255
f 808/297/256 91/290/256 809/298/256
f 839/299/257 539/300/257 145/301/257
f 203/302/258 486/303/258 556/304/258
f 145/301/259 539/300/259 562/305/259
f 203/302/260 556/304/260 565/306/260
f 342/307/261 573/308/261 584/309/261
f 366/310/262 574/311/262 590/312/262
f 820/313/263 818/314/263 798/37/263
f 450/315/264 585/316/264 801/317/264
f 534/318/265 802/27/265 801/317/265
f 592/319/266 794/320/266 796/30/266
f 797/321/267 796/30/267 795/29/267
f 592/319/268 797/321/268 798/37/268
f 590/312/269 450/315/269 592/319/269
f 817/278/270 592/319/270 818/314/270
f 815/276/271 814/322/271 821/277/271
f 590/312/272 584/309/272 450/315/272
f 574/311/273 584/309/273 590/312/273
f 574/311/274 342/307/274 584/309/274
f 584/309/275 585/316/275 450/315/275
f 584/309/276 573/308/276 585/316/276
f 814/322/277 813/323/277 366/310/277
f 574/311/278 366/310/278 565/306/278
f 565/306/279 556/304/279 574/311/279
f 556/304/280 342/307/280 574/311/280
f 562/305/281 573/308/281 342/307/281
f 562/305/282 539/300/282 573/308/282
f 573/308/283 841/324/283 840/325/283
f 366/310/284 813/323/284 1137/326/284
f 565/327/285 517/328/285 203/329/285
f 556/304/286 562/305/286 342/307/286
f 556/304/287 486/303/287 562/305/287
f 486/303/288 145/301/288 562/305/288
f 539/300/289 843/330/289 841/324/289
f 539/300/290 502/331/290 842/332/290
f 507/333/291 811/334/291 790/14/291
f 811/334/292 808/297/292 810/65/292
f 515/295/293 791/18/293 792/63/293
f 791/18/294 515/295/294 825/287/294
f 825/287/295 517/328/295 822/286/295
f 517/328/296 515/295/296 461/292/296
f 461/292/297 203/329/297 517/328/297
f 846/335/298 844/336/298 845/337/298
f 474/291/299 507/333/299 847/338/299
f 474/291/300 91/290/300 507/333/300
f 461/292/301 486/339/301 203/329/301
f 461/292/302 474/291/302 486/339/302
f 474/291/303 145/340/303 486/339/303
f 67/341/304 395/342/304 371/343/304
f 70/344/305 870/345/305 869/346/305
f 371/343/306 431/347/306 67/341/306
f 431/347/307 455/348/307 67/341/307
f 427/349/308 67/341/308 455/348/308
f 872/350/309 70/351/309 871/352/309
f 126/353/310 407/354/310 492/355/310
f 502/331/311 839/299/311 443/356/311
f 498/357/312 872/350/312 873/358/312
f 126/353/313 492/355/313 504/359/313
f 541/360/314 247/361/314 520/362/314
f 299/363/315 530/364/315 554/365/315
f 830/366/316 832/367/316 831/368/316
f 875/369/317 877/370/317 549/371/317
f 357/372/318 549/371/318 560/373/318
f 878/374/319 549/371/319 877/370/319
f 534/318/320 357/372/320 560/373/320
f 534/318/321 554/365/321 357/372/321
f 534/318/322 299/363/322 554/365/322
f 554/365/323 541/360/323 357/372/323
f 554/365/324 530/364/324 541/360/324
f 530/364/325 247/361/325 541/360/325
f 357/372/326 541/360/326 549/371/326
f 541/360/327 520/362/327 549/371/327
f 549/371/328 880/375/328 875/369/328
f 502/331/329 843/330/329 842/332/329
f 841/324/330 843/330/330 299/363/330
f 504/359/331 530/364/331 299/363/331
f 504/359/332 492/355/332 530/364/332
f 492/355/333 247/361/333 530/364/333
f 247/361/334 498/357/334 520/362/334
f 498/357/335 882/376/335 520/362/335
f 881/377/336 880/375/336 520/362/336
f 299/363/337 502/331/337 504/359/337
f 504/359/338 502/331/338 443/356/338
f 443/356/339 126/353/339 504/359/339
f 492/355/340 498/357/340 247/361/340
f 492/355/341 407/354/341 498/357/341
f 498/357/342 407/354/342 70/351/342
f 834/378/343 855/379/343 884/380/343
f 427/349/344 835/381/344 834/378/344
f 833/49/345 835/381/345 455/348/345
f 828/382/346 845/337/346 844/336/346
f 431/347/347 845/337/347 455/348/347
f 848/383/348 846/335/348 431/347/348
f 443/384/349 838/385/349 837/293/349
f 443/384/350 431/347/350 371/343/350
f 371/343/351 126/386/351 443/384/351
f 886/387/352 427/349/352 885/388/352
f 395/342/353 887/389/353 888/390/353
f 395/342/354 67/341/354 427/349/354
f 371/343/355 407/391/355 126/386/355
f 371/343/356 395/342/356 407/391/356
f 407/391/357 395/342/357 70/344/357
f 327/392/358 312/393/358 35/394/358
f 45/395/359 327/392/359 336/396/359
f 312/393/360 362/397/360 35/394/360
f 35/394/361 362/397/361 373/398/361
f 35/394/362 373/398/362 350/399/362
f 45/395/363 336/396/363 404/400/363
f 866/401/364 94/402/364 867/403/364
f 138/404/365 392/405/365 448/406/365
f 404/407/366 873/358/366 45/408/366
f 454/409/367 866/115/367 865/114/367
f 138/410/368 448/411/368 415/412/368
f 880/375/369 883/413/369 476/414/369
f 496/415/370 218/416/370 467/417/370
f 251/418/371 472/419/371 481/420/371
f 273/421/372 481/420/372 496/415/372
f 481/420/373 472/419/373 496/415/373
f 472/419/374 218/416/374 496/415/374
f 496/415/375 489/422/375 273/421/375
f 489/422/376 496/415/376 467/417/376
f 489/422/377 467/417/377 633/96/377
f 482/423/378 273/421/378 489/422/378
f 852/39/379 489/422/379 582/40/379
f 853/424/380 482/423/380 852/39/380
f 476/414/381 273/421/381 482/423/381
f 854/425/382 879/426/382 482/423/382
f 879/426/383 876/427/383 476/414/383
f 476/414/384 481/420/384 273/421/384
f 476/414/385 458/428/385 481/420/385
f 458/428/386 251/418/386 481/420/386
f 415/412/387 472/419/387 251/418/387
f 415/412/388 448/411/388 472/419/388
f 448/411/389 218/416/389 472/419/389
f 218/416/390 454/409/390 467/417/390
f 454/409/391 633/96/391 467/417/391
f 458/428/392 881/377/392 882/376/392
f 404/407/393 882/376/393 874/429/393
f 404/407/394 251/418/394 458/428/394
f 448/411/395 454/409/395 218/416/395
f 448/406/396 392/405/396 454/430/396
f 454/430/397 392/405/397 94/402/397
f 45/408/398 872/350/398 871/352/398
f 404/407/399 415/412/399 251/418/399
f 404/400/400 336/396/400 415/431/400
f 336/396/401 138/404/401 415/431/401
f 350/399/402 392/405/402 138/404/402
f 350/399/403 373/398/403 392/405/403
f 94/402/404 392/405/404 373/398/404
f 861/81/405 864/80/405 94/402/405
f 373/398/406 868/432/406 863/76/406
f 362/397/407 850/433/407 849/11/407
f 362/397/408 851/12/408 850/433/408
f 858/67/409 859/66/409 860/434/409
f 858/67/410 312/393/410 884/380/410
f 336/396/411 350/399/411 138/404/411
f 336/396/412 327/392/412 350/399/412
f 350/399/413 327/392/413 35/394/413
f 312/393/414 885/388/414 884/380/414
f 327/392/415 887/389/415 886/387/415
f 327/392/416 869/346/416 870/345/416
f 902/197/417 891/209/417 537/195/417
f 902/197/418 890/196/418 652/207/418
f 892/222/419 889/221/419 631/223/419
f 890/196/420 650/192/420 652/207/420
f 892/222/421 896/435/421 643/210/421
f 896/435/422 898/211/422 643/210/422
f 894/226/423 901/237/423 418/190/423
f 897/170/424 637/220/424 748/168/424
f 893/165/425 745/160/425 567/153/425
f 899/225/426 418/190/426 637/436/426
f 889/221/427 900/437/427 631/223/427
f 749/438/428 655/131/428 750/439/428
f 893/165/429 537/195/429 891/209/429
f 901/237/430 903/440/430 418/190/430
f 903/440/431 900/185/431 418/190/431
f 643/210/432 889/221/432 892/222/432
f 889/191/433 637/436/433 418/190/433
f 692/6/434 693/441/434 651/4/434
f 693/441/435 694/70/435 651/4/435
f 694/70/436 645/2/436 651/4/436
f 849/11/437 850/433/437 851/12/437
f 829/16/438 828/382/438 790/14/438
f 828/382/439 827/442/439 790/14/439
f 545/17/440 792/63/440 791/18/440
f 727/23/441 545/17/441 759/19/441
f 697/102/442 696/101/442 698/42/442
f 698/42/443 682/38/443 582/40/443
f 582/40/444 697/102/444 698/42/444
f 802/27/445 830/366/445 831/368/445
f 831/368/446 678/25/446 802/27/446
f 796/30/447 794/320/447 793/28/447
f 793/28/448 688/34/448 795/29/448
f 960/443/449 683/33/449 931/444/449
f 689/445/450 462/446/450 962/447/450
f 991/448/451 1001/449/451 965/450/451
f 956/451/452 729/452/452 955/453/452
f 798/37/453 797/321/453 795/29/453
f 795/29/454 688/34/454 679/35/454
f 799/36/455 795/29/455 679/35/455
f 793/28/456 801/317/456 800/454/456
f 800/454/457 685/26/457 793/28/457
f 802/27/458 685/26/458 800/454/458
f 582/40/459 682/38/459 678/25/459
f 678/25/460 854/425/460 852/39/460
f 854/425/461 853/424/461 852/39/461
f 699/41/462 683/33/462 682/38/462
f 636/45/463 700/44/463 702/91/463
f 636/45/464 702/91/464 927/455/464
f 636/45/465 683/33/465 699/41/465
f 701/43/466 636/45/466 699/41/466
f 799/36/467 679/35/467 358/456/467
f 854/425/468 678/25/468 831/368/468
f 831/368/469 832/367/469 854/425/469
f 856/50/470 855/379/470 834/378/470
f 834/378/471 835/381/471 856/50/471
f 835/381/472 833/49/472 856/50/472
f 703/51/473 857/457/473 849/11/473
f 703/51/474 649/13/474 705/52/474
f 695/10/475 651/4/475 709/54/475
f 709/54/476 651/4/476 712/56/476
f 732/59/477 733/233/477 713/58/477
f 733/233/478 725/21/478 713/58/478
f 725/21/479 707/20/479 713/58/479
f 657/9/480 664/8/480 734/60/480
f 736/61/481 735/239/481 734/60/481
f 734/60/482 664/8/482 736/61/482
f 664/8/483 545/17/483 736/61/483
f 545/17/484 664/8/484 805/62/484
f 806/64/485 807/296/485 805/62/485
f 805/62/486 664/8/486 806/64/486
f 808/297/487 809/298/487 810/65/487
f 809/298/488 806/64/488 810/65/488
f 790/14/489 811/334/489 662/15/489
f 811/334/490 810/65/490 662/15/490
f 858/67/491 856/50/491 662/15/491
f 662/15/492 642/3/492 859/66/492
f 714/69/493 712/56/493 651/4/493
f 651/4/494 657/9/494 713/58/494
f 713/58/495 715/176/495 651/4/495
f 715/176/496 716/68/496 651/4/496
f 860/434/497 859/66/497 851/12/497
f 859/66/498 642/3/498 649/13/498
f 706/71/499 705/52/499 649/13/499
f 649/13/500 645/2/500 694/70/500
f 706/71/501 694/70/501 693/441/501
f 693/441/502 397/72/502 706/71/502
f 863/76/503 647/73/503 654/74/503
f 654/74/504 861/81/504 862/75/504
f 397/72/505 693/441/505 692/6/505
f 687/99/506 915/458/506 916/459/506
f 905/460/507 686/90/507 687/99/507
f 718/461/508 932/462/508 928/463/508
f 927/455/509 702/91/509 718/464/509
f 702/91/510 686/90/510 718/464/510
f 699/41/511 698/42/511 696/101/511
f 696/101/512 641/98/512 701/43/512
f 641/98/513 686/90/513 701/43/513
f 641/98/514 696/101/514 697/102/514
f 684/95/515 697/102/515 582/40/515
f 633/96/516 684/95/516 582/40/516
f 906/107/517 917/465/517 613/100/517
f 907/108/518 613/100/518 909/466/518
f 719/467/519 911/468/519 666/83/519
f 866/401/520 867/403/520 671/89/520
f 867/403/521 864/80/521 654/74/521
f 671/89/522 867/403/522 654/74/522
f 720/116/523 721/469/523 666/83/523
f 721/469/524 719/467/524 666/83/524
f 723/117/525 722/173/525 720/116/525
f 723/117/526 661/77/526 695/10/526
f 661/77/527 692/6/527 691/5/527
f 695/10/528 661/77/528 691/5/528
f 705/52/529 706/71/529 647/73/529
f 857/457/530 703/51/530 868/432/530
f 703/51/531 704/53/531 647/73/531
f 868/432/532 703/51/532 863/76/532
f 719/467/533 721/469/533 646/161/533
f 708/136/534 670/154/534 737/137/534
f 740/140/535 739/208/535 738/141/535
f 738/141/536 672/152/536 741/139/536
f 672/152/537 567/153/537 741/139/537
f 919/470/538 921/471/538 929/472/538
f 929/473/539 718/461/539 922/474/539
f 738/141/540 742/199/540 743/155/540
f 743/155/541 670/154/541 672/152/541
f 743/155/542 744/198/542 737/137/542
f 670/154/543 708/136/543 930/149/543
f 923/475/544 717/109/544 570/111/544
f 893/165/545 895/169/545 747/166/545
f 748/168/546 747/166/546 895/169/546
f 721/469/547 720/116/547 646/161/547
f 720/116/548 722/173/548 646/161/548
f 753/174/549 754/236/549 635/121/549
f 754/236/550 752/175/550 635/121/550
f 752/175/551 639/126/551 635/121/551
f 752/175/552 755/476/552 751/172/552
f 723/117/553 710/55/553 709/54/553
f 709/54/554 711/57/554 627/123/554
f 627/123/555 722/173/555 709/54/555
f 711/57/556 712/56/556 627/123/556
f 712/56/557 714/69/557 627/123/557
f 757/234/558 756/235/558 607/119/558
f 607/119/559 618/118/559 757/234/559
f 618/118/560 715/176/560 758/177/560
f 757/234/561 618/118/561 758/177/561
f 715/176/562 713/58/562 707/20/562
f 707/20/563 724/22/563 758/177/563
f 731/48/564 727/23/564 268/184/564
f 727/23/565 726/24/565 268/184/565
f 268/184/566 571/179/566 731/48/566
f 900/185/567 903/440/567 598/186/567
f 750/171/568 751/172/568 611/188/568
f 751/172/569 755/476/569 611/188/569
f 760/194/570 761/271/570 650/192/570
f 761/271/571 762/214/571 650/192/571
f 537/195/572 643/210/572 890/196/572
f 744/198/573 743/155/573 742/199/573
f 648/202/574 728/205/574 653/200/574
f 730/138/575 737/137/575 729/206/575
f 737/137/576 744/198/576 729/206/576
f 744/198/577 653/200/577 728/205/577
f 742/199/578 738/141/578 739/208/578
f 739/208/172 652/207/172 653/200/172
f 902/197/579 652/207/579 740/140/579
f 652/207/580 739/208/580 740/140/580
f 898/211/581 896/435/581 509/193/581
f 766/212/582 764/270/582 763/217/582
f 763/217/583 559/201/583 766/212/583
f 559/201/584 650/192/584 765/213/584
f 765/213/585 650/192/585 762/214/585
f 763/217/586 768/256/586 769/216/586
f 769/216/587 648/202/587 559/201/587
f 772/477/588 770/478/588 771/479/588
f 741/139/589 745/160/589 891/209/589
f 745/160/590 893/165/590 891/209/590
f 509/193/591 896/435/591 892/222/591
f 509/193/592 773/227/592 774/224/592
f 746/167/593 747/166/593 537/195/593
f 747/166/594 748/168/594 537/195/594
f 899/480/595 897/170/595 749/438/595
f 776/228/596 777/254/596 773/227/596
f 773/227/597 509/193/597 631/223/597
f 631/187/598 598/186/598 778/231/598
f 782/281/599 779/230/599 598/186/599
f 724/22/600 725/21/600 758/177/600
f 725/21/601 733/233/601 758/177/601
f 588/183/602 606/182/602 757/234/602
f 756/235/603 757/234/603 754/236/603
f 757/234/604 606/182/604 754/236/604
f 755/476/605 752/175/605 611/188/605
f 752/175/606 754/236/606 611/188/606
f 901/237/607 894/226/607 611/188/607
f 598/186/608 903/440/608 901/237/608
f 781/238/609 782/281/609 598/186/609
f 732/59/610 734/60/610 735/239/610
f 588/183/611 733/233/611 732/59/611
f 571/179/612 588/183/612 735/239/612
f 783/241/613 784/249/613 781/238/613
f 781/238/614 564/180/614 785/240/614
f 787/242/615 786/289/615 785/240/615
f 785/240/616 564/180/616 571/179/616
f 789/243/617 788/244/617 268/184/617
f 788/244/618 787/242/618 268/184/618
f 787/242/619 571/179/619 268/184/619
f 786/289/620 787/242/620 179/246/620
f 787/242/621 788/244/621 179/246/621
f 784/249/622 783/241/622 179/246/622
f 776/228/623 778/229/623 577/275/623
f 778/229/624 779/481/624 577/275/624
f 577/275/625 600/253/625 776/228/625
f 600/253/626 774/224/626 773/227/626
f 771/219/627 769/216/627 768/256/627
f 622/269/628 423/257/628 768/256/628
f 766/212/629 765/213/629 767/215/629
f 767/215/630 617/261/630 766/212/630
f 768/256/631 763/217/631 764/270/631
f 764/270/631 623/262/631 768/256/631
f 761/271/632 617/261/632 767/215/632
f 761/271/633 760/194/633 617/261/633
f 760/194/634 774/224/634 617/261/634
f 816/482/635 818/314/635 819/483/635
f 820/484/636 1031/485/636 819/486/636
f 1070/487/637 1069/488/637 1031/489/637
f 1034/490/638 770/279/638 423/257/638
f 815/491/639 817/492/639 1103/493/639
f 782/281/640 781/238/640 784/249/640
f 784/249/641 569/248/641 782/281/641
f 822/286/642 823/494/642 563/247/642
f 1136/495/643 1134/496/643 823/494/643
f 563/247/644 527/245/644 824/285/644
f 825/287/645 824/285/645 527/245/645
f 786/289/646 179/246/646 783/241/646
f 780/232/647 759/19/647 826/288/647
f 826/288/648 527/245/648 789/243/648
f 837/293/649 145/340/649 474/291/649
f 807/296/650 806/64/650 809/298/650
f 809/298/651 91/290/651 807/296/651
f 808/297/652 507/333/652 91/290/652
f 837/293/653 838/385/653 145/340/653
f 838/497/654 839/299/654 145/301/654
f 819/483/655 818/314/655 820/313/655
f 818/314/656 592/319/656 798/37/656
f 798/37/657 799/36/657 804/46/657
f 804/46/658 820/313/658 798/37/658
f 801/317/659 793/28/659 794/320/659
f 794/320/660 450/315/660 801/317/660
f 802/27/661 800/454/661 801/317/661
f 801/317/662 585/316/662 534/318/662
f 592/319/663 450/315/663 794/320/663
f 797/321/664 592/319/664 796/30/664
f 816/482/665 817/278/665 818/314/665
f 817/278/666 821/277/666 592/319/666
f 821/277/667 590/312/667 592/319/667
f 814/322/668 815/276/668 1141/498/668
f 590/312/669 814/322/669 366/310/669
f 814/322/670 590/312/670 821/277/670
f 534/318/671 585/316/671 840/325/671
f 585/316/672 573/308/672 840/325/672
f 775/484/673 804/484/673 803/499/673
f 775/484/674 820/484/674 804/484/674
f 573/308/675 539/300/675 841/324/675
f 565/306/676 1137/326/676 812/500/676
f 539/300/677 842/332/677 843/330/677
f 790/14/678 827/442/678 844/336/678
f 844/336/679 507/333/679 790/14/679
f 811/334/680 507/333/680 808/297/680
f 792/63/681 805/62/681 807/296/681
f 807/296/682 515/295/682 792/63/682
f 825/287/683 826/288/683 791/18/683
f 826/288/684 759/19/684 791/18/684
f 822/286/685 824/285/685 825/287/685
f 825/287/686 515/295/686 517/328/686
f 517/328/687 823/494/687 822/286/687
f 846/335/688 847/338/688 507/333/688
f 846/335/689 507/333/689 844/336/689
f 847/338/690 848/383/690 474/291/690
f 848/383/691 836/294/691 474/291/691
f 869/346/692 871/501/692 70/344/692
f 70/344/693 395/342/693 870/345/693
f 839/299/694 838/497/694 443/356/694
f 873/358/695 874/429/695 498/357/695
f 498/357/696 70/351/696 872/350/696
f 830/366/697 560/373/697 832/367/697
f 875/369/698 876/427/698 877/370/698
f 877/370/699 879/426/699 878/374/699
f 878/374/700 560/373/700 549/371/700
f 854/425/701 832/367/701 878/374/701
f 832/367/702 560/373/702 878/374/702
f 830/366/703 802/27/703 534/318/703
f 534/318/704 560/373/704 830/366/704
f 549/371/705 520/362/705 880/375/705
f 843/330/706 502/331/706 299/363/706
f 534/318/707 840/325/707 299/363/707
f 840/325/708 841/324/708 299/363/708
f 874/429/709 882/376/709 498/357/709
f 882/376/710 881/377/710 520/362/710
f 881/377/711 883/413/711 880/375/711
f 884/380/712 885/388/712 834/378/712
f 885/388/713 427/349/713 834/378/713
f 427/349/714 455/348/714 835/381/714
f 455/348/715 828/382/715 829/16/715
f 455/348/716 829/16/716 833/49/716
f 844/336/717 827/442/717 828/382/717
f 828/382/718 455/348/718 845/337/718
f 431/347/719 846/335/719 845/337/719
f 848/383/720 847/338/720 846/335/720
f 837/293/721 836/294/721 443/384/721
f 836/294/722 848/383/722 443/384/722
f 848/383/723 431/347/723 443/384/723
f 886/387/724 887/389/724 427/349/724
f 888/390/725 870/345/725 395/342/725
f 395/342/726 427/349/726 887/389/726
f 404/407/727 874/429/727 873/358/727
f 454/430/728 94/402/728 866/401/728
f 883/413/729 458/428/729 476/414/729
f 476/414/730 876/427/730 880/375/730
f 876/427/731 875/369/731 880/375/731
f 854/425/732 482/423/732 853/424/732
f 582/40/733 489/422/733 633/96/733
f 852/39/734 482/423/734 489/422/734
f 878/374/735 879/426/735 854/425/735
f 879/426/736 476/414/736 482/423/736
f 879/426/737 877/370/737 876/427/737
f 865/114/738 633/96/738 454/409/738
f 458/428/739 883/413/739 881/377/739
f 404/407/740 458/428/740 882/376/740
f 871/501/741 869/346/741 45/395/741
f 45/408/742 873/358/742 872/350/742
f 864/80/743 867/403/743 94/402/743
f 94/402/744 373/398/744 861/81/744
f 373/398/745 862/75/745 861/81/745
f 863/76/746 862/75/746 373/398/746
f 373/398/747 362/397/747 868/432/747
f 857/457/748 868/432/748 849/11/748
f 868/432/749 362/397/749 849/11/749
f 362/397/750 860/434/750 851/12/750
f 860/434/751 362/397/751 312/393/751
f 312/393/752 858/67/752 860/434/752
f 884/380/753 855/379/753 856/50/753
f 856/50/754 858/67/754 884/380/754
f 312/393/755 886/387/755 885/388/755
f 886/387/756 312/393/756 327/392/756
f 327/392/757 888/390/757 887/389/757
f 870/345/758 888/390/758 327/392/758
f 327/392/759 45/395/759 869/346/759
f 890/196/760 898/211/760 650/192/760
f 897/170/761 899/480/761 637/220/761
f 655/131/762 895/169/762 567/153/762
f 895/169/763 893/165/763 567/153/763
f 899/225/764 894/226/764 418/190/764
f 749/438/765 897/170/765 655/131/765
f 897/170/766 895/169/766 655/131/766
f 655/124/767 639/126/767 750/171/767
f 893/165/768 746/167/768 537/195/768
f 24/502/769 388/503/769 409/504/769
f 24/505/770 409/506/770 385/507/770
f 940/508/771 348/509/771 368/510/771
f 106/511/772 941/512/772 464/513/772
f 141/514/773 420/515/773 477/516/773
f 197/517/774 430/518/774 488/519/774
f 439/520/775 363/521/775 940/522/775
f 106/523/776 464/524/776 483/525/776
f 141/514/777 477/516/777 493/526/777
f 197/517/778 488/519/778 445/527/778
f 500/528/779 944/529/779 942/530/779
f 943/531/780 566/532/780 236/533/780
f 510/534/781 568/535/781 264/536/781
f 518/537/782 538/538/782 301/539/782
f 523/540/783 543/541/783 326/542/783
f 583/543/784 561/544/784 597/545/784
f 575/546/785 586/547/785 605/548/785
f 523/549/786 538/538/786 533/550/786
f 589/551/787 570/111/787 604/552/787
f 518/553/788 568/535/788 557/554/788
f 915/458/789 605/555/789 916/459/789
f 557/554/790 568/535/790 595/556/790
f 510/557/791 566/532/791 526/558/791
f 944/559/792 546/560/792 945/561/792
f 601/562/793 566/532/793 599/563/793
f 543/564/794 578/565/794 619/566/794
f 500/528/795 543/541/795 581/567/795
f 445/568/796 523/540/796 326/542/796
f 445/527/797 488/519/797 523/549/797
f 488/519/798 301/539/798 523/549/798
f 493/569/799 518/537/799 301/539/799
f 493/526/800 477/516/800 518/553/800
f 477/516/801 264/536/801 518/553/801
f 483/525/802 510/534/802 264/536/802
f 483/525/803 464/524/803 510/534/803
f 464/513/804 236/533/804 510/557/804
f 439/570/805 326/542/805 500/528/805
f 488/519/806 493/569/806 301/539/806
f 488/519/807 430/518/807 493/569/807
f 430/518/808 141/571/808 493/569/808
f 477/516/809 483/525/809 264/536/809
f 477/516/810 420/515/810 483/525/810
f 420/515/811 106/523/811 483/525/811
f 464/513/812 189/572/812 236/533/812
f 189/572/813 464/513/813 941/512/813
f 439/570/814 445/568/814 326/542/814
f 439/570/815 368/510/815 445/568/815
f 368/573/816 197/517/816 445/527/816
f 385/507/817 430/518/817 197/517/817
f 385/507/818 409/506/818 430/518/818
f 409/506/819 141/571/819 430/518/819
f 409/504/820 420/515/820 141/514/820
f 409/504/821 388/503/821 420/515/821
f 388/503/822 106/523/822 420/515/822
f 388/574/823 948/575/823 941/512/823
f 368/573/824 385/507/824 197/517/824
f 348/509/825 385/576/825 368/510/825
f 348/509/826 24/502/826 385/576/826
f 663/135/827 717/109/827 923/475/827
f 523/549/828 301/539/828 538/538/828
f 500/528/829 581/567/829 572/577/829
f 552/578/830 946/579/830 561/544/830
f 583/543/831 632/580/831 561/544/831
f 487/581/832 950/582/832 943/583/832
f 601/562/833 552/578/833 561/544/833
f 608/584/834 568/535/834 575/546/834
f 570/111/835 609/585/835 604/552/835
f 616/586/836 589/587/836 533/550/836
f 526/588/837 575/546/837 510/534/837
f 572/577/838 594/589/838 624/590/838
f 589/587/839 604/591/839 578/565/839
f 570/111/840 512/113/840 289/592/840
f 533/550/841 578/565/841 523/549/841
f 575/546/842 526/588/842 586/547/842
f 630/593/843 591/594/843 512/113/843
f 628/595/844 625/596/844 594/589/844
f 597/597/845 572/577/845 624/590/845
f 601/562/846 561/544/846 632/580/846
f 572/577/847 581/567/847 628/595/847
f 621/598/848 512/113/848 591/594/848
f 512/113/849 610/599/849 630/593/849
f 912/600/850 913/601/850 594/589/850
f 591/602/851 610/603/851 616/586/851
f 624/590/852 919/604/852 597/597/852
f 518/537/853 557/605/853 538/538/853
f 625/596/854 619/606/854 604/607/854
f 599/563/855 566/532/855 552/578/855
f 904/608/856 905/460/856 687/99/856
f 628/595/857 581/567/857 625/596/857
f 913/601/858 920/609/858 594/589/858
f 923/475/859 289/592/859 663/135/859
f 589/551/860 610/599/860 570/111/860
f 687/99/861 605/555/861 904/608/861
f 610/599/862 512/113/862 570/111/862
f 518/553/863 264/536/863 568/535/863
f 601/562/864 599/563/864 552/578/864
f 512/113/865 910/112/865 171/610/865
f 814/322/866 167/611/866 813/323/866
f 289/592/867 171/610/867 911/612/867
f 589/587/868 578/565/868 533/550/868
f 604/591/869 619/566/869 578/565/869
f 632/580/870 922/613/870 918/614/870
f 615/615/871 595/556/871 575/546/871
f 561/544/872 546/560/872 597/545/872
f 583/543/873 919/470/873 922/613/873
f 546/616/874 500/528/874 572/577/874
f 634/617/875 632/580/875 918/614/875
f 597/597/876 546/616/876 572/577/876
f 594/589/877 921/618/877 624/590/877
f 921/618/878 919/604/878 624/590/878
f 533/550/879 591/602/879 616/586/879
f 557/554/880 595/556/880 587/619/880
f 907/108/881 587/620/881 906/107/881
f 526/558/882 566/532/882 586/621/882
f 615/615/883 575/546/883 605/548/883
f 612/622/884 605/548/884 586/547/884
f 500/528/885 326/542/885 543/541/885
f 601/562/886 634/617/886 586/621/886
f 510/534/887 575/546/887 568/535/887
f 575/546/888 595/556/888 568/535/888
f 601/562/889 632/580/889 634/617/889
f 566/532/890 601/562/890 586/621/890
f 587/619/891 621/623/891 557/554/891
f 523/540/892 578/624/892 543/541/892
f 236/533/893 566/532/893 510/557/893
f 581/567/894 543/541/894 625/596/894
f 610/603/895 591/602/895 630/625/895
f 589/587/896 616/586/896 610/603/896
f 591/602/897 557/605/897 621/626/897
f 905/627/898 612/628/898 634/617/898
f 572/577/899 628/595/899 594/589/899
f 533/550/900 538/538/900 591/602/900
f 591/602/901 538/538/901 557/605/901
f 612/628/902 586/621/902 634/617/902
f 6/629/903 261/630/903 239/631/903
f 38/632/904 261/633/904 293/634/904
f 6/629/905 239/631/905 315/635/905
f 6/629/906 315/635/906 334/636/906
f 6/629/907 334/636/907 306/637/907
f 38/632/908 293/634/908 361/638/908
f 52/639/909 281/640/909 376/641/909
f 69/642/910 331/643/910 389/644/910
f 38/632/911 361/638/911 386/645/911
f 52/639/912 376/641/912 402/646/912
f 69/647/913 389/648/913 413/649/913
f 969/650/914 970/651/914 485/652/914
f 156/653/915 968/654/915 987/655/915
f 435/656/916 487/581/916 189/657/916
f 460/658/917 944/559/917 945/561/917
f 449/659/918 466/660/918 223/661/918
f 505/662/919 525/663/919 495/664/919
f 460/658/920 457/665/920 449/666/920
f 487/581/921 514/667/921 480/668/921
f 435/669/922 485/652/922 452/670/922
f 386/645/923 241/671/923 14/672/923
f 519/673/924 521/674/924 485/652/924
f 466/675/925 497/676/925 540/677/925
f 363/678/926 449/659/926 223/661/926
f 98/679/927 14/680/927 193/681/927
f 947/682/928 942/683/928 449/666/928
f 413/649/929 435/656/929 189/657/929
f 413/649/930 389/648/930 435/656/930
f 389/644/931 156/653/931 435/669/931
f 402/646/932 975/684/932 974/685/932
f 689/31/933 683/33/933 462/686/933
f 223/661/934 977/687/934 361/638/934
f 413/649/935 189/657/935 941/688/935
f 413/649/936 941/688/936 341/689/936
f 341/689/937 69/647/937 413/649/937
f 389/644/938 402/646/938 156/653/938
f 389/644/939 331/643/939 402/646/939
f 331/643/940 52/639/940 402/646/940
f 756/235/941 754/236/941 753/174/941
f 281/690/942 386/645/942 376/691/942
f 281/690/943 38/632/943 386/645/943
f 361/638/944 363/678/944 223/661/944
f 361/638/945 293/634/945 363/678/945
f 293/692/946 95/693/946 363/521/946
f 306/694/947 353/695/947 95/693/947
f 306/694/948 334/696/948 353/695/948
f 334/696/949 82/697/949 353/695/949
f 334/698/950 341/689/950 82/699/950
f 334/698/951 315/700/951 341/689/951
f 315/700/952 69/647/952 341/689/952
f 315/701/953 331/643/953 69/642/953
f 315/701/954 239/702/954 331/643/954
f 239/702/955 52/639/955 331/643/955
f 293/692/956 306/694/956 95/693/956
f 293/634/957 261/633/957 306/703/957
f 261/630/958 6/629/958 306/637/958
f 239/702/959 281/640/959 52/639/959
f 239/704/960 261/633/960 281/690/960
f 261/633/961 38/632/961 281/690/961
f 944/559/962 449/666/962 942/683/962
f 501/705/963 491/706/963 973/707/963
f 979/708/964 485/652/964 970/651/964
f 971/709/965 521/674/965 981/710/965
f 495/664/966 528/711/966 487/581/966
f 532/712/967 508/713/967 457/665/967
f 435/656/968 452/714/968 495/664/968
f 491/706/969 513/715/969 547/716/969
f 497/676/970 508/713/970 524/717/970
f 457/665/971 497/676/971 449/666/971
f 452/714/972 505/662/972 495/664/972
f 550/718/973 548/719/973 513/715/973
f 516/720/974 491/706/974 547/716/974
f 521/674/975 971/709/975 555/721/975
f 491/706/976 501/705/976 550/718/976
f 547/716/977 936/722/977 516/720/977
f 485/652/978 980/723/978 981/710/978
f 501/705/979 548/719/979 550/718/979
f 558/724/980 924/725/980 926/726/980
f 930/727/981 938/728/981 513/715/981
f 529/729/982 934/730/982 524/731/982
f 532/712/983 529/732/983 508/713/983
f 935/733/984 532/712/984 929/472/984
f 487/581/985 943/583/985 236/734/985
f 519/673/986 981/710/986 521/674/986
f 457/665/987 508/713/987 497/676/987
f 506/735/988 927/736/988 928/737/988
f 524/717/989 540/677/989 497/676/989
f 555/721/990 925/738/990 924/725/990
f 495/664/991 536/739/991 514/667/991
f 516/740/992 972/741/992 982/742/992
f 936/743/993 925/738/993 503/744/993
f 491/706/994 983/745/994 973/707/994
f 930/727/995 513/715/995 933/746/995
f 983/745/996 491/706/996 982/747/996
f 513/715/997 937/748/997 547/716/997
f 936/722/998 547/716/998 937/748/998
f 511/749/999 532/712/999 457/665/999
f 514/667/1000 506/735/1000 480/668/1000
f 452/670/1001 485/652/1001 505/750/1001
f 524/731/1002 933/746/1002 548/719/1002
f 495/664/1003 525/663/1003 536/739/1003
f 535/751/1004 525/663/1004 505/662/1004
f 521/674/1005 558/724/1005 505/750/1005
f 435/656/1006 495/664/1006 487/581/1006
f 495/664/1007 514/667/1007 487/581/1007
f 521/674/1008 555/721/1008 558/724/1008
f 485/652/1009 521/674/1009 505/750/1009
f 480/668/1010 506/735/1010 542/752/1010
f 466/660/1011 449/659/1011 497/753/1011
f 985/754/1012 986/755/1012 435/669/1012
f 501/705/1013 466/660/1013 548/719/1013
f 532/712/1014 511/749/1014 553/756/1014
f 540/757/1015 548/719/1015 466/660/1015
f 480/758/1016 542/759/1016 511/749/1016
f 931/760/1017 558/724/1017 926/726/1017
f 491/706/1018 550/718/1018 513/715/1018
f 460/658/1019 511/749/1019 457/665/1019
f 480/758/1020 511/749/1020 460/658/1020
f 535/761/1021 505/750/1021 558/724/1021
f 193/762/1022 232/763/1022 26/764/1022
f 1005/765/1023 1004/766/1023 255/767/1023
f 975/768/1024 14/672/1024 255/769/1024
f 26/764/1025 232/763/1025 309/770/1025
f 64/771/1026 271/772/1026 332/773/1026
f 287/774/1027 985/775/1027 987/776/1027
f 978/777/1028 984/778/1028 73/779/1028
f 309/770/1029 1006/780/1029 26/764/1029
f 64/781/1030 332/782/1030 355/783/1030
f 1007/784/1031 1010/785/1031 369/786/1031
f 1011/787/1032 114/788/1032 378/789/1032
f 381/790/1033 441/791/1033 129/792/1033
f 406/793/1034 983/794/1034 982/742/1034
f 391/795/1035 411/796/1035 158/797/1035
f 428/798/1036 471/799/1036 459/800/1036
f 406/793/1037 400/801/1037 391/802/1037
f 425/803/1038 441/791/1038 469/804/1038
f 381/805/1039 437/806/1039 394/807/1039
f 475/808/1040 437/806/1040 473/809/1040
f 428/798/1041 1013/810/1041 1012/811/1041
f 411/812/1042 453/813/1042 484/814/1042
f 369/786/1043 411/796/1043 456/815/1043
f 158/797/1044 318/816/1044 391/795/1044
f 318/817/1045 984/778/1045 391/802/1045
f 969/818/1046 129/792/1046 970/819/1046
f 355/783/1047 381/790/1047 129/792/1047
f 355/783/1048 332/782/1048 381/790/1048
f 332/773/1049 114/788/1049 381/805/1049
f 369/786/1050 1009/820/1050 1016/821/1050
f 1015/822/1051 1006/780/1051 309/770/1051
f 309/770/1052 158/797/1052 369/786/1052
f 355/783/1053 129/792/1053 985/775/1053
f 287/774/1054 355/783/1054 985/775/1054
f 64/781/1055 355/783/1055 287/774/1055
f 332/773/1056 1014/823/1056 114/788/1056
f 1018/824/1057 1014/823/1057 271/772/1057
f 309/770/1058 318/816/1058 158/797/1058
f 309/770/1059 232/763/1059 318/816/1059
f 73/779/1060 318/817/1060 232/825/1060
f 287/774/1061 987/776/1061 968/826/1061
f 255/769/1062 287/774/1062 968/826/1062
f 255/769/1063 64/781/1063 287/774/1063
f 255/827/1064 271/772/1064 64/771/1064
f 1020/828/1065 271/772/1065 255/827/1065
f 1087/829/1066 134/830/1066 43/831/1066
f 241/832/1067 73/779/1067 232/825/1067
f 193/762/1068 241/671/1068 232/763/1068
f 193/833/1069 14/834/1069 241/835/1069
f 973/836/1070 983/794/1070 391/802/1070
f 456/815/1071 447/837/1071 369/786/1071
f 459/800/1072 964/838/1072 428/798/1072
f 437/806/1073 1011/787/1073 1021/839/1073
f 421/840/1074 428/798/1074 475/808/1074
f 478/841/1075 441/791/1075 451/842/1075
f 394/843/1076 451/842/1076 381/790/1076
f 955/844/1077 954/845/1077 447/837/1077
f 958/846/1078 465/847/1078 959/156/1078
f 400/801/1079 453/813/1079 391/802/1079
f 451/842/1080 394/843/1080 462/446/1080
f 955/844/1081 490/848/1081 956/849/1081
f 447/837/1082 456/815/1082 490/848/1082
f 954/845/1083 953/850/1083 471/851/1083
f 957/852/1084 956/849/1084 494/853/1084
f 473/809/1085 437/806/1085 421/840/1085
f 979/854/1086 441/791/1086 981/855/1086
f 475/808/1087 473/809/1087 421/840/1087
f 465/847/1088 453/813/1088 400/801/1088
f 463/856/1089 960/857/1089 961/858/1089
f 958/846/1090 957/859/1090 484/814/1090
f 964/838/1091 459/800/1091 965/860/1091
f 428/798/1092 416/861/1092 471/799/1092
f 416/862/1093 369/786/1093 447/837/1093
f 471/851/1094 416/862/1094 447/837/1094
f 952/863/1095 960/857/1095 469/804/1095
f 959/156/1096 400/801/1096 468/864/1096
f 425/803/1097 469/804/1097 463/856/1097
f 394/807/1098 437/806/1098 462/865/1098
f 952/863/1099 451/842/1099 951/866/1099
f 369/786/1100 158/797/1100 411/796/1100
f 462/865/1101 963/867/1101 962/868/1101
f 381/790/1102 451/842/1102 441/791/1102
f 451/842/1103 469/804/1103 441/791/1103
f 475/808/1104 964/838/1104 963/867/1104
f 437/806/1105 475/808/1105 462/865/1105
f 391/795/1106 453/869/1106 411/796/1106
f 114/788/1107 437/806/1107 381/805/1107
f 484/870/1108 494/853/1108 411/796/1108
f 936/743/1109 468/864/1109 925/738/1109
f 490/848/1110 955/844/1110 447/837/1110
f 400/801/1111 406/793/1111 468/864/1111
f 484/870/1112 957/852/1112 494/853/1112
f 425/871/1113 468/864/1113 406/793/1113
f 7/872/1114 131/873/1114 124/874/1114
f 17/875/1115 131/876/1115 166/877/1115
f 7/872/1116 124/874/1116 187/878/1116
f 7/872/1117 187/878/1117 208/879/1117
f 7/880/1118 208/881/1118 180/882/1118
f 17/875/1119 166/877/1119 234/883/1119
f 32/884/1120 152/885/1120 258/886/1120
f 37/887/1121 202/888/1121 267/889/1121
f 49/890/1122 221/891/1122 283/892/1122
f 59/893/1123 225/894/1123 304/895/1123
f 17/875/1124 234/883/1124 263/896/1124
f 32/884/1125 258/886/1125 277/897/1125
f 37/898/1126 267/899/1126 295/900/1126
f 49/901/1127 283/902/1127 311/903/1127
f 59/893/1128 304/895/1128 244/904/1128
f 1035/905/1129 351/906/1129 1036/907/1129
f 1039/908/1130 374/909/1130 1040/910/1130
f 364/911/1131 410/912/1131 396/913/1131
f 398/914/1132 419/915/1132 387/916/1132
f 339/917/1133 1010/918/1133 1007/919/1133
f 1011/920/1134 378/921/1134 408/922/1134
f 329/923/1135 374/909/1135 335/924/1135
f 351/925/1136 1042/926/1136 1038/927/1136
f 414/928/1137 374/909/1137 412/929/1137
f 390/930/1138 429/931/1138 346/932/1138
f 1035/905/1139 346/933/1139 393/934/1139
f 1019/935/1140 244/904/1140 98/679/1140
f 1005/936/1141 283/892/1141 1004/937/1141
f 1020/938/1142 1004/937/1142 89/939/1142
f 295/900/1143 329/940/1143 89/939/1143
f 267/899/1144 329/940/1144 295/900/1144
f 267/889/1145 76/941/1145 217/942/1145
f 1044/943/1146 76/941/1146 1045/944/1146
f 1047/945/1147 1046/946/1147 277/897/1147
f 1048/947/1148 1047/945/1148 258/886/1148
f 234/883/1149 1055/948/1149 1051/949/1149
f 1037/950/1150 1052/951/1150 1035/952/1150
f 1055/948/1151 117/953/1151 1053/954/1151
f 311/903/1152 98/679/1152 304/895/1152
f 225/894/1153 311/903/1153 304/895/1153
f 225/894/1154 49/901/1154 311/903/1154
f 283/892/1155 295/900/1155 89/939/1155
f 283/892/1156 221/891/1156 295/900/1156
f 221/891/1157 37/898/1157 295/900/1157
f 267/889/1158 277/897/1158 76/941/1158
f 267/889/1159 202/888/1159 277/897/1159
f 202/888/1160 32/884/1160 277/897/1160
f 263/955/1161 1048/947/1161 258/886/1161
f 258/886/1162 152/885/1162 263/955/1162
f 152/956/1163 17/875/1163 263/896/1163
f 234/883/1164 244/957/1164 117/953/1164
f 234/883/1165 166/877/1165 244/957/1165
f 166/958/1166 59/893/1166 244/904/1166
f 180/882/1167 225/894/1167 59/893/1167
f 180/882/1168 208/881/1168 225/894/1168
f 208/881/1169 49/901/1169 225/894/1169
f 208/959/1170 221/891/1170 49/890/1170
f 208/959/1171 187/960/1171 221/891/1171
f 187/960/1172 37/898/1172 221/891/1172
f 187/961/1173 202/888/1173 37/887/1173
f 187/961/1174 124/962/1174 202/888/1174
f 124/962/1175 32/884/1175 202/888/1175
f 166/958/1176 180/882/1176 59/893/1176
f 166/877/1177 131/876/1177 180/963/1177
f 131/873/1178 7/872/1178 180/964/1178
f 124/962/1179 152/885/1179 32/884/1179
f 124/962/1180 131/965/1180 152/885/1180
f 131/876/1181 17/875/1181 152/956/1181
f 1035/905/1182 393/934/1182 383/966/1182
f 359/967/1183 1043/968/1183 364/911/1183
f 364/911/1184 396/913/1184 444/969/1184
f 359/967/1185 364/911/1185 414/928/1185
f 422/970/1186 401/971/1186 339/917/1186
f 329/940/1187 335/972/1187 387/973/1187
f 383/966/1188 405/974/1188 436/975/1188
f 390/930/1189 401/971/1189 417/976/1189
f 1002/977/1190 990/978/1190 434/979/1190
f 390/930/1191 1016/980/1191 1009/981/1191
f 335/972/1192 398/982/1192 387/973/1192
f 440/983/1193 438/984/1193 405/974/1193
f 410/985/1194 383/966/1194 436/975/1194
f 414/928/1195 364/911/1195 444/969/1195
f 383/966/1196 393/934/1196 440/983/1196
f 992/986/1197 433/987/1197 991/988/1197
f 993/989/1198 442/990/1198 992/986/1198
f 995/991/1199 1002/977/1199 405/974/1199
f 436/975/1200 989/992/1200 410/985/1200
f 429/993/1201 438/984/1201 346/933/1201
f 374/909/1202 359/967/1202 412/929/1202
f 440/983/1203 393/934/1203 438/984/1203
f 446/994/1204 988/995/1204 996/996/1204
f 1002/977/1205 990/978/1205 405/974/1205
f 432/997/1206 994/998/1206 417/999/1206
f 422/970/1207 1003/1000/1207 401/971/1207
f 89/1001/1208 271/772/1208 1020/828/1208
f 991/988/1209 433/987/1209 1001/1002/1209
f 412/929/1210 359/967/1210 414/928/1210
f 339/917/1211 401/971/1211 390/930/1211
f 399/1003/1212 999/1004/1212 1000/1005/1212
f 390/930/1213 417/976/1213 429/931/1213
f 387/973/1214 426/1006/1214 408/922/1214
f 364/911/1215 351/925/1215 410/912/1215
f 396/913/1216 989/1007/1216 988/995/1216
f 351/906/1217 1035/905/1217 383/966/1217
f 405/974/1218 994/998/1218 995/991/1218
f 446/994/1219 444/969/1219 988/995/1219
f 351/906/1220 383/966/1220 410/985/1220
f 689/1008/1221 419/915/1221 997/1009/1221
f 990/978/1222 989/992/1222 436/975/1222
f 403/1010/1223 422/970/1223 339/917/1223
f 1011/920/1224 408/922/1224 1021/1011/1224
f 1001/1012/1225 399/1003/1225 1000/1005/1225
f 335/924/1226 374/909/1226 398/914/1226
f 417/999/1227 994/998/1227 438/984/1227
f 387/973/1228 419/1013/1228 426/1006/1228
f 424/1014/1229 419/915/1229 398/914/1229
f 1035/905/1230 117/953/1230 346/933/1230
f 414/928/1231 446/994/1231 398/914/1231
f 329/940/1232 387/973/1232 378/921/1232
f 387/973/1233 408/922/1233 378/921/1233
f 414/928/1234 444/969/1234 446/994/1234
f 374/909/1235 414/928/1235 398/914/1235
f 1013/810/1236 399/1015/1236 1012/811/1236
f 346/933/1237 1016/821/1237 390/1016/1237
f 393/934/1238 346/933/1238 438/984/1238
f 422/970/1239 403/1010/1239 442/990/1239
f 446/994/1240 997/1009/1240 424/1014/1240
f 999/1004/1241 426/1006/1241 998/1017/1241
f 383/966/1242 440/983/1242 405/974/1242
f 339/917/1243 1007/919/1243 1008/1018/1243
f 424/1014/1244 398/914/1244 446/994/1244
f 1071/1019/1245 1072/1020/1245 3/1021/1245
f 10/1022/1246 92/1023/1246 108/1024/1246
f 1074/1025/1247 127/1026/1247 1072/1020/1247
f 127/1026/1248 1047/1027/1248 3/1021/1248
f 3/1021/1249 1047/1027/1249 1048/1028/1249
f 10/1022/1250 108/1024/1250 164/1029/1250
f 27/1030/1251 134/830/1251 200/1031/1251
f 10/1022/1252 164/1029/1252 199/1032/1252
f 1075/1033/1253 1076/1034/1253 213/1035/1253
f 27/1036/1254 200/1037/1254 229/1038/1254
f 174/1039/1255 1055/1040/1255 1053/1041/1255
f 54/1042/1256 1079/1043/1256 320/1044/1256
f 65/1045/1257 257/1046/1257 321/1047/1257
f 1042/926/1258 280/1048/1258 1038/927/1258
f 266/1049/1259 286/1050/1259 78/1051/1259
f 337/1052/1260 308/1053/1260 349/1054/1260
f 328/1055/1261 338/1056/1261 358/1057/1261
f 280/1048/1262 275/1058/1262 266/1059/1262
f 337/1052/1263 349/1054/1263 1033/1060/1263
f 356/1061/1264 343/1062/1264 1028/1063/1264
f 314/1064/1265 321/1047/1265 347/1065/1265
f 257/1066/1266 320/1044/1266 270/1067/1266
f 1081/1068/1267 215/1069/1267 291/1070/1267
f 354/1071/1268 320/1044/1268 352/1072/1268
f 286/1073/1269 330/1074/1269 372/1075/1269
f 246/1076/1270 286/1050/1270 333/1077/1270
f 174/1078/1271 266/1049/1271 78/1051/1271
f 174/1039/1272 1054/1079/1272 266/1059/1272
f 1037/950/1150 266/1059/1150 1052/951/1150
f 65/1045/1273 1040/1080/1273 1041/1081/1273
f 229/1038/1274 257/1046/1274 65/1045/1274
f 229/1038/1275 200/1037/1275 257/1046/1275
f 200/1031/1276 54/1042/1276 257/1066/1276
f 1079/1043/1277 213/1035/1277 1082/1082/1277
f 199/1083/1278 1077/1084/1278 1083/1085/1278
f 199/1032/1279 164/1029/1279 246/1076/1279
f 164/1029/1280 78/1051/1280 246/1076/1280
f 229/1038/1281 65/1045/1281 217/1086/1281
f 147/1087/1282 229/1038/1282 217/1086/1282
f 147/1087/1283 27/1036/1283 229/1038/1283
f 200/1031/1284 213/1035/1284 54/1042/1284
f 200/1031/1285 134/830/1285 213/1035/1285
f 134/830/1286 1075/1033/1286 213/1035/1286
f 1086/1088/1287 199/1083/1287 1085/1089/1287
f 164/1029/1288 174/1078/1288 78/1051/1288
f 164/1029/1289 108/1024/1289 174/1078/1289
f 108/1090/1290 41/1091/1290 174/1039/1290
f 1045/1092/1291 127/1093/1291 1044/1094/1291
f 127/1093/1292 27/1036/1292 147/1087/1292
f 127/1095/1293 134/830/1293 27/1030/1293
f 1074/1096/1294 134/830/1294 127/1095/1294
f 1049/1097/1295 41/1091/1295 108/1090/1295
f 1049/1098/1296 108/1024/1296 92/1023/1296
f 92/1099/1297 3/1021/1297 1049/1100/1297
f 10/1022/1298 1089/1101/1298 92/1023/1298
f 266/1059/1299 1036/1102/1299 280/1048/1299
f 333/1077/1300 325/1103/1300 246/1076/1300
f 298/1104/1301 1080/1105/1301 308/1053/1301
f 337/1052/1302 384/1106/1302 308/1053/1302
f 320/1044/1303 1079/1043/1303 298/1104/1303
f 354/1071/1304 298/1104/1304 308/1053/1304
f 360/1107/1305 321/1047/1305 328/1055/1305
f 370/1108/1306 343/1062/1306 275/1058/1306
f 270/1109/1307 328/1055/1307 257/1046/1307
f 325/1103/1308 345/1110/1308 377/1111/1308
f 343/1062/1309 356/1061/1309 330/1074/1309
f 275/1058/1310 330/1074/1310 266/1059/1310
f 328/1055/1311 270/1109/1311 338/1056/1311
f 382/1112/1312 380/1113/1312 345/1110/1312
f 349/1114/1313 325/1103/1313 377/1111/1313
f 354/1071/1314 308/1053/1314 384/1106/1314
f 325/1103/1315 333/1077/1315 382/1112/1315
f 1024/1115/1316 375/1116/1316 1023/1117/1316
f 377/1111/1317 1033/1118/1317 349/1114/1317
f 372/1119/1318 380/1113/1318 286/1050/1318
f 352/1072/1319 320/1044/1319 298/1104/1319
f 340/1120/1320 303/1121/1320 314/1122/1320
f 382/1112/1321 333/1077/1321 380/1113/1321
f 321/1047/1322 1040/1080/1322 65/1045/1322
f 354/1071/1323 352/1072/1323 298/1104/1323
f 343/1062/1324 330/1074/1324 275/1058/1324
f 356/1061/1325 372/1075/1325 330/1074/1325
f 367/1123/1326 347/1065/1326 328/1055/1326
f 308/1053/1327 291/1070/1327 349/1054/1327
f 1033/1060/1328 1032/1124/1328 337/1052/1328
f 291/1125/1329 246/1076/1329 325/1103/1329
f 345/1110/1330 1027/1126/1330 1026/1127/1330
f 349/1114/1331 291/1125/1331 325/1103/1331
f 1029/1128/1332 347/1065/1332 358/1057/1332
f 275/1058/1333 344/1129/1333 370/1108/1333
f 314/1122/1334 347/1130/1334 340/1120/1334
f 988/1131/1335 1022/1132/1335 1029/1133/1335
f 270/1067/1336 320/1044/1336 338/1134/1336
f 1027/1126/1337 380/1113/1337 356/1135/1337
f 367/1123/1338 328/1055/1338 358/1057/1338
f 365/1136/1339 358/1057/1339 338/1056/1339
f 246/1076/1340 78/1051/1340 286/1050/1340
f 257/1046/1341 328/1055/1341 321/1047/1341
f 328/1055/1342 347/1065/1342 321/1047/1342
f 384/1106/1343 803/1137/1343 354/1071/1343
f 320/1044/1344 354/1071/1344 338/1134/1344
f 340/1120/1345 375/1116/1345 303/1121/1345
f 266/1049/1346 330/1138/1346 286/1050/1346
f 257/1066/1347 54/1042/1347 320/1044/1347
f 333/1077/1348 286/1050/1348 380/1113/1348
f 344/1129/1349 1024/1115/1349 1025/1139/1349
f 370/1108/1350 1025/1139/1350 343/1062/1350
f 303/1121/1351 375/1116/1351 344/1129/1351
f 325/1103/1352 382/1112/1352 345/1110/1352
f 275/1058/1353 280/1048/1353 344/1129/1353
f 375/1116/1354 1022/1140/1354 1023/1117/1354
f 303/1121/1355 344/1129/1355 280/1048/1355
f 1104/1141/1356 80/1142/1356 1105/1143/1356
f 4/1144/1357 87/1145/1357 100/1146/1357
f 4/1147/1358 100/1148/1358 83/1149/1358
f 23/1150/1359 105/1151/1359 149/1152/1359
f 31/1153/1360 112/1154/1360 169/1155/1360
f 20/1156/1361 135/1157/1361 161/1158/1361
f 23/1150/1362 149/1152/1362 176/1159/1362
f 31/1153/1363 169/1155/1363 121/1160/1363
f 184/1161/1364 1110/1162/1364 1111/1163/1364
f 249/1164/1365 122/1165/1365 1125/1166/1365
f 1084/1167/1366 1087/1168/1366 43/1169/1366
f 195/1170/1367 1079/1171/1367 1082/1172/1367
f 1083/1085/1368 1085/1089/1368 199/1083/1368
f 242/1173/1369 285/1174/1369 272/1175/1369
f 262/1176/1370 274/1177/1370 296/1178/1370
f 210/1179/1371 1077/1084/1371 1078/1180/1371
f 1080/1181/1372 253/1182/1372 284/1183/1372
f 195/1184/1373 249/1164/1373 204/1185/1373
f 227/1186/1374 1116/1187/1374 1110/1188/1374
f 292/1189/1375 249/1164/1375 288/1190/1375
f 242/1173/1376 1117/1191/1376 1118/1192/1376
f 265/1193/1377 310/1194/1377 222/1195/1377
f 184/1161/1378 222/1196/1378 269/1197/1378
f 121/1160/1379 1088/1198/1379 1089/1199/1379
f 50/1200/1380 92/1023/1380 1088/1201/1380
f 50/1202/1381 1072/1203/1381 1071/1204/1381
f 149/1152/1382 1074/1205/1382 1072/1206/1382
f 161/1158/1383 1076/1207/1383 1075/1208/1383
f 135/1157/1384 195/1170/1384 161/1158/1384
f 135/1209/1385 1120/1210/1385 195/1184/1385
f 101/1211/1386 57/1212/1386 184/1161/1386
f 169/1155/1387 176/1213/1387 50/1202/1387
f 169/1155/1388 112/1154/1388 176/1213/1388
f 112/1154/1389 23/1214/1389 176/1213/1389
f 149/1152/1390 161/1158/1390 43/1169/1390
f 149/1152/1391 105/1151/1391 161/1158/1391
f 105/1151/1392 20/1156/1392 161/1158/1392
f 79/1215/1393 135/1157/1393 1108/1216/1393
f 101/1211/1394 121/1217/1394 57/1212/1394
f 101/1211/1395 80/1142/1395 121/1217/1395
f 80/1218/1396 31/1153/1396 121/1160/1396
f 83/1149/1397 112/1154/1397 31/1153/1397
f 83/1149/1398 100/1148/1398 112/1154/1398
f 100/1148/1399 23/1214/1399 112/1154/1399
f 100/1146/1400 105/1151/1400 23/1150/1400
f 100/1146/1401 87/1145/1401 105/1151/1401
f 87/1145/1402 20/1156/1402 105/1151/1402
f 1123/1219/1403 20/1156/1403 1124/1220/1403
f 87/1221/1404 1106/1222/1404 1124/1223/1404
f 80/1218/1405 83/1149/1405 31/1153/1405
f 1104/1141/1406 83/1224/1406 80/1142/1406
f 4/1144/1407 83/1224/1407 1104/1141/1407
f 50/1202/1408 1071/1204/1408 1073/1225/1408
f 269/1197/1409 260/1226/1409 184/1161/1409
f 231/1227/1410 1117/1191/1410 242/1173/1410
f 242/1173/1411 272/1175/1411 322/1228/1411
f 249/1164/1412 1125/1166/1412 231/1227/1412
f 231/1227/1413 242/1173/1413 292/1189/1413
f 297/1229/1414 253/1182/1414 262/1176/1414
f 300/1230/1415 1064/1231/1415 1065/1232/1415
f 302/1233/1416 278/1234/1416 210/1179/1416
f 195/1170/1417 204/1235/1417 262/1176/1417
f 260/1226/1418 282/1236/1418 316/1237/1418
f 265/1193/1419 278/1234/1419 294/1238/1419
f 290/1239/1420 1058/1240/1420 1059/1241/1420
f 265/1193/1421 1077/1084/1421 210/1179/1421
f 262/1176/1422 204/1235/1422 274/1177/1422
f 319/1242/1423 317/1243/1423 282/1236/1423
f 285/1244/1424 260/1226/1424 316/1237/1424
f 292/1189/1425 242/1173/1425 322/1228/1425
f 260/1226/1426 269/1197/1426 319/1242/1426
f 1068/1245/1427 302/1233/1427 1067/1246/1427
f 316/1237/1428 1057/1247/1428 285/1244/1428
f 249/1164/1429 231/1227/1429 288/1190/1429
f 1080/1181/1430 276/1248/1430 1081/1249/1430
f 319/1242/1431 269/1197/1431 317/1243/1431
f 1066/1250/1432 1062/1251/1432 324/1252/1432
f 1058/1240/1433 1059/1241/1433 282/1236/1433
f 300/1253/1434 1061/1254/1434 294/1255/1434
f 296/1178/1435 819/1256/1435 1069/488/1435
f 1064/1231/1436 302/1233/1436 1068/1245/1436
f 313/1257/1437 1070/1258/1437 1067/1246/1437
f 288/1190/1438 231/1227/1438 292/1189/1438
f 210/1179/1439 278/1234/1439 265/1193/1439
f 265/1193/1440 294/1238/1440 310/1194/1440
f 307/1259/1441 284/1183/1441 262/1176/1441
f 242/1173/1442 227/1186/1442 285/1174/1442
f 227/1260/1443 184/1161/1443 260/1226/1443
f 282/1261/1444 622/269/1444 1058/1262/1444
f 285/1244/1445 227/1260/1445 260/1226/1445
f 282/1236/1446 1059/1241/1446 316/1237/1446
f 1059/1241/1447 1057/1247/1447 316/1237/1447
f 279/1263/1448 302/1233/1448 210/1179/1448
f 1080/1181/1449 284/1183/1449 276/1248/1449
f 1070/487/1450 276/1248/1450 1069/488/1450
f 204/1185/1451 249/1164/1451 274/1264/1451
f 294/1255/1452 1060/1265/1452 317/1243/1452
f 307/1259/1453 262/1176/1453 296/1178/1453
f 305/1266/1454 296/1178/1454 274/1177/1454
f 184/1161/1455 57/1212/1455 222/1196/1455
f 292/1189/1456 324/1252/1456 274/1264/1456
f 195/1170/1457 262/1176/1457 253/1182/1457
f 262/1176/1458 284/1183/1458 253/1182/1458
f 292/1189/1459 322/1228/1459 324/1252/1459
f 249/1164/1460 292/1189/1460 274/1264/1460
f 222/1196/1461 1077/1267/1461 265/1268/1461
f 269/1197/1462 222/1196/1462 317/1243/1462
f 310/1269/1463 317/1243/1463 222/1196/1463
f 279/1263/1464 1081/1068/1464 313/1257/1464
f 324/1252/1465 1063/1270/1465 305/1271/1465
f 260/1226/1466 319/1242/1466 282/1236/1466
f 215/1069/1467 279/1263/1467 210/1179/1467
f 1061/1254/1468 1060/1265/1468 294/1255/1468
f 215/1069/1469 1081/1068/1469 279/1263/1469
f 305/1271/1470 274/1264/1470 324/1252/1470
f 2/1272/1471 48/1273/1471 40/1274/1471
f 48/1275/1472 56/1276/1472 5/1277/1472
f 2/1272/1473 40/1274/1473 63/1278/1473
f 2/1272/1474 63/1278/1474 72/1279/1474
f 2/1272/1475 72/1279/1475 61/1280/1475
f 56/1276/1476 79/1215/1476 5/1277/1476
f 11/1281/1477 68/1282/1477 93/1283/1477
f 16/1284/1478 74/1285/1478 103/1286/1478
f 21/1287/1479 75/1288/1479 116/1289/1479
f 20/1156/1480 79/1215/1480 1108/1216/1480
f 9/1290/1481 1105/1291/1481 101/1292/1481
f 11/1281/1482 93/1283/1482 110/1293/1482
f 16/1294/1483 103/1295/1483 119/1296/1483
f 21/1287/1484 116/1289/1484 85/1297/1484
f 1125/1166/1485 122/1165/1485 155/1298/1485
f 1121/1299/1486 1122/1300/1486 184/1161/1486
f 34/1301/1487 51/1302/1487 1144/1303/1487
f 39/1304/1488 136/1305/1488 150/1306/1488
f 219/1307/1489 205/1308/1489 172/1309/1489
f 194/1310/1490 206/1311/1490 228/1312/1490
f 228/1312/1491 1093/1313/1491 238/1314/1491
f 185/1315/1492 1147/1316/1492 1146/1317/1492
f 128/1318/1493 182/1319/1493 139/1320/1493
f 224/1321/1494 182/1322/1494 220/1323/1494
f 172/1309/1495 1111/1324/1495 1110/1188/1495
f 150/1306/1496 198/1325/1496 243/1326/1496
f 150/1306/1497 201/1327/1497 122/1328/1497
f 85/1329/1498 136/1305/1498 39/1304/1498
f 1148/1330/1499 85/1297/1499 1150/1331/1499
f 62/1332/1500 136/1305/1500 1149/1333/1500
f 36/1334/1501 1151/1335/1501 1152/1336/1501
f 103/1295/1502 1154/1337/1502 1153/1338/1502
f 110/1293/1503 93/1283/1503 128/1318/1503
f 93/1339/1504 30/1340/1504 128/1341/1504
f 122/1165/1505 1115/1342/1505 1120/1210/1505
f 79/1215/1506 39/1304/1506 122/1328/1506
f 116/1289/1507 119/1296/1507 36/1334/1507
f 116/1289/1508 75/1288/1508 119/1296/1508
f 75/1288/1509 16/1294/1509 119/1296/1509
f 103/1286/1510 110/1293/1510 34/1301/1510
f 103/1286/1511 74/1285/1511 110/1293/1511
f 74/1285/1512 11/1281/1512 110/1293/1512
f 93/1339/1513 101/1292/1513 30/1340/1513
f 93/1339/1514 68/1343/1514 101/1292/1514
f 9/1290/1515 101/1292/1515 68/1343/1515
f 1106/1344/1516 5/1277/1516 1124/1220/1516
f 79/1215/1517 85/1329/1517 39/1304/1517
f 79/1215/1518 56/1276/1518 85/1329/1518
f 56/1276/1519 21/1345/1519 85/1329/1519
f 61/1346/1520 75/1288/1520 21/1287/1520
f 61/1346/1521 72/1347/1521 75/1288/1521
f 72/1347/1522 16/1294/1522 75/1288/1522
f 72/1348/1523 74/1285/1523 16/1284/1523
f 72/1348/1524 63/1349/1524 74/1285/1524
f 63/1349/1525 11/1281/1525 74/1285/1525
f 63/1349/1526 68/1282/1526 11/1281/1526
f 63/1350/1527 40/1351/1527 68/1343/1527
f 40/1351/1528 9/1290/1528 68/1343/1528
f 56/1276/1529 61/1352/1529 21/1345/1529
f 56/1276/1530 48/1275/1530 61/1352/1530
f 48/1273/1531 2/1272/1531 61/1280/1531
f 48/1353/1532 1107/1354/1532 40/1351/1532
f 48/1275/1533 5/1277/1533 1107/1355/1533
f 1145/1356/1534 136/1357/1534 1155/1358/1534
f 201/1327/1535 191/1359/1535 122/1328/1535
f 1111/1324/1536 163/1360/1536 1113/1361/1536
f 172/1309/1537 205/1308/1537 256/1362/1537
f 182/1322/1538 1113/1361/1538 163/1360/1538
f 163/1360/1539 172/1309/1539 224/1321/1539
f 143/1363/1540 240/1364/1540 211/1365/1540
f 139/1320/1541 194/1310/1541 128/1318/1541
f 191/1359/1542 214/1366/1542 248/1367/1542
f 198/1368/1543 211/1365/1543 226/1369/1543
f 136/1357/1544 143/1363/1544 198/1368/1544
f 194/1310/1545 139/1320/1545 206/1311/1545
f 252/1370/1546 250/1371/1546 214/1366/1546
f 191/1372/1547 248/1373/1547 219/1307/1547
f 172/1309/1548 256/1362/1548 224/1321/1548
f 191/1359/1549 201/1327/1549 252/1370/1549
f 245/1374/1550 1099/1375/1550 212/1376/1550
f 254/1377/1551 1099/1375/1551 235/1378/1551
f 816/491/1552 1101/1379/1552 1100/1380/1552
f 212/1376/1553 235/1378/1553 240/1364/1553
f 248/1367/1554 1090/1381/1554 219/1382/1554
f 163/1360/1555 220/1323/1555 182/1322/1555
f 252/1370/1556 201/1327/1556 250/1371/1556
f 214/1366/1557 1101/1383/1557 1102/1384/1557
f 233/1385/1558 240/1364/1558 235/1378/1558
f 230/1386/1559 1100/1387/1559 226/1388/1559
f 233/1385/1560 1103/1389/1560 211/1365/1560
f 1091/1390/1561 1093/1313/1561 228/1312/1561
f 235/1378/1562 1099/1375/1562 1103/1389/1562
f 1144/1303/1563 1154/1391/1563 34/1301/1563
f 245/1374/1564 1094/1392/1564 1099/1375/1564
f 163/1360/1565 224/1321/1565 220/1323/1565
f 143/1363/1566 211/1365/1566 198/1368/1566
f 235/1378/1567 1103/1389/1567 233/1385/1567
f 226/1369/1568 243/1393/1568 198/1368/1568
f 238/1314/1569 216/1394/1569 194/1310/1569
f 155/1298/1570 219/1307/1570 172/1309/1570
f 205/1308/1571 1057/1395/1571 1098/1396/1571
f 122/1328/1572 191/1359/1572 155/1397/1572
f 155/1397/1573 191/1359/1573 219/1382/1573
f 214/1366/1574 1102/1384/1574 248/1367/1574
f 228/1312/1575 1096/1398/1575 1091/1390/1575
f 216/1394/1576 1093/1313/1576 1092/1399/1576
f 248/1373/1577 1102/1400/1577 1090/1401/1577
f 143/1363/1578 212/1376/1578 240/1364/1578
f 209/1402/1579 1092/1399/1579 1095/1403/1579
f 139/1320/1580 182/1319/1580 206/1311/1580
f 226/1388/1581 1100/1387/1581 250/1371/1581
f 238/1314/1582 194/1310/1582 228/1312/1582
f 237/1404/1583 228/1312/1583 206/1311/1583
f 39/1304/1584 150/1306/1584 122/1328/1584
f 224/1321/1585 259/1405/1585 206/1406/1585
f 185/1315/1586 128/1318/1586 194/1310/1586
f 194/1310/1587 216/1394/1587 185/1315/1587
f 224/1321/1588 256/1362/1588 259/1405/1588
f 182/1322/1589 224/1321/1589 206/1406/1589
f 136/1305/1590 198/1325/1590 150/1306/1590
f 128/1318/1591 30/1407/1591 182/1319/1591
f 201/1327/1592 150/1306/1592 250/1371/1592
f 235/1378/1593 212/1376/1593 254/1377/1593
f 243/1326/1594 250/1371/1594 150/1306/1594
f 211/1365/1595 240/1364/1595 233/1385/1595
f 212/1376/1596 1147/1408/1596 245/1374/1596
f 1096/1409/1597 259/1405/1597 1097/1410/1597
f 238/1314/1598 1093/1313/1598 216/1394/1598
f 191/1359/1599 252/1370/1599 214/1366/1599
f 143/1363/1600 1145/1356/1600 212/1376/1600
f 237/1411/1601 206/1406/1601 259/1405/1601
f 1/1412/1602 36/1413/1602 1153/1414/1602
f 1154/1415/1603 47/1416/1603 1153/1414/1603
f 53/1417/1604 1/1412/1604 47/1416/1604
f 53/1417/1605 46/1418/1605 1/1412/1605
f 8/1419/1606 51/1420/1606 71/1421/1606
f 12/1422/1607 55/1423/1607 77/1424/1607
f 15/1425/1608 58/1426/1608 84/1427/1608
f 1150/1428/1609 62/1332/1609 1148/1429/1609
f 8/1430/1610 71/1431/1610 81/1432/1610
f 12/1433/1611 77/1434/1611 88/1435/1611
f 15/1425/1612 84/1427/1612 66/1436/1612
f 96/1437/1613 133/1438/1613 25/1439/1613
f 99/1440/1614 111/1441/1614 28/1442/1614
f 102/1443/1615 115/1444/1615 33/1445/1615
f 160/1446/1616 146/1447/1616 125/1448/1616
f 140/1449/1617 148/1450/1617 168/1451/1617
f 102/1452/1618 111/1441/1618 107/1453/1618
f 97/1454/1619 1138/1455/1619 565/306/1619
f 99/1456/1620 133/1438/1620 123/1457/1620
f 168/1451/1621 109/1458/1621 178/1459/1621
f 123/1457/1622 133/1438/1622 159/1460/1622
f 96/1437/1623 132/1461/1623 104/1462/1623
f 165/1463/1624 132/1464/1624 162/1465/1624
f 115/1444/1625 142/1466/1625 183/1467/1625
f 115/1444/1626 144/1468/1626 90/1469/1626
f 66/1470/1627 102/1443/1627 33/1445/1627
f 66/1436/1628 84/1427/1628 102/1452/1628
f 84/1427/1629 28/1442/1629 102/1452/1629
f 88/1435/1630 99/1440/1630 28/1442/1630
f 88/1435/1631 77/1434/1631 99/1440/1631
f 77/1424/1632 25/1439/1632 99/1456/1632
f 81/1432/1633 96/1437/1633 25/1439/1633
f 81/1432/1634 71/1431/1634 96/1437/1634
f 22/1471/1635 96/1472/1635 71/1421/1635
f 22/1473/1636 128/1318/1636 1143/1474/1636
f 62/1332/1637 33/1445/1637 90/1469/1637
f 84/1427/1638 88/1435/1638 28/1442/1638
f 84/1427/1639 58/1426/1639 88/1435/1639
f 58/1426/1640 12/1433/1640 88/1435/1640
f 77/1424/1641 81/1432/1641 25/1439/1641
f 77/1424/1642 55/1423/1642 81/1432/1642
f 55/1423/1643 8/1430/1643 81/1432/1643
f 71/1421/1644 51/1420/1644 22/1471/1644
f 66/1470/1645 33/1445/1645 62/1332/1645
f 42/1475/1646 66/1470/1646 62/1332/1646
f 42/1475/1647 15/1476/1647 66/1470/1647
f 46/1477/1648 58/1426/1648 15/1425/1648
f 46/1477/1649 53/1478/1649 58/1426/1649
f 53/1478/1650 12/1433/1650 58/1426/1650
f 53/1479/1651 55/1423/1651 12/1422/1651
f 53/1479/1652 47/1480/1652 55/1423/1652
f 47/1480/1653 8/1430/1653 55/1423/1653
f 47/1481/1654 51/1420/1654 8/1419/1654
f 42/1475/1655 46/1482/1655 15/1476/1655
f 36/1483/1656 46/1482/1656 1151/1484/1656
f 102/1452/1657 28/1442/1657 111/1441/1657
f 144/1468/1658 137/1485/1658 90/1469/1658
f 125/1448/1659 146/1447/1659 196/1486/1659
f 165/1463/1660 120/1487/1660 125/1448/1660
f 170/1488/1661 133/1438/1661 140/1449/1661
f 181/1489/1662 153/1490/1662 107/1453/1662
f 104/1462/1663 140/1449/1663 96/1437/1663
f 137/1485/1664 157/1491/1664 188/1492/1664
f 153/1490/1665 167/1493/1665 142/1494/1665
f 107/1453/1666 142/1494/1666 102/1452/1666
f 140/1449/1667 104/1462/1667 148/1450/1667
f 192/1495/1668 190/1496/1668 157/1491/1668
f 160/1446/1669 137/1497/1669 188/1498/1669
f 165/1463/1670 125/1448/1670 196/1486/1670
f 137/1485/1671 144/1468/1671 192/1495/1671
f 154/1499/1672 186/1500/1672 130/1501/1672
f 154/1499/1673 175/1502/1673 181/1489/1673
f 188/1498/1674 1131/1503/1674 1129/1504/1674
f 99/1440/1675 123/1505/1675 111/1441/1675
f 190/1496/1676 183/1467/1676 167/1506/1676
f 162/1465/1677 132/1464/1677 120/1487/1677
f 113/1507/1678 18/251/1678 29/1508/1678
f 192/1495/1679 144/1468/1679 190/1496/1679
f 173/1509/1680 181/1489/1680 175/1502/1680
f 44/1510/1681 1133/1511/1681 1134/1512/1681
f 1138/1455/1682 86/1513/1682 13/1514/1682
f 113/1507/1683 29/1508/1683 97/1454/1683
f 109/272/1684 18/251/1684 113/1507/1684
f 1139/1515/1685 130/1516/1685 97/1454/1685
f 813/1517/1686 175/1502/1686 1137/1518/1686
f 99/1456/1687 25/1439/1687 133/1438/1687
f 186/1500/1688 113/1519/1688 130/1501/1688
f 165/1463/1689 162/1465/1689 120/1487/1689
f 97/1454/1690 29/1508/1690 86/1513/1690
f 97/1454/1691 86/1513/1691 1138/1455/1691
f 29/1508/1692 18/251/1692 86/1513/1692
f 86/1513/1693 18/251/1693 60/1520/1693
f 86/1513/1694 60/1520/1694 13/1514/1694
f 60/1520/1695 18/251/1695 44/1510/1695
f 60/1520/1696 44/1510/1696 1134/1512/1696
f 13/1514/1697 60/1520/1697 1134/1512/1697
f 44/1510/1698 18/251/1698 1135/1521/1698
f 1135/1521/1699 1133/1511/1699 44/1510/1699
f 130/1516/1700 113/1507/1700 97/1454/1700
f 153/1490/1701 142/1494/1701 107/1453/1701
f 175/1502/1702 813/1517/1702 173/1509/1702
f 167/1506/1703 183/1467/1703 142/1466/1703
f 178/1459/1704 159/1460/1704 140/1449/1704
f 118/1522/1705 160/1446/1705 125/1448/1705
f 146/1447/1706 1129/1504/1706 1128/1523/1706
f 90/1469/1707 137/1485/1707 118/1524/1707
f 1140/1525/1708 157/1491/1708 1141/1526/1708
f 1126/1527/1709 196/1486/1709 1128/1523/1709
f 160/1528/1710 118/1524/1710 137/1485/1710
f 1132/1529/1711 1140/1530/1711 815/491/1711
f 168/1531/1712 479/265/1712 1130/273/1712
f 107/1453/1713 154/1499/1713 181/1489/1713
f 123/1457/1714 159/1460/1714 151/1532/1714
f 151/1532/1715 109/1458/1715 113/1533/1715
f 104/1462/1716 132/1461/1716 148/1450/1716
f 1141/498/1717 167/611/1717 1142/1534/1717
f 178/1459/1718 140/1449/1718 168/1451/1718
f 177/1535/1719 168/1451/1719 148/1450/1719
f 33/1445/1720 115/1444/1720 90/1469/1720
f 96/1437/1721 140/1449/1721 133/1438/1721
f 140/1449/1722 159/1460/1722 133/1438/1722
f 196/1486/1723 1126/1527/1723 165/1463/1723
f 132/1464/1724 165/1463/1724 148/1536/1724
f 151/1537/1725 186/1500/1725 123/1505/1725
f 102/1443/1726 142/1466/1726 115/1444/1726
f 96/1437/1727 22/1473/1727 132/1461/1727
f 144/1468/1728 115/1444/1728 190/1496/1728
f 175/1502/1729 154/1499/1729 130/1501/1729
f 153/1490/1730 181/1489/1730 173/1509/1730
f 154/1499/1731 123/1505/1731 186/1500/1731
f 1127/1538/1732 177/1539/1732 1126/1527/1732
f 178/1459/1733 109/1458/1733 159/1460/1733
f 137/1485/1734 192/1495/1734 157/1491/1734
f 107/1453/1735 111/1441/1735 154/1499/1735
f 814/322/1736 1142/1534/1736 167/611/1736
f 186/1500/1737 151/1537/1737 113/1519/1737
f 154/1499/1738 111/1441/1738 123/1505/1738
f 990/1540/1739 1023/1541/1739 989/1542/1739
f 989/1542/1739 1023/1541/1739 988/1131/1739
f 1023/1541/1739 1022/1132/1739 988/1131/1739
f 926/1543/1740 924/1544/1740 961/1545/1740
f 925/1546/1741 961/1545/1741 924/1544/1741
f 525/663/1742 636/1547/1742 927/736/1742
f 952/1548/1743 951/1549/1743 683/33/1743
f 992/1550/1744 991/448/1744 953/1551/1744
f 953/1551/1744 954/1552/1744 992/1550/1744
f 992/1550/1744 954/1552/1744 993/1553/1744
f 954/1552/1744 955/453/1744 729/452/1744
f 729/452/1744 993/1553/1744 954/1552/1744
f 708/158/1745 730/1554/1745 956/1555/1745
f 718/464/1746 686/90/1746 905/460/1746
f 718/461/1747 928/463/1747 927/1556/1747
f 512/113/1748 909/466/1748 675/106/1748
f 909/466/1749 613/100/1749 675/106/1749
f 675/84/1750 666/83/1750 910/1557/1750
f 171/1558/1751 910/1557/1751 666/83/1751
f 666/83/1752 911/468/1752 171/1558/1752
f 719/467/1753 646/161/1753 911/468/1753
f 913/150/1754 912/1559/1754 674/145/1754
f 674/145/1755 929/1560/1755 920/151/1755
f 958/846/1756 959/156/1756 708/158/1756
f 951/1549/1757 462/686/1757 683/33/1757
f 580/146/1758 912/1559/1758 914/159/1758
f 663/135/1759 580/146/1759 908/110/1759
f 1025/1561/1760 1024/1562/1760 990/1540/1760
f 990/1563/1761 648/202/1761 1025/1564/1761
f 728/205/169 648/202/169 994/204/169
f 648/202/1762 990/1563/1762 1002/1565/1762
f 1002/1565/1763 995/203/1763 648/202/1763
f 1026/1566/180 1027/1567/180 771/479/180
f 1031/1568/1764 775/484/1764 803/1137/1764
f 626/264/1765 479/265/1765 1127/1569/1765
f 1127/1569/1765 1126/1570/1765 626/264/1765
f 1091/1571/1766 1096/1572/1766 522/263/1766
f 522/263/1767 626/264/1767 1091/1571/1767
f 626/264/1768 1126/1570/1768 1092/1573/1768
f 1126/1574/1769 1128/1575/1769 1092/1576/1769
f 1092/1573/1770 1093/1577/1770 626/264/1770
f 1129/1578/1771 1131/1579/1771 1094/1580/1771
f 1129/1578/1772 1094/1580/1772 1095/1581/1772
f 1095/1581/1773 1092/1576/1773 1128/1575/1773
f 1129/1578/1772 1095/1581/1772 1128/1575/1772
f 622/269/1774 522/263/1774 1097/1582/1774
f 1096/1572/1774 1097/1582/1774 522/263/1774
f 1097/1583/1775 1098/268/1775 1058/267/1775
f 1057/1584/225 1059/266/225 1098/268/225
f 622/269/1776 1097/1582/1776 1058/1262/1776
f 1060/1585/1777 1061/1586/1777 622/269/1777
f 1065/1587/1778 423/257/1778 1061/1586/1778
f 423/257/1779 622/269/1779 1061/1586/1779
f 1131/1579/1780 1132/1588/1780 1099/1589/1780
f 1132/1588/1780 815/491/1780 1099/1589/1780
f 1099/1589/1780 1094/1580/1780 1131/1579/1780
f 1100/1380/1781 1103/493/1781 817/492/1781
f 816/491/1782 1100/1380/1782 817/492/1782
f 1063/1590/1783 1062/1591/1783 816/491/1783
f 816/491/1783 819/1256/1783 1063/1590/1783
f 1065/1587/1784 1064/1592/1784 423/257/1784
f 379/282/1785 569/248/1785 18/1593/1785
f 569/248/1786 563/247/1786 18/1593/1786
f 563/247/1787 1134/496/1787 1133/283/1787
f 1135/284/1788 18/1593/1788 563/247/1788
f 1134/496/1789 563/247/1789 823/494/1789
f 1136/1594/1790 1138/1455/1790 13/1514/1790
f 565/306/1791 366/310/1791 1137/326/1791
f 517/328/1792 565/327/1792 1138/1595/1792
f 990/1540/1793 1024/1562/1793 1023/1541/1793
f 679/35/1794 689/31/1794 1029/1596/1794
f 1029/1596/1795 358/456/1795 679/35/1795
f 997/1597/1796 996/1598/1796 1029/1133/1796
f 996/1598/1796 988/1131/1796 1029/1133/1796
f 1029/1133/1796 689/484/1796 997/1597/1796
f 683/33/449 636/45/449 931/444/449
f 931/1599/449 926/1543/449 960/1600/449
f 926/1543/449 961/1545/449 960/1600/449
f 963/1601/1797 964/1602/1797 689/484/1797
f 962/1603/1798 963/1601/1798 689/484/1798
f 729/452/1799 728/1604/1799 993/1553/1799
f 993/1553/1800 728/1604/1800 1003/1605/1800
f 689/484/451 964/1602/451 999/1606/451
f 1000/1607/451 964/1602/451 1001/449/451
f 964/1602/451 965/450/451 1001/449/451
f 964/1602/451 1000/1607/451 999/1606/451
f 999/1606/451 998/1608/451 689/484/451
f 965/450/1801 953/1551/1801 991/448/1801
f 730/1609/1802 729/452/1802 956/451/1802
f 358/456/1803 803/47/1803 799/36/1803
f 687/99/506 613/100/506 915/458/506
f 613/100/1804 917/465/1804 915/458/1804
f 929/473/1805 932/462/1805 718/461/1805
f 529/1610/1806 935/1611/1806 674/145/1806
f 674/145/1807 930/149/1807 933/1612/1807
f 933/1612/1808 934/1613/1808 674/145/1808
f 935/1611/1809 929/1560/1809 674/145/1809
f 674/145/1810 934/1613/1810 529/1610/1810
f 718/461/1811 905/1614/1811 918/1615/1811
f 921/471/1812 920/1616/1812 929/472/1812
f 718/461/1813 918/1615/1813 922/474/1813
f 580/146/1814 674/145/1814 912/1559/1814
f 708/158/1815 966/1617/1815 937/1618/1815
f 937/1618/1816 938/1619/1816 708/158/1816
f 938/1619/1817 930/1620/1817 708/158/1817
f 717/109/1818 663/135/1818 908/110/1818
f 728/1604/1819 994/1621/1819 1003/1605/1819
f 1026/1566/1820 771/479/1820 770/478/1820
f 1030/1622/1821 1028/1623/1821 648/202/1821
f 648/202/1821 769/216/1821 1030/1622/1821
f 769/216/1821 1027/218/1821 1030/1622/1821
f 130/1516/1822 1139/1515/1822 812/500/1822
f 812/500/1823 1137/326/1823 130/1516/1823
f 97/1454/1824 565/306/1824 1139/1515/1824
f 816/491/1825 1066/1624/1825 1101/1379/1825
f 1101/1379/1825 1066/1624/1825 1102/1625/1825
f 1090/1626/1826 1102/1625/1826 1066/1624/1826
f 820/484/1827 775/484/1827 1031/489/1827
f 1033/1627/1828 423/257/1828 1068/1628/1828
f 1032/1629/1829 1033/1118/1829 1070/487/1829
f 1033/1118/1829 1068/1630/1829 1067/1631/1829
f 1031/489/1830 1032/1629/1830 1070/487/1830
f 423/257/1831 1064/1592/1831 1068/1628/1831
f 1069/488/1832 819/1256/1832 1031/489/1832
f 1033/1118/1829 1067/1631/1829 1070/487/1829
f 1033/1627/1833 1034/490/1833 423/257/1833
f 1103/493/1834 1099/1589/1834 815/491/1834
f 1136/495/1835 823/494/1835 517/328/1835
f 815/491/668 1140/1530/668 1141/1632/668
f 1141/498/668 1142/1534/668 814/322/668
f 565/306/1836 812/500/1836 1139/1515/1836
f 939/1633/1837 82/1634/1837 24/1635/1837
f 24/502/1838 348/509/1838 939/1636/1838
f 388/1637/1839 24/1635/1839 82/1634/1839
f 368/510/1840 439/570/1840 940/508/1840
f 500/528/1841 546/616/1841 944/529/1841
f 583/543/1842 597/545/1842 919/470/1842
f 915/458/1843 615/1638/1843 605/555/1843
f 946/579/1844 945/561/1844 561/544/1844
f 945/561/1844 546/560/1844 561/544/1844
f 439/570/1845 500/528/1845 947/1639/1845
f 106/511/1846 388/574/1846 941/512/1846
f 388/574/1847 82/697/1847 948/575/1847
f 570/111/1848 908/110/1848 609/585/1848
f 552/578/1849 949/1640/1849 946/579/1849
f 950/1641/1850 949/1640/1850 566/532/1850
f 949/1640/1850 552/578/1850 566/532/1850
f 605/1642/1851 612/628/1851 905/627/1851
f 634/617/1852 918/614/1852 905/627/1852
f 908/110/1853 604/552/1853 609/585/1853
f 289/592/1854 512/113/1854 171/610/1854
f 587/620/1855 595/1643/1855 917/465/1855
f 632/580/1856 583/543/1856 922/613/1856
f 625/1644/1857 914/159/1857 594/1645/1857
f 594/1645/1858 914/159/1858 912/1559/1858
f 594/589/1859 920/609/1859 921/618/1859
f 595/1643/1860 915/458/1860 917/465/1860
f 907/108/1861 909/466/1861 512/113/1861
f 907/108/1862 512/113/1862 587/620/1862
f 908/110/1863 914/159/1863 604/552/1863
f 914/159/1864 625/1644/1864 604/552/1864
f 915/458/1865 595/1643/1865 615/1638/1865
f 621/598/1866 587/620/1866 512/113/1866
f 941/688/1867 948/1646/1867 341/689/1867
f 948/1646/1868 82/699/1868 341/689/1868
f 95/693/1869 353/695/1869 348/1647/1869
f 363/521/1870 95/693/1870 348/1647/1870
f 156/653/1871 967/1648/1871 968/654/1871
f 971/709/1872 972/741/1872 516/740/1872
f 516/740/1873 503/744/1873 971/709/1873
f 503/744/1874 516/740/1874 936/743/1874
f 524/717/1875 508/713/1875 529/732/1875
f 487/581/832 480/668/832 950/582/832
f 927/736/1876 536/739/1876 525/663/1876
f 466/660/1877 501/705/1877 973/707/1877
f 947/682/1878 449/666/1878 363/521/1878
f 156/653/1879 402/646/1879 974/685/1879
f 402/646/932 376/641/932 975/684/932
f 539/300/1880 839/299/1880 502/331/1880
f 109/272/1881 168/1531/1881 1130/273/1881
f 977/687/1882 976/1649/1882 361/638/1882
f 976/1649/1882 386/645/1882 361/638/1882
f 223/661/1883 978/1650/1883 977/687/1883
f 353/695/1884 939/1651/1884 348/1647/1884
f 82/697/1885 939/1651/1885 353/695/1885
f 460/658/962 449/666/962 944/559/962
f 943/531/1886 950/1641/1886 566/532/1886
f 949/1652/1887 950/582/1887 480/668/1887
f 946/1653/1888 949/1652/1888 480/668/1888
f 503/744/1889 555/721/1889 971/709/1889
f 979/708/964 980/723/964 485/652/964
f 553/1654/1890 511/1655/1890 929/1656/1890
f 929/472/1891 511/749/1891 542/759/1891
f 929/472/1892 532/712/1892 553/756/1892
f 945/561/1893 946/579/1893 480/758/1893
f 480/758/1894 460/658/1894 945/561/1894
f 981/710/1895 519/673/1895 485/652/1895
f 525/663/1896 535/751/1896 931/1657/1896
f 532/712/1897 935/733/1897 529/732/1897
f 189/657/1898 487/581/1898 236/734/1898
f 506/735/1899 514/667/1899 927/736/1899
f 555/721/1900 503/744/1900 925/738/1900
f 513/715/1901 548/719/1901 933/746/1901
f 558/724/1902 555/721/1902 924/725/1902
f 491/706/996 516/720/996 982/747/996
f 513/715/1903 938/728/1903 937/748/1903
f 931/760/1904 636/1658/1904 525/1659/1904
f 937/1618/1905 966/1617/1905 936/1660/1905
f 932/1661/1906 506/735/1906 928/737/1906
f 524/731/1907 934/730/1907 933/746/1907
f 984/1662/1908 978/1650/1908 223/661/1908
f 223/661/1908 466/660/1908 984/1662/1908
f 466/660/1909 973/707/1909 984/1662/1909
f 986/755/1012 969/650/1012 435/669/1012
f 969/650/1012 485/652/1012 435/669/1012
f 156/653/1012 987/655/1012 435/669/1012
f 987/655/1012 985/754/1012 435/669/1012
f 931/760/1910 535/761/1910 558/724/1910
f 927/736/1911 514/667/1911 536/739/1911
f 542/752/1912 506/735/1912 932/1661/1912
f 255/767/1913 14/834/1913 1005/765/1913
f 967/1663/1914 974/1664/1914 255/769/1914
f 974/1665/1915 975/1666/1915 255/767/1915
f 977/1667/1916 978/777/1916 73/779/1916
f 318/817/1917 73/779/1917 984/778/1917
f 1010/785/1031 1009/820/1031 369/786/1031
f 369/786/1918 416/862/1918 1008/1668/1918
f 1008/1668/1919 1007/784/1919 369/786/1919
f 437/806/1920 114/788/1920 1011/787/1920
f 982/742/1921 972/741/1921 406/793/1921
f 972/741/1922 971/709/1922 406/793/1922
f 951/866/1923 451/842/1923 462/446/1923
f 953/1669/1924 965/860/1924 459/800/1924
f 459/800/1925 471/799/1925 953/1669/1925
f 441/791/1926 425/803/1926 981/855/1926
f 1012/811/1927 1008/1018/1927 428/798/1927
f 1008/1018/1928 416/861/1928 428/798/1928
f 391/802/1929 984/778/1929 973/836/1929
f 969/818/1046 986/1670/1046 129/792/1046
f 986/1670/1930 985/775/1930 129/792/1930
f 129/792/1046 979/854/1046 970/819/1046
f 114/788/1931 1014/823/1931 378/789/1931
f 1016/821/1050 1017/1671/1050 369/786/1050
f 1017/1671/1050 1015/822/1050 369/786/1050
f 309/770/1932 369/786/1932 1015/822/1932
f 332/773/1933 271/772/1933 1014/823/1933
f 976/1672/1934 977/1667/1934 73/779/1934
f 241/832/1934 976/1672/1934 73/779/1934
f 968/826/1062 967/1663/1062 255/769/1062
f 983/794/1935 406/793/1935 391/802/1935
f 971/709/1936 981/710/1936 425/871/1936
f 1021/839/1937 1013/810/1937 421/840/1937
f 1013/810/1938 428/798/1938 421/840/1938
f 1021/839/1939 421/840/1939 437/806/1939
f 465/847/1940 400/801/1940 959/156/1940
f 958/846/1941 453/813/1941 465/847/1941
f 471/851/1942 447/837/1942 954/845/1942
f 475/808/1943 428/798/1943 964/838/1943
f 425/871/1944 406/793/1944 971/709/1944
f 956/849/1945 411/796/1945 494/853/1945
f 490/848/1946 456/815/1946 956/849/1946
f 981/855/1947 980/1673/1947 979/854/1947
f 979/854/1948 129/792/1948 441/791/1948
f 463/856/1949 469/804/1949 960/857/1949
f 484/814/1950 453/813/1950 958/846/1950
f 469/804/1951 451/842/1951 952/863/1951
f 966/157/1952 959/156/1952 468/864/1952
f 462/865/1953 475/808/1953 963/867/1953
f 925/1674/1954 425/803/1954 463/856/1954
f 456/815/1955 411/796/1955 956/849/1955
f 936/743/1956 966/157/1956 468/864/1956
f 468/864/1957 425/871/1957 925/738/1957
f 925/1674/1958 463/856/1958 961/858/1958
f 351/906/1129 1038/1675/1129 1036/907/1129
f 374/909/1959 1039/908/1959 1056/1676/1959
f 374/909/1130 1041/1677/1130 1040/910/1130
f 329/940/1960 378/921/1960 1014/1678/1960
f 1018/1679/1961 89/939/1961 329/940/1961
f 1014/1678/1961 1018/1679/1961 329/940/1961
f 1015/822/1962 1017/1671/1962 346/933/1962
f 1006/780/1963 1019/1680/1963 26/764/1963
f 1015/822/1962 346/933/1962 117/953/1962
f 396/913/1964 410/912/1964 989/1007/1964
f 417/976/1965 401/971/1965 1003/1000/1965
f 998/1017/1966 426/1006/1966 419/1013/1966
f 1043/968/1967 1042/926/1967 364/911/1967
f 1042/926/1967 351/925/1967 364/911/1967
f 117/953/1968 244/957/1968 1019/1680/1968
f 98/679/1969 311/903/1969 1005/1681/1969
f 1005/1681/1970 311/903/1970 283/902/1970
f 1004/937/1971 283/892/1971 89/939/1971
f 217/942/1972 329/923/1972 267/889/1972
f 76/941/1973 277/897/1973 1045/944/1973
f 1046/946/1147 1045/944/1147 277/897/1147
f 277/897/1147 258/886/1147 1047/945/1147
f 1049/1098/1974 1048/1682/1974 263/896/1974
f 1051/949/1975 1050/1683/1975 234/883/1975
f 1050/1683/1975 263/896/1975 234/883/1975
f 1055/948/1151 234/883/1151 117/953/1151
f 117/1684/1976 1035/952/1976 1052/951/1976
f 117/953/1151 1052/1685/1151 1054/1686/1151
f 117/953/1151 1054/1686/1151 1053/954/1151
f 359/967/1977 1056/1676/1977 1043/968/1977
f 1056/1676/1978 359/967/1978 374/909/1978
f 432/1687/1979 417/976/1979 1003/1000/1979
f 1009/981/1980 1010/918/1980 390/930/1980
f 1010/918/1191 339/917/1191 390/930/1191
f 442/1688/1981 403/1689/1981 992/1690/1981
f 992/986/1982 403/1010/1982 433/987/1982
f 993/989/1983 422/970/1983 442/990/1983
f 419/915/1984 424/1014/1984 997/1009/1984
f 432/997/1985 1003/1691/1985 994/998/1985
f 422/970/1986 993/989/1986 1003/1000/1986
f 399/1003/1987 408/922/1987 999/1004/1987
f 444/969/1988 396/913/1988 988/995/1988
f 405/974/1989 438/984/1989 994/998/1989
f 990/978/1990 436/975/1990 405/974/1990
f 408/922/1991 399/1003/1991 1021/1011/1991
f 1013/810/1992 1021/839/1992 399/1015/1992
f 399/1015/1236 433/987/1236 1012/811/1236
f 346/933/1237 1017/1671/1237 1016/821/1237
f 217/942/1993 1041/1677/1993 329/923/1993
f 1041/1677/1994 374/909/1994 329/923/1994
f 1008/1018/1995 1012/811/1995 403/1010/1995
f 1012/811/1996 433/987/1996 403/1010/1996
f 446/994/1997 996/996/1997 997/1009/1997
f 999/1004/1998 408/922/1998 426/1006/1998
f 403/1010/1999 339/917/1999 1008/1018/1999
f 433/1692/2000 399/1003/2000 1001/1012/2000
f 3/1021/1245 92/1099/1245 1071/1019/1245
f 1071/1019/1245 92/1099/1245 1073/1693/1245
f 127/1026/1247 3/1021/1247 1072/1020/1247
f 127/1026/1248 1046/1694/1248 1047/1027/1248
f 1048/1028/1249 1049/1100/1249 3/1021/1249
f 217/1086/2001 76/1695/2001 147/1087/2001
f 41/1091/2002 1051/1696/2002 1055/1040/2002
f 174/1039/2003 41/1091/2003 1055/1040/2003
f 246/1076/2004 291/1125/2004 1078/1697/2004
f 246/1076/2004 1078/1697/2004 1077/1267/2004
f 1042/926/1258 1043/968/1258 280/1048/1258
f 280/1048/1258 1036/1102/1258 1038/927/1258
f 1030/1698/2005 356/1061/2005 1028/1063/2005
f 321/1047/2006 314/1064/2006 1056/1699/2006
f 1080/1105/2007 1081/1068/2007 291/1070/2007
f 215/1069/2008 1078/1180/2008 291/1070/2008
f 1080/1105/2009 291/1070/2009 308/1053/2009
f 174/1039/1272 1053/1041/1272 1054/1079/1272
f 266/1059/1150 1054/1079/1150 1052/951/1150
f 1037/950/1150 1035/952/1150 266/1059/1150
f 1041/1081/2010 217/1086/2010 65/1045/2010
f 54/1042/2011 213/1035/2011 1079/1043/2011
f 213/1035/2012 1076/1034/2012 1082/1082/2012
f 199/1083/2013 246/1700/2013 1077/1084/2013
f 134/830/1286 1084/1701/1286 1075/1033/1286
f 10/1022/2014 199/1032/2014 1086/1702/2014
f 1050/1703/2015 1051/1696/2015 41/1091/2015
f 41/1704/2016 1049/1098/2016 1050/1683/2016
f 1045/1092/1291 1046/1705/1291 127/1093/1291
f 127/1093/1291 147/1087/1291 1044/1094/1291
f 92/1706/2017 1089/1199/2017 1088/1198/2017
f 10/1022/2018 1086/1702/2018 1089/1101/2018
f 266/1059/1299 1035/952/1299 1036/1102/1299
f 314/1122/2019 303/1121/2019 1056/1676/2019
f 298/1104/2020 1079/1043/2020 1080/1105/2020
f 1024/1115/2021 344/1129/2021 375/1116/2021
f 370/1108/2022 344/1129/2022 1025/1139/2022
f 377/1707/2023 1034/1708/2023 1033/1060/2023
f 303/1121/2024 280/1048/2024 1043/968/2024
f 1043/968/2025 1056/1676/2025 303/1121/2025
f 358/1709/2026 365/1710/2026 803/1137/2026
f 1028/1063/2027 343/1062/2027 1025/1139/2027
f 321/1047/1322 1039/1711/1322 1040/1080/1322
f 340/1120/2028 347/1130/2028 1029/1712/2028
f 337/1052/2029 1032/1124/2029 384/1106/2029
f 384/1106/2029 1032/1124/2029 1031/1568/2029
f 345/1110/2030 380/1113/2030 1027/1126/2030
f 384/1106/2031 1031/1568/2031 803/1137/2031
f 1034/1713/2032 377/1111/2032 345/1110/2032
f 345/1110/2033 1026/1127/2033 770/1714/2033
f 1022/1715/2034 340/1716/2034 1029/1128/2034
f 356/1135/2035 1030/1717/2035 1027/1126/2035
f 338/1134/2036 354/1071/2036 803/1137/2036
f 358/1057/2037 347/1065/2037 367/1123/2037
f 375/1116/2038 340/1120/2038 1022/1140/2038
f 365/1710/2039 338/1134/2039 803/1137/2039
f 1104/1718/2040 1107/1354/2040 4/1147/2040
f 80/1142/2041 101/1211/2041 1105/1143/2041
f 1107/1354/2042 1106/1222/2042 87/1221/2042
f 87/1221/2042 4/1147/2042 1107/1354/2042
f 1108/1719/2043 135/1209/2043 20/1720/2043
f 182/1319/2044 184/1161/2044 1112/1721/2044
f 184/1161/1364 227/1260/1364 1110/1162/1364
f 1111/1163/1364 1113/1722/1364 184/1161/1364
f 1113/1722/1364 1112/1721/1364 184/1161/1364
f 249/1164/2045 1115/1342/2045 1114/1723/2045
f 195/1170/2046 253/1182/2046 1079/1171/2046
f 1083/1724/2047 1077/1267/2047 222/1196/2047
f 222/1196/2048 57/1212/2048 1083/1724/2048
f 1078/1180/2049 215/1069/2049 210/1179/2049
f 272/1175/2050 285/1174/2050 1057/1395/2050
f 294/1238/2051 278/1234/2051 1064/1231/2051
f 1069/488/2052 307/1259/2052 296/1178/2052
f 227/1186/2053 1118/1192/2053 1116/1187/2053
f 1118/1192/1376 227/1186/1376 242/1173/1376
f 57/1212/2054 121/1217/2054 1086/1702/2054
f 1086/1702/2055 1085/1725/2055 57/1212/2055
f 121/1160/1379 169/1155/1379 1088/1198/1379
f 1089/1199/2056 1086/1088/2056 121/1160/2056
f 1088/1198/2057 169/1155/2057 50/1202/2057
f 50/1202/2058 176/1213/2058 1072/1203/2058
f 1072/1206/2059 176/1159/2059 149/1152/2059
f 1074/1205/2060 149/1152/2060 43/1169/2060
f 195/1170/2061 1082/1172/2061 1076/1207/2061
f 1075/1208/1383 1084/1167/1383 161/1158/1383
f 1084/1167/1383 43/1169/1383 161/1158/1383
f 161/1158/1383 195/1170/1383 1076/1207/1383
f 135/1209/1385 1119/1726/1385 1120/1210/1385
f 101/1211/2062 184/1161/2062 1122/1300/2062
f 1123/1219/2063 1109/1727/2063 20/1156/2063
f 20/1156/1403 87/1145/1403 1124/1220/1403
f 231/1227/1410 1125/1166/1410 1117/1191/1410
f 300/1230/2064 294/1238/2064 1064/1231/2064
f 302/1233/2065 279/1263/2065 1067/1246/2065
f 1067/1246/2066 279/1263/2066 313/1257/2066
f 296/1178/2067 305/1266/2067 1063/1590/2067
f 1064/1231/2068 278/1234/2068 302/1233/2068
f 1080/1181/2069 1079/1171/2069 253/1182/2069
f 276/1248/2070 284/1183/2070 1069/488/2070
f 322/1228/2071 272/1175/2071 1066/1250/2071
f 1090/1401/2072 1066/1250/2072 272/1175/2072
f 272/1728/2073 1057/1247/2073 1090/1381/2073
f 282/1236/2074 317/1243/2074 1060/1265/2074
f 324/1252/2075 322/1228/2075 1066/1250/2075
f 300/1230/2076 1065/1232/2076 1061/1729/2076
f 819/1730/2077 296/1731/2077 1063/1270/2077
f 276/1248/2078 313/1732/2078 1081/1249/2078
f 1120/1210/2079 1115/1342/2079 195/1184/2079
f 1115/1342/2079 249/1164/2079 195/1184/2079
f 324/1252/2080 1062/1251/2080 1063/1270/2080
f 1069/488/2081 284/1183/2081 307/1259/2081
f 313/1732/2082 276/1248/2082 1070/487/2082
f 1104/1718/2083 1105/1291/2083 9/1290/2083
f 1109/1727/2084 1123/1219/2084 79/1215/2084
f 1123/1219/2084 5/1277/2084 79/1215/2084
f 1117/1191/1485 1125/1166/1485 155/1298/1485
f 155/1298/1485 1118/1192/1485 1117/1191/1485
f 182/1322/2085 30/1340/2085 1121/1733/2085
f 128/1318/2086 185/1315/2086 1143/1474/2086
f 143/1363/2087 136/1357/2087 1145/1356/2087
f 205/1308/2088 219/1307/2088 1090/1401/2088
f 226/1369/2089 211/1365/2089 1103/1389/2089
f 185/1315/2090 216/1394/2090 1147/1316/2090
f 155/1298/2091 1116/1187/2091 1118/1192/2091
f 1110/1188/1495 1116/1187/1495 172/1309/1495
f 1116/1187/1495 155/1298/1495 172/1309/1495
f 1148/1330/1499 1149/1734/1499 136/1357/1499
f 85/1297/1499 116/1289/1499 1150/1331/1499
f 1148/1330/1499 136/1357/1499 85/1297/1499
f 1152/1336/2092 1150/1331/2092 116/1289/2092
f 116/1289/2093 36/1334/2093 1152/1336/2093
f 36/1334/2094 119/1296/2094 1153/1338/2094
f 119/1296/1502 103/1295/1502 1153/1338/1502
f 1154/1391/2095 103/1286/2095 34/1301/2095
f 51/1302/2096 34/1301/2096 110/1293/2096
f 110/1293/2097 128/1318/2097 51/1302/2097
f 30/1340/2098 101/1292/2098 1122/1735/2098
f 122/1165/2099 1114/1723/2099 1115/1342/2099
f 79/1215/2100 122/1328/2100 1120/1736/2100
f 1120/1736/2100 1119/1737/2100 79/1215/2100
f 5/1277/1516 1123/1219/1516 1124/1220/1516
f 1106/1344/2101 1107/1355/2101 5/1277/2101
f 1107/1354/2102 1104/1718/2102 40/1351/2102
f 1104/1718/2103 9/1290/2103 40/1351/2103
f 1111/1324/1536 172/1309/1536 163/1360/1536
f 182/1322/2104 1112/1738/2104 1113/1361/2104
f 230/1739/2105 226/1369/2105 1103/1389/2105
f 254/1740/2106 212/1741/2106 1099/1742/2106
f 1101/1383/2107 214/1366/2107 1100/1387/2107
f 228/1312/2108 237/1404/2108 1096/1398/2108
f 259/1405/2109 1098/1396/2109 1097/1410/2109
f 245/1374/2110 1095/1743/2110 1094/1392/2110
f 209/1402/2111 216/1394/2111 1092/1399/2111
f 256/1362/2112 205/1308/2112 1098/1396/2112
f 205/1744/2113 1090/1381/2113 1057/1247/2113
f 214/1366/2114 250/1371/2114 1100/1387/2114
f 259/1405/2115 256/1362/2115 1098/1396/2115
f 216/1394/2116 209/1402/2116 1147/1316/2116
f 209/1745/2117 245/1374/2117 1147/1408/2117
f 212/1376/2118 1156/1746/2118 1147/1408/2118
f 1096/1409/2119 237/1411/2119 259/1405/2119
f 245/1374/2120 209/1745/2120 1095/1743/2120
f 212/1376/2121 1145/1356/2121 1156/1746/2121
f 42/1475/2122 1152/1747/2122 1151/1484/2122
f 47/1416/1603 1/1412/1603 1153/1414/1603
f 1150/1428/2123 1152/1747/2123 42/1475/2123
f 42/1475/2123 62/1332/2123 1150/1428/2123
f 1145/1748/2124 1155/1749/2124 90/1469/2124
f 90/1750/2125 118/1522/2125 1156/1746/2125
f 1156/1751/2126 1145/1748/2126 90/1469/2126
f 1146/1317/2127 1143/1474/2127 185/1315/2127
f 132/1464/2128 22/1471/2128 1143/1752/2128
f 146/1447/2129 160/1446/2129 1129/1504/2129
f 167/1493/2130 153/1490/2130 813/1517/2130
f 1156/1746/2131 118/1522/2131 1147/1408/2131
f 1147/1408/2132 118/1522/2132 125/1448/2132
f 125/1448/2133 1146/1753/2133 1147/1408/2133
f 1149/1333/2134 1148/1429/2134 62/1332/2134
f 62/1332/2135 90/1469/2135 1155/1749/2135
f 1154/1337/2136 1144/1754/2136 47/1481/2136
f 46/1477/2137 42/1755/2137 1151/1335/2137
f 36/1413/2138 1/1412/2138 46/1418/2138
f 1146/1753/2139 125/1448/2139 120/1487/2139
f 1146/1753/2140 120/1487/2140 132/1464/2140
f 1137/1518/2141 175/1502/2141 130/1501/2141
f 1129/1756/2142 160/1528/2142 188/1492/2142
f 168/1451/2143 177/1535/2143 1127/1757/2143
f 153/1490/2144 173/1509/2144 813/1517/2144
f 13/1514/2145 1134/1512/2145 1136/1594/2145
f 151/1532/2146 159/1460/2146 109/1458/2146
f 196/1486/2147 146/1447/2147 1128/1523/2147
f 157/1491/1708 190/1496/1708 1141/1526/1708
f 1132/1758/2148 1131/1759/2148 157/1491/2148
f 1131/1759/2148 188/1492/2148 157/1491/2148
f 1141/1526/1717 190/1496/1717 167/1506/1717
f 148/1536/2149 165/1463/2149 1126/1527/2149
f 177/1539/2150 148/1536/2150 1126/1527/2150
f 906/107/2151 587/620/2151 917/465/2151
f 782/281/2152 577/280/2152 779/230/2152
f 1034/1708/2153 345/1760/2153 770/1761/2153
f 940/522/2154 363/521/2154 348/1647/2154
f 439/570/2155 947/1639/2155 363/678/2155
f 625/596/2156 543/541/2156 619/606/2156
f 904/1762/2157 605/1642/2157 905/627/2157
f 923/475/2158 570/111/2158 289/592/2158
f 687/99/2159 916/459/2159 605/555/2159
f 911/468/2160 646/161/2160 289/163/2160
f 919/1763/2161 929/473/2161 922/474/2161
f 14/680/2162 975/684/2162 376/641/2162
f 376/691/2163 386/645/2163 14/672/2163
f 386/645/2164 976/1649/2164 241/671/2164
f 540/757/2165 524/731/2165 548/719/2165
f 1015/822/2166 117/953/2166 1006/780/2166
f 957/852/2167 708/158/2167 956/849/2167
f 958/846/2168 708/158/2168 957/859/2168
f 952/1548/2169 683/33/2169 960/443/2169
f 1044/1094/2170 147/1087/2170 76/1695/2170
f 98/1764/2171 1005/936/2171 14/672/2171
f 1020/828/2172 255/827/2172 1004/1765/2172
f 429/993/2173 417/999/2173 438/984/2173
f 89/1001/2174 1018/824/2174 271/772/2174
f 689/1008/2175 998/1766/2175 419/915/2175
f 263/896/2176 1050/1683/2176 1049/1098/2176
f 1074/1205/2177 43/1169/2177 134/1767/2177
f 372/1119/2178 356/1135/2178 380/1113/2178
f 1025/1564/2179 648/202/2179 1028/1623/2179
f 249/1768/2180 1114/1769/2180 122/1328/2180
f 1084/1701/2181 134/830/2181 1087/829/2181
f 1083/1724/2182 57/1212/2182 1085/1725/2182
f 50/1202/2183 1073/1225/2183 92/1706/2183
f 79/1215/2184 1119/1737/2184 135/1157/2184
f 1066/1770/2185 816/491/2185 1062/1591/2185
f 282/1261/2186 1060/1585/2186 622/269/2186
f 310/1269/2187 294/1255/2187 317/1243/2187
f 20/1771/2188 1109/1772/2188 79/1773/2188
f 1121/1733/2189 30/1340/2189 1122/1735/2189
f 62/1774/2190 1155/1358/2190 136/1357/2190
f 1091/1571/1770 626/264/1770 1093/1577/1770
f 1144/1303/2191 51/1302/2191 47/1480/2191
f 243/1326/2192 226/1388/2192 250/1371/2192
f 22/1471/2193 51/1420/2193 128/1341/2193
f 190/1496/2194 115/1444/2194 183/1467/2194
f 1132/1758/2195 157/1491/2195 1140/1525/2195
f 168/1531/2196 1127/1569/2196 479/265/2196
f 1100/1387/2197 230/1386/2197 1103/1775/2197
f 1136/495/2198 517/328/2198 1138/1595/2198
f 929/472/2199 542/759/2199 932/1776/2199
f 500/528/2200 942/530/2200 947/1639/2200
f 967/1648/1879 156/653/1879 974/685/1879
f 321/1047/2201 1056/1699/2201 1039/1711/2201
f 1006/1777/2202 117/1684/2202 1019/935/2202
f 182/1319/2203 1121/1299/2203 184/1161/2203
f 1146/1753/2204 132/1464/2204 1143/1752/2204
f 304/895/2205 98/679/2205 244/904/2205
f 98/679/2206 193/681/2206 1019/935/2206
f 193/762/2207 26/764/2207 1019/1680/2207
l 544 938
