# Blender 5.2.0 LTS
# www.blender.org
mtllib player.mtl
o PlayerDuck
v 0.000000 1.251525 0.000000
v 0.000000 1.027257 0.612760
v 0.000000 0.914318 0.706134
v 0.000000 0.284493 0.612760
v 0.000000 0.243375 0.000000
v -0.045270 1.236591 0.165865
v -0.088270 1.192537 0.323413
v -0.126844 1.121573 0.464743
v -0.159057 1.027257 0.582770
v -0.183294 0.914318 0.671574
v -0.198341 0.788420 0.726702
v -0.203441 0.655875 0.745391
v -0.198341 0.523330 0.726702
v -0.183294 0.397432 0.671574
v -0.159057 0.284493 0.582770
v -0.126844 0.243375 0.464743
v -0.088270 0.243375 0.323413
v -0.045270 0.243375 0.165865
v -0.086109 1.236591 0.141093
v -0.167899 1.192537 0.275111
v -0.241271 1.121573 0.395334
v -0.302544 1.027257 0.495734
v -0.348646 0.914318 0.571275
v -0.377266 0.788420 0.618170
v -0.386968 0.655875 0.634067
v -0.377266 0.523330 0.618170
v -0.348646 0.397432 0.571275
v -0.302544 0.284493 0.495734
v -0.241271 0.243375 0.395334
v -0.167899 0.243375 0.275111
v -0.086109 0.243375 0.141093
v -0.118518 1.236591 0.102510
v -0.231094 1.192537 0.199880
v -0.332081 1.121573 0.287227
v -0.416416 1.027257 0.360172
v -0.479871 0.914318 0.415055
v -0.519263 0.788420 0.449127
v -0.532616 0.655875 0.460677
v -0.519263 0.523330 0.449127
v -0.479871 0.397432 0.415055
v -0.416416 0.284493 0.360172
v -0.332081 0.243375 0.287227
v -0.231094 0.243375 0.199880
v -0.118518 0.243375 0.102510
v -0.139327 1.236591 0.053893
v -0.271667 1.192537 0.105083
v -0.390384 1.121573 0.151004
v -0.489527 1.027257 0.189353
v -0.564122 0.914318 0.218207
v -0.610430 0.788420 0.236120
v -0.626128 0.655875 0.242192
v -0.610430 0.523330 0.236120
v -0.564122 0.397432 0.218207
v -0.489527 0.284493 0.189353
v -0.390384 0.243375 0.151004
v -0.271667 0.243375 0.105083
v -0.139327 0.243375 0.053893
v -0.146497 1.236591 0.000000
v -0.285647 1.192537 0.000000
v -0.410475 1.121573 0.000000
v -0.514719 1.027257 -0.000000
v -0.593153 0.914318 -0.000000
v -0.641844 0.788420 0.000000
v -0.658350 0.655875 0.000000
v -0.641844 0.523330 0.000000
v -0.593153 0.397432 -0.000000
v -0.514719 0.284493 -0.000000
v -0.410475 0.243375 0.000000
v -0.285647 0.243375 0.000000
v -0.146497 0.243375 0.000000
v -0.139327 1.236591 -0.053893
v -0.271667 1.192537 -0.105083
v -0.390384 1.121573 -0.151004
v -0.489527 1.027257 -0.189353
v -0.564122 0.914318 -0.218208
v -0.610430 0.788420 -0.236120
v -0.626128 0.655875 -0.242192
v -0.610430 0.523330 -0.236120
v -0.564122 0.397432 -0.218208
v -0.489527 0.284493 -0.189353
v -0.390384 0.243375 -0.151004
v -0.271667 0.243375 -0.105083
v -0.139327 0.243375 -0.053893
v -0.118518 1.236591 -0.102510
v -0.231094 1.192537 -0.199880
v -0.325228 1.128123 -0.296308
v -0.392043 1.058539 -0.385925
v -0.438102 0.971048 -0.453354
v -0.464874 0.863306 -0.495213
v -0.473634 0.737287 -0.509403
v -0.464874 0.598216 -0.495213
v -0.438102 0.454163 -0.453354
v -0.392043 0.315776 -0.385925
v -0.325228 0.243375 -0.296308
v -0.231094 0.243375 -0.199880
v -0.118518 0.243375 -0.102510
v -0.086109 1.236591 -0.141093
v -0.165491 1.196332 -0.281423
v -0.222742 1.168589 -0.429125
v -0.263530 1.129555 -0.552473
v -0.290006 1.066703 -0.645280
v -0.304622 0.975083 -0.702894
v -0.309260 0.854675 -0.722425
v -0.304622 0.709994 -0.702894
v -0.290006 0.549817 -0.645280
v -0.263530 0.386792 -0.552473
v -0.222742 0.243375 -0.429125
v -0.165491 0.243375 -0.281423
v -0.086109 0.243375 -0.141093
v -0.045270 1.236591 -0.165865
v -0.084789 1.209837 -0.340764
v -0.112529 1.205326 -0.514399
v -0.131354 1.187829 -0.659403
v -0.142915 1.142741 -0.768505
v -0.148966 1.062802 -0.836234
v -0.150822 0.946464 -0.859194
v -0.148966 0.797713 -0.836234
v -0.142915 0.625856 -0.768505
v -0.131354 0.445065 -0.659403
v -0.112529 0.273930 -0.514399
v -0.084789 0.243375 -0.340764
v -0.045270 0.243375 -0.165865
v -0.000000 1.236591 -0.174401
v -0.000000 1.215828 -0.361212
v -0.000000 1.219530 -0.543783
v 0.000000 1.209849 -0.696249
v 0.000000 1.171226 -0.810965
v 0.000000 1.095541 -0.882180
v 0.000000 0.980685 -0.906322
v 0.000000 0.830452 -0.882180
v 0.000000 0.654341 -0.810965
v 0.000000 0.467086 -0.696249
v -0.000000 0.288134 -0.543783
v -0.000000 0.243375 -0.361212
v -0.000000 0.243375 -0.174401
v 0.045270 1.236591 -0.165865
v 0.084789 1.209837 -0.340765
v 0.112529 1.205326 -0.514399
v 0.131355 1.187829 -0.659403
v 0.142915 1.142741 -0.768505
v 0.148967 1.062802 -0.836234
v 0.150822 0.946464 -0.859194
v 0.148967 0.797713 -0.836234
v 0.142915 0.625856 -0.768505
v 0.131355 0.445065 -0.659403
v 0.112529 0.273930 -0.514399
v 0.084789 0.243375 -0.340765
v 0.045270 0.243375 -0.165865
v 0.086109 1.236591 -0.141093
v 0.165491 1.196332 -0.281423
v 0.222742 1.168589 -0.429125
v 0.263530 1.129555 -0.552473
v 0.290006 1.066703 -0.645280
v 0.304622 0.975083 -0.702894
v 0.309260 0.854675 -0.722425
v 0.304622 0.709994 -0.702894
v 0.290006 0.549817 -0.645280
v 0.263530 0.386792 -0.552473
v 0.222742 0.243375 -0.429125
v 0.165491 0.243375 -0.281423
v 0.086109 0.243375 -0.141093
v 0.118518 1.236591 -0.102510
v 0.231094 1.192537 -0.199880
v 0.325228 1.128123 -0.296308
v 0.392043 1.058539 -0.385925
v 0.438102 0.971048 -0.453354
v 0.464875 0.863306 -0.495213
v 0.473634 0.737287 -0.509403
v 0.464875 0.598216 -0.495213
v 0.438102 0.454163 -0.453354
v 0.392043 0.315776 -0.385925
v 0.325228 0.243375 -0.296308
v 0.231094 0.243375 -0.199880
v 0.118518 0.243375 -0.102510
v 0.139327 1.236591 -0.053893
v 0.271667 1.192537 -0.105083
v 0.390385 1.121573 -0.151004
v 0.489527 1.027257 -0.189353
v 0.564122 0.914318 -0.218207
v 0.610430 0.788420 -0.236120
v 0.626128 0.655875 -0.242192
v 0.610430 0.523330 -0.236120
v 0.564122 0.397432 -0.218207
v 0.489527 0.284493 -0.189353
v 0.390385 0.243375 -0.151004
v 0.271667 0.243375 -0.105083
v 0.139327 0.243375 -0.053893
v 0.146497 1.236591 -0.000000
v 0.285647 1.192537 -0.000000
v 0.410475 1.121573 0.000000
v 0.514719 1.027257 0.000000
v 0.593153 0.914318 0.000000
v 0.641844 0.788420 -0.000000
v 0.658350 0.655875 0.000000
v 0.641844 0.523330 -0.000000
v 0.593153 0.397432 0.000000
v 0.514719 0.284493 0.000000
v 0.410475 0.243375 0.000000
v 0.285647 0.243375 -0.000000
v 0.146497 0.243375 -0.000000
v 0.139327 1.236591 0.053893
v 0.271667 1.192537 0.105083
v 0.390385 1.121573 0.151004
v 0.489527 1.027257 0.189353
v 0.564122 0.914318 0.218208
v 0.610430 0.788420 0.236120
v 0.626128 0.655875 0.242192
v 0.610430 0.523330 0.236120
v 0.564122 0.397432 0.218208
v 0.489527 0.284493 0.189353
v 0.390385 0.243375 0.151004
v 0.271667 0.243375 0.105083
v 0.139327 0.243375 0.053893
v 0.118518 1.236591 0.102510
v 0.231094 1.192537 0.199880
v 0.332081 1.121573 0.287227
v 0.416416 1.027257 0.360172
v 0.479871 0.914318 0.415055
v 0.519263 0.788420 0.449127
v 0.532616 0.655875 0.460677
v 0.519263 0.523330 0.449127
v 0.479871 0.397432 0.415055
v 0.416416 0.284493 0.360172
v 0.332081 0.243375 0.287227
v 0.231094 0.243375 0.199880
v 0.118518 0.243375 0.102510
v 0.086109 1.236591 0.141093
v 0.167899 1.192537 0.275111
v 0.241271 1.121573 0.395334
v 0.302544 1.027257 0.495734
v 0.348646 0.914318 0.571275
v 0.377267 0.788420 0.618170
v 0.386969 0.655875 0.634067
v 0.377267 0.523330 0.618170
v 0.348646 0.397432 0.571275
v 0.302544 0.284493 0.495734
v 0.241271 0.243375 0.395334
v 0.167899 0.243375 0.275111
v 0.086109 0.243375 0.141093
v 0.045270 1.236591 0.165865
v 0.088270 1.192537 0.323413
v 0.126844 1.121573 0.464744
v 0.159057 1.027257 0.582770
v 0.183294 0.914318 0.671574
v 0.198341 0.788420 0.726702
v 0.203441 0.655875 0.745391
v 0.198341 0.523330 0.726702
v 0.183294 0.397432 0.671574
v 0.159057 0.284493 0.582770
v 0.126844 0.243375 0.464744
v 0.088270 0.243375 0.323413
v 0.045270 0.243375 0.165865
v 0.000000 1.236591 0.174401
v 0.000000 1.192537 0.340057
v 0.000000 1.121573 0.488660
v 0.000000 0.788420 0.764100
v -0.000000 0.655875 0.783750
v 0.000000 0.523330 0.764100
v -0.000000 0.397432 0.706134
v 0.000000 0.243375 0.488660
v 0.000000 0.243375 0.340057
v 0.000000 0.243375 0.174401
v 0.000000 1.645875 0.363000
v 0.000000 0.721875 0.363000
v -0.041715 1.630133 0.484352
v -0.080587 1.583979 0.597435
v -0.113967 1.510558 0.694540
v -0.139580 1.414875 0.769052
v -0.155682 1.303450 0.815893
v -0.161174 1.183875 0.831869
v -0.155682 1.064301 0.815893
v -0.139580 0.952875 0.769052
v -0.113967 0.857192 0.694540
v -0.080587 0.783771 0.597435
v -0.041715 0.737617 0.484352
v -0.078398 1.630133 0.461927
v -0.151454 1.583979 0.554113
v -0.214188 1.510558 0.633274
v -0.262325 1.414875 0.694017
v -0.292586 1.303450 0.732202
v -0.302907 1.183875 0.745226
v -0.292586 1.064301 0.732202
v -0.262325 0.952875 0.694017
v -0.214188 0.857192 0.633274
v -0.151454 0.783771 0.554113
v -0.078398 0.737617 0.461927
v -0.105626 1.630133 0.427570
v -0.204053 1.583979 0.487740
v -0.288574 1.510558 0.539409
v -0.353430 1.414875 0.579056
v -0.394200 1.303450 0.603979
v -0.408106 1.183875 0.612480
v -0.394200 1.064301 0.603979
v -0.353430 0.952875 0.579056
v -0.288574 0.857192 0.539409
v -0.204053 0.783771 0.487740
v -0.105626 0.737617 0.427570
v -0.120113 1.630133 0.385425
v -0.232040 1.583979 0.406322
v -0.328155 1.510558 0.424266
v -0.401906 1.414875 0.438036
v -0.448268 1.303450 0.446691
v -0.464081 1.183875 0.449644
v -0.448268 1.064301 0.446691
v -0.401906 0.952875 0.438036
v -0.328155 0.857192 0.424266
v -0.232040 0.783771 0.406322
v -0.120113 0.737617 0.385425
v -0.120113 1.630133 0.340575
v -0.232040 1.583979 0.319678
v -0.328155 1.510558 0.301734
v -0.401906 1.414875 0.287965
v -0.448268 1.303450 0.279309
v -0.464081 1.183875 0.276357
v -0.448268 1.064301 0.279309
v -0.401906 0.952875 0.287965
v -0.328155 0.857192 0.301734
v -0.232040 0.783771 0.319678
v -0.120113 0.737617 0.340575
v -0.105626 1.630133 0.298430
v -0.204053 1.583979 0.238260
v -0.288574 1.510558 0.186591
v -0.353430 1.414875 0.146944
v -0.394200 1.303450 0.122021
v -0.408106 1.183875 0.113520
v -0.394200 1.064301 0.122021
v -0.353430 0.952875 0.146944
v -0.288574 0.857192 0.186591
v -0.204053 0.783771 0.238260
v -0.105626 0.737617 0.298430
v -0.078398 1.630133 0.264073
v -0.151454 1.583979 0.171887
v -0.214188 1.510558 0.092726
v -0.262325 1.414875 0.031983
v -0.292586 1.303450 -0.006202
v -0.302907 1.183875 -0.019225
v -0.292586 1.064301 -0.006202
v -0.262325 0.952875 0.031983
v -0.214188 0.857192 0.092726
v -0.151454 0.783771 0.171887
v -0.078398 0.737617 0.264073
v -0.041715 1.630133 0.241648
v -0.080587 1.583979 0.128566
v -0.113967 1.510558 0.031460
v -0.139580 1.414875 -0.043052
v -0.155682 1.303450 -0.089893
v -0.161174 1.183875 -0.105869
v -0.155682 1.064301 -0.089893
v -0.139580 0.952875 -0.043052
v -0.113967 0.857192 0.031460
v -0.080587 0.783771 0.128566
v -0.041715 0.737617 0.241648
v -0.000000 1.630133 0.233860
v -0.000000 1.583979 0.113520
v -0.000000 1.510558 0.010182
v -0.000000 1.414875 -0.069112
v -0.000000 1.303450 -0.118958
v -0.000000 1.183875 -0.135960
v -0.000000 1.064301 -0.118958
v -0.000000 0.952875 -0.069112
v -0.000000 0.857192 0.010182
v -0.000000 0.783771 0.113520
v -0.000000 0.737617 0.233860
v 0.041715 1.630133 0.241648
v 0.080587 1.583979 0.128565
v 0.113967 1.510558 0.031459
v 0.139580 1.414875 -0.043052
v 0.155682 1.303450 -0.089893
v 0.161173 1.183875 -0.105869
v 0.155682 1.064301 -0.089893
v 0.139580 0.952875 -0.043052
v 0.113967 0.857192 0.031459
v 0.080587 0.783771 0.128565
v 0.041715 0.737617 0.241648
v 0.078398 1.630133 0.264073
v 0.151454 1.583979 0.171887
v 0.214188 1.510558 0.092726
v 0.262325 1.414875 0.031983
v 0.292586 1.303450 -0.006202
v 0.302907 1.183875 -0.019226
v 0.292586 1.064301 -0.006202
v 0.262325 0.952875 0.031983
v 0.214188 0.857192 0.092726
v 0.151454 0.783771 0.171887
v 0.078398 0.737617 0.264073
v 0.105626 1.630133 0.298430
v 0.204053 1.583979 0.238260
v 0.288574 1.510558 0.186591
v 0.353430 1.414875 0.146944
v 0.394200 1.303450 0.122021
v 0.408106 1.183875 0.113520
v 0.394200 1.064301 0.122021
v 0.353430 0.952875 0.146944
v 0.288574 0.857192 0.186591
v 0.204053 0.783771 0.238260
v 0.105626 0.737617 0.298430
v 0.120113 1.630133 0.340575
v 0.232040 1.583979 0.319678
v 0.328155 1.510558 0.301734
v 0.401906 1.414875 0.287964
v 0.448268 1.303450 0.279309
v 0.464081 1.183875 0.276356
v 0.448268 1.064301 0.279309
v 0.401906 0.952875 0.287964
v 0.328155 0.857192 0.301734
v 0.232040 0.783771 0.319678
v 0.120113 0.737617 0.340575
v 0.120113 1.630133 0.385425
v 0.232040 1.583979 0.406322
v 0.328155 1.510558 0.424266
v 0.401906 1.414875 0.438035
v 0.448268 1.303450 0.446691
v 0.464081 1.183875 0.449643
v 0.448268 1.064301 0.446691
v 0.401906 0.952875 0.438035
v 0.328155 0.857192 0.424266
v 0.232040 0.783771 0.406322
v 0.120113 0.737617 0.385425
v 0.105626 1.630133 0.427570
v 0.204053 1.583979 0.487740
v 0.288574 1.510558 0.539409
v 0.353430 1.414875 0.579056
v 0.394200 1.303450 0.603979
v 0.408106 1.183875 0.612480
v 0.394200 1.064301 0.603979
v 0.353430 0.952875 0.579056
v 0.288574 0.857192 0.539409
v 0.204053 0.783771 0.487740
v 0.105626 0.737617 0.427570
v 0.078398 1.630133 0.461927
v 0.151454 1.583979 0.554113
v 0.214188 1.510558 0.633274
v 0.262325 1.414875 0.694017
v 0.292586 1.303450 0.732201
v 0.302907 1.183875 0.745225
v 0.292586 1.064301 0.732201
v 0.262325 0.952875 0.694017
v 0.214188 0.857192 0.633274
v 0.151454 0.783771 0.554113
v 0.078398 0.737617 0.461927
v 0.041715 1.630133 0.484352
v 0.080587 1.583979 0.597434
v 0.113967 1.510558 0.694540
v 0.139580 1.414875 0.769052
v 0.155682 1.303450 0.815893
v 0.161174 1.183875 0.831869
v 0.155682 1.064301 0.815893
v 0.139580 0.952875 0.769052
v 0.113967 0.857192 0.694540
v 0.080587 0.783771 0.597434
v 0.041715 0.737617 0.484352
v 0.000000 1.630133 0.492140
v 0.000000 1.583979 0.612480
v 0.000000 1.510558 0.715818
v 0.000000 1.414875 0.795112
v 0.000000 1.303450 0.844958
v 0.000000 1.183875 0.861960
v 0.000000 1.064301 0.844958
v 0.000000 0.952875 0.795112
v 0.000000 0.857192 0.715818
v 0.000000 0.783771 0.612480
v 0.000000 0.737617 0.492140
v 0.198000 1.043625 0.610500
v 0.198000 1.192125 0.610500
v 0.148500 1.010625 0.973500
v 0.148500 1.159125 0.973500
v -0.198000 1.043625 0.610500
v -0.198000 1.192125 0.610500
v -0.148500 1.010625 0.973500
v -0.148500 1.159125 0.973500
v -0.346500 1.381875 0.594000
v -0.330194 1.352878 0.654856
v -0.325195 1.320761 0.673513
v -0.323439 1.282875 0.680064
v -0.325195 1.244989 0.673513
v -0.346500 1.183875 0.594000
v -0.349836 1.374339 0.625464
v -0.352664 1.352878 0.652139
v -0.354553 1.320761 0.669962
v -0.355217 1.282875 0.676221
v -0.354553 1.244989 0.669962
v -0.352664 1.212871 0.652139
v -0.349836 1.191411 0.625464
v -0.361103 1.374339 0.615563
v -0.373482 1.352878 0.633843
v -0.381754 1.320761 0.646057
v -0.384659 1.282875 0.650346
v -0.381754 1.244989 0.646057
v -0.373482 1.212871 0.633843
v -0.361103 1.191411 0.615563
v -0.368457 1.374339 0.599883
v -0.387071 1.352878 0.604871
v -0.399508 1.320761 0.608204
v -0.403876 1.282875 0.609374
v -0.399508 1.244989 0.608204
v -0.387071 1.212871 0.604871
v -0.368457 1.191411 0.599883
v -0.369928 1.374339 0.582627
v -0.389789 1.352878 0.572986
v -0.403059 1.320761 0.566544
v -0.407719 1.282875 0.564282
v -0.403059 1.244989 0.566544
v -0.389789 1.212871 0.572986
v -0.369928 1.191411 0.582627
v -0.365121 1.374339 0.568419
v -0.380907 1.352878 0.546732
v -0.391455 1.320761 0.532242
v -0.395159 1.282875 0.527153
v -0.391455 1.244989 0.532242
v -0.380907 1.212871 0.546732
v -0.365121 1.191411 0.568419
v -0.355325 1.374339 0.561065
v -0.362806 1.352878 0.533144
v -0.367805 1.320761 0.514487
v -0.369561 1.282875 0.507936
v -0.367805 1.244989 0.514487
v -0.362806 1.212871 0.533144
v -0.355325 1.191411 0.561065
v -0.343164 1.374339 0.562536
v -0.340336 1.352878 0.535861
v -0.338447 1.320761 0.518038
v -0.337783 1.282875 0.511779
v -0.338447 1.244989 0.518038
v -0.340336 1.212871 0.535861
v -0.343164 1.191411 0.562536
v -0.331897 1.374339 0.572437
v -0.319518 1.352878 0.554157
v -0.311246 1.320761 0.541943
v -0.308341 1.282875 0.537654
v -0.311246 1.244989 0.541943
v -0.319518 1.212871 0.554157
v -0.331897 1.191411 0.572437
v -0.324543 1.374339 0.588117
v -0.305929 1.352878 0.583129
v -0.293491 1.320761 0.579796
v -0.289124 1.282875 0.578626
v -0.293491 1.244989 0.579796
v -0.305929 1.212871 0.583129
v -0.324543 1.191411 0.588117
v -0.323072 1.374339 0.605373
v -0.303211 1.352878 0.615014
v -0.289941 1.320761 0.621456
v -0.285281 1.282875 0.623718
v -0.289941 1.244989 0.621456
v -0.303211 1.212871 0.615014
v -0.323072 1.191411 0.605373
v -0.327879 1.374339 0.619581
v -0.312093 1.352878 0.641268
v -0.301545 1.320761 0.655758
v -0.297841 1.282875 0.660847
v -0.301545 1.244989 0.655758
v -0.312093 1.212871 0.641268
v -0.327879 1.191411 0.619581
v -0.337675 1.374339 0.626935
v -0.330194 1.212871 0.654856
v -0.337675 1.191411 0.626935
v -0.379500 1.368675 0.643500
v -0.379500 1.363812 0.661650
v -0.379500 1.350525 0.674937
v -0.379500 1.332375 0.679800
v -0.379500 1.314225 0.674937
v -0.379500 1.300938 0.661650
v -0.379500 1.296075 0.643500
v -0.392334 1.363812 0.656334
v -0.401729 1.350525 0.665729
v -0.405168 1.332375 0.669168
v -0.401729 1.314225 0.665729
v -0.392334 1.300938 0.656334
v -0.397650 1.363812 0.643500
v -0.410937 1.350525 0.643500
v -0.415800 1.332375 0.643500
v -0.410937 1.314225 0.643500
v -0.397650 1.300938 0.643500
v -0.392334 1.363812 0.630666
v -0.401729 1.350525 0.621271
v -0.405168 1.332375 0.617832
v -0.401729 1.314225 0.621271
v -0.392334 1.300938 0.630666
v -0.379500 1.363812 0.625350
v -0.379500 1.350525 0.612063
v -0.379500 1.332375 0.607200
v -0.379500 1.314225 0.612063
v -0.379500 1.300938 0.625350
v -0.366666 1.363812 0.630666
v -0.357271 1.350525 0.621271
v -0.353832 1.332375 0.617832
v -0.357271 1.314225 0.621271
v -0.366666 1.300938 0.630666
v -0.361350 1.363812 0.643500
v -0.348063 1.350525 0.643500
v -0.343200 1.332375 0.643500
v -0.348063 1.314225 0.643500
v -0.361350 1.300938 0.643500
v -0.366666 1.363812 0.656334
v -0.357271 1.350525 0.665729
v -0.353832 1.332375 0.669168
v -0.357271 1.314225 0.665729
v -0.366666 1.300938 0.656334
v -0.379500 1.178925 0.495000
v -0.379500 1.089825 0.495000
v -0.383924 1.172956 0.520178
v -0.387162 1.156650 0.538610
v -0.388347 1.134375 0.545357
v -0.387162 1.112100 0.538610
v -0.383924 1.095794 0.520178
v -0.391815 1.172956 0.506491
v -0.400830 1.156650 0.514903
v -0.404130 1.134375 0.517982
v -0.400830 1.112100 0.514903
v -0.391815 1.095794 0.506491
v -0.395002 1.172956 0.488414
v -0.406351 1.156650 0.483593
v -0.410505 1.134375 0.481828
v -0.406351 1.112100 0.483593
v -0.395002 1.095794 0.488414
v -0.392268 1.172956 0.472853
v -0.401616 1.156650 0.456640
v -0.405037 1.134375 0.450706
v -0.401616 1.112100 0.456640
v -0.392268 1.095794 0.472853
v -0.384657 1.172956 0.465751
v -0.388433 1.156650 0.444340
v -0.389815 1.134375 0.436502
v -0.388433 1.112100 0.444340
v -0.384657 1.095794 0.465751
v -0.375076 1.172956 0.469822
v -0.371838 1.156650 0.451390
v -0.370653 1.134375 0.444643
v -0.371838 1.112100 0.451390
v -0.375076 1.095794 0.469822
v -0.367185 1.172956 0.483509
v -0.358170 1.156650 0.475097
v -0.354870 1.134375 0.472018
v -0.358170 1.112100 0.475097
v -0.367185 1.095794 0.483509
v -0.363998 1.172956 0.501586
v -0.352649 1.156650 0.506407
v -0.348495 1.134375 0.508172
v -0.352649 1.112100 0.506407
v -0.363998 1.095794 0.501586
v -0.366732 1.172956 0.517147
v -0.357385 1.156650 0.533360
v -0.353963 1.134375 0.539294
v -0.357385 1.112100 0.533360
v -0.366732 1.095794 0.517147
v -0.374343 1.172956 0.524249
v -0.370567 1.156650 0.545660
v -0.369185 1.134375 0.553498
v -0.370567 1.112100 0.545660
v -0.374343 1.095794 0.524249
v 0.346500 1.381875 0.594000
v 0.330194 1.352878 0.654856
v 0.325195 1.320761 0.673513
v 0.323439 1.282875 0.680064
v 0.325195 1.244989 0.673513
v 0.346500 1.183875 0.594000
v 0.327879 1.374339 0.619581
v 0.312093 1.352878 0.641268
v 0.301545 1.320761 0.655758
v 0.297841 1.282875 0.660847
v 0.301545 1.244989 0.655758
v 0.312093 1.212871 0.641268
v 0.327879 1.191411 0.619581
v 0.323072 1.374339 0.605373
v 0.303211 1.352878 0.615014
v 0.289941 1.320761 0.621456
v 0.285281 1.282875 0.623718
v 0.289941 1.244989 0.621456
v 0.303211 1.212871 0.615014
v 0.323072 1.191411 0.605373
v 0.324543 1.374339 0.588117
v 0.305929 1.352878 0.583129
v 0.293491 1.320761 0.579796
v 0.289124 1.282875 0.578626
v 0.293491 1.244989 0.579796
v 0.305929 1.212871 0.583129
v 0.324543 1.191411 0.588117
v 0.331897 1.374339 0.572437
v 0.319518 1.352878 0.554157
v 0.311246 1.320761 0.541943
v 0.308341 1.282875 0.537654
v 0.311246 1.244989 0.541943
v 0.319518 1.212871 0.554157
v 0.331897 1.191411 0.572437
v 0.343164 1.374339 0.562536
v 0.340336 1.352878 0.535861
v 0.338447 1.320761 0.518038
v 0.337783 1.282875 0.511779
v 0.338447 1.244989 0.518038
v 0.340336 1.212871 0.535861
v 0.343164 1.191411 0.562536
v 0.355325 1.374339 0.561065
v 0.362806 1.352878 0.533144
v 0.367805 1.320761 0.514487
v 0.369561 1.282875 0.507936
v 0.367805 1.244989 0.514487
v 0.362806 1.212871 0.533144
v 0.355325 1.191411 0.561065
v 0.365121 1.374339 0.568419
v 0.380907 1.352878 0.546732
v 0.391455 1.320761 0.532242
v 0.395159 1.282875 0.527153
v 0.391455 1.244989 0.532242
v 0.380907 1.212871 0.546732
v 0.365121 1.191411 0.568419
v 0.369928 1.374339 0.582627
v 0.389789 1.352878 0.572986
v 0.403059 1.320761 0.566544
v 0.407719 1.282875 0.564282
v 0.403059 1.244989 0.566544
v 0.389789 1.212871 0.572986
v 0.369928 1.191411 0.582627
v 0.368457 1.374339 0.599883
v 0.387071 1.352878 0.604871
v 0.399508 1.320761 0.608204
v 0.403876 1.282875 0.609374
v 0.399508 1.244989 0.608204
v 0.387071 1.212871 0.604871
v 0.368457 1.191411 0.599883
v 0.361103 1.374339 0.615563
v 0.373482 1.352878 0.633843
v 0.381754 1.320761 0.646057
v 0.384659 1.282875 0.650346
v 0.381754 1.244989 0.646057
v 0.373482 1.212871 0.633843
v 0.361103 1.191411 0.615563
v 0.349836 1.374339 0.625464
v 0.352664 1.352878 0.652139
v 0.354553 1.320761 0.669962
v 0.355217 1.282875 0.676221
v 0.354553 1.244989 0.669962
v 0.352664 1.212871 0.652139
v 0.349836 1.191411 0.625464
v 0.337675 1.374339 0.626935
v 0.330194 1.212871 0.654856
v 0.337675 1.191411 0.626935
v 0.379500 1.368675 0.643500
v 0.379500 1.363812 0.661650
v 0.379500 1.350525 0.674937
v 0.379500 1.332375 0.679800
v 0.379500 1.314225 0.674937
v 0.379500 1.300938 0.661650
v 0.379500 1.296075 0.643500
v 0.366666 1.363812 0.656334
v 0.357271 1.350525 0.665729
v 0.353832 1.332375 0.669168
v 0.357271 1.314225 0.665729
v 0.366666 1.300938 0.656334
v 0.361350 1.363812 0.643500
v 0.348063 1.350525 0.643500
v 0.343200 1.332375 0.643500
v 0.348063 1.314225 0.643500
v 0.361350 1.300938 0.643500
v 0.366666 1.363812 0.630666
v 0.357271 1.350525 0.621271
v 0.353832 1.332375 0.617832
v 0.357271 1.314225 0.621271
v 0.366666 1.300938 0.630666
v 0.379500 1.363812 0.625350
v 0.379500 1.350525 0.612063
v 0.379500 1.332375 0.607200
v 0.379500 1.314225 0.612063
v 0.379500 1.300938 0.625350
v 0.392334 1.363812 0.630666
v 0.401729 1.350525 0.621271
v 0.405168 1.332375 0.617832
v 0.401729 1.314225 0.621271
v 0.392334 1.300938 0.630666
v 0.397650 1.363812 0.643500
v 0.410937 1.350525 0.643500
v 0.415800 1.332375 0.643500
v 0.410937 1.314225 0.643500
v 0.397650 1.300938 0.643500
v 0.392334 1.363812 0.656334
v 0.401729 1.350525 0.665729
v 0.405168 1.332375 0.669168
v 0.401729 1.314225 0.665729
v 0.392334 1.300938 0.656334
v 0.379500 1.178925 0.495000
v 0.379500 1.089825 0.495000
v 0.366732 1.172956 0.517147
v 0.357385 1.156650 0.533360
v 0.353963 1.134375 0.539294
v 0.357385 1.112100 0.533360
v 0.366732 1.095794 0.517147
v 0.363998 1.172956 0.501586
v 0.352649 1.156650 0.506407
v 0.348495 1.134375 0.508172
v 0.352649 1.112100 0.506407
v 0.363998 1.095794 0.501586
v 0.367185 1.172956 0.483509
v 0.358170 1.156650 0.475097
v 0.354870 1.134375 0.472018
v 0.358170 1.112100 0.475097
v 0.367185 1.095794 0.483509
v 0.375076 1.172956 0.469822
v 0.371838 1.156650 0.451390
v 0.370653 1.134375 0.444643
v 0.371838 1.112100 0.451390
v 0.375076 1.095794 0.469822
v 0.384657 1.172956 0.465751
v 0.388433 1.156650 0.444340
v 0.389815 1.134375 0.436502
v 0.388433 1.112100 0.444340
v 0.384657 1.095794 0.465751
v 0.392268 1.172956 0.472853
v 0.401616 1.156650 0.456640
v 0.405037 1.134375 0.450706
v 0.401616 1.112100 0.456640
v 0.392268 1.095794 0.472853
v 0.395002 1.172956 0.488414
v 0.406351 1.156650 0.483593
v 0.410505 1.134375 0.481828
v 0.406351 1.112100 0.483593
v 0.395002 1.095794 0.488414
v 0.391815 1.172956 0.506491
v 0.400830 1.156650 0.514903
v 0.404130 1.134375 0.517982
v 0.400830 1.112100 0.514903
v 0.391815 1.095794 0.506491
v 0.383924 1.172956 0.520178
v 0.387162 1.156650 0.538610
v 0.388347 1.134375 0.545357
v 0.387162 1.112100 0.538610
v 0.383924 1.095794 0.520178
v 0.374343 1.172956 0.524249
v 0.370567 1.156650 0.545660
v 0.369185 1.134375 0.553498
v 0.370567 1.112100 0.545660
v 0.374343 1.095794 0.524249
v -0.645227 0.907128 0.022699
v -0.617609 0.869823 0.147390
v -0.558369 0.747460 0.333320
v -0.532546 0.674381 0.376360
v -0.512739 0.602720 0.379329
v -0.504792 0.461664 0.164299
v -0.520169 0.454681 0.041444
v -0.542773 0.470622 -0.088699
v -0.634909 0.868451 0.136853
v -0.620585 0.812196 0.234381
v -0.603660 0.743869 0.305735
v -0.585789 0.670160 0.343932
v -0.568721 0.598282 0.345232
v -0.554128 0.535272 0.309508
v -0.543438 0.487298 0.240257
v -0.537698 0.459055 0.144258
v -0.537468 0.453309 0.030907
v -0.653755 0.872624 0.103167
v -0.656434 0.820134 0.170306
v -0.653001 0.754795 0.217544
v -0.643793 0.683003 0.240257
v -0.629710 0.611787 0.236222
v -0.612132 0.548116 0.205833
v -0.592780 0.498223 0.152066
v -0.573546 0.466993 0.080183
v -0.556315 0.457482 -0.002779
v -0.670416 0.881516 0.053004
v -0.688125 0.837046 0.074889
v -0.696620 0.778073 0.086214
v -0.695070 0.710368 0.085870
v -0.683626 0.640560 0.073889
v -0.663410 0.575480 0.051446
v -0.636399 0.521501 0.020736
v -0.605237 0.483906 -0.015234
v -0.572976 0.466374 -0.052942
v -0.681592 0.893364 -0.003702
v -0.709382 0.859583 -0.032971
v -0.725878 0.809093 -0.062243
v -0.729465 0.746834 -0.088653
v -0.719791 0.678902 -0.109614
v -0.697804 0.611946 -0.123077
v -0.665656 0.552521 -0.127721
v -0.626494 0.506443 -0.123094
v -0.584151 0.478222 -0.109648
v -0.685068 0.905823 -0.055719
v -0.715995 0.883282 -0.131913
v -0.734979 0.841710 -0.198424
v -0.740164 0.785179 -0.248743
v -0.731041 0.719220 -0.277943
v -0.708504 0.650291 -0.283167
v -0.674758 0.585139 -0.263903
v -0.633107 0.530141 -0.222036
v -0.587628 0.490681 -0.161665
v -0.680157 0.916425 -0.092744
v -0.706653 0.903447 -0.202338
v -0.722122 0.869466 -0.295357
v -0.725049 0.817807 -0.362694
v -0.715149 0.753528 -0.397759
v -0.693389 0.682919 -0.397118
v -0.661901 0.612894 -0.360835
v -0.623765 0.550306 -0.292461
v -0.582717 0.501283 -0.198690
v -0.667831 0.923069 -0.107444
v -0.683208 0.916086 -0.230299
v -0.689852 0.886862 -0.333842
v -0.687114 0.838257 -0.407936
v -0.675261 0.775030 -0.445329
v -0.655454 0.703369 -0.442360
v -0.629631 0.630290 -0.399320
v -0.600320 0.562945 -0.320422
v -0.570391 0.507927 -0.213390
v -0.650532 0.924441 -0.096907
v -0.650302 0.918695 -0.210258
v -0.644562 0.890452 -0.306257
v -0.633872 0.842478 -0.375508
v -0.619279 0.779468 -0.411232
v -0.602211 0.707590 -0.409932
v -0.584340 0.633881 -0.371735
v -0.567415 0.565554 -0.300381
v -0.553091 0.509299 -0.202853
v -0.631685 0.920268 -0.063221
v -0.614454 0.910757 -0.146183
v -0.595220 0.879527 -0.218066
v -0.575868 0.829634 -0.271833
v -0.558290 0.765963 -0.302222
v -0.544207 0.694747 -0.306257
v -0.534999 0.622955 -0.283544
v -0.531566 0.557616 -0.236306
v -0.534245 0.505126 -0.169167
v -0.615024 0.911376 -0.013058
v -0.582763 0.893844 -0.050766
v -0.551601 0.856249 -0.086736
v -0.524590 0.802269 -0.117446
v -0.504374 0.737190 -0.139889
v -0.492930 0.667382 -0.151870
v -0.491380 0.599677 -0.152214
v -0.499875 0.540704 -0.140889
v -0.517584 0.496234 -0.119004
v -0.603849 0.899528 0.043648
v -0.561506 0.871307 0.057094
v -0.522344 0.825229 0.061721
v -0.490196 0.765804 0.057077
v -0.468209 0.698848 0.043614
v -0.458535 0.630916 0.022653
v -0.462122 0.568657 -0.003757
v -0.478618 0.518166 -0.033029
v -0.506408 0.484386 -0.062298
v -0.600372 0.887069 0.095665
v -0.554893 0.847609 0.156036
v -0.513242 0.792611 0.197903
v -0.479496 0.727459 0.217167
v -0.456959 0.658530 0.211944
v -0.447836 0.592571 0.182743
v -0.453021 0.536040 0.132424
v -0.472005 0.494468 0.065913
v -0.502932 0.471927 -0.010281
v -0.605283 0.876467 0.132690
v -0.564235 0.827444 0.226461
v -0.526100 0.764856 0.294835
v -0.494611 0.694831 0.331118
v -0.472851 0.624222 0.331759
v -0.462951 0.559943 0.296694
v -0.465878 0.508284 0.229357
v -0.481347 0.474303 0.136338
v -0.507843 0.461325 0.026744
v -0.587680 0.814805 0.254422
v -0.500886 0.539493 0.341936
v -0.498148 0.490888 0.267842
v 0.645227 0.907128 0.022699
v 0.617609 0.869823 0.147390
v 0.558369 0.747460 0.333320
v 0.532546 0.674381 0.376360
v 0.512739 0.602720 0.379329
v 0.504792 0.461664 0.164299
v 0.520169 0.454681 0.041444
v 0.542773 0.470622 -0.088699
v 0.605283 0.876467 0.132690
v 0.564235 0.827444 0.226461
v 0.526100 0.764856 0.294835
v 0.494611 0.694831 0.331118
v 0.472851 0.624222 0.331758
v 0.462951 0.559943 0.296694
v 0.465878 0.508284 0.229357
v 0.481347 0.474303 0.136338
v 0.507843 0.461325 0.026744
v 0.600372 0.887069 0.095665
v 0.554893 0.847609 0.156036
v 0.513242 0.792611 0.197903
v 0.479496 0.727459 0.217167
v 0.456959 0.658530 0.211943
v 0.447836 0.592571 0.182743
v 0.453021 0.536040 0.132424
v 0.472005 0.494468 0.065913
v 0.502932 0.471927 -0.010281
v 0.603849 0.899528 0.043648
v 0.561506 0.871307 0.057094
v 0.522344 0.825229 0.061721
v 0.490196 0.765804 0.057076
v 0.468209 0.698848 0.043614
v 0.458535 0.630916 0.022653
v 0.462122 0.568657 -0.003757
v 0.478618 0.518166 -0.033029
v 0.506408 0.484386 -0.062298
v 0.615024 0.911376 -0.013058
v 0.582763 0.893844 -0.050766
v 0.551601 0.856249 -0.086736
v 0.524590 0.802269 -0.117446
v 0.504374 0.737190 -0.139889
v 0.492930 0.667382 -0.151870
v 0.491380 0.599677 -0.152214
v 0.499875 0.540704 -0.140889
v 0.517584 0.496234 -0.119004
v 0.631685 0.920268 -0.063221
v 0.614454 0.910757 -0.146183
v 0.595221 0.879527 -0.218066
v 0.575868 0.829634 -0.271833
v 0.558290 0.765963 -0.302222
v 0.544207 0.694747 -0.306257
v 0.534999 0.622955 -0.283544
v 0.531566 0.557616 -0.236306
v 0.534245 0.505126 -0.169167
v 0.650532 0.924441 -0.096907
v 0.650302 0.918695 -0.210258
v 0.644562 0.890452 -0.306257
v 0.633872 0.842478 -0.375508
v 0.619279 0.779468 -0.411232
v 0.602211 0.707590 -0.409932
v 0.584340 0.633881 -0.371735
v 0.567415 0.565554 -0.300381
v 0.553091 0.509299 -0.202853
v 0.667831 0.923069 -0.107444
v 0.683208 0.916086 -0.230299
v 0.689852 0.886862 -0.333842
v 0.687114 0.838257 -0.407936
v 0.675261 0.775030 -0.445329
v 0.655454 0.703369 -0.442360
v 0.629631 0.630290 -0.399320
v 0.600320 0.562945 -0.320422
v 0.570391 0.507927 -0.213390
v 0.680157 0.916425 -0.092744
v 0.706653 0.903447 -0.202338
v 0.722122 0.869466 -0.295357
v 0.725049 0.817807 -0.362694
v 0.715149 0.753528 -0.397758
v 0.693389 0.682919 -0.397118
v 0.661901 0.612894 -0.360835
v 0.623765 0.550306 -0.292461
v 0.582717 0.501283 -0.198690
v 0.685068 0.905823 -0.055719
v 0.715995 0.883282 -0.131913
v 0.734979 0.841710 -0.198424
v 0.740164 0.785179 -0.248743
v 0.731041 0.719220 -0.277943
v 0.708504 0.650291 -0.283167
v 0.674758 0.585139 -0.263903
v 0.633107 0.530141 -0.222036
v 0.587628 0.490681 -0.161665
v 0.681592 0.893364 -0.003702
v 0.709382 0.859583 -0.032971
v 0.725878 0.809093 -0.062243
v 0.729465 0.746834 -0.088652
v 0.719791 0.678902 -0.109614
v 0.697804 0.611946 -0.123076
v 0.665656 0.552521 -0.127721
v 0.626494 0.506443 -0.123094
v 0.584151 0.478222 -0.109648
v 0.670416 0.881516 0.053004
v 0.688125 0.837046 0.074890
v 0.696620 0.778073 0.086214
v 0.695070 0.710368 0.085870
v 0.683626 0.640560 0.073889
v 0.663410 0.575480 0.051446
v 0.636399 0.521501 0.020736
v 0.605237 0.483906 -0.015234
v 0.572976 0.466374 -0.052942
v 0.653755 0.872624 0.103167
v 0.656434 0.820134 0.170306
v 0.653001 0.754795 0.217544
v 0.643793 0.683003 0.240257
v 0.629710 0.611787 0.236222
v 0.612132 0.548116 0.205834
v 0.592780 0.498223 0.152066
v 0.573546 0.466993 0.080183
v 0.556315 0.457482 -0.002779
v 0.634909 0.868451 0.136853
v 0.620585 0.812196 0.234381
v 0.603660 0.743869 0.305735
v 0.585789 0.670160 0.343932
v 0.568721 0.598282 0.345232
v 0.554128 0.535272 0.309508
v 0.543438 0.487298 0.240257
v 0.537698 0.459055 0.144258
v 0.537468 0.453309 0.030907
v 0.587680 0.814805 0.254422
v 0.500886 0.539493 0.341936
v 0.498148 0.490888 0.267842
v -0.090287 0.004125 -0.050368
v -0.090287 0.086625 -0.050368
v -0.242300 0.000000 0.369257
v -0.242300 0.041250 0.369257
v -0.348518 0.004125 -0.105257
v -0.348518 0.086625 -0.105257
v -0.590912 0.000000 0.314368
v -0.590912 0.041250 0.314368
v 0.348518 0.004125 -0.105257
v 0.348518 0.086625 -0.105257
v 0.590912 0.000000 0.314368
v 0.590912 0.041250 0.314368
v 0.090287 0.004125 -0.050368
v 0.090287 0.086625 -0.050368
v 0.242300 0.000000 0.369257
v 0.242300 0.041250 0.369257
v 0.000000 1.756434 0.330943
v 0.000000 1.469316 0.197057
v -0.017457 1.723662 0.351010
v -0.030237 1.661204 0.347762
v -0.034914 1.585796 0.322071
v -0.030237 1.517644 0.280820
v -0.017457 1.475010 0.235061
v -0.028246 1.732029 0.333065
v -0.048924 1.675697 0.316681
v -0.056493 1.602532 0.286181
v -0.048924 1.532138 0.249738
v -0.028246 1.483377 0.217116
v -0.028246 1.742373 0.310884
v -0.048924 1.693612 0.278262
v -0.056493 1.623218 0.241819
v -0.048924 1.550053 0.211319
v -0.028246 1.493721 0.194935
v -0.017457 1.750740 0.292939
v -0.030237 1.708106 0.247180
v -0.034914 1.639954 0.205929
v -0.030237 1.564546 0.180238
v -0.017457 1.502089 0.176990
v -0.000000 1.753937 0.286084
v 0.000000 1.713642 0.235308
v -0.000000 1.646346 0.192220
v 0.000000 1.570082 0.168366
v -0.000000 1.505285 0.170136
v 0.017457 1.750740 0.292939
v 0.030237 1.708106 0.247180
v 0.034914 1.639954 0.205929
v 0.030237 1.564546 0.180238
v 0.017457 1.502089 0.176990
v 0.028246 1.742373 0.310884
v 0.048924 1.693612 0.278262
v 0.056493 1.623218 0.241819
v 0.048924 1.550053 0.211319
v 0.028246 1.493721 0.194935
v 0.028246 1.732029 0.333065
v 0.048924 1.675697 0.316681
v 0.056493 1.602532 0.286181
v 0.048924 1.532138 0.249738
v 0.028246 1.483377 0.217116
v 0.017457 1.723662 0.351010
v 0.030237 1.661204 0.347762
v 0.034914 1.585796 0.322071
v 0.030237 1.517644 0.280820
v 0.017457 1.475010 0.235061
v 0.000000 1.720465 0.357864
v 0.000000 1.655667 0.359634
v 0.000000 1.579404 0.335780
v 0.000000 1.512108 0.292692
v 0.000000 1.471813 0.241916
vn -0.0000 1.0000 -0.0000
vn -0.0000 0.7147 0.6994
vn -0.0000 0.5254 0.8509
vn -0.0000 -0.8102 0.5861
vn -0.0000 -1.0000 -0.0000
vn -0.0676 0.9828 0.1721
vn -0.1307 0.9327 0.3362
vn -0.1934 0.8440 0.5002
vn -0.2535 0.7084 0.6587
vn -0.3059 0.5187 0.7984
vn -0.3428 0.2764 0.8978
vn -0.3562 -0.0000 0.9344
vn -0.3428 -0.2764 0.8978
vn -0.3059 -0.5187 0.7984
vn -0.2136 -0.8063 0.5517
vn -0.0666 -0.9836 0.1675
vn -0.1271 0.9813 0.1448
vn -0.2459 0.9271 0.2829
vn -0.3619 0.8329 0.4186
vn -0.4705 0.6927 0.5467
vn -0.5627 0.5022 0.6566
vn -0.6262 0.2655 0.7330
vn -0.6491 -0.0000 0.7607
vn -0.6262 -0.2655 0.7330
vn -0.5627 -0.5022 0.6566
vn -0.3959 -0.7963 0.4574
vn -0.1242 -0.9824 0.1396
vn -0.1728 0.9795 0.1039
vn -0.3341 0.9204 0.2029
vn -0.4887 0.8199 0.2984
vn -0.6294 0.6745 0.3860
vn -0.7454 0.4836 0.4589
vn -0.8231 0.2535 0.5081
vn -0.8507 -0.0000 0.5257
vn -0.8231 -0.2535 0.5081
vn -0.7454 -0.4836 0.4589
vn -0.5293 -0.7846 0.3230
vn -0.1672 -0.9809 0.0991
vn -0.2013 0.9780 0.0541
vn -0.3890 0.9151 0.1057
vn -0.5661 0.8097 0.1546
vn -0.7240 0.6606 0.1986
vn -0.8511 0.4698 0.2343
vn -0.9347 0.2447 0.2579
vn -0.9639 -0.0000 0.2662
vn -0.9347 -0.2447 0.2579
vn -0.8511 -0.4698 0.2343
vn -0.6090 -0.7756 0.1662
vn -0.1932 -0.9798 0.0512
vn -0.2109 0.9775 -0.0000
vn -0.4076 0.9132 -0.0000
vn -0.5920 0.8059 -0.0000
vn -0.7551 0.6556 -0.0000
vn -0.8854 0.4648 -0.0000
vn -0.9704 0.2416 -0.0000
vn -1.0000 -0.0000 -0.0000
vn -0.9704 -0.2416 -0.0000
vn -0.8854 -0.4648 -0.0000
vn -0.6353 -0.7722 -0.0000
vn -0.2018 -0.9794 -0.0000
vn -0.2013 0.9780 -0.0541
vn -0.3890 0.9151 -0.1057
vn -0.5679 0.8101 -0.1454
vn -0.7291 0.6617 -0.1750
vn -0.8577 0.4611 -0.2274
vn -0.9301 0.2342 -0.2829
vn -0.9471 -0.0090 -0.3208
vn -0.9105 -0.2490 -0.3301
vn -0.8288 -0.4678 -0.3069
vn -0.6038 -0.7670 -0.2172
vn -0.1935 -0.9797 -0.0531
vn -0.1728 0.9795 -0.1039
vn -0.3374 0.9249 -0.1752
vn -0.5101 0.8435 -0.1683
vn -0.6716 0.7043 -0.2299
vn -0.8010 0.4865 -0.3489
vn -0.8507 0.2369 -0.4693
vn -0.8301 -0.0018 -0.5576
vn -0.7692 -0.2169 -0.6011
vn -0.6883 -0.4105 -0.5981
vn -0.5618 -0.6595 -0.4994
vn -0.2334 -0.9570 -0.1723
vn -0.1257 0.9829 -0.1346
vn -0.2770 0.9531 -0.1219
vn -0.4227 0.9028 -0.0788
vn -0.5874 0.7847 -0.1979
vn -0.7211 0.5735 -0.3887
vn -0.7674 0.2800 -0.5768
vn -0.7233 0.0042 -0.6905
vn -0.6370 -0.2221 -0.7381
vn -0.5385 -0.4062 -0.7382
vn -0.4375 -0.5731 -0.6930
vn -0.1993 -0.9092 -0.3655
vn -0.0684 0.9897 -0.1258
vn -0.1678 0.9837 -0.0648
vn -0.2585 0.9649 -0.0470
vn -0.3799 0.9021 -0.2045
vn -0.4858 0.7270 -0.4851
vn -0.5269 0.3852 -0.7576
vn -0.4847 0.0212 -0.8744
vn -0.4035 -0.2415 -0.8825
vn -0.3214 -0.4252 -0.8461
vn -0.2479 -0.5723 -0.7817
vn -0.1086 -0.8460 -0.5219
vn 0.0071 -0.9978 -0.0659
vn -0.0000 0.9935 -0.1137
vn -0.0000 0.9988 -0.0483
vn -0.0000 0.9992 -0.0396
vn -0.0000 0.9753 -0.2209
vn -0.0000 0.8279 -0.5609
vn -0.0000 0.4696 -0.8829
vn -0.0000 0.0452 -0.9990
vn -0.0000 -0.2489 -0.9685
vn -0.0000 -0.4357 -0.9001
vn -0.0000 -0.5761 -0.8174
vn -0.0000 -0.8228 -0.5683
vn -0.0000 -0.9939 -0.1107
vn 0.0684 0.9897 -0.1258
vn 0.1678 0.9837 -0.0648
vn 0.2585 0.9649 -0.0470
vn 0.3799 0.9021 -0.2045
vn 0.4858 0.7270 -0.4851
vn 0.5269 0.3852 -0.7576
vn 0.4847 0.0212 -0.8744
vn 0.4035 -0.2415 -0.8825
vn 0.3214 -0.4252 -0.8461
vn 0.2479 -0.5723 -0.7817
vn 0.1086 -0.8460 -0.5219
vn -0.0071 -0.9978 -0.0659
vn 0.1257 0.9829 -0.1346
vn 0.2770 0.9531 -0.1219
vn 0.4227 0.9028 -0.0788
vn 0.5874 0.7847 -0.1979
vn 0.7211 0.5735 -0.3887
vn 0.7674 0.2800 -0.5768
vn 0.7233 0.0042 -0.6905
vn 0.6370 -0.2221 -0.7381
vn 0.5385 -0.4062 -0.7382
vn 0.4375 -0.5731 -0.6930
vn 0.1993 -0.9092 -0.3655
vn 0.1728 0.9795 -0.1039
vn 0.3374 0.9249 -0.1752
vn 0.5101 0.8435 -0.1683
vn 0.6716 0.7043 -0.2299
vn 0.8010 0.4865 -0.3489
vn 0.8507 0.2369 -0.4693
vn 0.8301 -0.0018 -0.5576
vn 0.7692 -0.2169 -0.6011
vn 0.6883 -0.4105 -0.5981
vn 0.5618 -0.6595 -0.4994
vn 0.2334 -0.9570 -0.1723
vn 0.2013 0.9780 -0.0541
vn 0.3890 0.9151 -0.1057
vn 0.5679 0.8101 -0.1454
vn 0.7291 0.6617 -0.1750
vn 0.8577 0.4611 -0.2274
vn 0.9301 0.2342 -0.2829
vn 0.9471 -0.0090 -0.3208
vn 0.9105 -0.2490 -0.3301
vn 0.8288 -0.4678 -0.3069
vn 0.6038 -0.7670 -0.2172
vn 0.1935 -0.9797 -0.0531
vn 0.2109 0.9775 -0.0000
vn 0.4076 0.9132 -0.0000
vn 0.5920 0.8059 -0.0000
vn 0.7551 0.6556 -0.0000
vn 0.8854 0.4648 -0.0000
vn 0.9704 0.2416 -0.0000
vn 1.0000 -0.0000 -0.0000
vn 0.9704 -0.2416 -0.0000
vn 0.8854 -0.4648 -0.0000
vn 0.6353 -0.7722 -0.0000
vn 0.2018 -0.9794 -0.0000
vn 0.2013 0.9780 0.0541
vn 0.3890 0.9151 0.1057
vn 0.5661 0.8097 0.1546
vn 0.7240 0.6606 0.1986
vn 0.8511 0.4698 0.2343
vn 0.9347 0.2447 0.2579
vn 0.9639 -0.0000 0.2662
vn 0.9347 -0.2447 0.2579
vn 0.8511 -0.4698 0.2343
vn 0.6090 -0.7756 0.1662
vn 0.1932 -0.9798 0.0512
vn 0.1728 0.9795 0.1039
vn 0.3341 0.9204 0.2029
vn 0.4887 0.8199 0.2984
vn 0.6294 0.6745 0.3860
vn 0.7454 0.4836 0.4589
vn 0.8231 0.2535 0.5081
vn 0.8507 -0.0000 0.5257
vn 0.8231 -0.2535 0.5081
vn 0.7454 -0.4836 0.4589
vn 0.5293 -0.7846 0.3230
vn 0.1672 -0.9809 0.0991
vn 0.1271 0.9813 0.1448
vn 0.2459 0.9271 0.2829
vn 0.3619 0.8329 0.4186
vn 0.4705 0.6927 0.5467
vn 0.5627 0.5022 0.6566
vn 0.6262 0.2655 0.7330
vn 0.6491 -0.0000 0.7607
vn 0.6262 -0.2655 0.7330
vn 0.5627 -0.5022 0.6566
vn 0.3959 -0.7963 0.4574
vn 0.1242 -0.9824 0.1396
vn 0.0676 0.9828 0.1721
vn 0.1307 0.9327 0.3362
vn 0.1934 0.8440 0.5002
vn 0.2535 0.7084 0.6587
vn 0.3059 0.5187 0.7984
vn 0.3428 0.2764 0.8978
vn 0.3562 -0.0000 0.9344
vn 0.3428 -0.2764 0.8978
vn 0.3059 -0.5187 0.7984
vn 0.2136 -0.8063 0.5517
vn 0.0666 -0.9836 0.1675
vn -0.0000 0.9833 0.1818
vn -0.0000 0.9348 0.3551
vn -0.0000 0.8484 0.5294
vn -0.0000 0.2808 0.9598
vn -0.0000 -0.0000 1.0000
vn -0.0000 -0.2808 0.9598
vn -0.0000 -0.5254 0.8509
vn -0.0000 -0.9841 0.1776
vn -0.0925 0.9666 0.2389
vn -0.1749 0.8740 0.4535
vn -0.2480 0.7231 0.6446
vn -0.3065 0.5187 0.7981
vn -0.3447 0.2714 0.8986
vn -0.3580 -0.0000 0.9337
vn -0.3447 -0.2714 0.8986
vn -0.3065 -0.5187 0.7981
vn -0.2480 -0.7231 0.6446
vn -0.1749 -0.8740 0.4535
vn -0.0925 -0.9666 0.2389
vn -0.1731 0.9656 0.1938
vn -0.3268 0.8707 0.3676
vn -0.4621 0.7176 0.5210
vn -0.5691 0.5127 0.6428
vn -0.6383 0.2675 0.7218
vn -0.6623 -0.0000 0.7493
vn -0.6383 -0.2675 0.7218
vn -0.5691 -0.5127 0.6428
vn -0.4621 -0.7176 0.5210
vn -0.3268 -0.8707 0.3676
vn -0.1731 -0.9656 0.1938
vn -0.2319 0.9646 0.1258
vn -0.4376 0.8670 0.2384
vn -0.6167 0.7115 0.3368
vn -0.7567 0.5060 0.4140
vn -0.8461 0.2631 0.4635
vn -0.8770 -0.0000 0.4806
vn -0.8461 -0.2631 0.4635
vn -0.7567 -0.5060 0.4140
vn -0.6167 -0.7115 0.3368
vn -0.4376 -0.8670 0.2384
vn -0.2319 -0.9646 0.1258
vn -0.2628 0.9639 0.0436
vn -0.4956 0.8646 0.0825
vn -0.6970 0.7076 0.1163
vn -0.8531 0.5018 0.1426
vn -0.9523 0.2604 0.1593
vn -0.9863 -0.0000 0.1651
vn -0.9523 -0.2604 0.1593
vn -0.8531 -0.5018 0.1426
vn -0.6970 -0.7076 0.1163
vn -0.4956 -0.8646 0.0825
vn -0.2628 -0.9639 0.0436
vn -0.2628 0.9639 -0.0436
vn -0.4956 0.8646 -0.0825
vn -0.6970 0.7076 -0.1163
vn -0.8531 0.5018 -0.1426
vn -0.9523 0.2604 -0.1593
vn -0.9863 -0.0000 -0.1650
vn -0.9523 -0.2604 -0.1593
vn -0.8531 -0.5018 -0.1426
vn -0.6970 -0.7076 -0.1163
vn -0.4956 -0.8646 -0.0825
vn -0.2628 -0.9639 -0.0436
vn -0.2319 0.9646 -0.1258
vn -0.4376 0.8670 -0.2384
vn -0.6167 0.7115 -0.3368
vn -0.7567 0.5060 -0.4140
vn -0.8461 0.2631 -0.4635
vn -0.8770 -0.0000 -0.4806
vn -0.8461 -0.2631 -0.4635
vn -0.7567 -0.5060 -0.4140
vn -0.6167 -0.7115 -0.3368
vn -0.4376 -0.8670 -0.2384
vn -0.2319 -0.9646 -0.1258
vn -0.1731 0.9656 -0.1938
vn -0.3268 0.8707 -0.3676
vn -0.4621 0.7176 -0.5210
vn -0.5691 0.5127 -0.6428
vn -0.6383 0.2675 -0.7218
vn -0.6623 -0.0000 -0.7493
vn -0.6383 -0.2675 -0.7218
vn -0.5691 -0.5127 -0.6428
vn -0.4621 -0.7176 -0.5210
vn -0.3268 -0.8707 -0.3676
vn -0.1731 -0.9656 -0.1938
vn -0.0925 0.9666 -0.2389
vn -0.1749 0.8740 -0.4535
vn -0.2480 0.7231 -0.6446
vn -0.3065 0.5187 -0.7981
vn -0.3447 0.2714 -0.8986
vn -0.3580 -0.0000 -0.9337
vn -0.3447 -0.2714 -0.8986
vn -0.3065 -0.5187 -0.7981
vn -0.2480 -0.7231 -0.6446
vn -0.1749 -0.8740 -0.4535
vn -0.0925 -0.9666 -0.2389
vn -0.0000 0.9670 -0.2548
vn -0.0000 0.8753 -0.4837
vn -0.0000 0.7253 -0.6884
vn -0.0000 0.5211 -0.8535
vn -0.0000 0.2730 -0.9620
vn -0.0000 -0.0000 -1.0000
vn -0.0000 -0.2730 -0.9620
vn -0.0000 -0.5211 -0.8535
vn -0.0000 -0.7253 -0.6884
vn -0.0000 -0.8753 -0.4837
vn -0.0000 -0.9670 -0.2548
vn 0.0925 0.9666 -0.2389
vn 0.1749 0.8740 -0.4535
vn 0.2480 0.7231 -0.6446
vn 0.3065 0.5187 -0.7981
vn 0.3447 0.2714 -0.8986
vn 0.3580 -0.0000 -0.9337
vn 0.3447 -0.2714 -0.8986
vn 0.3065 -0.5187 -0.7981
vn 0.2480 -0.7231 -0.6446
vn 0.1749 -0.8740 -0.4535
vn 0.0925 -0.9666 -0.2389
vn 0.1731 0.9656 -0.1938
vn 0.3268 0.8707 -0.3676
vn 0.4621 0.7176 -0.5210
vn 0.5691 0.5127 -0.6428
vn 0.6383 0.2675 -0.7218
vn 0.6623 -0.0000 -0.7493
vn 0.6383 -0.2675 -0.7218
vn 0.5691 -0.5127 -0.6428
vn 0.4621 -0.7176 -0.5210
vn 0.3268 -0.8707 -0.3676
vn 0.1731 -0.9656 -0.1938
vn 0.2319 0.9646 -0.1258
vn 0.4376 0.8670 -0.2384
vn 0.6167 0.7115 -0.3368
vn 0.7567 0.5060 -0.4140
vn 0.8461 0.2631 -0.4635
vn 0.8770 -0.0000 -0.4806
vn 0.8461 -0.2631 -0.4635
vn 0.7567 -0.5060 -0.4140
vn 0.6167 -0.7115 -0.3368
vn 0.4376 -0.8670 -0.2384
vn 0.2319 -0.9646 -0.1258
vn 0.2628 0.9639 -0.0436
vn 0.4956 0.8646 -0.0825
vn 0.6970 0.7076 -0.1163
vn 0.8531 0.5018 -0.1426
vn 0.9523 0.2604 -0.1593
vn 0.9863 -0.0000 -0.1651
vn 0.9523 -0.2604 -0.1593
vn 0.8531 -0.5018 -0.1426
vn 0.6970 -0.7076 -0.1163
vn 0.4956 -0.8646 -0.0825
vn 0.2628 -0.9639 -0.0436
vn 0.2628 0.9639 0.0436
vn 0.4956 0.8646 0.0825
vn 0.6970 0.7076 0.1163
vn 0.8531 0.5018 0.1426
vn 0.9523 0.2604 0.1593
vn 0.9863 -0.0000 0.1650
vn 0.9523 -0.2604 0.1593
vn 0.8531 -0.5018 0.1426
vn 0.6970 -0.7076 0.1163
vn 0.4956 -0.8646 0.0825
vn 0.2628 -0.9639 0.0436
vn 0.2319 0.9646 0.1258
vn 0.4376 0.8670 0.2384
vn 0.6167 0.7115 0.3368
vn 0.7567 0.5060 0.4140
vn 0.8461 0.2631 0.4635
vn 0.8770 -0.0000 0.4806
vn 0.8461 -0.2631 0.4635
vn 0.7567 -0.5060 0.4140
vn 0.6167 -0.7115 0.3368
vn 0.4376 -0.8670 0.2384
vn 0.2319 -0.9646 0.1258
vn 0.1731 0.9656 0.1938
vn 0.3268 0.8707 0.3676
vn 0.4621 0.7176 0.5210
vn 0.5691 0.5127 0.6428
vn 0.6383 0.2675 0.7218
vn 0.6623 -0.0000 0.7493
vn 0.6383 -0.2675 0.7218
vn 0.5691 -0.5127 0.6428
vn 0.4621 -0.7176 0.5210
vn 0.3268 -0.8707 0.3676
vn 0.1731 -0.9656 0.1938
vn 0.0925 0.9666 0.2389
vn 0.1749 0.8740 0.4535
vn 0.2480 0.7231 0.6446
vn 0.3065 0.5187 0.7981
vn 0.3447 0.2714 0.8986
vn 0.3580 -0.0000 0.9337
vn 0.3447 -0.2714 0.8986
vn 0.3065 -0.5187 0.7981
vn 0.2480 -0.7231 0.6446
vn 0.1749 -0.8740 0.4535
vn 0.0925 -0.9666 0.2389
vn -0.0000 0.9670 0.2548
vn -0.0000 0.8753 0.4837
vn -0.0000 0.7253 0.6884
vn -0.0000 0.5211 0.8535
vn -0.0000 0.2730 0.9620
vn -0.0000 -0.2730 0.9620
vn -0.0000 -0.5211 0.8535
vn -0.0000 -0.7253 0.6884
vn -0.0000 -0.8753 0.4837
vn -0.0000 -0.9670 0.2548
vn 0.6249 -0.5431 -0.5608
vn 0.6126 0.5970 -0.5180
vn 0.5305 -0.6141 0.5843
vn 0.5368 0.5543 0.6361
vn -0.6249 -0.5431 -0.5608
vn -0.6126 0.5970 -0.5179
vn -0.5305 -0.6141 0.5843
vn -0.5368 0.5543 0.6361
vn 0.1968 0.6496 0.7344
vn 0.2436 0.3382 0.9090
vn 0.2588 -0.0000 0.9659
vn 0.2436 -0.3382 0.9090
vn -0.2169 0.8709 0.4410
vn -0.3281 0.6115 0.7200
vn -0.3835 0.3089 0.8703
vn -0.4000 -0.0000 0.9165
vn -0.3835 -0.3089 0.8703
vn -0.3281 -0.6115 0.7200
vn -0.2169 -0.8709 0.4410
vn -0.4420 0.8381 0.3197
vn -0.6696 0.5470 0.5024
vn -0.7690 0.2622 0.5830
vn -0.7962 -0.0000 0.6050
vn -0.7690 -0.2622 0.5830
vn -0.6696 -0.5470 0.5024
vn -0.4420 -0.8381 0.3197
vn -0.5479 0.8235 0.1468
vn -0.8253 0.5196 0.2211
vn -0.9367 0.2440 0.2510
vn -0.9659 -0.0000 0.2588
vn -0.9367 -0.2440 0.2510
vn -0.8253 -0.5196 0.2211
vn -0.5479 -0.8235 0.1468
vn -0.5426 0.8381 -0.0559
vn -0.8311 0.5470 -0.1003
vn -0.9575 0.2622 -0.1204
vn -0.9920 -0.0000 -0.1258
vn -0.9575 -0.2622 -0.1204
vn -0.8311 -0.5470 -0.1003
vn -0.5426 -0.8381 -0.0559
vn -0.4084 0.8709 -0.2735
vn -0.6441 0.6115 -0.4595
vn -0.7673 0.3089 -0.5620
vn -0.8047 -0.0000 -0.5937
vn -0.7673 -0.3089 -0.5620
vn -0.6441 -0.6115 -0.4595
vn -0.4083 -0.8709 -0.2735
vn -0.1178 0.8904 -0.4397
vn -0.1968 0.6496 -0.7344
vn -0.2436 0.3382 -0.9090
vn -0.2588 -0.0000 -0.9659
vn -0.2436 -0.3382 -0.9090
vn -0.1968 -0.6496 -0.7344
vn -0.1178 -0.8904 -0.4397
vn 0.2169 0.8709 -0.4410
vn 0.3281 0.6115 -0.7200
vn 0.3835 0.3089 -0.8703
vn 0.4000 -0.0000 -0.9165
vn 0.3835 -0.3089 -0.8703
vn 0.3281 -0.6115 -0.7200
vn 0.2169 -0.8709 -0.4410
vn 0.4420 0.8381 -0.3197
vn 0.6696 0.5470 -0.5024
vn 0.7690 0.2622 -0.5830
vn 0.7962 -0.0000 -0.6050
vn 0.7690 -0.2622 -0.5830
vn 0.6696 -0.5470 -0.5024
vn 0.4420 -0.8381 -0.3197
vn 0.5479 0.8235 -0.1468
vn 0.8253 0.5196 -0.2211
vn 0.9367 0.2440 -0.2510
vn 0.9659 -0.0000 -0.2588
vn 0.9367 -0.2440 -0.2510
vn 0.8253 -0.5196 -0.2211
vn 0.5479 -0.8235 -0.1468
vn 0.5427 0.8381 0.0559
vn 0.8311 0.5470 0.1003
vn 0.9575 0.2622 0.1204
vn 0.9920 -0.0000 0.1258
vn 0.9575 -0.2622 0.1204
vn 0.8311 -0.5470 0.1003
vn 0.5426 -0.8381 0.0559
vn 0.4084 0.8709 0.2735
vn 0.6441 0.6115 0.4595
vn 0.7673 0.3089 0.5620
vn 0.8047 -0.0000 0.5937
vn 0.7673 -0.3089 0.5620
vn 0.6441 -0.6115 0.4595
vn 0.4083 -0.8709 0.2735
vn 0.1178 0.8904 0.4397
vn 0.1968 -0.6496 0.7344
vn 0.1178 -0.8904 0.4397
vn -0.0000 0.8383 0.5452
vn -0.0000 0.4744 0.8803
vn -0.0000 -0.4744 0.8803
vn -0.0000 -0.8383 0.5452
vn -0.3855 0.8383 0.3855
vn -0.6225 0.4744 0.6225
vn -0.7071 -0.0000 0.7071
vn -0.6225 -0.4744 0.6225
vn -0.3855 -0.8383 0.3855
vn -0.5452 0.8383 -0.0000
vn -0.8803 0.4744 -0.0000
vn -0.8803 -0.4744 -0.0000
vn -0.5452 -0.8383 -0.0000
vn -0.3855 0.8383 -0.3855
vn -0.6225 0.4744 -0.6225
vn -0.7071 -0.0000 -0.7071
vn -0.6225 -0.4744 -0.6225
vn -0.3855 -0.8383 -0.3855
vn -0.0000 0.8383 -0.5452
vn -0.0000 0.4744 -0.8803
vn -0.0000 -0.4744 -0.8803
vn -0.0000 -0.8383 -0.5452
vn 0.3855 0.8383 -0.3855
vn 0.6225 0.4744 -0.6225
vn 0.7071 -0.0000 -0.7071
vn 0.6225 -0.4744 -0.6225
vn 0.3855 -0.8383 -0.3855
vn 0.5452 0.8383 -0.0000
vn 0.8803 0.4744 -0.0000
vn 0.8803 -0.4744 -0.0000
vn 0.5452 -0.8383 -0.0000
vn 0.3855 0.8383 0.3855
vn 0.6225 0.4744 0.6225
vn 0.7071 -0.0000 0.7071
vn 0.6225 -0.4744 0.6225
vn 0.3855 -0.8383 0.3855
vn -0.3955 0.8308 0.3916
vn -0.5796 0.4772 0.6606
vn -0.6410 -0.0000 0.7676
vn -0.5796 -0.4772 0.6606
vn -0.3955 -0.8308 0.3916
vn -0.6013 0.7707 0.2109
vn -0.8677 0.3796 0.3209
vn -0.9369 -0.0000 0.3496
vn -0.8677 -0.3796 0.3209
vn -0.6012 -0.7707 0.2109
vn -0.6371 0.7707 0.0075
vn -0.9251 0.3796 -0.0048
vn -1.0000 -0.0000 -0.0080
vn -0.9251 -0.3796 -0.0048
vn -0.6371 -0.7707 0.0075
vn -0.5056 0.8308 -0.2327
vn -0.7706 0.4772 -0.4225
vn -0.8648 -0.0000 -0.5021
vn -0.7706 -0.4772 -0.4225
vn -0.5056 -0.8308 -0.2327
vn -0.0818 0.8822 -0.4637
vn -0.1451 0.5493 -0.8229
vn -0.1736 -0.0000 -0.9848
vn -0.1451 -0.5493 -0.8229
vn -0.0818 -0.8822 -0.4637
vn 0.3955 0.8308 -0.3916
vn 0.5796 0.4772 -0.6606
vn 0.6410 -0.0000 -0.7676
vn 0.5796 -0.4772 -0.6606
vn 0.3955 -0.8308 -0.3916
vn 0.6013 0.7707 -0.2109
vn 0.8677 0.3796 -0.3209
vn 0.9369 -0.0000 -0.3496
vn 0.8677 -0.3796 -0.3209
vn 0.6013 -0.7707 -0.2109
vn 0.6371 0.7707 -0.0075
vn 0.9251 0.3796 0.0048
vn 1.0000 -0.0000 0.0080
vn 0.9251 -0.3796 0.0048
vn 0.6371 -0.7707 -0.0075
vn 0.5056 0.8308 0.2327
vn 0.7706 0.4772 0.4225
vn 0.8648 -0.0000 0.5021
vn 0.7706 -0.4772 0.4225
vn 0.5056 -0.8308 0.2327
vn 0.0818 0.8822 0.4637
vn 0.1451 0.5493 0.8229
vn 0.1736 -0.0000 0.9848
vn 0.1451 -0.5493 0.8229
vn 0.0818 -0.8822 0.4637
vn -0.1968 0.6496 0.7344
vn -0.2436 0.3382 0.9090
vn -0.2588 -0.0000 0.9659
vn -0.2436 -0.3382 0.9090
vn -0.4084 0.8709 0.2735
vn -0.6441 0.6115 0.4595
vn -0.7673 0.3089 0.5620
vn -0.8047 -0.0000 0.5937
vn -0.7673 -0.3089 0.5620
vn -0.6441 -0.6115 0.4595
vn -0.4083 -0.8709 0.2735
vn -0.5426 0.8381 0.0559
vn -0.8311 0.5470 0.1003
vn -0.9575 0.2622 0.1204
vn -0.9920 -0.0000 0.1258
vn -0.9575 -0.2622 0.1204
vn -0.8311 -0.5470 0.1003
vn -0.5426 -0.8381 0.0559
vn -0.5479 0.8235 -0.1468
vn -0.8253 0.5196 -0.2211
vn -0.9367 0.2440 -0.2510
vn -0.9659 -0.0000 -0.2588
vn -0.9367 -0.2440 -0.2510
vn -0.8253 -0.5196 -0.2211
vn -0.5479 -0.8235 -0.1468
vn -0.4420 0.8381 -0.3197
vn -0.6696 0.5470 -0.5024
vn -0.7690 0.2622 -0.5830
vn -0.7962 -0.0000 -0.6050
vn -0.7690 -0.2622 -0.5830
vn -0.6696 -0.5470 -0.5024
vn -0.4420 -0.8381 -0.3197
vn -0.2169 0.8709 -0.4410
vn -0.3281 0.6115 -0.7200
vn -0.3835 0.3089 -0.8703
vn -0.4000 -0.0000 -0.9165
vn -0.3835 -0.3089 -0.8703
vn -0.3281 -0.6115 -0.7200
vn -0.2169 -0.8709 -0.4410
vn 0.1178 0.8904 -0.4397
vn 0.1968 0.6496 -0.7344
vn 0.2436 0.3382 -0.9090
vn 0.2588 -0.0000 -0.9659
vn 0.2436 -0.3382 -0.9090
vn 0.1968 -0.6496 -0.7344
vn 0.1178 -0.8904 -0.4397
vn 0.4084 0.8709 -0.2735
vn 0.6441 0.6115 -0.4595
vn 0.7673 0.3089 -0.5620
vn 0.8047 -0.0000 -0.5937
vn 0.7673 -0.3089 -0.5620
vn 0.6441 -0.6115 -0.4595
vn 0.4083 -0.8709 -0.2735
vn 0.5426 0.8381 -0.0559
vn 0.8311 0.5470 -0.1003
vn 0.9575 0.2622 -0.1204
vn 0.9920 -0.0000 -0.1258
vn 0.9575 -0.2622 -0.1204
vn 0.8311 -0.5470 -0.1003
vn 0.5426 -0.8381 -0.0559
vn 0.5479 0.8235 0.1468
vn 0.8253 0.5196 0.2211
vn 0.9367 0.2440 0.2510
vn 0.9659 -0.0000 0.2588
vn 0.9367 -0.2440 0.2510
vn 0.8253 -0.5196 0.2211
vn 0.5479 -0.8235 0.1468
vn 0.4420 0.8381 0.3197
vn 0.6696 0.5470 0.5024
vn 0.7690 0.2622 0.5830
vn 0.7962 -0.0000 0.6050
vn 0.7690 -0.2622 0.5830
vn 0.6696 -0.5470 0.5024
vn 0.4420 -0.8381 0.3197
vn 0.2169 0.8709 0.4410
vn 0.3281 0.6115 0.7200
vn 0.3835 0.3089 0.8703
vn 0.4000 -0.0000 0.9165
vn 0.3835 -0.3089 0.8703
vn 0.3281 -0.6115 0.7200
vn 0.2169 -0.8709 0.4410
vn -0.1178 0.8904 0.4397
vn -0.1968 -0.6496 0.7344
vn -0.1178 -0.8904 0.4397
vn -0.5056 0.8308 0.2327
vn -0.7706 0.4772 0.4225
vn -0.8648 -0.0000 0.5021
vn -0.7706 -0.4772 0.4225
vn -0.5056 -0.8308 0.2327
vn -0.6371 0.7707 -0.0075
vn -0.9251 0.3796 0.0048
vn -1.0000 -0.0000 0.0080
vn -0.9251 -0.3796 0.0048
vn -0.6371 -0.7707 -0.0075
vn -0.6013 0.7707 -0.2109
vn -0.8677 0.3796 -0.3209
vn -0.9369 -0.0000 -0.3496
vn -0.8677 -0.3796 -0.3209
vn -0.6013 -0.7707 -0.2109
vn -0.3955 0.8308 -0.3916
vn -0.5796 0.4772 -0.6606
vn -0.6410 -0.0000 -0.7676
vn -0.5796 -0.4772 -0.6606
vn -0.3955 -0.8308 -0.3916
vn 0.0818 0.8822 -0.4637
vn 0.1451 0.5493 -0.8229
vn 0.1736 -0.0000 -0.9848
vn 0.1451 -0.5493 -0.8229
vn 0.0818 -0.8822 -0.4637
vn 0.5056 0.8308 -0.2327
vn 0.7706 0.4772 -0.4225
vn 0.8648 -0.0000 -0.5021
vn 0.7706 -0.4772 -0.4225
vn 0.5056 -0.8308 -0.2327
vn 0.6371 0.7707 0.0075
vn 0.9251 0.3796 -0.0048
vn 1.0000 -0.0000 -0.0080
vn 0.9251 -0.3796 -0.0048
vn 0.6371 -0.7707 0.0075
vn 0.6012 0.7707 0.2109
vn 0.8677 0.3796 0.3209
vn 0.9369 -0.0000 0.3496
vn 0.8677 -0.3796 0.3209
vn 0.6012 -0.7707 0.2109
vn 0.3955 0.8308 0.3916
vn 0.5796 0.4772 0.6606
vn 0.6410 -0.0000 0.7676
vn 0.5796 -0.4772 0.6606
vn 0.3955 -0.8308 0.3916
vn -0.0818 0.8822 0.4637
vn -0.1451 0.5493 0.8229
vn -0.1736 -0.0000 0.9848
vn -0.1451 -0.5493 0.8229
vn -0.0818 -0.8822 0.4637
vn -0.2218 0.9448 0.2411
vn -0.1760 0.8798 0.4415
vn -0.0463 0.5898 0.8062
vn 0.0660 0.2569 0.9642
vn 0.1894 -0.2008 0.9611
vn 0.2802 -0.9434 0.1773
vn 0.2572 -0.9659 -0.0295
vn 0.2218 -0.9448 -0.2411
vn -0.4732 0.7754 0.4181
vn -0.6114 0.5712 0.5476
vn -0.6908 0.3217 0.6475
vn -0.7101 0.0174 0.7039
vn -0.6625 -0.3274 0.6737
vn -0.5577 -0.6319 0.5382
vn -0.4188 -0.8372 0.3517
vn -0.2534 -0.9543 0.1583
vn -0.0570 -0.9978 -0.0344
vn -0.6171 0.6990 0.3614
vn -0.8134 0.4084 0.4142
vn -0.8966 0.1404 0.4200
vn -0.9128 -0.0920 0.3980
vn -0.8852 -0.2988 0.3566
vn -0.8190 -0.4916 0.2960
vn -0.7047 -0.6773 0.2113
vn -0.5180 -0.8503 0.0930
vn -0.2248 -0.9722 -0.0651
vn -0.6831 0.6641 0.3039
vn -0.8924 0.3365 0.3006
vn -0.9590 0.0831 0.2710
vn -0.9656 -0.1095 0.2360
vn -0.9417 -0.2717 0.1984
vn -0.8912 -0.4262 0.1551
vn -0.8009 -0.5906 0.0991
vn -0.6315 -0.7752 0.0169
vn -0.3052 -0.9463 -0.1071
vn -0.6942 0.6758 0.2475
vn -0.9122 0.3575 0.2000
vn -0.9825 0.1080 0.1516
vn -0.9905 -0.0830 0.1093
vn -0.9671 -0.2448 0.0699
vn -0.9162 -0.3997 0.0285
vn -0.8244 -0.5656 -0.0203
vn -0.6513 -0.7542 -0.0837
vn -0.3163 -0.9345 -0.1634
vn -0.6512 0.7352 0.1882
vn -0.8748 0.4734 0.1028
vn -0.9745 0.2230 0.0247
vn -0.9992 -0.0004 -0.0405
vn -0.9742 -0.2044 -0.0953
vn -0.9054 -0.3999 -0.1425
vn -0.7826 -0.5948 -0.1840
vn -0.5794 -0.7852 -0.2185
vn -0.2589 -0.9360 -0.2383
vn -0.5325 0.8383 0.1173
vn -0.7235 0.6900 -0.0210
vn -0.8525 0.4932 -0.1730
vn -0.9141 0.2337 -0.3313
vn -0.8852 -0.0913 -0.4562
vn -0.7617 -0.4156 -0.4970
vn -0.5805 -0.6657 -0.4688
vn -0.3654 -0.8355 -0.4103
vn -0.1163 -0.9349 -0.3353
vn -0.2572 0.9659 0.0295
vn -0.2802 0.9434 -0.1773
vn -0.2916 0.8499 -0.4388
vn -0.2703 0.6134 -0.7421
vn -0.1894 0.2008 -0.9611
vn -0.0660 -0.2569 -0.9642
vn 0.0463 -0.5898 -0.8062
vn 0.1238 -0.7776 -0.6165
vn 0.1760 -0.8798 -0.4415
vn 0.0570 0.9978 0.0344
vn 0.2534 0.9543 -0.1583
vn 0.4188 0.8372 -0.3517
vn 0.5577 0.6319 -0.5382
vn 0.6625 0.3274 -0.6737
vn 0.7101 -0.0174 -0.7039
vn 0.6908 -0.3217 -0.6475
vn 0.6114 -0.5712 -0.5476
vn 0.4732 -0.7754 -0.4181
vn 0.2248 0.9722 0.0651
vn 0.5180 0.8503 -0.0930
vn 0.7047 0.6773 -0.2113
vn 0.8190 0.4916 -0.2960
vn 0.8852 0.2988 -0.3566
vn 0.9128 0.0920 -0.3980
vn 0.8966 -0.1404 -0.4200
vn 0.8134 -0.4084 -0.4142
vn 0.6171 -0.6990 -0.3614
vn 0.3052 0.9463 0.1071
vn 0.6315 0.7752 -0.0169
vn 0.8009 0.5906 -0.0991
vn 0.8912 0.4262 -0.1551
vn 0.9417 0.2717 -0.1984
vn 0.9656 0.1095 -0.2360
vn 0.9590 -0.0831 -0.2710
vn 0.8924 -0.3365 -0.3006
vn 0.6831 -0.6641 -0.3039
vn 0.3163 0.9345 0.1634
vn 0.6513 0.7542 0.0837
vn 0.8244 0.5656 0.0203
vn 0.9162 0.3997 -0.0285
vn 0.9671 0.2448 -0.0699
vn 0.9905 0.0830 -0.1093
vn 0.9825 -0.1080 -0.1516
vn 0.9122 -0.3575 -0.2000
vn 0.6942 -0.6758 -0.2475
vn 0.2589 0.9360 0.2383
vn 0.5794 0.7852 0.2185
vn 0.7826 0.5948 0.1840
vn 0.9054 0.3999 0.1425
vn 0.9742 0.2044 0.0953
vn 0.9992 0.0004 0.0405
vn 0.9745 -0.2230 -0.0247
vn 0.8748 -0.4734 -0.1028
vn 0.6512 -0.7352 -0.1882
vn 0.1163 0.9349 0.3353
vn 0.3654 0.8355 0.4103
vn 0.5805 0.6657 0.4688
vn 0.7617 0.4156 0.4970
vn 0.8852 0.0913 0.4562
vn 0.9141 -0.2337 0.3313
vn 0.8525 -0.4932 0.1730
vn 0.7235 -0.6900 0.0210
vn 0.5325 -0.8383 -0.1173
vn -0.1238 0.7776 0.6165
vn 0.2703 -0.6134 0.7421
vn 0.2916 -0.8499 0.4388
vn 0.2218 0.9448 0.2411
vn 0.1760 0.8798 0.4415
vn 0.0463 0.5898 0.8062
vn -0.0660 0.2569 0.9642
vn -0.1894 -0.2008 0.9611
vn -0.2802 -0.9434 0.1773
vn -0.2572 -0.9659 -0.0295
vn -0.2218 -0.9448 -0.2411
vn -0.1163 0.9349 0.3353
vn -0.3654 0.8355 0.4103
vn -0.5805 0.6657 0.4688
vn -0.7617 0.4156 0.4970
vn -0.8852 0.0913 0.4562
vn -0.9141 -0.2337 0.3313
vn -0.8525 -0.4932 0.1730
vn -0.7235 -0.6900 0.0210
vn -0.5325 -0.8383 -0.1173
vn -0.2589 0.9360 0.2383
vn -0.5794 0.7852 0.2185
vn -0.7826 0.5948 0.1840
vn -0.9054 0.3999 0.1425
vn -0.9742 0.2044 0.0953
vn -0.9992 0.0004 0.0405
vn -0.9745 -0.2230 -0.0247
vn -0.8748 -0.4734 -0.1028
vn -0.6512 -0.7352 -0.1882
vn -0.3163 0.9345 0.1634
vn -0.6513 0.7542 0.0837
vn -0.8244 0.5656 0.0203
vn -0.9162 0.3997 -0.0285
vn -0.9671 0.2448 -0.0699
vn -0.9905 0.0830 -0.1093
vn -0.9825 -0.1080 -0.1516
vn -0.9122 -0.3575 -0.2000
vn -0.6942 -0.6758 -0.2475
vn -0.3052 0.9463 0.1071
vn -0.6315 0.7752 -0.0169
vn -0.8009 0.5906 -0.0991
vn -0.8912 0.4262 -0.1551
vn -0.9417 0.2717 -0.1984
vn -0.9656 0.1095 -0.2360
vn -0.9590 -0.0831 -0.2710
vn -0.8924 -0.3365 -0.3006
vn -0.6831 -0.6641 -0.3039
vn -0.2248 0.9722 0.0651
vn -0.5180 0.8503 -0.0930
vn -0.7047 0.6773 -0.2113
vn -0.8190 0.4916 -0.2960
vn -0.8852 0.2988 -0.3566
vn -0.9128 0.0920 -0.3980
vn -0.8966 -0.1404 -0.4200
vn -0.8134 -0.4084 -0.4142
vn -0.6171 -0.6990 -0.3614
vn -0.0570 0.9978 0.0344
vn -0.2534 0.9543 -0.1583
vn -0.4188 0.8372 -0.3517
vn -0.5577 0.6319 -0.5382
vn -0.6625 0.3274 -0.6737
vn -0.7101 -0.0174 -0.7039
vn -0.6908 -0.3217 -0.6475
vn -0.6114 -0.5712 -0.5476
vn -0.4732 -0.7754 -0.4181
vn 0.2572 0.9659 0.0295
vn 0.2802 0.9434 -0.1773
vn 0.2916 0.8499 -0.4388
vn 0.2703 0.6134 -0.7421
vn 0.1894 0.2008 -0.9611
vn 0.0660 -0.2569 -0.9642
vn -0.0463 -0.5898 -0.8062
vn -0.1238 -0.7776 -0.6165
vn -0.1760 -0.8798 -0.4415
vn 0.5325 0.8383 0.1173
vn 0.7235 0.6900 -0.0210
vn 0.8525 0.4932 -0.1730
vn 0.9141 0.2337 -0.3313
vn 0.8852 -0.0913 -0.4562
vn 0.7617 -0.4156 -0.4970
vn 0.5805 -0.6657 -0.4688
vn 0.3654 -0.8355 -0.4103
vn 0.1163 -0.9349 -0.3353
vn 0.6512 0.7352 0.1882
vn 0.8748 0.4734 0.1028
vn 0.9745 0.2230 0.0247
vn 0.9992 -0.0004 -0.0405
vn 0.9742 -0.2044 -0.0953
vn 0.9054 -0.3999 -0.1425
vn 0.7826 -0.5948 -0.1840
vn 0.5794 -0.7852 -0.2185
vn 0.2589 -0.9360 -0.2383
vn 0.6942 0.6758 0.2475
vn 0.9122 0.3575 0.2000
vn 0.9825 0.1080 0.1516
vn 0.9905 -0.0830 0.1093
vn 0.9671 -0.2448 0.0699
vn 0.9162 -0.3997 0.0285
vn 0.8244 -0.5656 -0.0203
vn 0.6513 -0.7542 -0.0837
vn 0.3163 -0.9345 -0.1634
vn 0.6831 0.6641 0.3039
vn 0.8924 0.3365 0.3006
vn 0.9590 0.0831 0.2710
vn 0.9656 -0.1095 0.2360
vn 0.9417 -0.2717 0.1984
vn 0.8912 -0.4262 0.1551
vn 0.8009 -0.5906 0.0991
vn 0.6315 -0.7752 0.0169
vn 0.3052 -0.9463 -0.1071
vn 0.6171 0.6990 0.3614
vn 0.8134 0.4084 0.4142
vn 0.8966 0.1404 0.4200
vn 0.9128 -0.0920 0.3980
vn 0.8852 -0.2988 0.3566
vn 0.8190 -0.4916 0.2960
vn 0.7047 -0.6773 0.2113
vn 0.5180 -0.8503 0.0930
vn 0.2248 -0.9722 -0.0651
vn 0.4732 0.7754 0.4181
vn 0.6114 0.5712 0.5476
vn 0.6908 0.3217 0.6475
vn 0.7101 0.0174 0.7039
vn 0.6625 -0.3274 0.6737
vn 0.5577 -0.6319 0.5382
vn 0.4188 -0.8372 0.3517
vn 0.2534 -0.9543 0.1583
vn 0.0570 -0.9978 -0.0344
vn 0.1238 0.7776 0.6165
vn -0.2703 -0.6134 0.7421
vn -0.2916 -0.8499 0.4388
vn 0.7191 -0.5677 -0.4007
vn 0.7061 0.6001 -0.3758
vn 0.4115 -0.5912 0.6937
vn 0.4098 0.5535 0.7251
vn -0.3262 -0.5925 -0.7366
vn -0.3323 0.6300 -0.7019
vn -0.7464 -0.5628 0.3553
vn -0.7588 0.5338 0.3732
vn 0.3262 -0.5925 -0.7366
vn 0.3323 0.6300 -0.7020
vn 0.7464 -0.5628 0.3553
vn 0.7588 0.5338 0.3732
vn -0.7191 -0.5677 -0.4007
vn -0.7062 0.6001 -0.3757
vn -0.4115 -0.5912 0.6937
vn -0.4098 0.5535 0.7251
vn -0.0000 0.9063 0.4226
vn -0.0000 -0.9063 -0.4226
vn -0.5249 0.3352 0.7824
vn -0.6479 -0.0673 0.7588
vn -0.6702 -0.3137 0.6726
vn -0.6479 -0.5380 0.5393
vn -0.5249 -0.8148 0.2461
vn -0.7791 0.4555 0.4308
vn -0.9429 0.1040 0.3163
vn -0.9684 -0.1054 0.2260
vn -0.9429 -0.3092 0.1237
vn -0.7791 -0.6228 -0.0720
vn -0.7791 0.6228 0.0720
vn -0.9429 0.3092 -0.1236
vn -0.9684 0.1054 -0.2260
vn -0.9429 -0.1040 -0.3163
vn -0.7791 -0.4555 -0.4308
vn -0.5249 0.8148 -0.2461
vn -0.6479 0.5380 -0.5393
vn -0.6702 0.3137 -0.6726
vn -0.6479 0.0673 -0.7588
vn -0.5249 -0.3352 -0.7824
vn -0.0000 0.9159 -0.4015
vn -0.0000 0.6618 -0.7497
vn -0.0000 0.4226 -0.9063
vn -0.0000 0.1489 -0.9888
vn -0.0000 -0.2812 -0.9597
vn 0.5249 0.8148 -0.2461
vn 0.6479 0.5380 -0.5393
vn 0.6702 0.3137 -0.6726
vn 0.6479 0.0673 -0.7588
vn 0.5249 -0.3352 -0.7824
vn 0.7791 0.6228 0.0720
vn 0.9429 0.3092 -0.1237
vn 0.9684 0.1054 -0.2260
vn 0.9429 -0.1040 -0.3163
vn 0.7791 -0.4555 -0.4308
vn 0.7791 0.4555 0.4308
vn 0.9429 0.1040 0.3163
vn 0.9684 -0.1054 0.2260
vn 0.9429 -0.3092 0.1237
vn 0.7791 -0.6228 -0.0720
vn 0.5249 0.3352 0.7824
vn 0.6479 -0.0673 0.7588
vn 0.6702 -0.3137 0.6726
vn 0.6479 -0.5380 0.5393
vn 0.5249 -0.8148 0.2461
vn -0.0000 0.2812 0.9597
vn -0.0000 -0.1489 0.9888
vn -0.0000 -0.4226 0.9063
vn -0.0000 -0.6618 0.7497
vn -0.0000 -0.9159 0.4015
vt 0.125000 0.125000
vt 0.375000 0.125000
vt 0.625000 0.125000
vt 0.875000 0.125000
vt 0.625000 0.375000
vt 0.125000 0.375000
vt 0.125000 0.625000
s 1
usemtl DuckMaterial
f 258/1/223 12/1/12 13/1/13
f 253/1/218 1/1/1 6/1/6
f 259/1/224 13/1/13 14/1/14
f 253/1/218 7/1/7 254/1/219
f 4/1/4 14/1/14 15/1/15
f 254/1/219 8/1/8 255/1/220
f 260/1/225 15/1/15 16/1/16
f 255/1/220 9/1/9 2/1/2
f 261/1/5 16/1/16 17/1/5
f 2/1/2 10/1/10 3/1/3
f 262/1/5 17/1/5 18/1/5
f 3/1/3 11/1/11 256/1/221
f 5/1/5 262/1/5 18/1/5
f 256/1/221 12/1/12 257/1/222
f 6/1/6 1/1/1 19/1/17
f 14/1/14 26/1/24 27/1/25
f 6/1/6 20/1/18 7/1/7
f 15/1/15 27/1/25 28/1/26
f 7/1/7 21/1/19 8/1/8
f 16/1/16 28/1/26 29/1/27
f 8/1/8 22/1/20 9/1/9
f 17/1/5 29/1/27 30/1/5
f 9/1/9 23/1/21 10/1/10
f 18/1/5 30/1/5 31/1/5
f 10/1/10 24/1/22 11/1/11
f 5/1/5 18/1/5 31/1/5
f 11/1/11 25/1/23 12/1/12
f 13/1/13 25/1/23 26/1/24
f 27/1/25 39/1/35 40/1/36
f 19/1/17 33/1/29 20/1/18
f 28/1/26 40/1/36 41/1/37
f 20/1/18 34/1/30 21/1/19
f 29/1/27 41/1/37 42/1/38
f 21/1/19 35/1/31 22/1/20
f 30/1/5 42/1/38 43/1/5
f 22/1/20 36/1/32 23/1/21
f 31/1/5 43/1/5 44/1/5
f 23/1/21 37/1/33 24/1/22
f 5/1/5 31/1/5 44/1/5
f 24/1/22 38/1/34 25/1/23
f 26/1/24 38/1/34 39/1/35
f 19/1/17 1/1/1 32/1/28
f 32/1/28 46/1/40 33/1/29
f 41/1/37 53/1/47 54/1/48
f 33/1/29 47/1/41 34/1/30
f 42/1/38 54/1/48 55/1/49
f 34/1/30 48/1/42 35/1/31
f 43/1/5 55/1/49 56/1/5
f 35/1/31 49/1/43 36/1/32
f 44/1/5 56/1/5 57/1/5
f 36/1/32 50/1/44 37/1/33
f 5/1/5 44/1/5 57/1/5
f 37/1/33 51/1/45 38/1/34
f 39/1/35 51/1/45 52/1/46
f 32/1/28 1/1/1 45/1/39
f 40/1/36 52/1/46 53/1/47
f 54/1/48 66/1/58 67/1/59
f 46/1/40 60/1/52 47/1/41
f 55/1/49 67/1/59 68/1/60
f 47/1/41 61/1/53 48/1/42
f 56/1/5 68/1/60 69/1/5
f 48/1/42 62/1/54 49/1/43
f 57/1/5 69/1/5 70/1/5
f 49/1/43 63/1/55 50/1/44
f 5/1/5 57/1/5 70/1/5
f 50/1/44 64/1/56 51/1/45
f 52/1/46 64/1/56 65/1/57
f 45/1/39 1/1/1 58/1/50
f 53/1/47 65/1/57 66/1/58
f 45/1/39 59/1/51 46/1/40
f 67/1/59 81/1/71 68/1/60
f 61/1/53 73/1/63 74/1/64
f 68/1/60 82/1/5 69/1/5
f 62/1/54 74/1/64 75/1/65
f 69/1/5 83/1/5 70/1/5
f 63/1/55 75/1/65 76/1/66
f 5/1/5 70/1/5 83/1/5
f 64/1/56 76/1/66 77/1/67
f 64/1/56 78/1/68 65/1/57
f 58/1/50 1/1/1 71/1/61
f 65/1/57 79/1/69 66/1/58
f 59/1/51 71/1/61 72/1/62
f 66/1/58 80/1/70 67/1/59
f 60/1/52 72/1/62 73/1/63
f 74/1/64 86/1/74 87/1/75
f 81/1/71 95/1/5 82/1/5
f 74/1/64 88/1/76 75/1/65
f 82/1/5 96/1/5 83/1/5
f 75/1/65 89/1/77 76/1/66
f 5/1/5 83/1/5 96/1/5
f 76/1/66 90/1/78 77/1/67
f 77/1/67 91/1/79 78/1/68
f 71/1/61 1/1/1 84/1/72
f 78/1/68 92/1/80 79/1/69
f 72/1/62 84/1/72 85/1/73
f 79/1/69 93/1/81 80/1/70
f 73/1/63 85/1/73 86/1/74
f 80/1/70 94/1/82 81/1/71
f 94/1/82 108/1/5 95/1/5
f 88/1/76 100/1/86 101/1/87
f 95/1/5 109/1/5 96/1/5
f 88/1/76 102/1/88 89/1/77
f 5/1/5 96/1/5 109/1/5
f 89/1/77 103/1/89 90/1/78
f 90/1/78 104/1/90 91/1/79
f 84/1/72 1/1/1 97/1/83
f 91/1/79 105/1/91 92/1/80
f 85/1/73 97/1/83 98/1/84
f 92/1/80 106/1/92 93/1/81
f 86/1/74 98/1/84 99/1/85
f 93/1/81 107/1/93 94/1/82
f 87/1/75 99/1/85 100/1/86
f 101/1/87 113/1/97 114/1/98
f 108/1/5 122/1/5 109/1/5
f 101/1/87 115/1/99 102/1/88
f 5/1/5 109/1/5 122/1/5
f 102/1/88 116/1/100 103/1/89
f 103/1/89 117/1/101 104/1/90
f 97/1/83 1/1/1 110/1/94
f 104/1/90 118/1/102 105/1/91
f 98/1/84 110/1/94 111/1/95
f 105/1/91 119/1/103 106/1/92
f 99/1/85 111/1/95 112/1/96
f 106/1/92 120/1/104 107/1/93
f 100/1/86 112/1/96 113/1/97
f 107/1/93 121/1/105 108/1/5
f 121/1/105 135/1/5 122/1/5
f 115/1/99 127/1/110 128/1/111
f 5/1/5 122/1/5 135/1/5
f 115/1/99 129/1/112 116/1/100
f 116/1/100 130/1/113 117/1/101
f 110/1/94 1/1/1 123/1/106
f 117/1/101 131/1/114 118/1/102
f 111/1/95 123/1/106 124/1/107
f 118/1/102 132/1/115 119/1/103
f 112/1/96 124/1/107 125/1/108
f 119/1/103 133/1/116 120/1/104
f 113/1/97 125/1/108 126/1/109
f 120/1/104 134/1/117 121/1/105
f 114/1/98 126/1/109 127/1/110
f 5/1/5 135/1/5 148/1/5
f 129/1/112 141/1/123 142/1/124
f 130/1/113 142/1/124 143/1/125
f 123/1/106 1/1/1 136/1/118
f 131/1/114 143/1/125 144/1/126
f 123/1/106 137/1/119 124/1/107
f 132/1/115 144/1/126 145/1/127
f 124/1/107 138/1/120 125/1/108
f 133/1/116 145/1/127 146/1/128
f 125/1/108 139/1/121 126/1/109
f 134/1/117 146/1/128 147/1/129
f 126/1/109 140/1/122 127/1/110
f 135/1/5 147/1/129 148/1/5
f 127/1/110 141/1/123 128/1/111
f 142/1/124 154/1/135 155/1/136
f 143/1/125 155/1/136 156/1/137
f 136/1/118 1/1/1 149/1/130
f 144/1/126 156/1/137 157/1/138
f 136/1/118 150/1/131 137/1/119
f 145/1/127 157/1/138 158/1/139
f 137/1/119 151/1/132 138/1/120
f 146/1/128 158/1/139 159/1/140
f 138/1/120 152/1/133 139/1/121
f 147/1/129 159/1/140 160/1/5
f 139/1/121 153/1/134 140/1/122
f 148/1/5 160/1/5 161/1/5
f 141/1/123 153/1/134 154/1/135
f 5/1/5 148/1/5 161/1/5
f 156/1/137 168/1/147 169/1/148
f 149/1/130 1/1/1 162/1/141
f 157/1/138 169/1/148 170/1/149
f 149/1/130 163/1/142 150/1/131
f 158/1/139 170/1/149 171/1/150
f 150/1/131 164/1/143 151/1/132
f 159/1/140 171/1/150 172/1/151
f 151/1/132 165/1/144 152/1/133
f 160/1/5 172/1/151 173/1/5
f 152/1/133 166/1/145 153/1/134
f 161/1/5 173/1/5 174/1/5
f 154/1/135 166/1/145 167/1/146
f 5/1/5 161/1/5 174/1/5
f 155/1/136 167/1/146 168/1/147
f 169/1/148 181/1/158 182/1/159
f 162/1/141 1/1/1 175/1/152
f 170/1/149 182/1/159 183/1/160
f 162/1/141 176/1/153 163/1/142
f 171/1/150 183/1/160 184/1/161
f 163/1/142 177/1/154 164/1/143
f 172/1/151 184/1/161 185/1/162
f 164/1/143 178/1/155 165/1/144
f 173/1/5 185/1/162 186/1/5
f 166/1/145 178/1/155 179/1/156
f 174/1/5 186/1/5 187/1/5
f 167/1/146 179/1/156 180/1/157
f 5/1/5 174/1/5 187/1/5
f 168/1/147 180/1/157 181/1/158
f 183/1/160 195/1/170 196/1/171
f 175/1/152 189/1/164 176/1/153
f 184/1/161 196/1/171 197/1/172
f 176/1/153 190/1/165 177/1/154
f 185/1/162 197/1/172 198/1/173
f 177/1/154 191/1/166 178/1/155
f 186/1/5 198/1/173 199/1/5
f 178/1/155 192/1/167 179/1/156
f 187/1/5 199/1/5 200/1/5
f 179/1/156 193/1/168 180/1/157
f 5/1/5 187/1/5 200/1/5
f 180/1/157 194/1/169 181/1/158
f 182/1/159 194/1/169 195/1/170
f 175/1/152 1/1/1 188/1/163
f 189/1/164 201/1/174 202/1/175
f 196/1/171 210/1/183 197/1/172
f 190/1/165 202/1/175 203/1/176
f 197/1/172 211/1/184 198/1/173
f 191/1/166 203/1/176 204/1/177
f 198/1/173 212/1/5 199/1/5
f 192/1/167 204/1/177 205/1/178
f 199/1/5 213/1/5 200/1/5
f 193/1/168 205/1/178 206/1/179
f 5/1/5 200/1/5 213/1/5
f 194/1/169 206/1/179 207/1/180
f 194/1/169 208/1/181 195/1/170
f 188/1/163 1/1/1 201/1/174
f 195/1/170 209/1/182 196/1/171
f 209/1/182 223/1/194 210/1/183
f 203/1/176 215/1/186 216/1/187
f 210/1/183 224/1/195 211/1/184
f 204/1/177 216/1/187 217/1/188
f 211/1/184 225/1/5 212/1/5
f 205/1/178 217/1/188 218/1/189
f 212/1/5 226/1/5 213/1/5
f 206/1/179 218/1/189 219/1/190
f 5/1/5 213/1/5 226/1/5
f 207/1/180 219/1/190 220/1/191
f 207/1/180 221/1/192 208/1/181
f 201/1/174 1/1/1 214/1/185
f 208/1/181 222/1/193 209/1/182
f 202/1/175 214/1/185 215/1/186
f 216/1/187 228/1/197 229/1/198
f 223/1/194 237/1/206 224/1/195
f 217/1/188 229/1/198 230/1/199
f 224/1/195 238/1/5 225/1/5
f 218/1/189 230/1/199 231/1/200
f 225/1/5 239/1/5 226/1/5
f 219/1/190 231/1/200 232/1/201
f 5/1/5 226/1/5 239/1/5
f 220/1/191 232/1/201 233/1/202
f 220/1/191 234/1/203 221/1/192
f 214/1/185 1/1/1 227/1/196
f 221/1/192 235/1/204 222/1/193
f 215/1/186 227/1/196 228/1/197
f 222/1/193 236/1/205 223/1/194
f 236/1/205 250/1/217 237/1/206
f 230/1/199 242/1/209 243/1/210
f 237/1/206 251/1/5 238/1/5
f 231/1/200 243/1/210 244/1/211
f 238/1/5 252/1/5 239/1/5
f 232/1/201 244/1/211 245/1/212
f 5/1/5 239/1/5 252/1/5
f 233/1/202 245/1/212 246/1/213
f 233/1/202 247/1/214 234/1/203
f 227/1/196 1/1/1 240/1/207
f 234/1/203 248/1/215 235/1/204
f 228/1/197 240/1/207 241/1/208
f 235/1/204 249/1/216 236/1/205
f 229/1/198 241/1/208 242/1/209
f 250/1/217 261/1/5 251/1/5
f 244/1/211 2/1/2 3/1/3
f 251/1/5 262/1/5 252/1/5
f 245/1/212 3/1/3 256/1/221
f 5/1/5 252/1/5 262/1/5
f 246/1/213 256/1/221 257/1/222
f 246/1/213 258/1/223 247/1/214
f 240/1/207 1/1/1 253/1/218
f 247/1/214 259/1/224 248/1/215
f 241/1/208 253/1/218 254/1/219
f 248/1/215 4/1/4 249/1/216
f 242/1/209 254/1/219 255/1/220
f 249/1/216 260/1/225 250/1/217
f 243/1/210 255/1/220 2/1/2
f 456/1/417 270/1/231 457/1/222
f 453/1/414 267/1/228 454/1/415
f 461/1/421 273/1/234 274/1/235
f 458/1/418 270/1/231 271/1/232
f 454/1/415 268/1/229 455/1/416
f 462/1/422 274/1/235 275/1/236
f 452/1/413 263/1/1 265/1/226
f 459/1/419 271/1/232 272/1/233
f 455/1/416 269/1/230 456/1/417
f 264/1/5 462/1/422 275/1/236
f 452/1/413 266/1/227 453/1/414
f 460/1/420 272/1/233 273/1/234
f 275/1/236 285/1/246 286/1/247
f 265/1/226 263/1/1 276/1/237
f 272/1/233 282/1/243 283/1/244
f 268/1/229 280/1/241 269/1/230
f 264/1/5 275/1/236 286/1/247
f 265/1/226 277/1/238 266/1/227
f 273/1/234 283/1/244 284/1/245
f 269/1/230 281/1/242 270/1/231
f 266/1/227 278/1/239 267/1/228
f 274/1/235 284/1/245 285/1/246
f 271/1/232 281/1/242 282/1/243
f 267/1/228 279/1/240 268/1/229
f 277/1/238 289/1/250 278/1/239
f 285/1/246 295/1/256 296/1/257
f 282/1/243 292/1/253 293/1/254
f 278/1/239 290/1/251 279/1/240
f 286/1/247 296/1/257 297/1/258
f 276/1/237 263/1/1 287/1/248
f 283/1/244 293/1/254 294/1/255
f 279/1/240 291/1/252 280/1/241
f 264/1/5 286/1/247 297/1/258
f 276/1/237 288/1/249 277/1/238
f 284/1/245 294/1/255 295/1/256
f 280/1/241 292/1/253 281/1/242
f 264/1/5 297/1/258 308/1/269
f 287/1/248 299/1/260 288/1/249
f 295/1/256 305/1/266 306/1/267
f 291/1/252 303/1/264 292/1/253
f 288/1/249 300/1/261 289/1/250
f 296/1/257 306/1/267 307/1/268
f 293/1/254 303/1/264 304/1/265
f 289/1/250 301/1/262 290/1/251
f 297/1/258 307/1/268 308/1/269
f 287/1/248 263/1/1 298/1/259
f 294/1/255 304/1/265 305/1/266
f 290/1/251 302/1/263 291/1/252
f 300/1/261 312/1/273 301/1/262
f 307/1/268 319/1/280 308/1/269
f 298/1/259 263/1/1 309/1/270
f 304/1/265 316/1/277 305/1/266
f 302/1/263 312/1/273 313/1/274
f 264/1/5 308/1/269 319/1/280
f 298/1/259 310/1/271 299/1/260
f 306/1/267 316/1/277 317/1/278
f 302/1/263 314/1/275 303/1/264
f 300/1/261 310/1/271 311/1/272
f 306/1/267 318/1/279 307/1/268
f 304/1/265 314/1/275 315/1/276
f 311/1/272 321/1/282 322/1/283
f 317/1/278 329/1/290 318/1/279
f 314/1/275 326/1/287 315/1/276
f 312/1/273 322/1/283 323/1/284
f 318/1/279 330/1/291 319/1/280
f 309/1/270 263/1/1 320/1/281
f 315/1/276 327/1/288 316/1/277
f 313/1/274 323/1/284 324/1/285
f 264/1/5 319/1/280 330/1/291
f 310/1/271 320/1/281 321/1/282
f 316/1/277 328/1/289 317/1/278
f 314/1/275 324/1/285 325/1/286
f 324/1/285 334/1/295 335/1/296
f 264/1/5 330/1/291 341/1/302
f 321/1/282 331/1/292 332/1/293
f 327/1/288 339/1/300 328/1/289
f 325/1/286 335/1/296 336/1/297
f 322/1/283 332/1/293 333/1/294
f 328/1/289 340/1/301 329/1/290
f 325/1/286 337/1/298 326/1/287
f 323/1/284 333/1/294 334/1/295
f 329/1/290 341/1/302 330/1/291
f 320/1/281 263/1/1 331/1/292
f 326/1/287 338/1/299 327/1/288
f 334/1/295 344/1/305 345/1/306
f 340/1/301 352/1/313 341/1/302
f 331/1/292 263/1/1 342/1/303
f 337/1/298 349/1/310 338/1/299
f 335/1/296 345/1/306 346/1/307
f 264/1/5 341/1/302 352/1/313
f 332/1/293 342/1/303 343/1/304
f 338/1/299 350/1/311 339/1/300
f 336/1/297 346/1/307 347/1/308
f 333/1/294 343/1/304 344/1/305
f 339/1/300 351/1/312 340/1/301
f 336/1/297 348/1/309 337/1/298
f 347/1/308 357/1/318 358/1/319
f 344/1/305 354/1/315 355/1/316
f 350/1/311 362/1/323 351/1/312
f 347/1/308 359/1/320 348/1/309
f 345/1/306 355/1/316 356/1/317
f 351/1/312 363/1/324 352/1/313
f 342/1/303 263/1/1 353/1/314
f 348/1/309 360/1/321 349/1/310
f 346/1/307 356/1/317 357/1/318
f 264/1/5 352/1/313 363/1/324
f 343/1/304 353/1/314 354/1/315
f 349/1/310 361/1/322 350/1/311
f 356/1/317 368/1/329 357/1/318
f 264/1/5 363/1/324 374/1/335
f 353/1/314 365/1/326 354/1/315
f 361/1/322 371/1/332 372/1/333
f 357/1/318 369/1/330 358/1/319
f 354/1/315 366/1/327 355/1/316
f 362/1/323 372/1/333 373/1/334
f 359/1/320 369/1/330 370/1/331
f 355/1/316 367/1/328 356/1/317
f 363/1/324 373/1/334 374/1/335
f 353/1/314 263/1/1 364/1/325
f 360/1/321 370/1/331 371/1/332
f 370/1/331 380/1/341 381/1/342
f 366/1/327 378/1/339 367/1/328
f 374/1/335 384/1/345 385/1/346
f 364/1/325 263/1/1 375/1/336
f 371/1/332 381/1/342 382/1/343
f 367/1/328 379/1/340 368/1/329
f 264/1/5 374/1/335 385/1/346
f 364/1/325 376/1/337 365/1/326
f 372/1/333 382/1/343 383/1/344
f 368/1/329 380/1/341 369/1/330
f 365/1/326 377/1/338 366/1/327
f 373/1/334 383/1/344 384/1/345
f 379/1/340 391/1/352 380/1/341
f 376/1/337 388/1/349 377/1/338
f 384/1/345 394/1/355 395/1/356
f 381/1/342 391/1/352 392/1/353
f 377/1/338 389/1/350 378/1/339
f 385/1/346 395/1/356 396/1/357
f 375/1/336 263/1/1 386/1/347
f 382/1/343 392/1/353 393/1/354
f 378/1/339 390/1/351 379/1/340
f 264/1/5 385/1/346 396/1/357
f 375/1/336 387/1/348 376/1/337
f 383/1/344 393/1/354 394/1/355
f 393/1/354 403/1/364 404/1/365
f 389/1/350 401/1/362 390/1/351
f 264/1/5 396/1/357 407/1/368
f 386/1/347 398/1/359 387/1/348
f 394/1/355 404/1/365 405/1/366
f 390/1/351 402/1/363 391/1/352
f 387/1/348 399/1/360 388/1/349
f 395/1/356 405/1/366 406/1/367
f 392/1/353 402/1/363 403/1/364
f 388/1/349 400/1/361 389/1/350
f 396/1/357 406/1/367 407/1/368
f 386/1/347 263/1/1 397/1/358
f 403/1/364 413/1/374 414/1/375
f 400/1/361 410/1/371 411/1/372
f 407/1/368 417/1/378 418/1/379
f 397/1/358 263/1/1 408/1/369
f 403/1/364 415/1/376 404/1/365
f 401/1/362 411/1/372 412/1/373
f 264/1/5 407/1/368 418/1/379
f 397/1/358 409/1/370 398/1/359
f 404/1/365 416/1/377 405/1/366
f 401/1/362 413/1/374 402/1/363
f 399/1/360 409/1/370 410/1/371
f 405/1/366 417/1/378 406/1/367
f 415/1/376 427/1/388 416/1/377
f 413/1/374 423/1/384 424/1/385
f 410/1/371 420/1/381 421/1/382
f 416/1/377 428/1/389 417/1/378
f 413/1/374 425/1/386 414/1/375
f 411/1/372 421/1/382 422/1/383
f 417/1/378 429/1/390 418/1/379
f 408/1/369 263/1/1 419/1/380
f 414/1/375 426/1/387 415/1/376
f 412/1/373 422/1/383 423/1/384
f 264/1/5 418/1/379 429/1/390
f 409/1/370 419/1/380 420/1/381
f 419/1/380 263/1/1 430/1/391
f 425/1/386 437/1/398 426/1/387
f 423/1/384 433/1/394 434/1/395
f 264/1/5 429/1/390 440/1/401
f 420/1/381 430/1/391 431/1/392
f 426/1/387 438/1/399 427/1/388
f 424/1/385 434/1/395 435/1/396
f 421/1/382 431/1/392 432/1/393
f 427/1/388 439/1/400 428/1/389
f 424/1/385 436/1/397 425/1/386
f 422/1/383 432/1/393 433/1/394
f 428/1/389 440/1/401 429/1/390
f 438/1/399 450/1/411 439/1/400
f 435/1/396 447/1/408 436/1/397
f 433/1/394 443/1/404 444/1/405
f 439/1/400 451/1/412 440/1/401
f 430/1/391 263/1/1 441/1/402
f 436/1/397 448/1/409 437/1/398
f 434/1/395 444/1/405 445/1/406
f 264/1/5 440/1/401 451/1/412
f 431/1/392 441/1/402 442/1/403
f 437/1/398 449/1/410 438/1/399
f 435/1/396 445/1/406 446/1/407
f 432/1/393 442/1/403 443/1/404
f 442/1/403 452/1/413 453/1/414
f 448/1/409 460/1/420 449/1/410
f 446/1/407 456/1/417 457/1/222
f 443/1/404 453/1/414 454/1/415
f 449/1/410 461/1/421 450/1/411
f 446/1/407 458/1/418 447/1/408
f 444/1/405 454/1/415 455/1/416
f 450/1/411 462/1/422 451/1/412
f 441/1/402 263/1/1 452/1/413
f 447/1/408 459/1/419 448/1/409
f 445/1/406 455/1/416 456/1/417
f 264/1/5 451/1/412 462/1/422
f 463/2/423 466/2/426 465/2/425
f 466/2/426 469/2/429 465/2/425
f 470/2/430 467/2/427 469/2/429
f 468/2/428 463/2/423 467/2/427
f 465/2/425 467/2/427 463/2/423
f 470/2/430 464/2/424 468/2/428
f 556/3/514 482/3/440 483/3/441
f 475/3/434 480/3/438 481/3/439
f 472/3/431 479/3/437 473/3/432
f 554/3/512 471/3/1 477/3/435
f 476/3/5 556/3/514 483/3/441
f 555/3/513 481/3/439 482/3/440
f 473/3/432 480/3/438 474/3/433
f 554/3/512 478/3/436 472/3/431
f 478/3/436 486/3/444 479/3/437
f 477/3/435 471/3/1 484/3/442
f 476/3/5 483/3/441 490/3/448
f 482/3/440 488/3/446 489/3/447
f 479/3/437 487/3/445 480/3/438
f 477/3/435 485/3/443 478/3/436
f 483/3/441 489/3/447 490/3/448
f 481/3/439 487/3/445 488/3/446
f 476/3/5 490/3/448 497/3/455
f 489/3/447 495/3/453 496/3/454
f 486/3/444 494/3/452 487/3/445
f 484/3/442 492/3/450 485/3/443
f 490/3/448 496/3/454 497/3/455
f 488/3/446 494/3/452 495/3/453
f 485/3/443 493/3/451 486/3/444
f 484/3/442 471/3/1 491/3/449
f 492/3/450 498/3/456 499/3/457
f 496/3/454 504/3/462 497/3/455
f 494/3/452 502/3/460 495/3/453
f 493/3/451 499/3/457 500/3/458
f 491/3/449 471/3/1 498/3/456
f 476/3/5 497/3/455 504/3/462
f 495/3/453 503/3/461 496/3/454
f 494/3/452 500/3/458 501/3/459
f 503/3/461 511/3/469 504/3/462
f 501/3/459 509/3/467 502/3/460
f 500/3/458 506/3/464 507/3/465
f 498/3/456 471/3/1 505/3/463
f 476/3/5 504/3/462 511/3/469
f 502/3/460 510/3/468 503/3/461
f 501/3/459 507/3/465 508/3/466
f 499/3/457 505/3/463 506/3/464
f 505/3/463 471/3/1 512/3/470
f 476/3/5 511/3/469 518/3/476
f 509/3/467 517/3/475 510/3/468
f 508/3/466 514/3/472 515/3/473
f 506/3/464 512/3/470 513/3/471
f 510/3/468 518/3/476 511/3/469
f 508/3/466 516/3/474 509/3/467
f 507/3/465 513/3/471 514/3/472
f 517/3/475 523/3/481 524/3/482
f 514/3/472 522/3/480 515/3/473
f 512/3/470 520/3/478 513/3/471
f 518/3/476 524/3/482 525/3/483
f 516/3/474 522/3/480 523/3/481
f 513/3/471 521/3/479 514/3/472
f 512/3/470 471/3/1 519/3/477
f 476/3/5 518/3/476 525/3/483
f 525/3/483 531/3/489 532/3/490
f 523/3/481 529/3/487 530/3/488
f 520/3/478 528/3/486 521/3/479
f 519/3/477 471/3/1 526/3/484
f 476/3/5 525/3/483 532/3/490
f 524/3/482 530/3/488 531/3/489
f 521/3/479 529/3/487 522/3/480
f 519/3/477 527/3/485 520/3/478
f 530/3/488 536/3/494 537/3/495
f 527/3/485 535/3/493 528/3/486
f 526/3/484 471/3/1 533/3/491
f 476/3/5 532/3/490 539/3/497
f 531/3/489 537/3/495 538/3/496
f 528/3/486 536/3/494 529/3/487
f 526/3/484 534/3/492 527/3/485
f 532/3/490 538/3/496 539/3/497
f 476/3/5 539/3/497 546/3/504
f 537/3/495 545/3/503 538/3/496
f 536/3/494 542/3/500 543/3/501
f 534/3/492 540/3/498 541/3/499
f 538/3/496 546/3/504 539/3/497
f 536/3/494 544/3/502 537/3/495
f 535/3/493 541/3/499 542/3/500
f 533/3/491 471/3/1 540/3/498
f 543/3/501 549/3/507 550/3/508
f 541/3/499 547/3/505 548/3/506
f 545/3/503 553/3/511 546/3/504
f 543/3/501 551/3/509 544/3/502
f 542/3/500 548/3/506 549/3/507
f 540/3/498 471/3/1 547/3/505
f 476/3/5 546/3/504 553/3/511
f 544/3/502 552/3/510 545/3/503
f 552/3/510 556/3/514 553/3/511
f 550/3/508 475/3/434 551/3/509
f 549/3/507 472/3/431 473/3/432
f 547/3/505 471/3/1 554/3/512
f 476/3/5 553/3/511 556/3/514
f 551/3/509 555/3/513 552/3/510
f 550/3/508 473/3/432 474/3/433
f 548/3/506 554/3/512 472/3/431
f 558/4/515 565/4/520 559/4/516
f 562/4/518 567/4/522 568/4/523
f 559/4/516 566/4/521 560/4/222
f 558/4/515 557/4/1 564/4/519
f 563/4/5 562/4/518 568/4/523
f 561/4/517 566/4/521 567/4/522
f 568/4/523 572/4/526 573/4/527
f 566/4/521 570/4/525 571/4/56
f 564/4/519 557/4/1 569/4/524
f 563/4/5 568/4/523 573/4/527
f 566/4/521 572/4/526 567/4/522
f 564/4/519 570/4/525 565/4/520
f 572/4/526 578/4/532 573/4/527
f 571/4/56 575/4/529 576/4/530
f 569/4/524 557/4/1 574/4/528
f 563/4/5 573/4/527 578/4/532
f 572/4/526 576/4/530 577/4/531
f 570/4/525 574/4/528 575/4/529
f 575/4/529 581/4/319 576/4/530
f 574/4/528 557/4/1 579/4/533
f 563/4/5 578/4/532 583/4/536
f 576/4/530 582/4/535 577/4/531
f 575/4/529 579/4/533 580/4/534
f 577/4/531 583/4/536 578/4/532
f 579/4/533 557/4/1 584/4/537
f 563/4/5 583/4/536 588/4/541
f 582/4/535 586/4/539 587/4/540
f 579/4/533 585/4/538 580/4/534
f 583/4/536 587/4/540 588/4/541
f 580/4/534 586/4/539 581/4/319
f 563/4/5 588/4/541 593/4/545
f 586/4/539 592/4/544 587/4/540
f 584/4/537 590/4/543 585/4/538
f 588/4/541 592/4/544 593/4/545
f 586/4/539 590/4/543 591/4/169
f 584/4/537 557/4/1 589/4/542
f 563/4/5 593/4/545 598/4/550
f 591/4/169 597/4/549 592/4/544
f 590/4/543 594/4/546 595/4/547
f 592/4/544 598/4/550 593/4/545
f 590/4/543 596/4/548 591/4/169
f 589/4/542 557/4/1 594/4/546
f 563/4/5 598/4/550 562/4/518
f 596/4/548 561/4/517 597/4/549
f 594/4/546 559/4/516 595/4/547
f 597/4/549 562/4/518 598/4/550
f 596/4/548 559/4/516 560/4/222
f 594/4/546 557/4/1 558/4/515
f 600/5/5 650/5/600 605/5/555
f 649/5/599 603/5/553 604/5/554
f 646/5/596 602/5/552 647/5/597
f 650/5/600 604/5/554 605/5/555
f 647/5/597 603/5/553 648/5/598
f 646/5/596 599/5/1 601/5/551
f 605/5/555 609/5/559 610/5/560
f 602/5/552 608/5/558 603/5/553
f 601/5/551 599/5/1 606/5/556
f 600/5/5 605/5/555 610/5/560
f 604/5/554 608/5/558 609/5/559
f 601/5/551 607/5/557 602/5/552
f 610/5/560 614/5/564 615/5/565
f 607/5/557 613/5/563 608/5/558
f 606/5/556 599/5/1 611/5/561
f 600/5/5 610/5/560 615/5/565
f 609/5/559 613/5/563 614/5/564
f 607/5/557 611/5/561 612/5/562
f 614/5/564 620/5/570 615/5/565
f 613/5/563 617/5/567 618/5/568
f 611/5/561 599/5/1 616/5/566
f 600/5/5 615/5/565 620/5/570
f 613/5/563 619/5/569 614/5/564
f 612/5/562 616/5/566 617/5/567
f 619/5/569 625/5/575 620/5/570
f 618/5/568 622/5/572 623/5/573
f 616/5/566 599/5/1 621/5/571
f 600/5/5 620/5/570 625/5/575
f 618/5/568 624/5/574 619/5/569
f 617/5/567 621/5/571 622/5/572
f 622/5/572 628/5/578 623/5/573
f 621/5/571 599/5/1 626/5/576
f 600/5/5 625/5/575 630/5/580
f 624/5/574 628/5/578 629/5/579
f 621/5/571 627/5/577 622/5/572
f 625/5/575 629/5/579 630/5/580
f 626/5/576 599/5/1 631/5/581
f 600/5/5 630/5/580 635/5/585
f 629/5/579 633/5/583 634/5/584
f 626/5/576 632/5/582 627/5/577
f 630/5/580 634/5/584 635/5/585
f 627/5/577 633/5/583 628/5/578
f 600/5/5 635/5/585 640/5/590
f 634/5/584 638/5/588 639/5/589
f 632/5/582 636/5/586 637/5/587
f 634/5/584 640/5/590 635/5/585
f 632/5/582 638/5/588 633/5/583
f 631/5/581 599/5/1 636/5/586
f 600/5/5 640/5/590 645/5/595
f 638/5/588 644/5/594 639/5/589
f 637/5/587 641/5/591 642/5/592
f 639/5/589 645/5/595 640/5/590
f 638/5/588 642/5/592 643/5/593
f 636/5/586 599/5/1 641/5/591
f 600/5/5 645/5/595 650/5/600
f 643/5/593 649/5/599 644/5/594
f 642/5/592 646/5/596 647/5/597
f 644/5/594 650/5/600 645/5/595
f 643/5/593 647/5/597 648/5/598
f 641/5/591 599/5/1 646/5/596
f 736/3/684 662/3/610 663/3/611
f 655/3/604 660/3/608 661/3/609
f 652/3/601 659/3/607 653/3/602
f 734/3/682 651/3/1 657/3/605
f 656/3/5 736/3/684 663/3/611
f 735/3/683 661/3/609 662/3/610
f 653/3/602 660/3/608 654/3/603
f 734/3/682 658/3/606 652/3/601
f 658/3/606 666/3/614 659/3/607
f 657/3/605 651/3/1 664/3/612
f 656/3/5 663/3/611 670/3/618
f 662/3/610 668/3/616 669/3/617
f 659/3/607 667/3/615 660/3/608
f 657/3/605 665/3/613 658/3/606
f 663/3/611 669/3/617 670/3/618
f 661/3/609 667/3/615 668/3/616
f 656/3/5 670/3/618 677/3/625
f 669/3/617 675/3/623 676/3/624
f 666/3/614 674/3/622 667/3/615
f 664/3/612 672/3/620 665/3/613
f 670/3/618 676/3/624 677/3/625
f 668/3/616 674/3/622 675/3/623
f 665/3/613 673/3/621 666/3/614
f 664/3/612 651/3/1 671/3/619
f 672/3/620 678/3/626 679/3/627
f 676/3/624 684/3/632 677/3/625
f 674/3/622 682/3/630 675/3/623
f 673/3/621 679/3/627 680/3/628
f 671/3/619 651/3/1 678/3/626
f 656/3/5 677/3/625 684/3/632
f 675/3/623 683/3/631 676/3/624
f 674/3/622 680/3/628 681/3/629
f 683/3/631 691/3/639 684/3/632
f 681/3/629 689/3/637 682/3/630
f 680/3/628 686/3/634 687/3/635
f 678/3/626 651/3/1 685/3/633
f 656/3/5 684/3/632 691/3/639
f 682/3/630 690/3/638 683/3/631
f 681/3/629 687/3/635 688/3/636
f 679/3/627 685/3/633 686/3/634
f 685/3/633 651/3/1 692/3/640
f 656/3/5 691/3/639 698/3/646
f 689/3/637 697/3/645 690/3/638
f 688/3/636 694/3/642 695/3/643
f 686/3/634 692/3/640 693/3/641
f 690/3/638 698/3/646 691/3/639
f 688/3/636 696/3/644 689/3/637
f 687/3/635 693/3/641 694/3/642
f 697/3/645 703/3/651 704/3/652
f 694/3/642 702/3/650 695/3/643
f 692/3/640 700/3/648 693/3/641
f 698/3/646 704/3/652 705/3/653
f 696/3/644 702/3/650 703/3/651
f 693/3/641 701/3/649 694/3/642
f 692/3/640 651/3/1 699/3/647
f 656/3/5 698/3/646 705/3/653
f 705/3/653 711/3/659 712/3/660
f 703/3/651 709/3/657 710/3/658
f 700/3/648 708/3/656 701/3/649
f 699/3/647 651/3/1 706/3/654
f 656/3/5 705/3/653 712/3/660
f 704/3/652 710/3/658 711/3/659
f 701/3/649 709/3/657 702/3/650
f 699/3/647 707/3/655 700/3/648
f 710/3/658 716/3/664 717/3/665
f 707/3/655 715/3/663 708/3/656
f 706/3/654 651/3/1 713/3/661
f 656/3/5 712/3/660 719/3/667
f 711/3/659 717/3/665 718/3/666
f 708/3/656 716/3/664 709/3/657
f 706/3/654 714/3/662 707/3/655
f 712/3/660 718/3/666 719/3/667
f 656/3/5 719/3/667 726/3/674
f 717/3/665 725/3/673 718/3/666
f 716/3/664 722/3/670 723/3/671
f 714/3/662 720/3/668 721/3/669
f 718/3/666 726/3/674 719/3/667
f 716/3/664 724/3/672 717/3/665
f 715/3/663 721/3/669 722/3/670
f 713/3/661 651/3/1 720/3/668
f 723/3/671 729/3/677 730/3/678
f 721/3/669 727/3/675 728/3/676
f 725/3/673 733/3/681 726/3/674
f 723/3/671 731/3/679 724/3/672
f 722/3/670 728/3/676 729/3/677
f 720/3/668 651/3/1 727/3/675
f 656/3/5 726/3/674 733/3/681
f 724/3/672 732/3/680 725/3/673
f 732/3/680 736/3/684 733/3/681
f 730/3/678 655/3/604 731/3/679
f 729/3/677 652/3/601 653/3/602
f 727/3/675 651/3/1 734/3/682
f 656/3/5 733/3/681 736/3/684
f 731/3/679 735/3/683 732/3/680
f 730/3/678 653/3/602 654/3/603
f 728/3/676 734/3/682 652/3/601
f 741/4/517 748/4/523 742/4/518
f 740/4/222 745/4/520 746/4/521
f 738/4/515 737/4/1 744/4/519
f 743/4/5 742/4/518 748/4/523
f 741/4/517 746/4/521 747/4/522
f 739/4/516 744/4/519 745/4/520
f 746/4/521 750/4/525 751/4/56
f 744/4/519 737/4/1 749/4/524
f 743/4/5 748/4/523 753/4/527
f 746/4/521 752/4/526 747/4/522
f 744/4/519 750/4/525 745/4/520
f 747/4/522 753/4/527 748/4/523
f 749/4/524 737/4/1 754/4/528
f 743/4/5 753/4/527 758/4/532
f 751/4/56 757/4/531 752/4/526
f 750/4/525 754/4/528 755/4/529
f 752/4/526 758/4/532 753/4/527
f 750/4/525 756/4/530 751/4/56
f 743/4/5 758/4/532 763/4/536
f 756/4/530 762/4/535 757/4/531
f 755/4/529 759/4/533 760/4/534
f 757/4/531 763/4/536 758/4/532
f 756/4/530 760/4/534 761/4/319
f 754/4/528 737/4/1 759/4/533
f 743/4/5 763/4/536 768/4/541
f 762/4/535 766/4/539 767/4/540
f 759/4/533 765/4/538 760/4/534
f 763/4/536 767/4/540 768/4/541
f 760/4/534 766/4/539 761/4/319
f 759/4/533 737/4/1 764/4/537
f 743/4/5 768/4/541 773/4/545
f 766/4/539 772/4/544 767/4/540
f 764/4/537 770/4/543 765/4/538
f 768/4/541 772/4/544 773/4/545
f 766/4/539 770/4/543 771/4/169
f 764/4/537 737/4/1 769/4/542
f 772/4/544 776/4/548 777/4/549
f 769/4/542 775/4/547 770/4/543
f 772/4/544 778/4/550 773/4/545
f 770/4/543 776/4/548 771/4/169
f 769/4/542 737/4/1 774/4/546
f 743/4/5 773/4/545 778/4/550
f 775/4/547 738/4/515 739/4/516
f 777/4/549 742/4/518 778/4/550
f 776/4/548 739/4/516 740/4/222
f 774/4/546 737/4/1 738/4/515
f 743/4/5 778/4/550 742/4/518
f 776/4/548 741/4/517 777/4/549
f 826/5/730 782/5/686 827/5/731
f 830/5/734 784/5/688 785/5/689
f 827/5/731 783/5/687 828/5/732
f 826/5/730 779/5/1 781/5/685
f 780/5/5 830/5/734 785/5/689
f 829/5/733 783/5/687 784/5/688
f 785/5/689 789/5/693 790/5/694
f 782/5/686 788/5/692 783/5/687
f 781/5/685 779/5/1 786/5/690
f 780/5/5 785/5/689 790/5/694
f 784/5/688 788/5/692 789/5/693
f 781/5/685 787/5/691 782/5/686
f 790/5/694 794/5/698 795/5/699
f 788/5/692 792/5/696 793/5/697
f 786/5/690 779/5/1 791/5/695
f 780/5/5 790/5/694 795/5/699
f 788/5/692 794/5/698 789/5/693
f 786/5/690 792/5/696 787/5/691
f 793/5/697 797/5/701 798/5/702
f 791/5/695 779/5/1 796/5/700
f 780/5/5 795/5/699 800/5/704
f 793/5/697 799/5/703 794/5/698
f 792/5/696 796/5/700 797/5/701
f 794/5/698 800/5/704 795/5/699
f 796/5/700 779/5/1 801/5/705
f 780/5/5 800/5/704 805/5/709
f 798/5/702 804/5/708 799/5/703
f 797/5/701 801/5/705 802/5/706
f 799/5/703 805/5/709 800/5/704
f 798/5/702 802/5/706 803/5/707
f 780/5/5 805/5/709 810/5/714
f 804/5/708 808/5/712 809/5/713
f 801/5/705 807/5/711 802/5/706
f 805/5/709 809/5/713 810/5/714
f 802/5/706 808/5/712 803/5/707
f 801/5/705 779/5/1 806/5/710
f 780/5/5 810/5/714 815/5/719
f 809/5/713 813/5/717 814/5/718
f 806/5/710 812/5/716 807/5/711
f 810/5/714 814/5/718 815/5/719
f 807/5/711 813/5/717 808/5/712
f 806/5/710 779/5/1 811/5/715
f 780/5/5 815/5/719 820/5/724
f 813/5/717 819/5/723 814/5/718
f 812/5/716 816/5/720 817/5/721
f 814/5/718 820/5/724 815/5/719
f 813/5/717 817/5/721 818/5/722
f 811/5/715 779/5/1 816/5/720
f 818/5/722 824/5/728 819/5/723
f 817/5/721 821/5/725 822/5/726
f 819/5/723 825/5/729 820/5/724
f 818/5/722 822/5/726 823/5/727
f 816/5/720 779/5/1 821/5/725
f 780/5/5 820/5/724 825/5/729
f 822/5/726 826/5/730 827/5/731
f 824/5/728 830/5/734 825/5/729
f 823/5/727 827/5/731 828/5/732
f 821/5/725 779/5/1 826/5/730
f 780/5/5 825/5/729 830/5/734
f 823/5/727 829/5/733 824/5/728
f 956/6/860 841/6/745 833/6/737
f 838/6/742 837/6/741 847/6/751
f 958/6/862 844/6/748 845/6/749
f 833/6/737 842/6/746 834/6/738
f 832/6/736 831/6/735 839/6/743
f 836/6/740 845/6/749 846/6/750
f 834/6/738 843/6/747 835/6/739
f 832/6/736 840/6/744 956/6/860
f 837/6/741 846/6/750 847/6/751
f 957/6/861 843/6/747 844/6/748
f 840/6/744 850/6/754 841/6/745
f 838/6/742 847/6/751 856/6/760
f 845/6/749 853/6/757 854/6/758
f 841/6/745 851/6/755 842/6/746
f 839/6/743 831/6/735 848/6/752
f 846/6/750 854/6/758 855/6/759
f 842/6/746 852/6/756 843/6/747
f 839/6/743 849/6/753 840/6/744
f 847/6/751 855/6/759 856/6/760
f 844/6/748 852/6/756 853/6/757
f 853/6/757 861/6/765 862/6/766
f 849/6/753 859/6/763 850/6/754
f 838/6/742 856/6/760 865/6/769
f 854/6/758 862/6/766 863/6/767
f 850/6/754 860/6/764 851/6/755
f 848/6/752 831/6/735 857/6/761
f 855/6/759 863/6/767 864/6/768
f 851/6/755 861/6/765 852/6/756
f 848/6/752 858/6/762 849/6/753
f 856/6/760 864/6/768 865/6/769
f 857/6/761 867/6/771 858/6/762
f 864/6/768 874/6/778 865/6/769
f 862/6/766 870/6/774 871/6/775
f 859/6/763 867/6/771 868/6/772
f 838/6/742 865/6/769 874/6/778
f 862/6/766 872/6/776 863/6/767
f 859/6/763 869/6/773 860/6/764
f 857/6/761 831/6/735 866/6/770
f 863/6/767 873/6/777 864/6/768
f 860/6/764 870/6/774 861/6/765
f 872/6/776 882/6/786 873/6/777
f 870/6/774 878/6/782 879/6/783
f 867/6/771 875/6/779 876/6/780
f 873/6/777 883/6/787 874/6/778
f 870/6/774 880/6/784 871/6/775
f 868/6/772 876/6/780 877/6/781
f 838/6/742 874/6/778 883/6/787
f 871/6/775 881/6/785 872/6/776
f 869/6/773 877/6/781 878/6/782
f 866/6/770 831/6/735 875/6/779
f 878/6/782 886/6/790 887/6/791
f 875/6/779 831/6/735 884/6/788
f 881/6/785 891/6/795 882/6/786
f 879/6/783 887/6/791 888/6/792
f 876/6/780 884/6/788 885/6/789
f 882/6/786 892/6/796 883/6/787
f 879/6/783 889/6/793 880/6/784
f 877/6/781 885/6/789 886/6/790
f 838/6/742 883/6/787 892/6/796
f 880/6/784 890/6/794 881/6/785
f 889/6/793 899/6/803 890/6/794
f 887/6/791 895/6/799 896/6/800
f 884/6/788 831/6/735 893/6/797
f 890/6/794 900/6/804 891/6/795
f 888/6/792 896/6/800 897/6/801
f 885/6/789 893/6/797 894/6/798
f 891/6/795 901/6/805 892/6/796
f 888/6/792 898/6/802 889/6/793
f 886/6/790 894/6/798 895/6/799
f 838/6/742 892/6/796 901/6/805
f 894/6/798 904/6/808 895/6/799
f 838/6/742 901/6/805 910/6/814
f 899/6/803 907/6/811 908/6/812
f 895/6/799 905/6/809 896/6/800
f 893/6/797 831/6/735 902/6/806
f 900/6/804 908/6/812 909/6/813
f 896/6/800 906/6/810 897/6/801
f 893/6/797 903/6/807 894/6/798
f 901/6/805 909/6/813 910/6/814
f 898/6/802 906/6/810 907/6/811
f 910/6/814 918/6/822 919/6/823
f 907/6/811 915/6/819 916/6/820
f 903/6/807 913/6/817 904/6/808
f 838/6/742 910/6/814 919/6/823
f 908/6/812 916/6/820 917/6/821
f 904/6/808 914/6/818 905/6/809
f 902/6/806 831/6/735 911/6/815
f 909/6/813 917/6/821 918/6/822
f 905/6/809 915/6/819 906/6/810
f 902/6/806 912/6/816 903/6/807
f 914/6/818 924/6/828 915/6/819
f 911/6/815 921/6/825 912/6/816
f 919/6/823 927/6/831 928/6/832
f 916/6/820 924/6/828 925/6/829
f 912/6/816 922/6/826 913/6/817
f 838/6/742 919/6/823 928/6/832
f 917/6/821 925/6/829 926/6/830
f 913/6/817 923/6/827 914/6/818
f 911/6/815 831/6/735 920/6/824
f 918/6/822 926/6/830 927/6/831
f 920/6/824 831/6/735 929/6/833
f 926/6/830 936/6/840 927/6/831
f 924/6/828 932/6/836 933/6/837
f 920/6/824 930/6/834 921/6/825
f 927/6/831 937/6/841 928/6/832
f 924/6/828 934/6/838 925/6/829
f 922/6/826 930/6/834 931/6/835
f 838/6/742 928/6/832 937/6/841
f 926/6/830 934/6/838 935/6/839
f 922/6/826 932/6/836 923/6/827
f 932/6/836 940/6/844 941/6/845
f 929/6/833 831/6/735 938/6/842
f 935/6/839 945/6/849 936/6/840
f 933/6/837 941/6/845 942/6/846
f 930/6/834 938/6/842 939/6/843
f 936/6/840 946/6/850 937/6/841
f 933/6/837 943/6/847 934/6/838
f 931/6/835 939/6/843 940/6/844
f 838/6/742 937/6/841 946/6/850
f 934/6/838 944/6/848 935/6/839
f 838/6/742 946/6/850 955/6/859
f 943/6/847 953/6/857 944/6/848
f 941/6/845 949/6/853 950/6/854
f 938/6/842 831/6/735 947/6/851
f 944/6/848 954/6/858 945/6/849
f 942/6/846 950/6/854 951/6/855
f 939/6/843 947/6/851 948/6/852
f 945/6/849 955/6/859 946/6/850
f 942/6/846 952/6/856 943/6/847
f 940/6/844 948/6/852 949/6/853
f 951/6/855 957/6/861 952/6/856
f 949/6/853 956/6/860 833/6/737
f 838/6/742 955/6/859 837/6/741
f 952/6/856 958/6/862 953/6/857
f 950/6/854 833/6/737 834/6/738
f 947/6/851 831/6/735 832/6/736
f 953/6/857 836/6/740 954/6/858
f 951/6/855 834/6/738 835/6/739
f 948/6/852 832/6/736 956/6/860
f 954/6/858 837/6/741 955/6/859
f 961/6/865 970/6/874 962/6/866
f 960/6/864 959/6/863 967/6/871
f 964/6/868 973/6/877 974/6/878
f 962/6/866 971/6/875 963/6/867
f 960/6/864 968/6/872 1084/6/988
f 965/6/869 974/6/878 975/6/879
f 1085/6/989 971/6/875 972/6/876
f 1084/6/988 969/6/873 961/6/865
f 966/6/870 965/6/869 975/6/879
f 1086/6/990 972/6/876 973/6/877
f 969/6/873 979/6/883 970/6/874
f 967/6/871 959/6/863 976/6/880
f 974/6/878 982/6/886 983/6/887
f 970/6/874 980/6/884 971/6/875
f 967/6/871 977/6/881 968/6/872
f 975/6/879 983/6/887 984/6/888
f 972/6/876 980/6/884 981/6/885
f 968/6/872 978/6/882 969/6/873
f 966/6/870 975/6/879 984/6/888
f 973/6/877 981/6/885 982/6/886
f 982/6/886 990/6/894 991/6/895
f 978/6/882 988/6/892 979/6/883
f 976/6/880 959/6/863 985/6/889
f 983/6/887 991/6/895 992/6/896
f 979/6/883 989/6/893 980/6/884
f 976/6/880 986/6/890 977/6/881
f 984/6/888 992/6/896 993/6/897
f 981/6/885 989/6/893 990/6/894
f 977/6/881 987/6/891 978/6/882
f 966/6/870 984/6/888 993/6/897
f 986/6/890 996/6/900 987/6/891
f 966/6/870 993/6/897 1002/6/906
f 991/6/895 999/6/903 1000/6/904
f 987/6/891 997/6/901 988/6/892
f 985/6/889 959/6/863 994/6/898
f 991/6/895 1001/6/905 992/6/896
f 989/6/893 997/6/901 998/6/902
f 986/6/890 994/6/898 995/6/899
f 993/6/897 1001/6/905 1002/6/906
f 989/6/893 999/6/903 990/6/894
f 1001/6/905 1011/6/915 1002/6/906
f 998/6/902 1008/6/912 999/6/903
f 996/6/900 1004/6/908 1005/6/909
f 966/6/870 1002/6/906 1011/6/915
f 999/6/903 1009/6/913 1000/6/904
f 997/6/901 1005/6/909 1006/6/910
f 994/6/898 959/6/863 1003/6/907
f 1000/6/904 1010/6/914 1001/6/905
f 998/6/902 1006/6/910 1007/6/911
f 995/6/899 1003/6/907 1004/6/908
f 1007/6/911 1015/6/919 1016/6/920
f 1004/6/908 1012/6/916 1013/6/917
f 1010/6/914 1020/6/924 1011/6/915
f 1007/6/911 1017/6/921 1008/6/912
f 1005/6/909 1013/6/917 1014/6/918
f 966/6/870 1011/6/915 1020/6/924
f 1008/6/912 1018/6/922 1009/6/913
f 1006/6/910 1014/6/918 1015/6/919
f 1003/6/907 959/6/863 1012/6/916
f 1009/6/913 1019/6/923 1010/6/914
f 1012/6/916 959/6/863 1021/6/925
f 1018/6/922 1028/6/932 1019/6/923
f 1016/6/920 1024/6/928 1025/6/929
f 1013/6/917 1021/6/925 1022/6/926
f 1019/6/923 1029/6/933 1020/6/924
f 1016/6/920 1026/6/930 1017/6/921
f 1014/6/918 1022/6/926 1023/6/927
f 966/6/870 1020/6/924 1029/6/933
f 1017/6/921 1027/6/931 1018/6/922
f 1015/6/919 1023/6/927 1024/6/928
f 1023/6/927 1033/6/937 1024/6/928
f 1021/6/925 959/6/863 1030/6/934
f 1028/6/932 1036/6/940 1037/6/941
f 1024/6/928 1034/6/938 1025/6/929
f 1021/6/925 1031/6/935 1022/6/926
f 1029/6/933 1037/6/941 1038/6/942
f 1026/6/930 1034/6/938 1035/6/939
f 1022/6/926 1032/6/936 1023/6/927
f 966/6/870 1029/6/933 1038/6/942
f 1027/6/931 1035/6/939 1036/6/940
f 966/6/870 1038/6/942 1047/6/951
f 1036/6/940 1044/6/948 1045/6/949
f 1032/6/936 1042/6/946 1033/6/937
f 1030/6/934 959/6/863 1039/6/943
f 1037/6/941 1045/6/949 1046/6/950
f 1033/6/937 1043/6/947 1034/6/938
f 1030/6/934 1040/6/944 1031/6/935
f 1038/6/942 1046/6/950 1047/6/951
f 1035/6/939 1043/6/947 1044/6/948
f 1031/6/935 1041/6/945 1032/6/936
f 1044/6/948 1052/6/956 1053/6/957
f 1040/6/944 1050/6/954 1041/6/945
f 966/6/870 1047/6/951 1056/6/960
f 1045/6/949 1053/6/957 1054/6/958
f 1041/6/945 1051/6/955 1042/6/946
f 1039/6/943 959/6/863 1048/6/952
f 1046/6/950 1054/6/958 1055/6/959
f 1042/6/946 1052/6/956 1043/6/947
f 1039/6/943 1049/6/953 1040/6/944
f 1047/6/951 1055/6/959 1056/6/960
f 1048/6/952 1058/6/962 1049/6/953
f 1055/6/959 1065/6/969 1056/6/960
f 1052/6/956 1062/6/966 1053/6/957
f 1049/6/953 1059/6/963 1050/6/954
f 966/6/870 1056/6/960 1065/6/969
f 1054/6/958 1062/6/966 1063/6/967
f 1051/6/955 1059/6/963 1060/6/964
f 1048/6/952 959/6/863 1057/6/961
f 1054/6/958 1064/6/968 1055/6/959
f 1052/6/956 1060/6/964 1061/6/965
f 1061/6/965 1069/6/973 1070/6/974
f 1058/6/962 1066/6/970 1067/6/971
f 1064/6/968 1074/6/978 1065/6/969
f 1061/6/965 1071/6/975 1062/6/966
f 1059/6/963 1067/6/971 1068/6/972
f 966/6/870 1065/6/969 1074/6/978
f 1062/6/966 1072/6/976 1063/6/967
f 1060/6/964 1068/6/972 1069/6/973
f 1057/6/961 959/6/863 1066/6/970
f 1063/6/967 1073/6/977 1064/6/968
f 1066/6/970 959/6/863 1075/6/979
f 1072/6/976 1082/6/986 1073/6/977
f 1070/6/974 1078/6/982 1079/6/983
f 1067/6/971 1075/6/979 1076/6/980
f 1073/6/977 1083/6/987 1074/6/978
f 1070/6/974 1080/6/984 1071/6/975
f 1068/6/972 1076/6/980 1077/6/981
f 966/6/870 1074/6/978 1083/6/987
f 1071/6/975 1081/6/985 1072/6/976
f 1069/6/973 1077/6/981 1078/6/982
f 1080/6/984 1086/6/990 1081/6/985
f 1078/6/982 961/6/865 962/6/866
f 1075/6/979 959/6/863 960/6/864
f 1081/6/985 964/6/868 1082/6/986
f 1079/6/983 962/6/866 963/6/867
f 1076/6/980 960/6/864 1084/6/988
f 1082/6/986 965/6/869 1083/6/987
f 1079/6/983 1085/6/989 1080/6/984
f 1077/6/981 1084/6/988 961/6/865
f 966/6/870 1083/6/987 965/6/869
f 1087/2/991 1090/2/994 1089/2/993
f 1090/2/994 1093/2/997 1089/2/993
f 1094/2/998 1091/2/995 1093/2/997
f 1092/2/996 1087/2/991 1091/2/995
f 1089/2/993 1091/2/995 1087/2/991
f 1090/2/994 1092/2/996 1094/2/998
f 1095/2/999 1098/2/1002 1097/2/1001
f 1098/2/1002 1101/2/1005 1097/2/1001
f 1102/2/1006 1099/2/1003 1101/2/1005
f 1100/2/1004 1095/2/999 1099/2/1003
f 1101/2/1005 1095/2/999 1097/2/1001
f 1102/2/1006 1096/2/1000 1100/2/1004
f 1154/7/1058 1108/7/1012 1109/7/1013
f 1151/7/1055 1107/7/1011 1152/7/1056
f 1150/7/1054 1103/7/1007 1105/7/1009
f 1104/7/1008 1154/7/1058 1109/7/1013
f 1153/7/1057 1107/7/1011 1108/7/1012
f 1150/7/1054 1106/7/1010 1151/7/1055
f 1104/7/1008 1109/7/1013 1114/7/1018
f 1108/7/1012 1112/7/1016 1113/7/1017
f 1105/7/1009 1111/7/1015 1106/7/1010
f 1109/7/1013 1113/7/1017 1114/7/1018
f 1106/7/1010 1112/7/1016 1107/7/1011
f 1105/7/1009 1103/7/1007 1110/7/1014
f 1104/7/1008 1114/7/1018 1119/7/1023
f 1113/7/1017 1117/7/1021 1118/7/1022
f 1111/7/1015 1115/7/1019 1116/7/1020
f 1113/7/1017 1119/7/1023 1114/7/1018
f 1112/7/1016 1116/7/1020 1117/7/1021
f 1110/7/1014 1103/7/1007 1115/7/1019
f 1104/7/1008 1119/7/1023 1124/7/1028
f 1117/7/1021 1123/7/1027 1118/7/1022
f 1116/7/1020 1120/7/1024 1121/7/1025
f 1118/7/1022 1124/7/1028 1119/7/1023
f 1117/7/1021 1121/7/1025 1122/7/1026
f 1115/7/1019 1103/7/1007 1120/7/1024
f 1122/7/1026 1128/7/1032 1123/7/1027
f 1121/7/1025 1125/7/1029 1126/7/1030
f 1123/7/1027 1129/7/1033 1124/7/1028
f 1122/7/1026 1126/7/1030 1127/7/1031
f 1120/7/1024 1103/7/1007 1125/7/1029
f 1104/7/1008 1124/7/1028 1129/7/1033
f 1125/7/1029 1131/7/1035 1126/7/1030
f 1129/7/1033 1133/7/1037 1134/7/1038
f 1126/7/1030 1132/7/1036 1127/7/1031
f 1125/7/1029 1103/7/1007 1130/7/1034
f 1104/7/1008 1129/7/1033 1134/7/1038
f 1128/7/1032 1132/7/1036 1133/7/1037
f 1134/7/1038 1138/7/1042 1139/7/1043
f 1131/7/1035 1137/7/1041 1132/7/1036
f 1130/7/1034 1103/7/1007 1135/7/1039
f 1104/7/1008 1134/7/1038 1139/7/1043
f 1133/7/1037 1137/7/1041 1138/7/1042
f 1130/7/1034 1136/7/1040 1131/7/1035
f 1139/7/1043 1143/7/1047 1144/7/1048
f 1136/7/1040 1142/7/1046 1137/7/1041
f 1135/7/1039 1103/7/1007 1140/7/1044
f 1104/7/1008 1139/7/1043 1144/7/1048
f 1137/7/1041 1143/7/1047 1138/7/1042
f 1136/7/1040 1140/7/1044 1141/7/1045
f 1143/7/1047 1149/7/1053 1144/7/1048
f 1142/7/1046 1146/7/1050 1147/7/1051
f 1140/7/1044 1103/7/1007 1145/7/1049
f 1104/7/1008 1144/7/1048 1149/7/1053
f 1142/7/1046 1148/7/1052 1143/7/1047
f 1141/7/1045 1145/7/1049 1146/7/1050
f 1148/7/1052 1154/7/1058 1149/7/1053
f 1147/7/1051 1151/7/1055 1152/7/1056
f 1145/7/1049 1103/7/1007 1150/7/1054
f 1104/7/1008 1149/7/1053 1154/7/1058
f 1147/7/1051 1153/7/1057 1148/7/1052
f 1146/7/1050 1150/7/1054 1151/7/1055
f 258/1/223 257/1/222 12/1/12
f 259/1/224 258/1/223 13/1/13
f 253/1/218 6/1/6 7/1/7
f 4/1/4 259/1/224 14/1/14
f 254/1/219 7/1/7 8/1/8
f 260/1/225 4/1/4 15/1/15
f 255/1/220 8/1/8 9/1/9
f 261/1/5 260/1/225 16/1/16
f 2/1/2 9/1/9 10/1/10
f 262/1/5 261/1/5 17/1/5
f 3/1/3 10/1/10 11/1/11
f 256/1/221 11/1/11 12/1/12
f 14/1/14 13/1/13 26/1/24
f 6/1/6 19/1/17 20/1/18
f 15/1/15 14/1/14 27/1/25
f 7/1/7 20/1/18 21/1/19
f 16/1/16 15/1/15 28/1/26
f 8/1/8 21/1/19 22/1/20
f 17/1/5 16/1/16 29/1/27
f 9/1/9 22/1/20 23/1/21
f 18/1/5 17/1/5 30/1/5
f 10/1/10 23/1/21 24/1/22
f 11/1/11 24/1/22 25/1/23
f 13/1/13 12/1/12 25/1/23
f 27/1/25 26/1/24 39/1/35
f 19/1/17 32/1/28 33/1/29
f 28/1/26 27/1/25 40/1/36
f 20/1/18 33/1/29 34/1/30
f 29/1/27 28/1/26 41/1/37
f 21/1/19 34/1/30 35/1/31
f 30/1/5 29/1/27 42/1/38
f 22/1/20 35/1/31 36/1/32
f 31/1/5 30/1/5 43/1/5
f 23/1/21 36/1/32 37/1/33
f 24/1/22 37/1/33 38/1/34
f 26/1/24 25/1/23 38/1/34
f 32/1/28 45/1/39 46/1/40
f 41/1/37 40/1/36 53/1/47
f 33/1/29 46/1/40 47/1/41
f 42/1/38 41/1/37 54/1/48
f 34/1/30 47/1/41 48/1/42
f 43/1/5 42/1/38 55/1/49
f 35/1/31 48/1/42 49/1/43
f 44/1/5 43/1/5 56/1/5
f 36/1/32 49/1/43 50/1/44
f 37/1/33 50/1/44 51/1/45
f 39/1/35 38/1/34 51/1/45
f 40/1/36 39/1/35 52/1/46
f 54/1/48 53/1/47 66/1/58
f 46/1/40 59/1/51 60/1/52
f 55/1/49 54/1/48 67/1/59
f 47/1/41 60/1/52 61/1/53
f 56/1/5 55/1/49 68/1/60
f 48/1/42 61/1/53 62/1/54
f 57/1/5 56/1/5 69/1/5
f 49/1/43 62/1/54 63/1/55
f 50/1/44 63/1/55 64/1/56
f 52/1/46 51/1/45 64/1/56
f 53/1/47 52/1/46 65/1/57
f 45/1/39 58/1/50 59/1/51
f 67/1/59 80/1/70 81/1/71
f 61/1/53 60/1/52 73/1/63
f 68/1/60 81/1/71 82/1/5
f 62/1/54 61/1/53 74/1/64
f 69/1/5 82/1/5 83/1/5
f 63/1/55 62/1/54 75/1/65
f 64/1/56 63/1/55 76/1/66
f 64/1/56 77/1/67 78/1/68
f 65/1/57 78/1/68 79/1/69
f 59/1/51 58/1/50 71/1/61
f 66/1/58 79/1/69 80/1/70
f 60/1/52 59/1/51 72/1/62
f 74/1/64 73/1/63 86/1/74
f 81/1/71 94/1/82 95/1/5
f 74/1/64 87/1/75 88/1/76
f 82/1/5 95/1/5 96/1/5
f 75/1/65 88/1/76 89/1/77
f 76/1/66 89/1/77 90/1/78
f 77/1/67 90/1/78 91/1/79
f 78/1/68 91/1/79 92/1/80
f 72/1/62 71/1/61 84/1/72
f 79/1/69 92/1/80 93/1/81
f 73/1/63 72/1/62 85/1/73
f 80/1/70 93/1/81 94/1/82
f 94/1/82 107/1/93 108/1/5
f 88/1/76 87/1/75 100/1/86
f 95/1/5 108/1/5 109/1/5
f 88/1/76 101/1/87 102/1/88
f 89/1/77 102/1/88 103/1/89
f 90/1/78 103/1/89 104/1/90
f 91/1/79 104/1/90 105/1/91
f 85/1/73 84/1/72 97/1/83
f 92/1/80 105/1/91 106/1/92
f 86/1/74 85/1/73 98/1/84
f 93/1/81 106/1/92 107/1/93
f 87/1/75 86/1/74 99/1/85
f 101/1/87 100/1/86 113/1/97
f 108/1/5 121/1/105 122/1/5
f 101/1/87 114/1/98 115/1/99
f 102/1/88 115/1/99 116/1/100
f 103/1/89 116/1/100 117/1/101
f 104/1/90 117/1/101 118/1/102
f 98/1/84 97/1/83 110/1/94
f 105/1/91 118/1/102 119/1/103
f 99/1/85 98/1/84 111/1/95
f 106/1/92 119/1/103 120/1/104
f 100/1/86 99/1/85 112/1/96
f 107/1/93 120/1/104 121/1/105
f 121/1/105 134/1/117 135/1/5
f 115/1/99 114/1/98 127/1/110
f 115/1/99 128/1/111 129/1/112
f 116/1/100 129/1/112 130/1/113
f 117/1/101 130/1/113 131/1/114
f 111/1/95 110/1/94 123/1/106
f 118/1/102 131/1/114 132/1/115
f 112/1/96 111/1/95 124/1/107
f 119/1/103 132/1/115 133/1/116
f 113/1/97 112/1/96 125/1/108
f 120/1/104 133/1/116 134/1/117
f 114/1/98 113/1/97 126/1/109
f 129/1/112 128/1/111 141/1/123
f 130/1/113 129/1/112 142/1/124
f 131/1/114 130/1/113 143/1/125
f 123/1/106 136/1/118 137/1/119
f 132/1/115 131/1/114 144/1/126
f 124/1/107 137/1/119 138/1/120
f 133/1/116 132/1/115 145/1/127
f 125/1/108 138/1/120 139/1/121
f 134/1/117 133/1/116 146/1/128
f 126/1/109 139/1/121 140/1/122
f 135/1/5 134/1/117 147/1/129
f 127/1/110 140/1/122 141/1/123
f 142/1/124 141/1/123 154/1/135
f 143/1/125 142/1/124 155/1/136
f 144/1/126 143/1/125 156/1/137
f 136/1/118 149/1/130 150/1/131
f 145/1/127 144/1/126 157/1/138
f 137/1/119 150/1/131 151/1/132
f 146/1/128 145/1/127 158/1/139
f 138/1/120 151/1/132 152/1/133
f 147/1/129 146/1/128 159/1/140
f 139/1/121 152/1/133 153/1/134
f 148/1/5 147/1/129 160/1/5
f 141/1/123 140/1/122 153/1/134
f 156/1/137 155/1/136 168/1/147
f 157/1/138 156/1/137 169/1/148
f 149/1/130 162/1/141 163/1/142
f 158/1/139 157/1/138 170/1/149
f 150/1/131 163/1/142 164/1/143
f 159/1/140 158/1/139 171/1/150
f 151/1/132 164/1/143 165/1/144
f 160/1/5 159/1/140 172/1/151
f 152/1/133 165/1/144 166/1/145
f 161/1/5 160/1/5 173/1/5
f 154/1/135 153/1/134 166/1/145
f 155/1/136 154/1/135 167/1/146
f 169/1/148 168/1/147 181/1/158
f 170/1/149 169/1/148 182/1/159
f 162/1/141 175/1/152 176/1/153
f 171/1/150 170/1/149 183/1/160
f 163/1/142 176/1/153 177/1/154
f 172/1/151 171/1/150 184/1/161
f 164/1/143 177/1/154 178/1/155
f 173/1/5 172/1/151 185/1/162
f 166/1/145 165/1/144 178/1/155
f 174/1/5 173/1/5 186/1/5
f 167/1/146 166/1/145 179/1/156
f 168/1/147 167/1/146 180/1/157
f 183/1/160 182/1/159 195/1/170
f 175/1/152 188/1/163 189/1/164
f 184/1/161 183/1/160 196/1/171
f 176/1/153 189/1/164 190/1/165
f 185/1/162 184/1/161 197/1/172
f 177/1/154 190/1/165 191/1/166
f 186/1/5 185/1/162 198/1/173
f 178/1/155 191/1/166 192/1/167
f 187/1/5 186/1/5 199/1/5
f 179/1/156 192/1/167 193/1/168
f 180/1/157 193/1/168 194/1/169
f 182/1/159 181/1/158 194/1/169
f 189/1/164 188/1/163 201/1/174
f 196/1/171 209/1/182 210/1/183
f 190/1/165 189/1/164 202/1/175
f 197/1/172 210/1/183 211/1/184
f 191/1/166 190/1/165 203/1/176
f 198/1/173 211/1/184 212/1/5
f 192/1/167 191/1/166 204/1/177
f 199/1/5 212/1/5 213/1/5
f 193/1/168 192/1/167 205/1/178
f 194/1/169 193/1/168 206/1/179
f 194/1/169 207/1/180 208/1/181
f 195/1/170 208/1/181 209/1/182
f 209/1/182 222/1/193 223/1/194
f 203/1/176 202/1/175 215/1/186
f 210/1/183 223/1/194 224/1/195
f 204/1/177 203/1/176 216/1/187
f 211/1/184 224/1/195 225/1/5
f 205/1/178 204/1/177 217/1/188
f 212/1/5 225/1/5 226/1/5
f 206/1/179 205/1/178 218/1/189
f 207/1/180 206/1/179 219/1/190
f 207/1/180 220/1/191 221/1/192
f 208/1/181 221/1/192 222/1/193
f 202/1/175 201/1/174 214/1/185
f 216/1/187 215/1/186 228/1/197
f 223/1/194 236/1/205 237/1/206
f 217/1/188 216/1/187 229/1/198
f 224/1/195 237/1/206 238/1/5
f 218/1/189 217/1/188 230/1/199
f 225/1/5 238/1/5 239/1/5
f 219/1/190 218/1/189 231/1/200
f 220/1/191 219/1/190 232/1/201
f 220/1/191 233/1/202 234/1/203
f 221/1/192 234/1/203 235/1/204
f 215/1/186 214/1/185 227/1/196
f 222/1/193 235/1/204 236/1/205
f 236/1/205 249/1/216 250/1/217
f 230/1/199 229/1/198 242/1/209
f 237/1/206 250/1/217 251/1/5
f 231/1/200 230/1/199 243/1/210
f 238/1/5 251/1/5 252/1/5
f 232/1/201 231/1/200 244/1/211
f 233/1/202 232/1/201 245/1/212
f 233/1/202 246/1/213 247/1/214
f 234/1/203 247/1/214 248/1/215
f 228/1/197 227/1/196 240/1/207
f 235/1/204 248/1/215 249/1/216
f 229/1/198 228/1/197 241/1/208
f 250/1/217 260/1/225 261/1/5
f 244/1/211 243/1/210 2/1/2
f 251/1/5 261/1/5 262/1/5
f 245/1/212 244/1/211 3/1/3
f 246/1/213 245/1/212 256/1/221
f 246/1/213 257/1/222 258/1/223
f 247/1/214 258/1/223 259/1/224
f 241/1/208 240/1/207 253/1/218
f 248/1/215 259/1/224 4/1/4
f 242/1/209 241/1/208 254/1/219
f 249/1/216 4/1/4 260/1/225
f 243/1/210 242/1/209 255/1/220
f 456/1/417 269/1/230 270/1/231
f 453/1/414 266/1/227 267/1/228
f 461/1/421 460/1/420 273/1/234
f 458/1/418 457/1/222 270/1/231
f 454/1/415 267/1/228 268/1/229
f 462/1/422 461/1/421 274/1/235
f 459/1/419 458/1/418 271/1/232
f 455/1/416 268/1/229 269/1/230
f 452/1/413 265/1/226 266/1/227
f 460/1/420 459/1/419 272/1/233
f 275/1/236 274/1/235 285/1/246
f 272/1/233 271/1/232 282/1/243
f 268/1/229 279/1/240 280/1/241
f 265/1/226 276/1/237 277/1/238
f 273/1/234 272/1/233 283/1/244
f 269/1/230 280/1/241 281/1/242
f 266/1/227 277/1/238 278/1/239
f 274/1/235 273/1/234 284/1/245
f 271/1/232 270/1/231 281/1/242
f 267/1/228 278/1/239 279/1/240
f 277/1/238 288/1/249 289/1/250
f 285/1/246 284/1/245 295/1/256
f 282/1/243 281/1/242 292/1/253
f 278/1/239 289/1/250 290/1/251
f 286/1/247 285/1/246 296/1/257
f 283/1/244 282/1/243 293/1/254
f 279/1/240 290/1/251 291/1/252
f 276/1/237 287/1/248 288/1/249
f 284/1/245 283/1/244 294/1/255
f 280/1/241 291/1/252 292/1/253
f 287/1/248 298/1/259 299/1/260
f 295/1/256 294/1/255 305/1/266
f 291/1/252 302/1/263 303/1/264
f 288/1/249 299/1/260 300/1/261
f 296/1/257 295/1/256 306/1/267
f 293/1/254 292/1/253 303/1/264
f 289/1/250 300/1/261 301/1/262
f 297/1/258 296/1/257 307/1/268
f 294/1/255 293/1/254 304/1/265
f 290/1/251 301/1/262 302/1/263
f 300/1/261 311/1/272 312/1/273
f 307/1/268 318/1/279 319/1/280
f 304/1/265 315/1/276 316/1/277
f 302/1/263 301/1/262 312/1/273
f 298/1/259 309/1/270 310/1/271
f 306/1/267 305/1/266 316/1/277
f 302/1/263 313/1/274 314/1/275
f 300/1/261 299/1/260 310/1/271
f 306/1/267 317/1/278 318/1/279
f 304/1/265 303/1/264 314/1/275
f 311/1/272 310/1/271 321/1/282
f 317/1/278 328/1/289 329/1/290
f 314/1/275 325/1/286 326/1/287
f 312/1/273 311/1/272 322/1/283
f 318/1/279 329/1/290 330/1/291
f 315/1/276 326/1/287 327/1/288
f 313/1/274 312/1/273 323/1/284
f 310/1/271 309/1/270 320/1/281
f 316/1/277 327/1/288 328/1/289
f 314/1/275 313/1/274 324/1/285
f 324/1/285 323/1/284 334/1/295
f 321/1/282 320/1/281 331/1/292
f 327/1/288 338/1/299 339/1/300
f 325/1/286 324/1/285 335/1/296
f 322/1/283 321/1/282 332/1/293
f 328/1/289 339/1/300 340/1/301
f 325/1/286 336/1/297 337/1/298
f 323/1/284 322/1/283 333/1/294
f 329/1/290 340/1/301 341/1/302
f 326/1/287 337/1/298 338/1/299
f 334/1/295 333/1/294 344/1/305
f 340/1/301 351/1/312 352/1/313
f 337/1/298 348/1/309 349/1/310
f 335/1/296 334/1/295 345/1/306
f 332/1/293 331/1/292 342/1/303
f 338/1/299 349/1/310 350/1/311
f 336/1/297 335/1/296 346/1/307
f 333/1/294 332/1/293 343/1/304
f 339/1/300 350/1/311 351/1/312
f 336/1/297 347/1/308 348/1/309
f 347/1/308 346/1/307 357/1/318
f 344/1/305 343/1/304 354/1/315
f 350/1/311 361/1/322 362/1/323
f 347/1/308 358/1/319 359/1/320
f 345/1/306 344/1/305 355/1/316
f 351/1/312 362/1/323 363/1/324
f 348/1/309 359/1/320 360/1/321
f 346/1/307 345/1/306 356/1/317
f 343/1/304 342/1/303 353/1/314
f 349/1/310 360/1/321 361/1/322
f 356/1/317 367/1/328 368/1/329
f 353/1/314 364/1/325 365/1/326
f 361/1/322 360/1/321 371/1/332
f 357/1/318 368/1/329 369/1/330
f 354/1/315 365/1/326 366/1/327
f 362/1/323 361/1/322 372/1/333
f 359/1/320 358/1/319 369/1/330
f 355/1/316 366/1/327 367/1/328
f 363/1/324 362/1/323 373/1/334
f 360/1/321 359/1/320 370/1/331
f 370/1/331 369/1/330 380/1/341
f 366/1/327 377/1/338 378/1/339
f 374/1/335 373/1/334 384/1/345
f 371/1/332 370/1/331 381/1/342
f 367/1/328 378/1/339 379/1/340
f 364/1/325 375/1/336 376/1/337
f 372/1/333 371/1/332 382/1/343
f 368/1/329 379/1/340 380/1/341
f 365/1/326 376/1/337 377/1/338
f 373/1/334 372/1/333 383/1/344
f 379/1/340 390/1/351 391/1/352
f 376/1/337 387/1/348 388/1/349
f 384/1/345 383/1/344 394/1/355
f 381/1/342 380/1/341 391/1/352
f 377/1/338 388/1/349 389/1/350
f 385/1/346 384/1/345 395/1/356
f 382/1/343 381/1/342 392/1/353
f 378/1/339 389/1/350 390/1/351
f 375/1/336 386/1/347 387/1/348
f 383/1/344 382/1/343 393/1/354
f 393/1/354 392/1/353 403/1/364
f 389/1/350 400/1/361 401/1/362
f 386/1/347 397/1/358 398/1/359
f 394/1/355 393/1/354 404/1/365
f 390/1/351 401/1/362 402/1/363
f 387/1/348 398/1/359 399/1/360
f 395/1/356 394/1/355 405/1/366
f 392/1/353 391/1/352 402/1/363
f 388/1/349 399/1/360 400/1/361
f 396/1/357 395/1/356 406/1/367
f 403/1/364 402/1/363 413/1/374
f 400/1/361 399/1/360 410/1/371
f 407/1/368 406/1/367 417/1/378
f 403/1/364 414/1/375 415/1/376
f 401/1/362 400/1/361 411/1/372
f 397/1/358 408/1/369 409/1/370
f 404/1/365 415/1/376 416/1/377
f 401/1/362 412/1/373 413/1/374
f 399/1/360 398/1/359 409/1/370
f 405/1/366 416/1/377 417/1/378
f 415/1/376 426/1/387 427/1/388
f 413/1/374 412/1/373 423/1/384
f 410/1/371 409/1/370 420/1/381
f 416/1/377 427/1/388 428/1/389
f 413/1/374 424/1/385 425/1/386
f 411/1/372 410/1/371 421/1/382
f 417/1/378 428/1/389 429/1/390
f 414/1/375 425/1/386 426/1/387
f 412/1/373 411/1/372 422/1/383
f 409/1/370 408/1/369 419/1/380
f 425/1/386 436/1/397 437/1/398
f 423/1/384 422/1/383 433/1/394
f 420/1/381 419/1/380 430/1/391
f 426/1/387 437/1/398 438/1/399
f 424/1/385 423/1/384 434/1/395
f 421/1/382 420/1/381 431/1/392
f 427/1/388 438/1/399 439/1/400
f 424/1/385 435/1/396 436/1/397
f 422/1/383 421/1/382 432/1/393
f 428/1/389 439/1/400 440/1/401
f 438/1/399 449/1/410 450/1/411
f 435/1/396 446/1/407 447/1/408
f 433/1/394 432/1/393 443/1/404
f 439/1/400 450/1/411 451/1/412
f 436/1/397 447/1/408 448/1/409
f 434/1/395 433/1/394 444/1/405
f 431/1/392 430/1/391 441/1/402
f 437/1/398 448/1/409 449/1/410
f 435/1/396 434/1/395 445/1/406
f 432/1/393 431/1/392 442/1/403
f 442/1/403 441/1/402 452/1/413
f 448/1/409 459/1/419 460/1/420
f 446/1/407 445/1/406 456/1/417
f 443/1/404 442/1/403 453/1/414
f 449/1/410 460/1/420 461/1/421
f 446/1/407 457/1/222 458/1/418
f 444/1/405 443/1/404 454/1/415
f 450/1/411 461/1/421 462/1/422
f 447/1/408 458/1/418 459/1/419
f 445/1/406 444/1/405 455/1/416
f 463/2/423 464/2/424 466/2/426
f 466/2/426 470/2/430 469/2/429
f 470/2/430 468/2/428 467/2/427
f 468/2/428 464/2/424 463/2/423
f 465/2/425 469/2/429 467/2/427
f 470/2/430 466/2/426 464/2/424
f 556/3/514 555/3/513 482/3/440
f 475/3/434 474/3/433 480/3/438
f 472/3/431 478/3/436 479/3/437
f 555/3/513 475/3/434 481/3/439
f 473/3/432 479/3/437 480/3/438
f 554/3/512 477/3/435 478/3/436
f 478/3/436 485/3/443 486/3/444
f 482/3/440 481/3/439 488/3/446
f 479/3/437 486/3/444 487/3/445
f 477/3/435 484/3/442 485/3/443
f 483/3/441 482/3/440 489/3/447
f 481/3/439 480/3/438 487/3/445
f 489/3/447 488/3/446 495/3/453
f 486/3/444 493/3/451 494/3/452
f 484/3/442 491/3/449 492/3/450
f 490/3/448 489/3/447 496/3/454
f 488/3/446 487/3/445 494/3/452
f 485/3/443 492/3/450 493/3/451
f 492/3/450 491/3/449 498/3/456
f 496/3/454 503/3/461 504/3/462
f 494/3/452 501/3/459 502/3/460
f 493/3/451 492/3/450 499/3/457
f 495/3/453 502/3/460 503/3/461
f 494/3/452 493/3/451 500/3/458
f 503/3/461 510/3/468 511/3/469
f 501/3/459 508/3/466 509/3/467
f 500/3/458 499/3/457 506/3/464
f 502/3/460 509/3/467 510/3/468
f 501/3/459 500/3/458 507/3/465
f 499/3/457 498/3/456 505/3/463
f 509/3/467 516/3/474 517/3/475
f 508/3/466 507/3/465 514/3/472
f 506/3/464 505/3/463 512/3/470
f 510/3/468 517/3/475 518/3/476
f 508/3/466 515/3/473 516/3/474
f 507/3/465 506/3/464 513/3/471
f 517/3/475 516/3/474 523/3/481
f 514/3/472 521/3/479 522/3/480
f 512/3/470 519/3/477 520/3/478
f 518/3/476 517/3/475 524/3/482
f 516/3/474 515/3/473 522/3/480
f 513/3/471 520/3/478 521/3/479
f 525/3/483 524/3/482 531/3/489
f 523/3/481 522/3/480 529/3/487
f 520/3/478 527/3/485 528/3/486
f 524/3/482 523/3/481 530/3/488
f 521/3/479 528/3/486 529/3/487
f 519/3/477 526/3/484 527/3/485
f 530/3/488 529/3/487 536/3/494
f 527/3/485 534/3/492 535/3/493
f 531/3/489 530/3/488 537/3/495
f 528/3/486 535/3/493 536/3/494
f 526/3/484 533/3/491 534/3/492
f 532/3/490 531/3/489 538/3/496
f 537/3/495 544/3/502 545/3/503
f 536/3/494 535/3/493 542/3/500
f 534/3/492 533/3/491 540/3/498
f 538/3/496 545/3/503 546/3/504
f 536/3/494 543/3/501 544/3/502
f 535/3/493 534/3/492 541/3/499
f 543/3/501 542/3/500 549/3/507
f 541/3/499 540/3/498 547/3/505
f 545/3/503 552/3/510 553/3/511
f 543/3/501 550/3/508 551/3/509
f 542/3/500 541/3/499 548/3/506
f 544/3/502 551/3/509 552/3/510
f 552/3/510 555/3/513 556/3/514
f 550/3/508 474/3/433 475/3/434
f 549/3/507 548/3/506 472/3/431
f 551/3/509 475/3/434 555/3/513
f 550/3/508 549/3/507 473/3/432
f 548/3/506 547/3/505 554/3/512
f 558/4/515 564/4/519 565/4/520
f 562/4/518 561/4/517 567/4/522
f 559/4/516 565/4/520 566/4/521
f 561/4/517 560/4/222 566/4/521
f 568/4/523 567/4/522 572/4/526
f 566/4/521 565/4/520 570/4/525
f 566/4/521 571/4/56 572/4/526
f 564/4/519 569/4/524 570/4/525
f 572/4/526 577/4/531 578/4/532
f 571/4/56 570/4/525 575/4/529
f 572/4/526 571/4/56 576/4/530
f 570/4/525 569/4/524 574/4/528
f 575/4/529 580/4/534 581/4/319
f 576/4/530 581/4/319 582/4/535
f 575/4/529 574/4/528 579/4/533
f 577/4/531 582/4/535 583/4/536
f 582/4/535 581/4/319 586/4/539
f 579/4/533 584/4/537 585/4/538
f 583/4/536 582/4/535 587/4/540
f 580/4/534 585/4/538 586/4/539
f 586/4/539 591/4/169 592/4/544
f 584/4/537 589/4/542 590/4/543
f 588/4/541 587/4/540 592/4/544
f 586/4/539 585/4/538 590/4/543
f 591/4/169 596/4/548 597/4/549
f 590/4/543 589/4/542 594/4/546
f 592/4/544 597/4/549 598/4/550
f 590/4/543 595/4/547 596/4/548
f 596/4/548 560/4/222 561/4/517
f 594/4/546 558/4/515 559/4/516
f 597/4/549 561/4/517 562/4/518
f 596/4/548 595/4/547 559/4/516
f 649/5/599 648/5/598 603/5/553
f 646/5/596 601/5/551 602/5/552
f 650/5/600 649/5/599 604/5/554
f 647/5/597 602/5/552 603/5/553
f 605/5/555 604/5/554 609/5/559
f 602/5/552 607/5/557 608/5/558
f 604/5/554 603/5/553 608/5/558
f 601/5/551 606/5/556 607/5/557
f 610/5/560 609/5/559 614/5/564
f 607/5/557 612/5/562 613/5/563
f 609/5/559 608/5/558 613/5/563
f 607/5/557 606/5/556 611/5/561
f 614/5/564 619/5/569 620/5/570
f 613/5/563 612/5/562 617/5/567
f 613/5/563 618/5/568 619/5/569
f 612/5/562 611/5/561 616/5/566
f 619/5/569 624/5/574 625/5/575
f 618/5/568 617/5/567 622/5/572
f 618/5/568 623/5/573 624/5/574
f 617/5/567 616/5/566 621/5/571
f 622/5/572 627/5/577 628/5/578
f 624/5/574 623/5/573 628/5/578
f 621/5/571 626/5/576 627/5/577
f 625/5/575 624/5/574 629/5/579
f 629/5/579 628/5/578 633/5/583
f 626/5/576 631/5/581 632/5/582
f 630/5/580 629/5/579 634/5/584
f 627/5/577 632/5/582 633/5/583
f 634/5/584 633/5/583 638/5/588
f 632/5/582 631/5/581 636/5/586
f 634/5/584 639/5/589 640/5/590
f 632/5/582 637/5/587 638/5/588
f 638/5/588 643/5/593 644/5/594
f 637/5/587 636/5/586 641/5/591
f 639/5/589 644/5/594 645/5/595
f 638/5/588 637/5/587 642/5/592
f 643/5/593 648/5/598 649/5/599
f 642/5/592 641/5/591 646/5/596
f 644/5/594 649/5/599 650/5/600
f 643/5/593 642/5/592 647/5/597
f 736/3/684 735/3/683 662/3/610
f 655/3/604 654/3/603 660/3/608
f 652/3/601 658/3/606 659/3/607
f 735/3/683 655/3/604 661/3/609
f 653/3/602 659/3/607 660/3/608
f 734/3/682 657/3/605 658/3/606
f 658/3/606 665/3/613 666/3/614
f 662/3/610 661/3/609 668/3/616
f 659/3/607 666/3/614 667/3/615
f 657/3/605 664/3/612 665/3/613
f 663/3/611 662/3/610 669/3/617
f 661/3/609 660/3/608 667/3/615
f 669/3/617 668/3/616 675/3/623
f 666/3/614 673/3/621 674/3/622
f 664/3/612 671/3/619 672/3/620
f 670/3/618 669/3/617 676/3/624
f 668/3/616 667/3/615 674/3/622
f 665/3/613 672/3/620 673/3/621
f 672/3/620 671/3/619 678/3/626
f 676/3/624 683/3/631 684/3/632
f 674/3/622 681/3/629 682/3/630
f 673/3/621 672/3/620 679/3/627
f 675/3/623 682/3/630 683/3/631
f 674/3/622 673/3/621 680/3/628
f 683/3/631 690/3/638 691/3/639
f 681/3/629 688/3/636 689/3/637
f 680/3/628 679/3/627 686/3/634
f 682/3/630 689/3/637 690/3/638
f 681/3/629 680/3/628 687/3/635
f 679/3/627 678/3/626 685/3/633
f 689/3/637 696/3/644 697/3/645
f 688/3/636 687/3/635 694/3/642
f 686/3/634 685/3/633 692/3/640
f 690/3/638 697/3/645 698/3/646
f 688/3/636 695/3/643 696/3/644
f 687/3/635 686/3/634 693/3/641
f 697/3/645 696/3/644 703/3/651
f 694/3/642 701/3/649 702/3/650
f 692/3/640 699/3/647 700/3/648
f 698/3/646 697/3/645 704/3/652
f 696/3/644 695/3/643 702/3/650
f 693/3/641 700/3/648 701/3/649
f 705/3/653 704/3/652 711/3/659
f 703/3/651 702/3/650 709/3/657
f 700/3/648 707/3/655 708/3/656
f 704/3/652 703/3/651 710/3/658
f 701/3/649 708/3/656 709/3/657
f 699/3/647 706/3/654 707/3/655
f 710/3/658 709/3/657 716/3/664
f 707/3/655 714/3/662 715/3/663
f 711/3/659 710/3/658 717/3/665
f 708/3/656 715/3/663 716/3/664
f 706/3/654 713/3/661 714/3/662
f 712/3/660 711/3/659 718/3/666
f 717/3/665 724/3/672 725/3/673
f 716/3/664 715/3/663 722/3/670
f 714/3/662 713/3/661 720/3/668
f 718/3/666 725/3/673 726/3/674
f 716/3/664 723/3/671 724/3/672
f 715/3/663 714/3/662 721/3/669
f 723/3/671 722/3/670 729/3/677
f 721/3/669 720/3/668 727/3/675
f 725/3/673 732/3/680 733/3/681
f 723/3/671 730/3/678 731/3/679
f 722/3/670 721/3/669 728/3/676
f 724/3/672 731/3/679 732/3/680
f 732/3/680 735/3/683 736/3/684
f 730/3/678 654/3/603 655/3/604
f 729/3/677 728/3/676 652/3/601
f 731/3/679 655/3/604 735/3/683
f 730/3/678 729/3/677 653/3/602
f 728/3/676 727/3/675 734/3/682
f 741/4/517 747/4/522 748/4/523
f 740/4/222 739/4/516 745/4/520
f 741/4/517 740/4/222 746/4/521
f 739/4/516 738/4/515 744/4/519
f 746/4/521 745/4/520 750/4/525
f 746/4/521 751/4/56 752/4/526
f 744/4/519 749/4/524 750/4/525
f 747/4/522 752/4/526 753/4/527
f 751/4/56 756/4/530 757/4/531
f 750/4/525 749/4/524 754/4/528
f 752/4/526 757/4/531 758/4/532
f 750/4/525 755/4/529 756/4/530
f 756/4/530 761/4/319 762/4/535
f 755/4/529 754/4/528 759/4/533
f 757/4/531 762/4/535 763/4/536
f 756/4/530 755/4/529 760/4/534
f 762/4/535 761/4/319 766/4/539
f 759/4/533 764/4/537 765/4/538
f 763/4/536 762/4/535 767/4/540
f 760/4/534 765/4/538 766/4/539
f 766/4/539 771/4/169 772/4/544
f 764/4/537 769/4/542 770/4/543
f 768/4/541 767/4/540 772/4/544
f 766/4/539 765/4/538 770/4/543
f 772/4/544 771/4/169 776/4/548
f 769/4/542 774/4/546 775/4/547
f 772/4/544 777/4/549 778/4/550
f 770/4/543 775/4/547 776/4/548
f 775/4/547 774/4/546 738/4/515
f 777/4/549 741/4/517 742/4/518
f 776/4/548 775/4/547 739/4/516
f 776/4/548 740/4/222 741/4/517
f 826/5/730 781/5/685 782/5/686
f 830/5/734 829/5/733 784/5/688
f 827/5/731 782/5/686 783/5/687
f 829/5/733 828/5/732 783/5/687
f 785/5/689 784/5/688 789/5/693
f 782/5/686 787/5/691 788/5/692
f 784/5/688 783/5/687 788/5/692
f 781/5/685 786/5/690 787/5/691
f 790/5/694 789/5/693 794/5/698
f 788/5/692 787/5/691 792/5/696
f 788/5/692 793/5/697 794/5/698
f 786/5/690 791/5/695 792/5/696
f 793/5/697 792/5/696 797/5/701
f 793/5/697 798/5/702 799/5/703
f 792/5/696 791/5/695 796/5/700
f 794/5/698 799/5/703 800/5/704
f 798/5/702 803/5/707 804/5/708
f 797/5/701 796/5/700 801/5/705
f 799/5/703 804/5/708 805/5/709
f 798/5/702 797/5/701 802/5/706
f 804/5/708 803/5/707 808/5/712
f 801/5/705 806/5/710 807/5/711
f 805/5/709 804/5/708 809/5/713
f 802/5/706 807/5/711 808/5/712
f 809/5/713 808/5/712 813/5/717
f 806/5/710 811/5/715 812/5/716
f 810/5/714 809/5/713 814/5/718
f 807/5/711 812/5/716 813/5/717
f 813/5/717 818/5/722 819/5/723
f 812/5/716 811/5/715 816/5/720
f 814/5/718 819/5/723 820/5/724
f 813/5/717 812/5/716 817/5/721
f 818/5/722 823/5/727 824/5/728
f 817/5/721 816/5/720 821/5/725
f 819/5/723 824/5/728 825/5/729
f 818/5/722 817/5/721 822/5/726
f 822/5/726 821/5/725 826/5/730
f 824/5/728 829/5/733 830/5/734
f 823/5/727 822/5/726 827/5/731
f 823/5/727 828/5/732 829/5/733
f 956/6/860 840/6/744 841/6/745
f 958/6/862 957/6/861 844/6/748
f 833/6/737 841/6/745 842/6/746
f 836/6/740 958/6/862 845/6/749
f 834/6/738 842/6/746 843/6/747
f 832/6/736 839/6/743 840/6/744
f 837/6/741 836/6/740 846/6/750
f 957/6/861 835/6/739 843/6/747
f 840/6/744 849/6/753 850/6/754
f 845/6/749 844/6/748 853/6/757
f 841/6/745 850/6/754 851/6/755
f 846/6/750 845/6/749 854/6/758
f 842/6/746 851/6/755 852/6/756
f 839/6/743 848/6/752 849/6/753
f 847/6/751 846/6/750 855/6/759
f 844/6/748 843/6/747 852/6/756
f 853/6/757 852/6/756 861/6/765
f 849/6/753 858/6/762 859/6/763
f 854/6/758 853/6/757 862/6/766
f 850/6/754 859/6/763 860/6/764
f 855/6/759 854/6/758 863/6/767
f 851/6/755 860/6/764 861/6/765
f 848/6/752 857/6/761 858/6/762
f 856/6/760 855/6/759 864/6/768
f 857/6/761 866/6/770 867/6/771
f 864/6/768 873/6/777 874/6/778
f 862/6/766 861/6/765 870/6/774
f 859/6/763 858/6/762 867/6/771
f 862/6/766 871/6/775 872/6/776
f 859/6/763 868/6/772 869/6/773
f 863/6/767 872/6/776 873/6/777
f 860/6/764 869/6/773 870/6/774
f 872/6/776 881/6/785 882/6/786
f 870/6/774 869/6/773 878/6/782
f 867/6/771 866/6/770 875/6/779
f 873/6/777 882/6/786 883/6/787
f 870/6/774 879/6/783 880/6/784
f 868/6/772 867/6/771 876/6/780
f 871/6/775 880/6/784 881/6/785
f 869/6/773 868/6/772 877/6/781
f 878/6/782 877/6/781 886/6/790
f 881/6/785 890/6/794 891/6/795
f 879/6/783 878/6/782 887/6/791
f 876/6/780 875/6/779 884/6/788
f 882/6/786 891/6/795 892/6/796
f 879/6/783 888/6/792 889/6/793
f 877/6/781 876/6/780 885/6/789
f 880/6/784 889/6/793 890/6/794
f 889/6/793 898/6/802 899/6/803
f 887/6/791 886/6/790 895/6/799
f 890/6/794 899/6/803 900/6/804
f 888/6/792 887/6/791 896/6/800
f 885/6/789 884/6/788 893/6/797
f 891/6/795 900/6/804 901/6/805
f 888/6/792 897/6/801 898/6/802
f 886/6/790 885/6/789 894/6/798
f 894/6/798 903/6/807 904/6/808
f 899/6/803 898/6/802 907/6/811
f 895/6/799 904/6/808 905/6/809
f 900/6/804 899/6/803 908/6/812
f 896/6/800 905/6/809 906/6/810
f 893/6/797 902/6/806 903/6/807
f 901/6/805 900/6/804 909/6/813
f 898/6/802 897/6/801 906/6/810
f 910/6/814 909/6/813 918/6/822
f 907/6/811 906/6/810 915/6/819
f 903/6/807 912/6/816 913/6/817
f 908/6/812 907/6/811 916/6/820
f 904/6/808 913/6/817 914/6/818
f 909/6/813 908/6/812 917/6/821
f 905/6/809 914/6/818 915/6/819
f 902/6/806 911/6/815 912/6/816
f 914/6/818 923/6/827 924/6/828
f 911/6/815 920/6/824 921/6/825
f 919/6/823 918/6/822 927/6/831
f 916/6/820 915/6/819 924/6/828
f 912/6/816 921/6/825 922/6/826
f 917/6/821 916/6/820 925/6/829
f 913/6/817 922/6/826 923/6/827
f 918/6/822 917/6/821 926/6/830
f 926/6/830 935/6/839 936/6/840
f 924/6/828 923/6/827 932/6/836
f 920/6/824 929/6/833 930/6/834
f 927/6/831 936/6/840 937/6/841
f 924/6/828 933/6/837 934/6/838
f 922/6/826 921/6/825 930/6/834
f 926/6/830 925/6/829 934/6/838
f 922/6/826 931/6/835 932/6/836
f 932/6/836 931/6/835 940/6/844
f 935/6/839 944/6/848 945/6/849
f 933/6/837 932/6/836 941/6/845
f 930/6/834 929/6/833 938/6/842
f 936/6/840 945/6/849 946/6/850
f 933/6/837 942/6/846 943/6/847
f 931/6/835 930/6/834 939/6/843
f 934/6/838 943/6/847 944/6/848
f 943/6/847 952/6/856 953/6/857
f 941/6/845 940/6/844 949/6/853
f 944/6/848 953/6/857 954/6/858
f 942/6/846 941/6/845 950/6/854
f 939/6/843 938/6/842 947/6/851
f 945/6/849 954/6/858 955/6/859
f 942/6/846 951/6/855 952/6/856
f 940/6/844 939/6/843 948/6/852
f 951/6/855 835/6/739 957/6/861
f 949/6/853 948/6/852 956/6/860
f 952/6/856 957/6/861 958/6/862
f 950/6/854 949/6/853 833/6/737
f 953/6/857 958/6/862 836/6/740
f 951/6/855 950/6/854 834/6/738
f 948/6/852 947/6/851 832/6/736
f 954/6/858 836/6/740 837/6/741
f 961/6/865 969/6/873 970/6/874
f 964/6/868 1086/6/990 973/6/877
f 962/6/866 970/6/874 971/6/875
f 960/6/864 967/6/871 968/6/872
f 965/6/869 964/6/868 974/6/878
f 1085/6/989 963/6/867 971/6/875
f 1084/6/988 968/6/872 969/6/873
f 1086/6/990 1085/6/989 972/6/876
f 969/6/873 978/6/882 979/6/883
f 974/6/878 973/6/877 982/6/886
f 970/6/874 979/6/883 980/6/884
f 967/6/871 976/6/880 977/6/881
f 975/6/879 974/6/878 983/6/887
f 972/6/876 971/6/875 980/6/884
f 968/6/872 977/6/881 978/6/882
f 973/6/877 972/6/876 981/6/885
f 982/6/886 981/6/885 990/6/894
f 978/6/882 987/6/891 988/6/892
f 983/6/887 982/6/886 991/6/895
f 979/6/883 988/6/892 989/6/893
f 976/6/880 985/6/889 986/6/890
f 984/6/888 983/6/887 992/6/896
f 981/6/885 980/6/884 989/6/893
f 977/6/881 986/6/890 987/6/891
f 986/6/890 995/6/899 996/6/900
f 991/6/895 990/6/894 999/6/903
f 987/6/891 996/6/900 997/6/901
f 991/6/895 1000/6/904 1001/6/905
f 989/6/893 988/6/892 997/6/901
f 986/6/890 985/6/889 994/6/898
f 993/6/897 992/6/896 1001/6/905
f 989/6/893 998/6/902 999/6/903
f 1001/6/905 1010/6/914 1011/6/915
f 998/6/902 1007/6/911 1008/6/912
f 996/6/900 995/6/899 1004/6/908
f 999/6/903 1008/6/912 1009/6/913
f 997/6/901 996/6/900 1005/6/909
f 1000/6/904 1009/6/913 1010/6/914
f 998/6/902 997/6/901 1006/6/910
f 995/6/899 994/6/898 1003/6/907
f 1007/6/911 1006/6/910 1015/6/919
f 1004/6/908 1003/6/907 1012/6/916
f 1010/6/914 1019/6/923 1020/6/924
f 1007/6/911 1016/6/920 1017/6/921
f 1005/6/909 1004/6/908 1013/6/917
f 1008/6/912 1017/6/921 1018/6/922
f 1006/6/910 1005/6/909 1014/6/918
f 1009/6/913 1018/6/922 1019/6/923
f 1018/6/922 1027/6/931 1028/6/932
f 1016/6/920 1015/6/919 1024/6/928
f 1013/6/917 1012/6/916 1021/6/925
f 1019/6/923 1028/6/932 1029/6/933
f 1016/6/920 1025/6/929 1026/6/930
f 1014/6/918 1013/6/917 1022/6/926
f 1017/6/921 1026/6/930 1027/6/931
f 1015/6/919 1014/6/918 1023/6/927
f 1023/6/927 1032/6/936 1033/6/937
f 1028/6/932 1027/6/931 1036/6/940
f 1024/6/928 1033/6/937 1034/6/938
f 1021/6/925 1030/6/934 1031/6/935
f 1029/6/933 1028/6/932 1037/6/941
f 1026/6/930 1025/6/929 1034/6/938
f 1022/6/926 1031/6/935 1032/6/936
f 1027/6/931 1026/6/930 1035/6/939
f 1036/6/940 1035/6/939 1044/6/948
f 1032/6/936 1041/6/945 1042/6/946
f 1037/6/941 1036/6/940 1045/6/949
f 1033/6/937 1042/6/946 1043/6/947
f 1030/6/934 1039/6/943 1040/6/944
f 1038/6/942 1037/6/941 1046/6/950
f 1035/6/939 1034/6/938 1043/6/947
f 1031/6/935 1040/6/944 1041/6/945
f 1044/6/948 1043/6/947 1052/6/956
f 1040/6/944 1049/6/953 1050/6/954
f 1045/6/949 1044/6/948 1053/6/957
f 1041/6/945 1050/6/954 1051/6/955
f 1046/6/950 1045/6/949 1054/6/958
f 1042/6/946 1051/6/955 1052/6/956
f 1039/6/943 1048/6/952 1049/6/953
f 1047/6/951 1046/6/950 1055/6/959
f 1048/6/952 1057/6/961 1058/6/962
f 1055/6/959 1064/6/968 1065/6/969
f 1052/6/956 1061/6/965 1062/6/966
f 1049/6/953 1058/6/962 1059/6/963
f 1054/6/958 1053/6/957 1062/6/966
f 1051/6/955 1050/6/954 1059/6/963
f 1054/6/958 1063/6/967 1064/6/968
f 1052/6/956 1051/6/955 1060/6/964
f 1061/6/965 1060/6/964 1069/6/973
f 1058/6/962 1057/6/961 1066/6/970
f 1064/6/968 1073/6/977 1074/6/978
f 1061/6/965 1070/6/974 1071/6/975
f 1059/6/963 1058/6/962 1067/6/971
f 1062/6/966 1071/6/975 1072/6/976
f 1060/6/964 1059/6/963 1068/6/972
f 1063/6/967 1072/6/976 1073/6/977
f 1072/6/976 1081/6/985 1082/6/986
f 1070/6/974 1069/6/973 1078/6/982
f 1067/6/971 1066/6/970 1075/6/979
f 1073/6/977 1082/6/986 1083/6/987
f 1070/6/974 1079/6/983 1080/6/984
f 1068/6/972 1067/6/971 1076/6/980
f 1071/6/975 1080/6/984 1081/6/985
f 1069/6/973 1068/6/972 1077/6/981
f 1080/6/984 1085/6/989 1086/6/990
f 1078/6/982 1077/6/981 961/6/865
f 1081/6/985 1086/6/990 964/6/868
f 1079/6/983 1078/6/982 962/6/866
f 1076/6/980 1075/6/979 960/6/864
f 1082/6/986 964/6/868 965/6/869
f 1079/6/983 963/6/867 1085/6/989
f 1077/6/981 1076/6/980 1084/6/988
f 1087/2/991 1088/2/992 1090/2/994
f 1090/2/994 1094/2/998 1093/2/997
f 1094/2/998 1092/2/996 1091/2/995
f 1092/2/996 1088/2/992 1087/2/991
f 1089/2/993 1093/2/997 1091/2/995
f 1090/2/994 1088/2/992 1092/2/996
f 1095/2/999 1096/2/1000 1098/2/1002
f 1098/2/1002 1102/2/1006 1101/2/1005
f 1102/2/1006 1100/2/1004 1099/2/1003
f 1100/2/1004 1096/2/1000 1095/2/999
f 1101/2/1005 1099/2/1003 1095/2/999
f 1102/2/1006 1098/2/1002 1096/2/1000
f 1154/7/1058 1153/7/1057 1108/7/1012
f 1151/7/1055 1106/7/1010 1107/7/1011
f 1153/7/1057 1152/7/1056 1107/7/1011
f 1150/7/1054 1105/7/1009 1106/7/1010
f 1108/7/1012 1107/7/1011 1112/7/1016
f 1105/7/1009 1110/7/1014 1111/7/1015
f 1109/7/1013 1108/7/1012 1113/7/1017
f 1106/7/1010 1111/7/1015 1112/7/1016
f 1113/7/1017 1112/7/1016 1117/7/1021
f 1111/7/1015 1110/7/1014 1115/7/1019
f 1113/7/1017 1118/7/1022 1119/7/1023
f 1112/7/1016 1111/7/1015 1116/7/1020
f 1117/7/1021 1122/7/1026 1123/7/1027
f 1116/7/1020 1115/7/1019 1120/7/1024
f 1118/7/1022 1123/7/1027 1124/7/1028
f 1117/7/1021 1116/7/1020 1121/7/1025
f 1122/7/1026 1127/7/1031 1128/7/1032
f 1121/7/1025 1120/7/1024 1125/7/1029
f 1123/7/1027 1128/7/1032 1129/7/1033
f 1122/7/1026 1121/7/1025 1126/7/1030
f 1125/7/1029 1130/7/1034 1131/7/1035
f 1129/7/1033 1128/7/1032 1133/7/1037
f 1126/7/1030 1131/7/1035 1132/7/1036
f 1128/7/1032 1127/7/1031 1132/7/1036
f 1134/7/1038 1133/7/1037 1138/7/1042
f 1131/7/1035 1136/7/1040 1137/7/1041
f 1133/7/1037 1132/7/1036 1137/7/1041
f 1130/7/1034 1135/7/1039 1136/7/1040
f 1139/7/1043 1138/7/1042 1143/7/1047
f 1136/7/1040 1141/7/1045 1142/7/1046
f 1137/7/1041 1142/7/1046 1143/7/1047
f 1136/7/1040 1135/7/1039 1140/7/1044
f 1143/7/1047 1148/7/1052 1149/7/1053
f 1142/7/1046 1141/7/1045 1146/7/1050
f 1142/7/1046 1147/7/1051 1148/7/1052
f 1141/7/1045 1140/7/1044 1145/7/1049
f 1148/7/1052 1153/7/1057 1154/7/1058
f 1147/7/1051 1146/7/1050 1151/7/1055
f 1147/7/1051 1152/7/1056 1153/7/1057
f 1146/7/1050 1145/7/1049 1150/7/1054
